draw,all_cause,mental_disorder,cardiovascular,respiratory,self_harm
1,-383.14533167014343,-29.68978552342205,-131.55689065621252,-50.33751066570832,-1.6138992683505613
2,-341.8690102336856,-33.143610551321636,-151.9978242689722,-62.211617106969314,-0.9387367093065832
3,-408.47089714476493,-15.217089122167017,-136.62475400261653,-49.65171925434888,-1.5598711317427354
4,-371.5454507016208,-24.089688179638504,-140.9892227864659,-51.99376018626203,-1.7646732486084045
5,-257.5460084894625,-34.311470595661085,-143.32604762161048,-58.382082470197915,-1.076072790687734
6,-349.38200228334864,-18.3473875282141,-142.26581234292738,-54.34602230573101,-0.935590900683394
7,-403.3630016456673,-26.89451121448399,-138.4220330869326,-53.625549262014815,-0.650213752661961
8,-389.78744977350203,-21.085815546691503,-150.7841265507363,-56.595104087797715,-2.5430073049791084
9,-337.90383455056804,-30.733139253051252,-144.35371831465287,-52.29171849951683,-0.8742949141489336
10,-369.89211475594004,-15.984469403604253,-131.2620542869568,-50.80520705937278,-2.278807119736927
11,-360.36840472611345,-29.99562611299517,-131.70913995708975,-56.01593626029141,-2.027191184777955
12,-387.9882355670402,-28.128859003960937,-146.74998846112345,-51.238118377183554,-0.7882891442838935
13,-341.81780104064967,-39.135350413635635,-149.70619489398766,-51.58830314057669,-1.0529804297913719
14,-367.0446575902515,-29.652619052995632,-150.6004905033535,-54.680190204938086,-1.8607459682178806
15,-437.7584099479428,-33.63045141387354,-141.00828513808094,-54.41691572033259,-1.3881830494976237
16,-328.1926831301906,-27.731223991695572,-147.4005084853329,-52.16762111402494,-1.6089044246378639
17,-412.1363738387598,-25.19275897898724,-125.61805906116865,-56.22768586815668,-1.8946878659323922
18,-413.19778941792623,-33.53438838651565,-144.167501801633,-50.97276826271796,-1.315073394374274
19,-391.24331856111104,-43.0437002184627,-133.2040102364917,-51.340787625513315,-1.6904079960491776
20,-240.5822683173648,-17.85751663262816,-155.19986896197315,-55.73798813333434,-2.2440604677420777
21,-334.2123298343738,-39.70404741287695,-140.04561172844785,-55.53366133484361,-1.2872985765035905
22,-408.5971012902592,-37.64678951354626,-146.80598869134187,-51.55609839578622,-2.438737639202502
23,-419.0619038048958,-16.338569290762873,-146.52611930965205,-58.37945578192753,-1.92600993729136
24,-313.5664792742708,-30.112939721194707,-166.49116581956773,-59.44736571873221,-2.025187488734491
25,-227.6864987450757,-20.772456666028116,-130.51413152118022,-58.559464530588116,-1.0021886770715431
26,-351.92460023561364,-25.105592191475825,-148.00883278101918,-56.289558174529844,-0.8907746317440018
27,-381.00295584185216,-28.262090341759542,-145.6756189060284,-55.07408393163753,-1.7603553392581928
28,-362.93135917594026,-43.67971052575821,-125.73840497125578,-57.08489059299475,-1.3502641825809898
29,-342.82741572749603,-27.604556176794183,-147.34550219641747,-50.29364314766101,-2.2461152902513875
30,-386.63946244628573,-34.71883746683925,-140.2588034310781,-56.977521647673235,-1.841621641547432
31,-395.3199724699099,-26.759065138294737,-132.44998631361375,-50.62113457071782,-0.5205324883606504
32,-283.4409463299081,-22.133847643145316,-133.52767100367998,-55.53189369566277,-1.384885642584497
33,-386.2739389227965,-23.35409232462582,-145.7948078266935,-53.729557916284044,-2.5426642709785208
34,-229.0475205113197,-27.02116873469077,-149.88055222856093,-55.02475426660005,-1.0120778905654553
35,-485.8853738953253,-23.162749744570032,-135.083131697805,-52.88438667117172,-1.5774393891075364
36,-416.67944376743856,-29.04301899712795,-148.30922592091318,-51.28133260355076,-2.0763337905030417
37,-419.86087938599655,-45.69385343208164,-157.5105229626348,-53.15718258845002,-0.9153407532668325
38,-401.5664061652166,-49.0203934561949,-158.0924692198524,-59.22662191623655,-0.30649375298167386
39,-342.826631333763,-13.541908152701913,-148.59409302560277,-57.05054949941653,-0.8841090153574278
40,-379.9764296665307,-17.86328314728802,-132.52288081689272,-50.30817181198762,-1.4510138801608796
41,-356.2331136488395,-26.272390852422895,-130.12346222735323,-50.06375224798199,-1.1637267147320867
42,-402.98763800142586,-33.819337396678165,-138.58845736096225,-53.543500763430615,-2.376705691182709
43,-357.9183929654094,-24.224039561822387,-134.5517792483008,-52.57446343214245,-0.9047091794887109
44,-417.63083959864224,-29.654927519060113,-137.81841561828108,-52.70606201917724,-2.163426385092399
45,-351.5327400399917,-36.14019392991504,-144.14027497826243,-53.01060459992105,-2.42086952535149
46,-346.2616171820485,-32.65777720585189,-143.48697116831997,-58.78466086928716,-2.032445781990178
47,-364.6782541502241,-26.63987721346316,-144.9947409746616,-56.94245462699698,-1.6696904794796237
48,-350.1817666867069,-32.08709409296473,-144.96331206517243,-56.289806816674016,-2.807241518758855
49,-302.4527523274856,-23.558825543703755,-131.50393181715515,-56.40797280467308,-0.7423084240579734
50,-336.0033701598606,-28.82852313870613,-149.30611747679413,-62.101197431482106,-1.2961085985149772
51,-328.9253371241393,-28.499130498995438,-138.41738227493443,-55.926226975805164,-1.9663500046736653
52,-272.07627907524807,-22.679094046071157,-139.63190091931511,-57.58971294899162,-2.3819796616641122
53,-367.45777623355394,-29.337180167531802,-141.78347664939008,-51.649535589699255,-3.7334084698888876
54,-374.48876853868717,-29.884376034622488,-148.25364895335784,-53.59079932989797,-2.599277657916657
55,-294.724665926479,-33.30611306488055,-144.15716445526073,-57.15098920696208,-0.27558645699678896
56,-407.61445484603723,-27.84166544023694,-136.14941293369733,-53.13476676795761,-0.7757575087035153
57,-361.99745505973493,-15.386074035529923,-134.46443277633267,-53.7421208972697,-1.164762861127915
58,-463.26613467776417,-7.8482805347380475,-142.86694234851194,-50.76581832463194,-2.6339075184651937
59,-339.77052344018745,-39.04803196849363,-158.09639556642796,-52.616310926323976,-1.134596852092271
60,-338.85159730625185,-24.08415828748317,-128.46306034609594,-61.877487434388065,-2.216220175845523
61,-301.4291049114321,-29.736085260958983,-136.2699798864921,-60.941997437208705,-1.8644785935424366
62,-465.9450341696004,-27.35938443340009,-141.0285462815003,-52.980656717807065,-2.8595784216065105
63,-419.2273423754429,-28.711922444793505,-138.83136826815152,-59.23883096747098,-2.159803419749431
64,-268.3521612808062,-27.6927555635399,-140.00598927021224,-51.02034177054582,-1.6132201704032019
65,-371.9745718199689,-34.86010975459273,-152.65648492973096,-55.44420647382637,-2.823276163690097
66,-322.04852927301414,-13.618353727946603,-146.75370372718177,-58.425110033842806,-2.1637000875622756
67,-345.22476305717464,-29.091603772476773,-153.23710744860563,-52.32514556648775,-3.009284959988863
68,-353.3547390385869,-27.412756637030522,-148.77955146282122,-58.88916585805378,-2.0735530863965845
69,-324.5518507471117,-16.775849095436715,-140.8018028895361,-56.60153583287879,-1.7494439634177033
70,-296.1589975642907,-27.134294204146038,-138.1465043693717,-56.37505256243089,-2.019342869863756
71,-346.67653856266145,-32.94677510708135,-134.85523190373587,-58.80792839695545,-2.1783252143610627
72,-437.71454178804424,-17.76137557349108,-144.19999072976134,-54.93694693793074,-1.7257725717208208
73,-450.8784491669116,-21.969620664261896,-141.2747021762525,-54.053967254218314,-3.2407663613858215
74,-366.0389740439362,-33.430295464677826,-136.1338054929756,-54.94429081606428,-2.0102835063349116
75,-426.44000223046993,-27.605995676090146,-151.1193754605518,-59.29270701676485,-3.052358848549636
76,-386.68211279254143,-27.816766323056004,-145.37243326600847,-52.98692499628161,-1.510710414424375
77,-365.20591380560023,-20.16377880555957,-144.0013753298082,-53.934056645759206,-2.3831427453193124
78,-241.90464109337628,-33.19242010192346,-142.84104296766188,-55.00768839390062,-1.1600453957729857
79,-353.9398642417691,-31.061640849104908,-148.7195427385757,-53.512458822734416,-0.09700211275080459
80,-299.50243482390084,-31.497476389342157,-147.4242879897553,-50.0152422470046,-1.9043418731124933
81,-401.12912191195187,-20.400109634431725,-139.89977352795677,-49.1512741761766,-1.589318887427904
82,-316.0320340105605,-28.69997841171678,-147.66262682871215,-50.06538633204659,-1.635833300510057
83,-417.592823602581,-48.77002767817398,-144.11990742938897,-54.33372658506276,-2.288560404015667
84,-381.97340453451255,-15.094645095563568,-126.8539355761922,-57.46247793641088,-3.007406403076778
85,-407.6159984854482,-36.66248266947624,-142.79327986741495,-54.99155022531964,-2.3702700968071957
86,-413.99381724635697,-18.146695633902652,-146.03409308566066,-54.30324540383012,-0.6785447765898889
87,-440.8594744744132,-23.813580933796477,-142.04216299995167,-49.82554110064599,-1.3390750681425152
88,-408.0007278634338,-20.831839171659563,-141.64305420857738,-54.77679735649632,-3.856172651940061
89,-358.2959453189603,-21.73594031938113,-143.09660971808032,-55.55547386904697,-1.222080973674122
90,-443.808852933,-14.31605917507296,-162.9522484865785,-54.77340892169084,-2.29599152073229
91,-446.06097465958163,-33.47182371880239,-154.04948298929995,-54.216967706158805,-2.0059741767662302
92,-241.1314889087439,-44.15227778319399,-145.53155219214008,-51.69061780949978,-1.4848347188086906
93,-319.4021778264872,-39.090908690625746,-142.156621367058,-54.75199778601014,-2.114772447324555
94,-287.8852046979588,-19.182183372689526,-146.45566379626672,-54.6505198630572,-1.4548092206453953
95,-320.5850219363828,-37.904324454526495,-153.16903787734591,-55.8183177851693,-2.1357908983756317
96,-328.95320476998745,-19.99651164229567,-150.8013811743029,-56.21921971478471,-1.7699221665744305
97,-389.8562435515241,-38.28890432708565,-147.04083241077475,-57.15272382345372,-1.5508077671944298
98,-266.4644915830873,-18.14661012261907,-146.33892112900497,-53.72610562050867,-2.037579001132719
99,-406.99168503028613,-17.4409683799211,-144.6394515719305,-49.40853409384348,-0.7743322967436326
100,-382.4613402716846,-41.246815823006294,-146.84710918530715,-55.956511528309974,-1.5081881705104228
101,-319.38268361940675,-31.295614127309168,-129.6948368606018,-53.981807767223565,-2.324670392218122
102,-301.82526575837136,-35.779339623073774,-148.30169002915906,-51.84186317831177,-2.1842222484767717
103,-411.4813180190031,-26.878044750298038,-152.2977676125606,-53.11056782706116,-2.185237308156061
104,-382.66715507270135,-19.990373292695445,-145.7213033021186,-54.41985450621975,-1.901862134520153
105,-412.3769461318556,-39.24937490779164,-143.50430344487012,-56.09867765538756,-2.126097156425252
106,-323.32175982066724,-12.053846340328741,-146.24058659986798,-57.96508223802408,-1.217784901309984
107,-306.3907907965289,-28.73568958962983,-130.68347521722754,-51.254447106662745,-1.9114375872085037
108,-344.43960961400404,-27.700372039058504,-152.80567074921183,-50.842008878997206,-1.7718791026613587
109,-263.09902912012626,-31.548659057093953,-148.07912420661458,-52.453902566916724,-1.5887202034303483
110,-289.9994450809533,-19.56385672772836,-145.77930282844787,-62.591791006631134,-1.9638821251793077
111,-341.17234924954204,-34.30342035329602,-147.48868042339635,-53.08517087859442,-0.9637571713244562
112,-379.60389388197314,-30.16474288608026,-142.31025956364516,-51.80776783667381,-1.6078033943954864
113,-337.0817793586593,-35.050665441310024,-145.3416454200701,-57.21348773881917,-2.3569042504357554
114,-270.619926481408,-34.64520013000338,-155.22348123714426,-55.71339207163184,-1.5986780448816371
115,-212.5800291155506,-39.58374032183134,-149.5342725911907,-55.68764182500684,-2.901772401553796
116,-289.34613618252826,-44.206492364527215,-150.40098973740533,-53.729027170272744,-1.8138294984391887
117,-363.28642223523195,-29.10977760480308,-138.38818393912683,-49.22081214856261,-1.3855949577789708
118,-410.2067838934249,-26.045525650010056,-141.53342084281655,-58.901851781106416,-2.701533493560609
119,-330.33521059265587,-32.79958700802605,-150.46971883018438,-55.477458782241555,-1.5402800600081619
120,-359.841080807427,-22.147205111273838,-152.6135095508098,-50.939699292970616,-1.2816837547221511
121,-334.7464546786191,-34.71818470134283,-144.43075807098114,-54.179021438793484,-2.3496457350996938
122,-373.42774034408694,-25.922442865617004,-150.18423266597688,-52.49683358829846,-2.288304799720251
123,-276.528999286341,-12.080559014654286,-139.10245402351543,-55.43507194120155,-2.3490214615071796
124,-325.65461685481273,-22.418385945021505,-150.50171849598348,-56.361102228843535,-3.3758187440130905
125,-414.22661440011194,-24.21195443072909,-148.35572581109662,-54.52850812312973,-1.2998305801855468
126,-404.763811890252,-25.982592760159683,-144.76973584877905,-58.39517872867612,-1.5232604605984978
127,-361.31190206587087,-31.75392692356299,-128.60660084752698,-51.793708839528186,-1.5620024449418255
128,-342.4515152950783,-23.244424367268604,-128.17967095987245,-47.40834072451324,-1.4285769317270547
129,-301.47939677315475,-34.81204880772757,-140.93776217219107,-55.82311730625048,-2.0450500999571317
130,-444.27200482051603,-23.8214590192969,-136.77364149779416,-53.50606850199267,-1.2410040975154721
131,-287.55170064645455,-16.9615956025581,-150.36568805872912,-50.78864954662995,-1.4564514391291783
132,-446.2484071752112,-33.401049272408606,-138.02224202034046,-53.9377107156137,-1.3916443758813464
133,-329.15641392258766,-37.95427906961784,-144.0293555097878,-61.51949776143181,-2.3627927188444633
134,-325.3255963915057,-12.749426511323941,-150.96511922339715,-51.11021986685399,-1.595064197504955
135,-370.03325762630004,-38.937721629818824,-135.31050563657956,-53.50534621349371,-1.1553211781389356
136,-320.9921078054872,-31.2869407472242,-152.4781907943173,-58.54203863867681,-2.61295851751401
137,-504.40144250644676,-35.22423676991985,-136.64993539509223,-56.40411227965543,-1.6312470550714495
138,-360.371797160001,-18.71095013989348,-149.09826492241578,-55.62871226027547,-1.7231051453509532
139,-368.74641361182717,-33.282517289674736,-138.2120095474185,-54.24064961192823,-1.4485867289436911
140,-322.22525556672036,-24.07416691992379,-143.50942422340552,-52.10402918490072,-2.409589562988913
141,-365.62127258050754,-26.221851818519667,-144.54144442484494,-55.274625674799175,-2.198945036260128
142,-384.8292998284033,-26.502389017761526,-137.97313046327315,-55.85410049864408,-0.9283300970725799
143,-274.3886755446756,-36.0545703600115,-150.93329379623327,-60.04584048960681,-0.7574066086575802
144,-396.323283634902,-35.81642013861476,-146.85855336120542,-51.93937899918252,-0.43043451296084273
145,-351.3838834026027,-36.783730703314234,-150.59126545991248,-57.909207571686764,-1.6539199245872078
146,-431.8452178082362,-21.854367552362447,-136.41708087211984,-56.749322818684355,-0.9233772612581327
147,-372.3346200276424,-27.313477893322833,-162.2611133805309,-57.007805338901996,-0.48659150135466084
148,-411.7344553570262,-22.942757094757965,-138.88356315572776,-50.01898854230261,-0.8293786103113275
149,-376.4488956841367,-32.34234383545659,-144.36991344187828,-51.94735909615924,-2.046878995127281
150,-374.1803196887083,-32.135527650464326,-124.06710629535614,-58.99709603257735,-2.643972268358475
151,-420.8296367364764,-21.221272720400346,-140.9172313863702,-56.91172975921314,-1.2469325794976802
152,-279.941281220808,-16.651900713175767,-150.40441694457942,-56.7163290760109,-2.343820096955189
153,-295.60219719997133,-28.41077260437143,-145.4627023637082,-51.6741622028215,-1.3636466919950612
154,-412.1393011053485,-37.67804032757119,-145.64426750834244,-57.13231415531972,-1.3741539978451252
155,-390.92667463460015,-34.2956377560815,-144.56708255261609,-53.08082024957625,-2.660168874656162
156,-328.22612133097095,-21.894734856665064,-141.3038205070302,-53.447427549054446,-0.5168314581868736
157,-457.3247692258304,-30.99319515369916,-145.41327351391809,-56.24308075541511,-2.633570520862063
158,-377.28443262874447,-21.17085655425485,-151.19941270037484,-55.67211279380607,-1.6303819566656004
159,-422.87456665501054,-20.849612348737164,-148.34495912734263,-47.48252494619335,-1.268550962381409
160,-517.577314171537,-22.543255963092047,-141.35131664083985,-55.41611867109294,-1.4363961766266393
161,-453.2923707074328,-28.63672200757579,-141.60820891944752,-55.099933653532844,-0.2640506157281905
162,-366.24716608208786,-15.058500007893144,-153.32955619726204,-58.589471047971564,-0.881114075682705
163,-439.8973534523988,-44.25746574340177,-142.59923680996766,-55.936637018664605,-2.2581935717327837
164,-350.74301443619663,-21.4520478069017,-139.28562394729715,-58.59555639346851,-1.9832837397219423
165,-374.0736046470483,-21.35004825146972,-140.53774721118535,-65.51766840404248,-1.3866659672295256
166,-412.05419815854873,-35.38352035594494,-140.28641967833394,-55.728922358327104,-2.010306843026859
167,-400.8812796904099,-26.48356954823212,-142.85856583472406,-52.443477733926315,-1.2464396439552992
168,-303.9004310608816,-28.788449198363125,-147.33780884979473,-51.82214156272272,-1.8834688953390488
169,-385.0312644005667,-35.90199737888837,-134.95768788536301,-57.42948250935613,-1.6560599902627746
170,-337.12703589558737,-24.766807081923513,-142.87524398564756,-52.75033206645433,-1.8084931651743168
171,-317.93282019382434,-37.21268512505745,-149.6040196547538,-54.13569982327133,-2.1671302393846537
172,-323.68946085769,-28.51230621694498,-133.3850536491064,-51.6477025861441,-3.3530034939126936
173,-415.77730876574776,-30.67138787711713,-153.55596191302052,-54.631991357560345,-1.8704962724294805
174,-280.04086060506694,-17.31378801872793,-145.28264028639285,-62.67364648440227,-0.889188891153364
175,-233.650228024541,-25.156154904641774,-154.07667613097027,-54.15895922667669,-0.6155052910082848
176,-333.27008938146173,-23.91477210274186,-133.65387669555918,-54.94270745314184,-0.9610241102945464
177,-301.67408903145827,-20.520419592985856,-132.00657183647297,-56.643613142328945,-1.8320955055121877
178,-372.8653652389676,-28.67428098323636,-149.72140870877945,-52.534781405991,-2.2152223328381124
179,-319.544205769334,-34.20915930566519,-141.57148492544198,-55.82265658149345,-1.4510830132456913
180,-357.9007936553623,-25.857754976605857,-149.02509278484632,-53.88395930176508,-2.0253306440761634
181,-419.1568676389595,-28.3392536018768,-150.1763651760943,-57.929383684028956,-1.5465441568294496
182,-326.58101274498296,-26.027377564928173,-147.26316899486704,-52.89747942497594,-2.1047531354750277
183,-372.5237898266624,-33.828738628066176,-149.27432132116206,-56.47543854566699,-2.4109951892215102
184,-377.75585093594384,-19.012250678649053,-142.88476193942205,-60.270826861796344,-2.3767073194769863
185,-386.0444690437898,-28.82068608162804,-141.73206861087579,-52.54387109838582,-1.865849519729326
186,-336.134992608929,-42.114730089911745,-151.3011817040752,-53.99812354094578,-0.8015215582659256
187,-281.58557270658974,-31.40335889643175,-149.35461183682236,-51.10546856070121,-1.5651848064733531
188,-318.08508300627796,-9.88813725595625,-136.44234714777835,-57.77537428531057,-2.8936902665783353
189,-283.7478413674626,-24.314823255783946,-151.21639572431897,-52.50707964658293,-1.4285325106984161
190,-253.39893542889416,-28.66930985476683,-134.80368015205326,-57.12462295128171,-2.7423106437629565
191,-274.8025975621606,-27.584445256062804,-136.71763976649441,-55.400214039613594,-1.6291609923932928
192,-382.1705476926187,-17.646097819039838,-142.61846598871227,-54.51490605648692,-0.39038212840567965
193,-374.0732336745685,-22.905351449823016,-144.39674636708298,-55.58567341228938,-0.898514238121613
194,-403.1075179472437,-38.57033783025073,-137.62257725730208,-52.233447581417664,-1.8723742856615602
195,-317.4643356573156,-25.09013849144062,-139.97875980737697,-57.187279221983175,-1.3019550956594557
196,-312.29274129236285,-30.909314357321897,-136.22620137641152,-54.37446361588437,-3.2227688638576333
197,-319.1110566155029,-28.19125747361992,-136.7745277036658,-54.69432435308176,-1.7058495905432063
198,-401.1949289757406,-27.860042485078033,-138.94038076205467,-57.8081423865229,-1.6475417000571888
199,-442.98778882997635,-24.924117586232924,-143.10190712151743,-52.14769781154794,-1.9049340157593528
200,-458.610857113221,-25.94268085817375,-140.46874706388294,-53.451392285325056,-1.9294998984269356
201,-325.66441982109205,-33.31803540817676,-149.07629788662422,-55.83226368381008,-1.950080194493771
202,-403.26925651329077,-18.580094770189998,-140.51797795635824,-49.192522296404356,-1.0644363324889612
203,-473.4942133290825,-16.61469871200303,-145.6259326439428,-53.58863679505639,-2.2278818956169806
204,-431.9684103073253,-33.437620384063734,-143.75642018595187,-55.830520749074175,-1.9157836332654277
205,-365.62298646987784,-19.929614312773072,-141.03784961727825,-53.445497849337755,-1.1158720200349233
206,-420.500475045616,-39.684006051420866,-146.9394719860186,-56.55132081667734,-0.9715345611399867
207,-307.5071485332285,-35.57058579988164,-149.42497005076885,-53.75044794379856,-1.0910804222910166
208,-352.80671125861437,-30.25945986602434,-152.4969281827848,-53.486659012224116,-2.331630482521295
209,-431.4728988653872,-32.26277891357812,-145.67383775327193,-52.385347804866036,-1.8614697060082164
210,-392.8221628056278,-30.3555832643585,-132.55234331336814,-52.65776117128938,-1.7276974387688502
211,-335.4236590154179,-32.57787886177459,-135.99818572566832,-54.63437336843815,-2.0859518892973523
212,-331.16896139382374,-28.709061078988324,-140.31703286952623,-63.47501559201793,-2.4925230091815433
213,-328.19941197079044,-34.16818926543248,-133.39860687387076,-56.20459880667076,-2.9526168024608963
214,-377.9108520500113,-32.99412702539517,-148.99017582541035,-54.59228542655251,-2.2351137878638294
215,-395.42970441843835,-32.005241482983024,-149.20896504635797,-56.199395711180394,-0.9535333348387778
216,-282.6872111796283,-27.115093325714835,-141.59730709034147,-49.61161791897104,-2.356236825988829
217,-374.153992776125,-37.85195777262005,-129.71620265101564,-56.47815965978232,-2.3115034071328298
218,-372.54994791717036,-30.240410634283183,-139.90092631900035,-57.06875593199599,-1.4628421545995824
219,-403.0496755818661,-22.712763916168967,-137.46975092800798,-53.40633586763387,-1.683641560088636
220,-271.1358183745612,-25.719905622261695,-144.60962061180834,-58.033029317584926,-2.0263348632292284
221,-363.40539994832756,-36.05726876818067,-139.43749675240807,-55.88893471056912,-1.7607140614046768
222,-278.6904569096067,-34.713801279129484,-130.80241732399745,-55.43229705608891,-2.860319029901339
223,-438.2099464589776,-28.68650856581805,-144.2168336522661,-54.812651963736876,-1.1837773653043133
224,-442.76397106581004,-34.07750911256908,-131.1171395859244,-46.854440803878184,-0.48972068567718874
225,-314.66553715640305,-22.289398386877462,-155.39754740165532,-58.523961345817106,-2.245996074005957
226,-328.66361739865584,-38.26263305632434,-158.61812281273774,-55.42267591451033,-1.3414159060340771
227,-440.29593988796756,-19.60569006174336,-150.99245911968876,-61.1063726777475,-0.5198816443909046
228,-389.39244107406057,-35.45061740009861,-132.3291066849074,-49.39355480481901,-2.073075751963325
229,-431.47575051112005,-36.4874104866168,-142.33998167501318,-52.88635324470156,-0.8844512882018865
230,-325.84052964213276,-27.859747546019026,-144.86125147091565,-55.17506954857172,-1.674470465055037
231,-438.65575708139426,-25.514260789524727,-134.1853179227429,-51.94223267386592,-3.6420018882831844
232,-407.90720373133723,-22.882291911146297,-144.86588575799996,-57.7165677939735,-0.306397809831828
233,-316.3490877088606,-29.64139753300547,-146.15836693202945,-50.07501556926622,-2.3051887496973484
234,-373.1988450679134,-31.043936795750373,-145.60834170960098,-60.206938828820654,-1.63952787027463
235,-255.86055000182225,-30.504163225302385,-143.49605765521443,-54.96546793166997,-2.28219995747865
236,-340.60968663825514,-20.650186773568887,-132.53741994539,-49.90563746271222,-2.63094946297757
237,-369.5677051670979,-22.822021324611814,-142.42093138946677,-55.591552488427496,-1.7974699980300057
238,-376.9899005650047,-27.157674042685283,-148.4558823274841,-57.6722737282469,-1.4352609908059804
239,-409.7402076236951,-29.59387396138139,-137.28329985931907,-58.81521289228351,-0.4970012002374506
240,-394.150867353229,-32.04113266503432,-158.89058831071378,-53.264425319813014,-0.10418704291545579
241,-383.59353455917085,-24.52847159786672,-139.0678873453312,-57.78213876673256,-2.5218582473869153
242,-350.9110585864668,-6.221212656491224,-144.55673353397836,-52.216469395544884,-2.4317669372091117
243,-426.24463833842344,-26.75089618870305,-147.29403168530803,-52.043433629836876,-0.40851284086060086
244,-236.90966894317955,-30.986052043129416,-141.7237587768329,-58.92094983342585,-1.4393957364530516
245,-374.39024434219357,-18.881394239671863,-138.07198016153404,-51.67786269670484,-3.020269083110423
246,-460.5948553886459,-44.076447364126004,-141.93855850938317,-55.07865259061976,-2.9026124731127685
247,-462.939017468104,-23.538923318389674,-137.24885938782106,-54.04456995749103,-2.422684690373219
248,-449.0239914054588,-35.300384300464344,-153.12489792277856,-54.385815957847136,-1.5314058401808395
249,-271.8853125269448,-25.70142410070818,-148.2231887240296,-52.77061774479179,-1.44305828658025
250,-393.1505531598711,-22.452148679000075,-147.7846870747959,-47.677022557523806,-1.9071714842919114
251,-359.2009980856514,-29.943720826336047,-155.72078072857389,-52.39586962069349,-2.8795344473789637
252,-282.3733285177345,-32.238995888733285,-141.82375142349997,-56.07968393487393,-1.4852881636678257
253,-411.38748599854017,-33.81551480514082,-149.06911319837428,-53.88829532987551,-0.5635699591373255
254,-390.1060077284101,-34.57047427588281,-133.55123045456807,-53.773093417507354,-2.056284599279249
255,-399.6115832022546,-14.22647238361706,-133.85606196783087,-55.010545607920214,-2.3683848834048393
256,-374.34112049380167,-27.06130561688723,-142.0276092944553,-54.22398349772941,-1.6122817421056077
257,-347.4237611901376,-32.42171931978741,-150.6682312302834,-54.06279659659192,-0.32945698023106007
258,-326.7586006834404,-28.52233310528422,-148.90960488622977,-56.445936741555,-0.8265767321531743
259,-446.5075383527547,-25.033297691576706,-143.86771822285476,-51.08506811423308,-2.6206990706451987
260,-341.92058124697604,-18.0248822739271,-136.2525283644474,-57.199371405985744,-1.1286627119576158
261,-457.40494213152124,-23.3612529201588,-141.22612161205186,-53.74152620417653,-1.1317160293534871
262,-343.4237233389511,-25.31939503817559,-126.58907980467009,-56.04272530745748,-2.235101422543228
263,-278.96078372076045,-33.31199146766842,-139.3051361485517,-51.04055058780921,-1.3093509398125212
264,-395.1372538302426,-40.40262858019838,-150.95576611085082,-55.01859715411737,-2.5048023382895166
265,-453.8115563882741,-27.849679595082254,-143.5807900392084,-53.13697761865202,-1.7080131905680562
266,-361.0206229208315,-41.05515475628375,-144.25181616417947,-54.88484597734899,-3.2653417901526782
267,-296.3197499459124,-36.0650124714265,-147.0372092156461,-54.66215775083792,-1.2912051098571573
268,-378.5328940569051,-19.491902014309666,-155.62652581284885,-50.501074223473374,-0.9445826006737306
269,-421.347865925986,-41.490136109481504,-136.83864402418544,-51.90668434706008,-0.6843144821987881
270,-433.8633572656378,-26.244121149634072,-152.03854798603888,-55.96724275916102,-1.8852674943369003
271,-364.05248593402285,-27.96744261747328,-148.08764945729516,-55.975580372762956,-2.616002029332591
272,-271.6358883597856,-34.29963106332475,-153.25285468318913,-51.57934961450239,-1.4403364927242608
273,-332.7183716604297,-11.230718731924158,-155.13557666780082,-50.528748335835544,-3.0470441539572133
274,-353.4075765371713,-30.835957997959493,-135.04915949063002,-54.80562346268122,-3.0932279465295642
275,-373.18810916049495,-27.74709698138416,-138.62408572502696,-53.549361386245536,-2.365543670906316
276,-297.1425574106823,-28.80433023470021,-136.1020754376336,-56.75947559615076,-2.7092098557613076
277,-366.0946294444554,-21.830162781946616,-132.32083353735348,-52.95431988231417,-2.7777448512516867
278,-401.82425662492375,-34.408752869649064,-154.29024728974548,-51.872824115959006,-2.083073437618896
279,-402.2533458831516,-20.98318940459093,-138.24405623080665,-57.83194367121417,-3.1506965876985262
280,-384.8912809332665,-27.567429550369834,-138.3084677100397,-53.6893426208717,-3.0908284488813766
281,-384.9371948011821,-20.491521018674625,-152.51494744935923,-47.65683736230393,-2.823592836346643
282,-398.9905071804147,-23.015778045329654,-131.05835352236437,-58.0328822076415,-2.532013410202947
283,-339.0826065158433,-18.695503493054005,-161.6495460476972,-49.62749726492925,-1.0146475305809177
284,-338.48206772727013,-28.548918349122694,-143.72636936777573,-54.08207296107706,-1.7900216567134106
285,-366.0666970712725,-33.035113350676454,-143.4241610223348,-54.70744912997476,-1.845972088059709
286,-244.61679471511462,-21.44295694487442,-140.7929554042713,-56.51080091189909,-3.0955418317413907
287,-350.3200925517221,-27.634995563397744,-152.0733370830001,-58.22474824836595,-0.6265947384028906
288,-392.05949502012163,-24.546085524825322,-139.5075592460812,-56.483936319568194,-2.2063294094764885
289,-357.8065347924679,-32.674430721950834,-138.8846947597938,-53.48558392820419,-1.0452061564953228
290,-359.8427918658875,-36.15380703774251,-150.74530085284363,-57.70787940383082,-1.5179054930394686
291,-389.9132523199013,-29.45294935947794,-149.65776954361772,-56.581354508793005,-2.5438958476055795
292,-379.69104053155695,-30.29204869749586,-141.33305365687931,-61.846596177398226,-2.2075068930286665
293,-342.9889986003381,-16.746106794283225,-146.64889011995427,-55.215009288746735,-2.5566606114702144
294,-431.29541462011684,-30.61798953023638,-128.42714585529782,-53.95137110389388,-2.231543547487922
295,-414.2211116439498,-23.089549843854194,-142.81515016732507,-60.933011623647275,-0.7042941294329115
296,-467.24816612591127,-31.398656474994993,-152.23302699736473,-53.60460379419638,-2.0329482300468062
297,-335.47575002591026,-33.62204988690267,-149.38391506918754,-49.43502152406754,-1.6486754748769292
298,-348.21170070191107,-18.912103372105356,-138.16896733682745,-52.91065769322397,-1.0071768327410888
299,-273.69510933207084,-17.247860726155466,-140.85296083305713,-58.561694907421774,-2.260849294238789
300,-374.9185960642644,-29.59620877915476,-136.60961020742894,-52.2700249939423,-3.5808046668712143
301,-293.2039165569342,-30.023717491836436,-137.47755934674663,-53.33524644929377,-1.6676204321984323
302,-328.85367223423356,-32.82372065099793,-135.6397467812639,-57.065770130564395,-2.6603695054706895
303,-279.4218266609902,-38.001201153095785,-151.43435281513564,-56.94956739419419,-2.179407191215577
304,-287.7997714595104,-41.31958743023313,-156.75330775176272,-47.17161810476806,-0.923517989255287
305,-459.5175592321233,-40.205697346748025,-147.82493983751695,-55.505931351028394,-2.025697990102573
306,-419.6276312974914,-23.772653867230808,-137.510322979559,-57.112750921658225,-1.0576529518807343
307,-278.2028446309914,-27.201192948795352,-141.75743859774792,-53.228727123336505,-2.7548161950358163
308,-276.563391586928,-27.77091133050569,-142.72029952286965,-50.729946954933276,-1.0224589119048162
309,-360.3565147132396,-33.74110213473454,-145.70618247819752,-55.70984141506501,-1.862374997150377
310,-290.7702251374555,-39.50677496637053,-139.79404877328605,-58.5057727408573,-2.256771877233515
311,-345.1217660554496,-27.98030706044668,-139.12209533659583,-57.084873406590184,-1.7630906653467977
312,-347.0032673168472,-33.91476747692335,-139.10316068441597,-58.94828481418979,-1.2666737061661573
313,-372.18606801319686,-29.592069945970156,-160.55715717025623,-53.174064980389666,-2.1478067128093294
314,-348.2908694611863,-21.18974607729087,-148.14265361897506,-56.00791913513323,-2.0865838287183873
315,-376.0882906282669,-35.31756444611895,-145.3182575262009,-57.90698056688322,-2.103539680440402
316,-386.39647491176055,-22.151293289354168,-148.6240067668627,-51.61624115271271,-1.0917261100057267
317,-425.2745143883129,-37.11217851883858,-147.42713655572962,-52.38737312799996,-1.3602684627246204
318,-329.83326446139415,-24.8543694431055,-137.5805237419353,-55.205134790692306,-2.186751173046772
319,-371.81455135879827,-21.637753237165015,-149.70377474283458,-54.302628582354586,-1.9560273480922916
320,-339.8845954188563,-30.009050923184887,-133.17356015362788,-59.7740348729762,-1.551852312200918
321,-393.53551862088955,-33.020483770754964,-130.54815890526083,-59.74671306144047,-1.815834524479244
322,-352.2035093692289,-19.129858387646674,-149.05135156028192,-62.075993084259835,-0.38698830310315485
323,-349.88624284828427,-29.500326263773307,-150.81413490766286,-49.09643087998713,-1.8045250200420888
324,-410.21509169134106,-28.790479604956662,-144.29926838495058,-50.13684652554409,-2.423321263223827
325,-370.71472094406744,-36.167250412411306,-140.64287570684422,-49.544604521616556,-1.8473421893775932
326,-316.0825516701927,-22.047273793615975,-138.4484343246617,-53.73828902740196,-1.1422579803084256
327,-447.47264089048474,-44.10275823703717,-146.77430931455413,-48.26582173870684,-0.3488355779970421
328,-336.1662172367934,-39.86586106856269,-141.7116887481093,-56.44245497060891,-1.8983771852395896
329,-461.3918640036967,-31.73904143498151,-147.98409824347078,-59.804204273427686,-1.613040517546788
330,-331.5916201279066,-34.70334601068859,-133.07720397612624,-52.61223827082034,-1.382843186016971
331,-332.0596645358942,-33.79138064082892,-153.83988541742198,-58.895058368858095,-1.4381390471764655
332,-476.32507061254455,-16.87251751168028,-155.8469600797843,-52.15925736918159,-1.4745208366428513
333,-202.88937148979255,-29.459092666630276,-143.97633119070656,-60.86462215427316,-2.0811548786868097
334,-402.13346233854867,-20.274070535157172,-152.48265809475683,-49.977463930560276,-1.4209647128048297
335,-389.2648607754787,-39.66668973216337,-147.58990034464625,-44.99467860339641,-1.3289239677329276
336,-326.1230119864375,-46.346763251331105,-138.4635290968472,-52.06249948230186,-1.2857700091435749
337,-407.03059794779256,-29.365611802563564,-145.02935272867265,-55.87290776512284,-2.0088012408530895
338,-369.98861724007077,-29.826338710265784,-142.53109360919143,-50.77729366986308,-0.9644043212266576
339,-408.09849914454105,-33.978494583786,-139.9896552012052,-55.86794255567913,-1.704156397213977
340,-408.46066966777335,-19.831995340280265,-138.50370479770154,-54.678959419949926,-2.3765304495534525
341,-334.4984418017796,-26.580844082505727,-147.7720686722357,-57.36400540866785,-1.6032799982449866
342,-297.1944184950264,-28.919843606906472,-140.90651670681277,-57.03362214478474,-2.6266035277996176
343,-405.27572013931984,-30.188235344723136,-139.00042124635635,-48.502731089417544,-1.1080801271591576
344,-355.544426475362,-19.293912477801886,-167.39161152414502,-54.56549110220178,-2.1695405311435496
345,-293.7127783361459,-26.25726567047907,-146.7596052800412,-59.73881602272692,-2.014662197374998
346,-266.98742122573395,-13.685554189677676,-140.32732543465988,-55.729981212749806,-1.1211788676976755
347,-465.4905298744434,-34.30753749242436,-134.65260076492984,-53.81608978728965,-1.8398663749023034
348,-352.6674268544943,-21.3227492218599,-139.0629890950364,-54.53854416436295,-1.8310647285278623
349,-398.30102671560985,-20.296004758163882,-139.52727406074652,-61.67160911058037,-1.2136500860692339
350,-438.2145013067669,-41.60144646552895,-144.36995129556837,-61.866732666660894,-2.1990047654677176
351,-338.61988640782624,-27.065389100557347,-145.33353399650403,-51.396409462366265,-1.844703116914069
352,-265.95838760998953,-37.23003418522836,-149.21904680646557,-53.67791927678115,-1.8130866570316826
353,-357.73707994995215,-21.799647226277855,-132.07996210174534,-54.282925001537514,-2.2557976837682814
354,-370.00537115348425,-25.75533545886566,-140.24899256245598,-52.23032331952101,-1.3279923241599279
355,-376.80563948165184,-39.31075274664289,-137.40759241425806,-48.16031471253626,-1.4122410947610198
356,-416.86092438947395,-19.436831906888397,-137.47285953499298,-58.69601165202295,-1.8188333261178211
357,-415.5540923829191,-33.83635821080419,-155.9815299798382,-65.10915295155993,-1.7975995194541539
358,-383.6598395594906,-23.626485606173265,-137.09401025134648,-53.38488431309493,-1.2842117283796002
359,-332.97744229606167,-14.371834886908243,-136.388834516505,-54.92482785075158,-2.742304485943191
360,-406.5583048382821,-23.693804446433777,-145.2108533986715,-51.84309209870652,-2.2400785992628274
361,-304.46567589367504,-22.177591112645445,-141.04456390388708,-52.15623130199248,-3.022751989042381
362,-340.8660608867684,-23.952574861290547,-150.60611816549715,-59.67810387618762,-2.4904931614096126
363,-396.5740356034933,-14.321261662723739,-149.7881613793102,-52.922974618525366,-1.6910759392370003
364,-372.3633626507152,-37.332593469494746,-146.15073516931815,-52.55958674751464,-1.7629908438703525
365,-322.4307590962452,-30.54447841381841,-129.91982340025086,-50.45519920404566,-0.30233605278251274
366,-418.00551185465906,-32.29824905630074,-134.32098651945964,-60.620457102307995,-2.4850845124535406
367,-307.38235860360453,-22.833807052818567,-154.66362857436508,-51.090963239889135,-1.9308108775956179
368,-442.38782493540765,-31.865313016298423,-137.81115327974132,-53.99941706442548,-2.1758707710463403
369,-356.84981497162005,-28.189192614374786,-142.80949920603825,-56.31490129504763,-2.194675471481307
370,-345.4975114224896,-31.047469974710854,-141.89313956488596,-55.13982117163169,-1.1813724215610748
371,-435.2798517008244,-18.578282970588017,-141.35740728586018,-59.49837758977595,-1.655738441522939
372,-401.9126879928016,-26.234473069797104,-143.89899708120205,-60.34559572262162,-1.8526639973644514
373,-379.0655382803946,-24.228598387345844,-144.96053374554555,-58.015500689245656,-2.520108696531198
374,-361.15311882545814,-31.699200812688265,-140.88063088521713,-53.66411198353196,-0.990635699152563
375,-367.894600688017,-22.664140465067646,-134.32636385798656,-59.104772040771614,-3.7365567679703093
376,-396.92940360845665,-31.219278708642968,-145.39517774518336,-56.46362008198485,-1.293104504971654
377,-368.9098290901097,-35.209818085280226,-154.78984473508802,-53.98233962157697,-2.0751804703706713
378,-322.68867711946325,-35.30209688790015,-133.48041735785873,-56.76998870092606,-3.1587331323504717
379,-338.64583302595804,-44.59518313790515,-145.30349661208132,-56.44088022964625,-2.7457058756125865
380,-314.3011331932599,-33.11081449346148,-156.82616335995985,-60.220361486881,-2.3402099225997044
381,-384.6662481130022,-26.177644719418634,-146.99725112926768,-54.2596643954335,-1.8023720750223522
382,-342.07423697085454,-25.57270256459099,-146.74168104234502,-55.01422198819986,-1.7262713385675952
383,-354.0056679204317,-24.9980531902006,-142.0588528063456,-59.743778661811184,-1.268564993476626
384,-324.21514536048994,-34.988309796727656,-140.39209769591275,-55.19728877050521,-0.8505269808477582
385,-325.90568967340886,-46.50524680879015,-155.2327358447371,-51.80066860844862,-1.6449855921278251
386,-427.9171701023054,-26.35002823013381,-152.54647244331088,-63.03381012991482,-1.4396458210899108
387,-384.9334965180844,-31.952862463598684,-143.49741354066808,-54.10190995163005,-2.7551722040493996
388,-384.5531360010601,-23.880027021094808,-154.11314707234635,-56.44353178365826,-1.8250236920478242
389,-391.8225786637567,-17.58963796532598,-148.91374391528416,-53.023888687592276,-2.4289255592980097
390,-389.50868500673175,-22.270368874169296,-143.1944202071376,-57.827456822215694,-1.6827118787714848
391,-328.87287883924836,-25.321498432784686,-131.37397783806395,-51.60453539860854,-1.2763809679826115
392,-378.71248415573405,-26.21643391474584,-155.73514019646333,-54.695748806415565,-1.904252019190889
393,-393.37102070674365,-27.461230329921886,-128.6106969496299,-52.94920835561111,-2.27106249289399
394,-267.9212147856495,-38.00103775196534,-145.3550500925187,-54.93367872212291,-1.7810279523765038
395,-251.46085820469153,-28.53934362835396,-133.17603078515785,-56.2220693912901,-1.786516709367158
396,-379.5471778134852,-22.482849023470635,-133.20026032745204,-57.03224267956077,-1.3593846828948979
397,-433.08864922560394,-32.92509514506626,-158.14243596401656,-56.1835434080557,-1.9243048104898475
398,-343.9555346710049,-38.570314184330016,-143.00800134494057,-56.912195965971186,-2.2132613312940146
399,-424.9925487455434,-28.285381647533715,-136.95409699099497,-57.08849569538542,0.05026401838522465
400,-437.62059265109514,-32.69211489950519,-139.14513911446085,-55.19289471307693,-1.426186014783029
401,-401.6524140876023,-18.89361268523748,-154.52427861521645,-56.797897944851776,-0.9226826917507505
402,-435.68491313437903,-33.723805293145304,-137.76125886899865,-58.3385136807057,-2.338613257019135
403,-391.58179915986614,-21.49033157179609,-145.00683039271027,-49.90548682764784,-1.9696706760916993
404,-374.2193105348859,-21.92535670472505,-145.28800786760434,-56.48900374443367,-0.9461154211359643
405,-414.47181805483206,-25.583434900660492,-134.23522985692898,-52.31056472546103,-2.1180650821257214
406,-345.97025041809906,-22.768315840649542,-145.05487498421041,-58.22703882295374,-2.1333883494835018
407,-403.14704933007874,-17.857263006402295,-142.56043818876222,-56.74205313085792,-1.155546453070937
408,-340.76912365312694,-27.483876230161712,-136.63949516449208,-50.34058154087629,-2.640566994716505
409,-324.29338916213777,-33.731421403863756,-151.8926138293654,-58.3559977053409,-2.62356931146327
410,-202.4651602203553,-26.050841686946764,-137.2477462097987,-54.48487346131675,-2.446940529126848
411,-316.13684052553697,-22.484990680965453,-140.16476595143652,-57.5058185813063,-0.8415014220579327
412,-307.52802313344324,-36.77953786075186,-146.28198649897266,-51.689816756328945,-2.0413773381300704
413,-479.3667661786338,-29.93796968286743,-142.13028691327008,-52.47429979486323,-1.6852030455785014
414,-449.32048946610774,-23.972645842667074,-149.2911700228421,-53.4988913981764,-1.971537957153613
415,-396.2821407421397,-28.671731210994288,-144.84520117296748,-54.06390511556168,-1.197258328388373
416,-376.24520206997107,-24.385524427838533,-142.2796356049163,-58.61371165092566,-2.281463349990414
417,-427.071346636841,-16.554017797947246,-135.90082959775094,-53.30683928300458,-2.5014896028501545
418,-431.2202918542205,-45.992368515204845,-135.60056127091056,-56.82127035676477,-1.847836868706564
419,-378.18772455277906,-26.9056890871868,-138.46127206047905,-56.24861332218757,-1.679379565782569
420,-423.40181515958176,-28.964244231627358,-134.39198805673726,-56.68110536906958,-0.9651145628240518
421,-473.3910469389889,-31.357710321379756,-154.1352354377415,-53.72976188202056,-1.7262704786757237
422,-440.5272554802558,-25.66735454576792,-151.35272482278603,-52.24120997379838,-1.977509717593896
423,-425.1072319445004,-19.725759783483305,-141.65128870895114,-57.63871185306799,-1.9671760298534187
424,-291.0519475954739,-41.540063612094464,-156.64448281835004,-48.79874783713008,-1.5562853293163914
425,-342.8939258036222,-24.398990063847428,-145.09150485283388,-58.871598050169574,-2.606674001295545
426,-449.81080192073307,-34.22927929622405,-154.6245711026062,-51.69684979709749,-0.45162961483982456
427,-371.8131747304718,-29.277882888085585,-137.094527860087,-53.84116934669037,-2.0373830612152024
428,-305.1907251556433,-27.250947508885563,-141.73960149198996,-58.58038417929031,-2.4278532453181243
429,-285.3655429063779,-24.837281254816073,-148.40460724462912,-51.2857519360939,-0.7421781654924159
430,-252.09928973328942,-30.679254995584667,-145.4858092206012,-55.71610221516189,-1.2029807756424282
431,-344.2980494791565,-33.00212248811045,-154.352277815027,-50.46852860499683,-2.6635369625706637
432,-513.2178071946394,-24.12230050289877,-141.4151337886865,-51.48980262161094,-1.6817106087588354
433,-315.8578932531571,-21.44912928617109,-146.52873450206488,-60.356820293474115,-2.6639014219896513
434,-416.1005084468748,-27.571514665488696,-146.2281519281474,-59.56334635935771,-1.6332666302644652
435,-301.8359689375721,-31.02241633773905,-140.37976564012337,-49.57569913243135,-0.9346668694581279
436,-467.2376292510885,-17.617208833881243,-142.48701258410117,-54.85746792957992,-1.4896242047446318
437,-310.06473025060853,-29.933733841747586,-136.44893449305502,-58.755203634703996,-2.5826603332475555
438,-302.175217413687,-16.197946128811342,-148.2076701997153,-48.29976058386779,-0.3024266136642065
439,-336.10934177281626,-25.18605470025142,-144.39284207972372,-51.206356767587486,-2.7308894165083855
440,-320.8168625119308,-43.73279838158778,-141.68710686607318,-53.63693145823239,-2.018072544254314
441,-397.7735292705914,-22.80566886271272,-133.13466793642274,-55.25594907633671,-2.1649493285236656
442,-370.02570449198356,-26.3726351343073,-149.17054909202272,-52.52219394362404,-1.4459250264178813
443,-325.27953181517756,-42.87124678346651,-139.92045499754315,-53.73604054714708,-1.5457973341825038
444,-412.7424478553245,-35.852214794000915,-143.35791157561457,-52.513489327684184,-0.9027829774423003
445,-338.32816246839207,-18.860490374179907,-147.13327322144283,-56.13438538985859,-1.6442714353433603
446,-445.60882872769224,-32.91633686213609,-144.75393094055218,-55.949673536426964,-2.0118161413484663
447,-397.2060113325796,-26.200146588222665,-136.97273618316342,-54.7284067108529,-2.743484283938204
448,-428.96377569999845,-17.187744663014648,-131.91797402836895,-59.78070240351774,-1.4591618273281222
449,-368.0985195857445,-34.69317529224735,-133.28563392476676,-60.400305209776874,-0.9147754968240844
450,-409.6061397191533,-24.78733544183985,-150.30719785676672,-56.12497765112272,-1.7865536046986357
451,-385.4816075646114,-30.366904060457866,-139.53518962049154,-54.12422492914877,-2.513155001396658
452,-337.8756863982269,-16.452934153338873,-148.57460849604624,-54.54534818355871,-2.01016207881135
453,-387.73572485526375,-29.928426632039073,-145.66499769313333,-55.64649080032555,-2.3434341874311473
454,-280.82441043310024,-24.908930415790064,-151.22951046050568,-57.390738944122475,-1.9300764532942933
455,-357.2990353398409,-24.74823295593658,-138.7497283168609,-53.553903617180524,-0.7868687454936074
456,-429.32683478165177,-19.868816817057073,-142.4036083015552,-55.70311994560735,-2.667267373391585
457,-313.627623753334,-11.497573290160132,-146.02031500039317,-58.89369976706077,-1.3074457277533669
458,-423.89489412912377,-15.447590171157612,-135.8573387984922,-59.358781990576965,-1.9370192139055955
459,-327.9416561185255,-35.133770986494234,-151.43690094968267,-58.281525650583646,-2.1172537610082145
460,-368.1736259459824,-24.467969843663937,-149.81316547169948,-53.67517235093977,-2.3044433827841333
461,-325.3070617928732,-31.68628736971674,-151.33866515927102,-51.539111765051075,-1.5543096238355079
462,-389.1202710929855,-26.580061368172867,-140.7707623198769,-53.84421761186818,-1.0962835415864574
463,-402.2800184949095,-27.781789766863554,-140.32535064455385,-52.3446296943766,-2.1886514056007345
464,-307.2074768290513,-26.923368572093356,-145.3926802409306,-54.91972615795992,-1.8765427578678575
465,-337.65590509254656,-31.563727689744542,-138.39202046928358,-54.53506497426776,-2.0123629334685806
466,-376.28689551892086,-17.29707583627733,-149.12814263100947,-52.55604921275638,-2.297479348833855
467,-403.75127044715725,-18.81387175170824,-137.72314857227835,-55.16534532756026,-3.125445120593352
468,-454.93140583430676,-30.284386766402967,-158.5468980323123,-55.42141050633098,-2.199137194782536
469,-257.6490202249555,-32.616652417944714,-152.0094517899012,-51.540098733516906,-0.7755082276502662
470,-364.62090155763855,-23.874478900258673,-137.19224681775975,-53.32467362766297,-2.126645742046008
471,-363.39373132209386,-40.640383157852504,-131.83388395309228,-57.148737299318846,-0.994800719896375
472,-393.34450708936845,-22.71501808724784,-133.89076201723856,-54.40438961573917,-2.49386029871713
473,-350.5243493999318,-22.482495964127757,-136.40527306973524,-58.53814034387434,-0.6043455717193945
474,-397.34927641806263,-14.90288493016945,-153.9993809834113,-50.540065963986514,-1.4472829321705307
475,-289.03350197797687,-29.87661955983782,-143.9126577349267,-52.70792794104179,-1.2994639932176544
476,-444.5346221833766,-22.400382811427214,-155.27039550779995,-51.50169822750569,-1.2356345713819752
477,-405.9482292335115,-33.783796034813044,-152.84530191629358,-53.490112297203375,-1.5178172368961487
478,-458.74225459592725,-19.780071781653312,-141.23340071013592,-55.43672999776045,-0.9822707089157121
479,-340.8744050694449,-47.82791454912082,-133.79289542311304,-54.967949430960424,-0.9405799377236496
480,-400.58765211902755,-19.54985107882189,-149.40648846631726,-56.28126030216116,-2.8602610642685287
481,-424.16676431727166,-35.78596384032602,-156.87282016279275,-60.32000090130769,-1.758460678057139
482,-327.9458633540225,-24.34018308349794,-141.54109487806767,-56.001913906909515,-1.6316146200332347
483,-333.5771459351771,-23.85464657836576,-145.75131405972272,-60.58357391077118,-1.662681224047374
484,-326.78339499616044,-25.2041415595755,-142.46599890749255,-54.483452931197135,-1.2584144142002094
485,-362.91703156948006,-27.5560258668235,-140.73800824479864,-57.344240372693484,-0.5585784771483926
486,-342.85240583807735,-32.05829901400611,-135.2775110245067,-54.28344613747605,-1.8273043540105838
487,-344.32940185489855,-13.162449422684668,-146.13858866746114,-55.114672504497065,-2.1074287564150023
488,-408.1320188809509,-49.94716724468523,-142.10763576229337,-55.853963637645336,-1.2003508671478396
489,-340.1264527217978,-28.938589791036254,-158.2012075931096,-56.19107447983961,-1.43012016132719
490,-368.0092473389997,-36.18583161806303,-128.1803850687547,-54.80825716998461,-1.807051210234301
491,-289.3243672532966,-27.530594274625273,-145.7335597952877,-54.70328297530013,-2.6250545829227363
492,-305.76384421728847,-31.195846027483075,-140.53425308081694,-54.73400921020226,-2.3214922112925933
493,-332.9395821667398,-31.2272847569168,-133.9614844295391,-59.20580765107067,-1.4786418537351251
494,-420.47957806569246,-19.722635787976166,-137.64973961295232,-54.85784696673501,-0.05634967482855998
495,-396.608363464668,-35.49935326439258,-154.83190689782202,-48.03362761248519,-2.66700992558763
496,-354.50852678691246,-36.731575439904574,-158.17696522186037,-50.46751883000626,-2.3251828935062604
497,-366.3475430980794,-29.19158106311891,-150.4182039782363,-56.70860464514122,-1.9969717801519227
498,-545.1791144025601,-24.150350388654093,-142.07356637107867,-52.1243583944916,-2.0871046046799577
499,-355.00359822422183,-35.87829686179029,-140.56908621926053,-58.85080131684041,-2.3473462670464147
500,-405.86372583515384,-32.88945494924674,-137.03388421293604,-50.829277443889616,-2.0791257698234964
501,-352.18278585281814,-28.53555347544012,-138.8835974927425,-58.67943056584936,-1.6411991321294037
502,-361.43204464109743,-23.349057037129658,-145.24287848215528,-53.548189143472925,-1.6248678899288762
503,-362.10453627424914,-32.57379195668635,-149.3557041706545,-61.32521034452437,-2.3922550102434568
504,-364.28656422030326,-26.821413636372746,-141.11900726703573,-55.012732011709645,-2.1621268941621548
505,-342.55408158760844,-15.529966035752302,-145.86422218656352,-47.75930221613744,-1.7984265669912347
506,-392.9570124708592,-26.179623247821777,-145.16246737903833,-62.03914008179579,-2.9030959958718237
507,-302.72756111769746,-18.83823656162302,-142.32511350460416,-52.50202631754652,-1.7719295960457626
508,-416.4094152604905,-19.524904308852864,-146.79095078808535,-50.40752471845898,-3.089998485249608
509,-455.02588391091996,-36.44881866189414,-149.22880392740404,-50.795141037974844,-1.2345832409114483
510,-404.6514942955694,-31.18995688060544,-142.05988301064284,-55.756814821524195,-1.6837553846920241
511,-395.9692249815003,-21.252552650232,-152.8853521892117,-51.71803794724623,-2.311029081756742
512,-353.9189084333953,-37.86217203622041,-131.1723016267752,-61.85948122430918,-1.6616452687538645
513,-300.25544778146826,-38.09868814639909,-142.92854377969027,-52.17381656750943,-1.2885431401593388
514,-404.5763691992799,-26.48258157281814,-129.0420813420406,-53.1000060861298,-1.8248771308921459
515,-293.5155508920828,-25.482142603207972,-151.28118015564795,-54.94497128034894,-2.143027884352209
516,-406.07945893286904,-28.608568538703473,-127.27098902149655,-57.55577471294365,-1.2614973826860705
517,-225.81402921417217,-21.668520605958904,-141.403071527979,-57.98929376957711,-2.2925466112546258
518,-299.88490264085857,-30.166508758140225,-141.82074443468747,-55.49406252411026,-2.3065959385124772
519,-330.3521659538434,-24.286864010861606,-150.28542690650428,-56.33887988899755,-1.9671432315588557
520,-353.3612862141143,-21.000493031457733,-148.9326450582623,-55.2272044989056,-0.5456383997658504
521,-353.7804893773557,-31.88480934233702,-145.10874135370767,-58.630727268778955,-1.3305181901544492
522,-358.56411143430074,-22.459413751079,-152.05430068237388,-46.9319454570396,-2.2554508503548556
523,-375.6449703724906,-32.241349277720495,-148.79210209394063,-57.58434920912903,-0.9216144244745418
524,-405.13352409040743,-33.092219154460224,-139.4739494995679,-57.770521739418726,-0.9239858694487884
525,-374.79254559234323,-27.947468303415697,-149.6968161699526,-49.583702933280634,-1.5023566306777503
526,-327.7104716492776,-25.63948307675641,-149.01703518557196,-56.34848769478593,-1.721480056182912
527,-381.3216502176483,-21.897819556906324,-144.82736821401554,-54.65178233314103,-1.3172479521899116
528,-340.0328612342206,-12.488303643823228,-150.5095287881503,-58.31136672202943,-1.863593895530297
529,-289.25344659491196,-29.16797899292437,-145.73303364335783,-55.22507713937962,-2.011868792658029
530,-380.8179713971743,-29.767631495671694,-135.71059673154798,-56.47911867636133,-2.5309184098479833
531,-386.2666904476211,-23.521476928230594,-145.5730751693848,-53.40149762418586,-1.9057847367414518
532,-320.99480180325844,-24.536046019468266,-156.4320179404914,-56.23107226708967,-0.9865522376139929
533,-369.19752836951324,-22.891247965856394,-148.0036714299105,-52.71784663336591,-3.103404762374527
534,-455.5041776326424,-22.74773300240161,-144.3427283118645,-56.5810204015466,-2.031777499954268
535,-349.01398829264275,-25.38272175986507,-151.50230441278487,-53.114443154519336,-1.4988375138198948
536,-367.438333136709,-33.396412022212765,-150.24423714622876,-57.780251493917824,-1.4609084420684901
537,-340.14356524619967,-34.25425188252689,-142.5148504436015,-54.4263319297289,-1.9114770928231735
538,-352.458687663708,-39.06302382237178,-145.8144239579598,-61.8693475415078,-2.544714216059842
539,-349.3019015078307,-32.76903976086479,-154.0665462006573,-54.98354974789381,-2.2322030042603225
540,-269.0019293390542,-24.155683367610244,-141.42117319307147,-58.03556647512209,-0.490018466462162
541,-378.5141476649817,-32.08534706664552,-144.5238752963898,-55.27052706179846,-0.7827215149597349
542,-416.89168945838935,-26.250751178486315,-154.43944685605288,-47.951084825975954,-1.0409306304392176
543,-337.6643012760402,-18.346765489036613,-147.87633334565348,-50.88079801569824,-0.5075641775910462
544,-423.8056478603271,-26.563415855833266,-142.2803150187289,-52.077223529061506,-1.8328093421133427
545,-311.4145702730308,-30.405828176014193,-157.5150518812316,-54.96962374069564,-1.645739519631532
546,-421.70622873540157,-22.82692311764865,-147.16628615608474,-51.96798120494201,-2.251454906383166
547,-423.5963431817559,-32.16658132124865,-142.30522503510892,-54.01865753556841,-2.3951429178366435
548,-324.3924278349424,-29.51746928554189,-145.01879966869677,-46.692740087522594,-2.5387249749663483
549,-309.8385505940366,-27.99392585009922,-144.05245568242097,-59.37958294351334,-2.9881766895744972
550,-276.8231803043859,-33.26352074187088,-145.36747434942268,-52.75545950049669,-2.697469058838363
551,-359.9369215211249,-29.82135937084691,-146.76378359492074,-55.134283821013064,-2.487826773033522
552,-387.72243466147876,-12.737512751781358,-143.11527636738398,-54.687865028032355,-1.4251126770143745
553,-303.4369668234411,-36.3399364046824,-143.8140679793826,-54.48088292396371,-1.1118163366190625
554,-332.5885378801803,-39.53706721803142,-148.01351389109146,-57.50844638947391,-3.3111883290192323
555,-415.6751514050384,-23.973352268074816,-140.37625075383502,-51.00534611102297,-1.7052981538320613
556,-288.8136230639104,-26.60081301701335,-140.9623001144255,-47.29345696762382,-1.9627322558458475
557,-281.7946909193073,-27.210437986877288,-143.95903370682458,-53.15251651141049,-2.0789436046433023
558,-416.113276843871,-40.455060207839125,-140.74458863299517,-55.5925726605255,-2.0471374784986405
559,-404.99237154737807,-21.180964989994756,-130.42215229434416,-53.510389915115105,-0.27766695065611796
560,-446.26653436524776,-37.87628344502734,-154.76486363577996,-51.4300877437361,-2.738860118048775
561,-298.1911893491279,-21.64149787293239,-137.19683070920962,-57.29672625442137,-2.1951212322635847
562,-356.03045592947353,-32.0809488598937,-148.47403013498692,-53.65860868332941,-0.5972599712580207
563,-403.0054070835445,-26.11416755769219,-157.52263321446233,-59.187639900070444,-1.1056648342021433
564,-302.5971781531279,-22.41400531856226,-139.3703481205404,-51.72897869215172,-1.260070695934932
565,-426.78778946713015,-10.312198678431658,-131.48034680971355,-53.699775268400934,-1.95212875612902
566,-394.8278409160281,-28.007029767389078,-129.88104071782107,-57.78130053416442,-2.2286711404024833
567,-363.8482527271401,-18.4231272844342,-146.11509770962192,-56.6397037510952,-1.4953852979697855
568,-479.7420897294705,-35.32330659138585,-151.12661549778247,-54.25483809296801,-2.3993018039754044
569,-340.0311986256265,-29.46392317387675,-130.9679955669678,-55.866746080115064,-1.4843456228223455
570,-404.2769317528967,-17.907041847500306,-148.98841022984922,-54.83311543080421,-2.6539744740450844
571,-434.184865932195,-51.70183246779318,-150.31057093857996,-51.98481946896406,-2.236714154993913
572,-366.6477199528205,-24.963499347710602,-143.59596782910955,-59.87407342992171,-1.8122960492486397
573,-473.5706580871941,-28.297512962426286,-151.0589461606854,-54.95167537110391,-1.4789347657543184
574,-357.8417678106472,-24.615842305337335,-143.73147636257207,-57.4097038098527,-1.7281297521374752
575,-383.7106507667375,-40.735397923568996,-131.24260828973502,-52.86991343653251,-2.658465524049158
576,-437.1038843903302,-30.62478879884601,-132.30720889558594,-52.81068028093149,-1.8084670359168393
577,-450.7481019059036,-16.625818430055098,-144.5762929852126,-52.59989614620083,-1.2999416467004516
578,-344.21448448692956,-50.05343878233397,-144.5473647334816,-54.111553150578956,-0.7237706494430282
579,-334.2164079160142,-24.76118493430592,-141.54615765929813,-53.44676286675115,-1.1897883134578435
580,-298.99381359022107,-37.05830541643578,-149.02588643052397,-63.527994181960246,-1.8291849808203202
581,-373.62832947932816,-28.834958612322804,-141.9923787058218,-54.10416566720141,-2.927302896666479
582,-417.6966231394578,-37.996039502677824,-137.41403000380734,-50.48376556912409,-1.6887281227020456
583,-462.9105822544505,-26.87228530747285,-140.15820728666282,-55.280216893259244,-2.3031086582490885
584,-298.64217885857613,-22.875053751681833,-143.8273513194471,-52.28515326212412,-1.6765015615686552
585,-310.27470825385404,-17.38825422101856,-146.5737879953824,-52.27354727682132,-0.8336717365845551
586,-382.09190249374603,-18.160265284187403,-137.23195745005916,-56.33084335399522,-1.3494561887662073
587,-452.7307081837112,-28.042231440089818,-134.2630512185195,-51.64640621938056,-0.5302132056104074
588,-391.28456219221397,-22.748258200491335,-151.9654735258462,-52.820979462319016,-1.1760715153345485
589,-488.47145193487466,-32.648898844602634,-147.85170947097686,-55.776430935023036,-1.9441005787422365
590,-283.0012432327769,-29.816583932055817,-148.51578594428378,-62.57902335356273,-1.8130085923033987
591,-377.01135235898784,-24.02720339442836,-135.94276969610007,-58.329385690447765,-1.3025569640115313
592,-487.2546563666239,-39.33245630485989,-155.41807955944145,-63.642643165769066,-2.2816318805080833
593,-316.5144988969973,-36.44730863624207,-137.01094736469045,-54.30922027925084,-1.522053682383477
594,-359.54977633689236,-38.98241224377671,-129.78663245138046,-61.93923109793609,-2.2708306383235373
595,-296.4185777612546,-38.57540286390063,-147.54534313436636,-51.363195098303585,-2.555257403925791
596,-304.1631970622781,-18.444817039455458,-147.32006106477164,-59.62807551059887,-2.441971479521724
597,-234.18641852478274,-23.86340076145992,-142.76440050342813,-49.84806928188796,-2.6578994204214994
598,-376.65806586445757,-29.14562188908686,-136.07659514582454,-55.488567716602354,-1.8231785666258262
599,-378.38319742855407,-21.147188805987767,-144.2331887740834,-52.159805857275686,-1.1198004651903293
600,-444.7062492408696,-25.486916250132765,-152.8874624487578,-55.156034235538854,-0.8931731940571841
601,-277.96824317771615,-31.189384991206936,-154.53717829147945,-56.0297783514196,-0.924610559416044
602,-404.59662433224423,-33.053929341230734,-141.44096323040574,-62.80001293143751,-0.6485202878975551
603,-339.56270173421575,-22.833136979945618,-138.24999294587028,-57.63328174230984,-3.3039771915949965
604,-410.7253100346866,-24.248825020345993,-129.70206361043216,-55.396413151859385,-1.4636482225875522
605,-328.7246272603497,-19.41348653075782,-146.34031861156942,-58.91511920935502,-0.9365170960579198
606,-283.27624232363706,-29.39910468992897,-146.827789538138,-50.25455746414698,-3.0890720747312232
607,-347.9553963899043,-20.765731980149305,-139.4956183757968,-53.314779418053995,-0.956186161529418
608,-444.1078515193595,-29.45797845697378,-137.8808246897716,-65.21657119724902,-2.2011233084670576
609,-433.9563563366099,-31.47874853707002,-150.35709160799306,-53.39163928530749,-1.1492779163407842
610,-303.73807944019364,-30.610554212282196,-149.15775266194782,-56.141578924381776,-1.562120022901519
611,-313.53775301841625,-32.36382433217848,-154.93264677099074,-51.619144239615935,-1.8660267011573832
612,-414.20124251011606,-19.58836878585658,-146.3029827220247,-54.7321719735053,-2.4388137877522964
613,-441.9003311837563,-25.720005009554917,-141.42490421536482,-53.337572618010405,-1.7510123435389562
614,-363.76323153008894,-28.654426849628326,-144.61934885514387,-55.23313070789076,-0.6360312057700166
615,-412.3030886772023,-37.23518771284811,-144.031364397817,-49.48077406869731,-2.0678550637720985
616,-343.9517730650794,-19.17666427913079,-134.28597342946395,-55.88161075533177,-0.9651629538098953
617,-345.6521909523987,-25.295596237943105,-136.0086639871036,-45.194969455403246,-2.5862511779938355
618,-418.37698211695005,-19.35179056002114,-142.64751496278103,-52.42286785958105,-1.0354803841986613
619,-460.8290228805402,-24.20972820537122,-154.81642238921074,-49.76537512697834,-0.9861694020411259
620,-341.22344455049,-36.091513910162256,-145.06912960582153,-54.23376970721061,-1.4472937913349804
621,-238.858315077289,-30.27760877933237,-147.46555464140397,-51.449449660994375,-0.7340397675499759
622,-378.18925349722366,-35.592317356860896,-156.05313451937005,-56.33019628853878,-2.036368870027838
623,-409.9525672671429,-24.78270369650912,-131.5009745535135,-54.10266238025899,-1.7516755259339492
624,-402.9952575303182,-29.893182576064426,-146.61881079057392,-54.27197793334067,-1.440752658626291
625,-374.83100838525604,-33.159606377551185,-153.8693233643854,-55.85194996326275,-2.2288226874146777
626,-362.33651452489715,-27.749434334888207,-136.95170813061475,-52.57097574616032,-1.4699055673407684
627,-306.0870196743358,-33.17897587270815,-134.03932195654428,-54.25397026226071,-0.4250680232490587
628,-463.4500027630232,-38.143989718325386,-138.94630368003894,-49.778248192310585,-2.045887963753821
629,-360.9338811410835,-28.799295893773305,-147.96434467160122,-53.61496186807214,-1.3909479102974496
630,-419.1163315768225,-33.142057571729204,-141.4596917312752,-56.149758601206344,-2.8147729791155003
631,-374.8955153878903,-19.587881138460617,-144.65416289573446,-51.98721980783865,-0.8068569438580824
632,-372.4743074881682,-21.716476740863992,-155.68880446046464,-54.6744102002185,-2.4514452063690246
633,-501.610027826892,-28.9336973531784,-143.4558545169964,-51.172077981533654,-1.639460908959144
634,-319.23350605538366,-38.69302079058241,-141.18913377009042,-53.27511923711277,-0.7395549223381707
635,-404.27384650295403,-12.06425708678063,-139.98702611583326,-51.05972072418543,-1.1039096823453298
636,-396.4782714926334,-20.472134133971895,-137.14334383789637,-54.08716490641452,-2.345686250773583
637,-300.6575311632341,-27.164401251115486,-147.21343956732255,-57.05813829593232,-1.4269579169113404
638,-300.3712553272364,-25.418112801209986,-148.0581085835812,-56.54172712882563,-1.1115876889641545
639,-315.5557978668299,-31.116170989731092,-144.851996257328,-54.20045669609361,-1.4149053745688922
640,-300.31373459882883,-34.65648949846656,-130.4949265234845,-53.740114667068624,-1.9501707149149952
641,-467.0643629720247,-23.863486680172922,-160.9714574124828,-58.551489338364235,-2.57628693770037
642,-261.0837344823238,-21.855147716686986,-145.20666649695457,-60.29271107356456,-1.4513977822533348
643,-366.2108168254442,-18.022750749560416,-145.44994769264676,-55.87836374942038,-0.8617254542463071
644,-336.7272764559839,-36.726381400005934,-137.22142468108072,-47.423678905970384,-1.129650884461886
645,-346.2088647594305,-35.876777632932836,-139.65900290782128,-57.420843971056925,-2.3815987672389536
646,-434.5937196994774,-33.656557495490624,-155.31951011475783,-60.7932819372289,-1.920272217850279
647,-365.8704930658223,-31.653464717203203,-152.8431386957991,-50.95990588265587,-2.2388316553139394
648,-368.82219928551245,-27.723493087373683,-145.51445923126246,-55.13453103064488,-1.8224499453141976
649,-319.54463161862,-17.640023374462146,-129.1474122730864,-54.36383575459175,-1.8567515499704057
650,-361.3947379266612,-20.595528521386754,-146.7394020069777,-55.9065132104586,-1.774330280316779
651,-301.46318612371306,-43.013849370858,-140.92899644135193,-57.73795117836176,-1.2818300742155584
652,-424.0408900557358,-24.049780184267362,-151.44603751721965,-51.76076402743281,-3.636773471030749
653,-365.82609070855955,-18.834320295831393,-135.13423417733998,-57.676555919419876,-2.4221529993537243
654,-467.2257386847798,-38.43254688594137,-140.0588626296114,-54.9674306926693,-1.8894867209606254
655,-384.56139410276023,-27.825331585220056,-134.26741599286876,-51.99244984942805,-1.2821066756368513
656,-376.4287793415705,-20.55065073239419,-140.50761138102953,-56.589907173549456,-2.3042827483210973
657,-347.2995423210698,-36.918968884489566,-142.81925329139239,-54.047731654301515,-0.9192706779324998
658,-360.20736106203395,-20.471221987066926,-132.57281257257364,-58.210065293214505,-1.4649218460916484
659,-410.51534535969625,-33.74294433544357,-136.95021664878058,-48.25251111763556,-2.869360858220927
660,-418.24405722374456,-30.76586912586161,-140.22916643164825,-55.88363245821089,-2.9386220860389756
661,-360.6020220710229,-37.274548245557675,-129.88415070082561,-56.75212241243987,-1.6173899062222932
662,-412.03595214101205,-27.30462334849486,-139.61175431837415,-56.16794972502836,-1.4051953003489577
663,-478.88824934026076,-38.53851580030142,-145.8694227432596,-56.104501083298025,-1.5216603168590497
664,-386.93243628166266,-18.500804760704288,-147.50368500129565,-55.175984800079696,-2.551336624468357
665,-365.5969276311263,-41.72012662775983,-144.6299217399026,-53.050558165085,-1.7502444810317435
666,-284.9088818134378,-33.02052472325946,-144.3310078376839,-58.839223689589424,-1.7594930294938518
667,-383.1956629965989,-41.9929211886187,-138.67967388976504,-60.99406493411728,-3.6941720829561553
668,-352.44855178409745,-35.636397057402455,-131.99068881175916,-56.866305677417365,-0.8593738013908994
669,-369.2281563328304,-25.12671022228129,-146.79334084126376,-57.13620843186468,-1.8085991551773692
670,-280.4707077391322,-32.08458202819611,-135.66333394228428,-58.49505460185538,-2.1723658960549095
671,-312.33765058945136,-37.58981754974517,-146.8842417612467,-51.05400308864505,-2.7125626515659302
672,-455.65217230859037,-35.96470480227388,-134.39488936490338,-62.116060771806694,-2.561819892165194
673,-481.0116208304839,-38.155667058274595,-141.08443544908658,-60.7091831035,-1.5213941431184927
674,-416.0612687179791,-23.716827831227743,-143.8848926975689,-51.4174190246003,-0.9209216096080908
675,-457.0835416127463,-33.259887687425135,-129.43378341820778,-58.60975549413175,-2.4713966923519397
676,-456.21270917540494,-27.817757963127924,-149.7321424422732,-55.238178933977665,-1.6004018246354976
677,-375.3098875728701,-32.76644786152541,-143.51094676867123,-55.83016001125413,-1.511312011286951
678,-337.2391662188481,-26.219747300070168,-139.82364650367947,-54.46312451719122,-0.299034837138595
679,-364.06830980919796,-16.302029739183528,-142.42758157919198,-57.932492182132385,-1.288151910055007
680,-404.5882830692298,-20.69055641618488,-148.20229610049634,-57.46815431695456,-1.9356957960012242
681,-296.0047967515917,-30.930580824223835,-151.65841202336904,-54.35440970616051,-1.336533827224502
682,-398.6181332945103,-29.199278075672915,-135.05635618251824,-53.40978592199023,-1.9065091759895514
683,-463.53172578409936,-24.074480170743914,-145.57408971523498,-55.6097060890871,-2.418423932663077
684,-311.3014351147871,-19.306759316372045,-132.53213758781624,-58.96097935499892,-2.5116160700768
685,-285.53957267772483,-20.726590245246342,-149.91464166283805,-50.552154859337044,-1.583089826182859
686,-367.0341418858425,-27.90824503416668,-151.75457196192423,-54.80774867490001,-1.4379165138544514
687,-267.64940352612314,-29.993309126668308,-156.5652087593269,-51.06535603678409,-1.4221247835561697
688,-290.38455747191085,-22.350493044096506,-142.18311130880804,-54.43642145704353,-1.122466079491984
689,-365.60773574845706,-36.48980005653949,-139.27750497567234,-56.78551165712559,-2.0531966313295573
690,-363.8854279193573,-36.28735197212293,-142.6361299240832,-56.67992910050919,-3.034100846323137
691,-354.4027301179445,-21.08745216742422,-127.3703531836273,-55.53238642700301,-1.5642566045094168
692,-355.4844359396488,-34.87600409203577,-134.85963898391051,-53.06267627501647,-3.263148832331334
693,-339.3903690415092,-29.700609763153587,-141.7352590505238,-55.75587974576237,-2.1436182704907916
694,-325.93052930287513,-37.94377550712505,-146.17430279272895,-54.5904473407244,-0.7791625060716945
695,-419.10426811819826,-30.789897388196845,-135.0208555130279,-51.5572533170294,-2.3453594909982125
696,-319.6037890963973,-31.617034639574193,-157.107534835959,-50.16890147463917,-0.9238775981969193
697,-328.8348410473899,-25.645399272285633,-136.8386253796954,-54.93517075092213,-1.4633429930801392
698,-279.02251421037,-23.920793820248026,-143.99044044174272,-50.17661204958275,-0.910941460418832
699,-326.67330955120303,-12.309153396866428,-138.72560055604222,-53.55671733682126,-1.85081278783643
700,-461.73335425361273,-44.586915074101775,-141.111410361022,-58.218773555763725,-1.277182763558804
701,-251.44322485791156,-31.310030789288035,-154.60655023043526,-52.85790761064492,-1.1207362050103071
702,-358.60365931164245,-28.07459499801389,-141.96989350568455,-53.59221823489509,-2.1242264075473836
703,-308.0565028618307,-32.91473313187629,-134.0804164962629,-57.634795830654916,-1.9097310602960942
704,-383.58841704109454,-36.805359318043315,-145.3554766308332,-52.25890572561381,-1.0584573111117717
705,-382.61886552489904,-23.063463461574262,-147.3318890956772,-58.34926790923772,-1.9229787659409088
706,-327.0376498588861,-33.38323551391971,-133.78537850926134,-54.0624538223273,-2.4643206851635573
707,-446.66850477525,-30.16616796442937,-136.53085462221804,-56.06922842323992,-2.5306590152936645
708,-345.49722369725345,-31.951848722998633,-151.1133122380603,-51.719764212578966,-3.3773739717058833
709,-278.12978047511825,-32.5980823344127,-152.98865179440008,-50.94996475006715,-2.124617436057312
710,-303.4850862625116,-32.689326205342304,-148.42041358269265,-57.7683825136272,-1.5948465844588735
711,-428.21752077552804,-23.963392525170093,-158.46308497216083,-58.336936265266445,-1.1079209431801238
712,-438.2267067248336,-21.34664733631245,-143.66860310875066,-57.54807889640031,-1.7004878795182268
713,-400.6053699133454,-30.066549351745763,-141.8067952573561,-49.588134742636875,-0.13056463848669053
714,-342.75939200757557,-26.16587132975931,-128.1758829957133,-53.105070357314034,-1.6667740215879803
715,-437.12097228890417,-35.87168312439225,-137.2458893842546,-54.55825204311635,-2.0681857488049213
716,-277.7835936636408,-26.78235949359628,-144.4455273254447,-54.65510229265476,-2.466471360031176
717,-437.77904419376483,-34.02415125071242,-144.82039480812585,-47.89019716860537,-2.1511462925406977
718,-388.9501807901787,-29.39777167600979,-146.5963112465137,-50.0475709180418,-2.4281908937674768
719,-426.157722856311,-37.28956049064387,-135.9241222975331,-54.535258831774904,-0.6227239008208684
720,-461.65826159916907,-26.06832639187718,-139.72450878507271,-54.54376991327018,-1.0256435555309242
721,-398.1741266425635,-36.27918552224487,-150.0107048343535,-56.17389707267005,-1.5302362185840512
722,-326.8923795341625,-29.899994566397897,-146.0268686734703,-56.46819068507048,-1.9556265023004444
723,-322.4463895605796,-29.38254481616631,-136.58351503560334,-56.01863961734248,-1.2218916161878834
724,-269.7201799790625,-32.167470886041315,-143.31450202139192,-57.05438348334549,-2.1651314747496255
725,-395.64251230450316,-33.01300748459162,-143.73985260149468,-59.44198455514808,-1.748777034361193
726,-391.7874520289136,-27.328476359356113,-142.58737912988963,-51.88589133442197,-0.7534442733219692
727,-406.7278711070123,-34.33909851376942,-141.35669085572806,-52.552734892577824,-1.7247530284179182
728,-493.2496103646768,-24.677190095452247,-147.25086006084382,-53.68097636183744,-2.8033094609633893
729,-299.22814131117866,-29.393849975830268,-140.8546308690339,-58.190156538304,-2.8275966503788577
730,-384.6036151800402,-27.117505563512594,-150.86059982884558,-49.34889025574164,-2.458425022748508
731,-470.38734886124433,-46.01981840383974,-148.8673692908755,-54.165626079770036,-0.9635132217448247
732,-350.09900079420936,-27.16271988633125,-142.66946736925001,-62.45903696253246,-2.4623602063148256
733,-341.5845497087299,-33.12726919198724,-151.45993620769656,-57.27304185958584,-1.6547763786811378
734,-352.0164188643927,-29.429780646754306,-136.49254564010593,-57.99207149856906,-2.200183298848872
735,-428.9684872402537,-21.71276864449402,-144.3129668700804,-52.631566363318676,-1.4906624256831058
736,-280.63632919783146,-21.08838069153352,-146.30691299040362,-58.72025564927046,-0.695146343855162
737,-474.4395600901282,-24.251219263432766,-142.44599468969813,-55.09197054061159,-1.001132614989945
738,-445.4856319283662,-19.229413639834686,-138.7364892191785,-56.95470462142188,-1.9024133936414525
739,-309.7861532200758,-42.04718995591933,-138.75604293863165,-57.45315450612433,-2.4492678696457864
740,-281.31801312460567,-42.74765791200999,-146.80820650586875,-54.24075759785438,-0.5847130317656973
741,-332.2795906766757,-33.191166805780774,-143.77733399233816,-53.1546264442244,-1.3374891050962887
742,-228.66587170790459,-36.557449587747435,-135.26507018804455,-55.67032290608104,-1.6048690554621037
743,-310.58229372056985,-24.46296000369333,-155.44714091636376,-56.66446709140743,-1.6735599394703367
744,-441.50558441474976,-20.98727157401418,-135.91928102027723,-54.5176225319995,-2.3297584344229487
745,-356.4832654245901,-35.63620212932458,-138.73859108207103,-59.10019631882777,-2.3368236068832346
746,-319.3984531721901,-22.027587353471578,-141.22882688697666,-59.75216647833852,-1.1710406427833848
747,-347.10143127003545,-37.414250701138634,-143.1122295405683,-59.25106912086888,-0.8225669031898736
748,-355.7643648389838,-44.52355830568451,-154.18113345436853,-53.92207446592141,-1.2365870442718232
749,-448.711321600301,-40.6743645873793,-146.03102978430277,-54.81265926479594,-2.424336455659497
750,-413.987500570604,-17.69096336102003,-155.2245388545469,-54.41349073115976,-0.8454664938072997
751,-381.1559698633212,-26.038087773033162,-141.54074159240173,-51.8028693850118,-2.0777169415853187
752,-375.26677471266953,-26.558182213755792,-130.8178634591788,-52.3157374253892,-2.6151040076557797
753,-345.57152998212996,-24.462988084182573,-136.09633484301753,-52.61384052045777,-0.8343839212941008
754,-450.82348690518603,-31.84501030204235,-142.01194584266327,-58.851533075876695,-2.133415832784434
755,-361.95609788462974,-26.973991554302998,-135.7293940430096,-52.2677515386202,-1.1152384793772483
756,-374.22449162447737,-28.797411898247304,-137.21575355495725,-60.61751805675791,-1.5552131972436292
757,-310.33639616195364,-25.480251283181165,-148.70851762820607,-53.40324216242584,-0.7380242205625529
758,-388.9204266085222,-25.031051899164094,-138.75271213406754,-54.83725828826217,-2.111390871745151
759,-345.218142637811,-35.64309789724504,-158.85957279032985,-57.20218334087442,0.27564909252726716
760,-470.6553679352162,-14.631472069223697,-147.16475014016606,-61.099307814682895,-0.9342650260411134
761,-384.14758043128484,-20.191114470077245,-145.67751028575063,-55.89720709007551,-1.360130394948627
762,-346.4118141475251,-29.720156821694136,-128.18487895522108,-58.18269253500161,0.5152226759592161
763,-320.42149897315,-33.56915021730865,-148.39458038383412,-56.30337612900932,-2.092912325424641
764,-446.07765504311203,-29.47830707926421,-145.16559645069952,-55.22648085850744,-1.3335438062042926
765,-440.6607831579242,-24.289922747058416,-146.98353540304853,-62.903244967056615,-2.1194243480107553
766,-289.7869352777535,-23.189954156270414,-139.2885783739596,-49.94426342717971,-2.410516740832189
767,-225.59761929010028,-34.50983379059339,-145.67525816416233,-54.55765073049831,-0.7505963395857737
768,-317.0481221925032,-20.823179679613553,-147.16937703562468,-55.094407786245206,-1.622809179635408
769,-263.4485717903896,-48.759344422827866,-155.81088581588142,-57.19310615913951,-0.9851014142563936
770,-391.97490094494344,-24.740208515149053,-142.63871148462562,-59.257932260597926,-2.268728200603496
771,-414.02927626104025,-29.209333093832488,-147.679125693588,-49.93001371254045,-1.5683865460114779
772,-385.10626369596764,-20.167463026949413,-141.42840902591308,-59.165781365023506,-2.7245683789569606
773,-396.6091229888125,-28.074637926916505,-144.6602726637738,-53.93931348881344,-1.8132701884918718
774,-460.7160178555777,-26.362703111382512,-150.70731253292007,-54.20326738347834,-1.0101161028815593
775,-374.86648204370005,-22.824650980943957,-157.936237419058,-57.939040945863226,-2.1628847070790482
776,-353.2952120849141,-17.984300559372482,-136.27720257272975,-57.955376534595835,-2.402269317613632
777,-427.2273801272568,-37.07821488197386,-150.8805361906936,-54.31531568287504,-1.2695168529110714
778,-510.44635194521493,-32.1105098352036,-153.72297408074948,-56.51145711402734,-2.1553116347524512
779,-475.0583264281995,-26.001540388791057,-144.38040222212246,-53.697266005532036,-0.2951604427226411
780,-352.1664173279841,-13.650921667081644,-135.2938050145247,-50.64527048631367,-1.5127128342713434
781,-425.58275778766046,-21.719690733818165,-143.63793997412046,-50.889419832408954,-0.9504328226811346
782,-454.6813980001257,-17.23445062928449,-142.07333012189488,-52.20375164843075,-0.8914448352558308
783,-432.95704413562464,-30.03779463933631,-149.75599451432737,-57.67195712188215,-1.625026407498148
784,-317.6385537248674,-45.58697488599859,-151.40764957940877,-54.66672244292137,-1.0711056181747194
785,-400.3304587019983,-33.64779867775279,-135.80739064133294,-51.78190637991132,-2.48792613954062
786,-358.4047577176358,-33.277470757474006,-132.8178204590791,-52.62463698283003,-1.98380385242872
787,-465.19596465573227,-30.962488039245816,-141.16730632062942,-57.05452022897652,-1.5927053597161362
788,-320.96650374122487,-37.7740311058897,-130.3084777137937,-53.28769797901601,-1.1157575417867798
789,-227.58023053313246,-33.610241424095406,-144.08175823618487,-54.23253059477261,-2.8148237090447465
790,-291.0292216238233,-28.84451561382164,-135.48510839081132,-57.39095322076759,-1.129459174977314
791,-484.8396493096113,-41.096819357706124,-127.86865124870208,-54.424193086678876,-1.7044953486051273
792,-406.2254131736851,-25.75481101076698,-151.4889934819163,-50.12155525431774,-2.576252892900549
793,-361.09660031312137,-35.607916935058924,-152.21211820549047,-56.95651349654313,-2.4401085653959687
794,-429.5218963474682,-41.83326255655252,-147.47798705762708,-54.80050808489014,-1.6173133188376132
795,-314.88252900499975,-31.614768480796307,-139.16086442031244,-54.677887767418646,-2.4423871652405365
796,-377.49538112766453,-25.999171212637705,-143.82128582192274,-51.559528362366265,-2.1118900217216163
797,-401.51904546777126,-21.69647618506226,-139.43999981511757,-55.448874606695014,-1.7394891046197445
798,-405.4522373884193,-37.37794134904768,-153.75074176819484,-53.57995948485093,-1.6859781324099476
799,-442.52976204854514,-30.13263178528025,-131.84429144912164,-58.52646900771323,-2.545045812497638
800,-351.610177525758,-19.391000424084453,-130.61251440383134,-52.49466471213222,-0.6563577545672218
801,-409.4346653811366,-35.51777202623224,-137.98337779139345,-55.53344151944265,-1.4715147828012163
802,-342.71636527573014,-22.43468360294938,-154.89639872200414,-53.58719636652266,-2.238811139861916
803,-383.8243385891768,-27.397380679803764,-147.87291235758974,-48.86995738969753,-1.2367304397145242
804,-356.88741441975617,-30.302536403113834,-154.29810688039186,-54.02844327455424,-1.4718494818569692
805,-339.9852784802415,-33.80289394490476,-136.8652017959974,-52.80168358339844,-2.251990341271205
806,-353.95920900076743,-37.299459689849556,-153.99595850249196,-60.182328896964805,-0.27789841783959646
807,-400.7245314207731,-21.63814974331612,-145.17038583907888,-54.461567771210966,-2.3744305118566933
808,-439.1008614178742,-44.469487204093525,-141.83512227785272,-53.135463921379646,-1.7569186182024346
809,-490.6276764051345,-21.530702754896982,-150.10375557388727,-59.50846375660534,-1.7808877403011407
810,-346.8947145001123,-22.135195024841803,-134.72111165511419,-58.10838911345143,-1.1741522245492337
811,-290.28951346559666,-28.253186691200497,-146.39270489043153,-56.105503272715545,-1.8664813732434764
812,-344.1496209164125,-26.15119270483149,-143.62298923747272,-52.59631423696593,-2.5952925776388365
813,-427.565790258595,-24.5410957495035,-145.40409108687763,-58.19184108650721,-1.4802224158874058
814,-345.64987583081495,-8.569899432438342,-148.69107942436608,-58.1348612810443,-1.1391756486148599
815,-346.1761320487414,-23.644786943132157,-144.1818640456516,-58.89246543973561,-1.754639660324002
816,-376.8506581142206,-31.07181778986461,-141.01313289984114,-51.74689861590898,-1.549639650841129
817,-385.9184300162524,-9.29645347613113,-151.6346057724781,-51.11448178929177,-2.103490124177357
818,-348.4814837287136,-23.257472888640542,-137.04245134875626,-53.06677996717571,-0.6923963587676817
819,-291.09959414183646,-32.62316639226163,-152.0533053221653,-53.240618710495646,-0.9844355526187561
820,-337.52709116410875,-34.78529448325742,-135.09682103698412,-56.725707158939834,-2.558755375434404
821,-430.61648791021673,-22.485947236603398,-134.39016373446114,-53.612838343921474,-2.1002087620249044
822,-331.0597781889823,-24.88872681195616,-153.8659606382476,-51.21636263560301,-2.412051416784287
823,-341.79428762130607,-26.44632020638013,-138.068665124023,-60.7424508042459,-2.1092083528819727
824,-413.6652089705932,-26.045938571890396,-145.9198595557817,-57.036667437946264,-1.3662996757625079
825,-328.71831650875174,-31.603990009942027,-138.41411968356078,-52.3401712007718,-0.7387249067447482
826,-343.04392824408905,-29.637809925609933,-145.8615026204864,-57.693428697351905,-1.213320926230499
827,-304.3868160040957,-33.589548512746035,-145.2320989907715,-54.8322088193205,-0.7421726827728987
828,-383.5266763694039,-37.11792786468275,-141.96092648684822,-55.99922741270109,-1.8013732867991228
829,-306.43978395589403,-22.89220508826646,-144.66235501541658,-54.325486134732664,-2.1173160678094094
830,-380.00927983861817,-21.012009956797,-145.99005419317405,-58.96011049437427,-1.7706475766107965
831,-404.3372728517594,-24.1602432438215,-147.95389388227497,-57.60891160950465,-2.82846287896651
832,-445.5664383050819,-33.31422386340756,-137.4805594576854,-51.64047775020886,-1.8996764361890097
833,-438.7848534926303,-24.297343215735772,-144.559451600341,-56.341437509501375,-1.6639181975826671
834,-407.85164535092105,-40.33376031448068,-146.95064530742349,-49.026053939395524,-2.361535177398491
835,-338.524938962816,-24.8491255483387,-136.07507659016338,-57.19586980318985,-2.332125102106361
836,-320.46858273464136,-37.496262040641554,-147.75170193320653,-58.32142346358869,-0.36944544097328985
837,-437.71717510638507,-37.61488406415986,-157.66373106338685,-56.161120504619795,-1.0384689905871043
838,-253.69337170314907,-31.6329285807619,-140.65470876835172,-58.82659388535052,-2.35258875469
839,-377.1676582432158,-34.1665376134165,-153.0494551467237,-57.341003483478325,-1.756616906663546
840,-416.18329975616206,-31.35710595078553,-151.46466502641894,-57.39192583844476,-1.7602755493653683
841,-403.53829661118357,-20.399169305876825,-157.294536180097,-60.14496291391115,-2.9087387631491883
842,-356.7125637650176,-14.86125308683564,-152.70254334551856,-53.71466835128312,-2.317475193910992
843,-289.79736796764035,-26.51811976834881,-153.2684235834853,-54.51713671035922,-2.3359909420205103
844,-362.06217227255473,-32.18115398644635,-139.27707214425877,-58.39143186809465,-2.784907416566811
845,-317.55781076192307,-21.34644330781497,-148.3779534713542,-56.104589916648,-2.2386569244709777
846,-332.3117119375723,-38.765629070359495,-147.77464428639215,-52.44646782059173,-1.55004238161901
847,-365.33039570208416,-14.811666781200545,-142.1935747143455,-55.69229879626773,-1.4737110055698739
848,-409.28646188522333,-23.872998157280552,-128.70710159169315,-53.154800448380435,-0.36655285089967476
849,-382.9871525737836,-32.80562409638354,-144.67031664659535,-50.02230625381635,-3.5768911315675798
850,-328.44516765865205,-21.838526846884733,-130.0264749226034,-53.667064744153606,-1.5164178409824176
851,-400.81618602393854,-33.44558319901724,-146.1963683619083,-51.26917329942325,-1.5961340187781954
852,-326.5463714868649,-22.98945148068405,-146.56709303957254,-51.58353247105875,-2.5018930616559487
853,-299.6846238509385,-9.85122708364616,-143.12922034337754,-52.24368249264151,-1.6296004730013802
854,-386.3676192592074,-25.51829160491261,-141.38683778363298,-62.75988625088906,-1.6909438495861815
855,-277.2245111498856,-41.34189963836257,-141.9864885153847,-55.53537101514399,-0.9395458704831455
856,-389.24498770619266,-31.20729278995157,-143.80592826374024,-52.845997551320416,-1.611745617894852
857,-293.39614607868725,-22.409459579032543,-141.7992480410465,-51.13162867291398,-1.8124468644480243
858,-400.8703161814078,-28.764119773933643,-144.30267844252248,-60.159637293306965,-1.5501263307761517
859,-326.3073607270178,-25.269741370406763,-149.87507889705617,-58.831822815008685,-1.1263103499939617
860,-419.4478144697088,-20.97160271557355,-145.05448541234273,-49.07662284197373,-1.2525335118729812
861,-291.00837895494305,-31.88631341644077,-145.7917537615311,-54.90538118920148,-1.8330161645922298
862,-272.20575286872037,-26.877289985779587,-142.4110956339828,-51.01341436629789,-2.147788425291232
863,-403.823751712174,-27.438455384377416,-137.79036951048644,-59.27844000814475,-1.6274388860038433
864,-417.34432534245286,-34.128878488502224,-150.67758992004127,-51.363559484995704,-2.1926974553721092
865,-345.68797054244214,-32.28115873891419,-141.68205392990112,-53.51770952491549,-1.1461901270953572
866,-415.03593439335975,-19.876945636142537,-143.73980344659583,-52.015503094835935,-1.4714305034754538
867,-358.3308306846273,-23.412486037256716,-144.0683988236806,-61.49521633579512,-1.4325918780991889
868,-389.4757212930076,-24.617867636659202,-146.3700530893784,-52.82445502065859,-0.9591447314038855
869,-283.0055726425544,-15.004656407221745,-138.4563668280579,-51.93857057330518,-0.8381319069329677
870,-394.41700055387776,-16.784788461340796,-128.37953462251414,-55.038996054721075,-1.5707913017599402
871,-360.9621824557848,-21.891698445410242,-150.17044674709672,-54.9842145898079,-2.2256464562266
872,-338.9134384775127,-32.22051319855252,-142.18654043971992,-51.61526435699476,-3.5877286369180066
873,-431.10344476874246,-18.507682905779824,-150.13413394080274,-57.37331861873041,-1.8820243732753819
874,-430.8801557126024,-32.98986349456846,-147.44816295181502,-59.67017322409834,-2.0461444647370692
875,-420.29884131884677,-28.828801962335277,-131.4071439919472,-54.475662455270346,-1.6226032257634684
876,-443.05943089567614,-20.544271763342795,-142.66843959526003,-54.338146394784545,-1.7434947352885062
877,-308.2415378374769,-32.470845598070994,-151.55159164109685,-56.962037680493644,-1.65182292463022
878,-332.41240322177333,-22.145441310410057,-141.62396873448668,-59.94293004210966,-1.6157251119641796
879,-415.29987220916723,-31.590126622576733,-142.22943306005604,-62.39486891422386,-2.23616832839395
880,-342.38264761888,-14.394068492322091,-129.71864526960556,-61.99687176414249,-2.0173633785722425
881,-374.9886353135138,-25.522421817095324,-138.84859757376606,-58.61816866617501,-1.5823233568331747
882,-308.7198145862606,-21.10645518202879,-135.11325999341406,-59.51502272502408,-1.4643390320074359
883,-284.3856866232981,-17.22930250827567,-137.43299830416382,-54.30823945287968,-1.9134332842432054
884,-395.5198850456878,-30.896997415108807,-142.1257972373918,-57.42590798410884,-2.3050893875151197
885,-396.8511885590669,-34.680262123080624,-140.8675543807875,-52.47659294115295,-1.2239154043852183
886,-384.09760946540916,-30.25284985291694,-142.81173472564305,-51.24738482528108,-0.9190107008583458
887,-349.46465865477387,-29.951700777930984,-147.52717749812464,-55.605239755376,-1.4395474949795994
888,-427.1427216588394,-13.870524896127629,-149.15985831927367,-54.25913531911442,-1.2594929216298296
889,-497.51628812699886,-27.97607719025644,-148.23886500476146,-55.15495295468668,-2.2918404743258445
890,-379.56435961137817,-41.54298236348764,-146.74380725469985,-60.05014336513488,-2.200037547782821
891,-370.17898747815116,-46.69876300718945,-129.92887553880433,-50.36967187774566,-1.4304370286536772
892,-308.8883225165015,-27.89890386899789,-139.38720709175556,-52.433263589059464,-1.7579430571647934
893,-330.14823026652493,-21.530590694429108,-141.2833818039597,-55.90632826945994,-1.2512671396516886
894,-335.4148672187679,-34.85709494772352,-146.92121992379595,-52.76810318816264,-1.5385992647245517
895,-398.7544802903538,-41.40099743736514,-147.27294148583258,-53.91933686943943,-3.3435503851427644
896,-359.89511382281836,-20.91767576194685,-147.83640846592897,-55.375889197062904,-0.6522115580148694
897,-346.08925322654375,-39.45988930839254,-142.94398190868918,-56.96587871403846,-1.2360263357791372
898,-489.57799283007495,-25.878834437278517,-141.05279368178432,-57.89608373771102,-2.7047418117455204
899,-388.7481643451333,-24.79539086898263,-133.45808436310082,-55.2834429184756,-1.7387265898067221
900,-422.24921877937385,-24.960959225349878,-149.92485005566462,-56.30232089887094,-1.8989973972858476
901,-407.8883312086402,-19.33875514360927,-143.98911432751638,-55.5279126017619,-1.5212096943121058
902,-333.90264430993284,-11.59111989393507,-141.780821312796,-50.41031282395842,-0.6617389180677788
903,-304.1698637831549,-34.58357556747343,-134.75145261247414,-48.811178733449005,-0.6585891821194632
904,-409.12991157912165,-25.650852720916138,-134.97835010866007,-50.08465058221696,-0.9967449149791493
905,-396.46898537140993,-33.225102288623646,-140.32180604197845,-51.934853866980866,-2.66334275423433
906,-461.0592003940329,-30.826119308386595,-145.5455406957293,-55.90568383762425,-2.6909926818142593
907,-348.19239440633316,-22.5641120375157,-144.20851066451598,-55.156571708617705,-1.7443002014307445
908,-424.17155886248946,-19.251948827146062,-148.9635447374826,-49.846310292804304,-2.4099006519777415
909,-267.81572735527476,-20.768340303501194,-138.64788197531948,-54.34872968282606,-1.140337152557179
910,-331.1031277043893,-37.09392952022361,-137.00187241415213,-57.051471983188904,-2.667844297418896
911,-427.37593961409874,-34.02097967673742,-151.59408812916664,-56.71599757078302,-2.436297476610959
912,-357.1557168421433,-39.438067865318224,-144.82779274200655,-53.46103588574407,-2.2116584289600607
913,-275.7606011769677,-42.327302988701646,-142.56480503553672,-56.090755459091355,-2.1038252907849464
914,-339.8860810059633,-15.63550999547329,-148.48423965850535,-56.68128772426158,-2.579652569851658
915,-383.6483048995968,-27.25349833491986,-141.31229506581397,-53.605680515361705,-0.7070154413331283
916,-361.74073132176164,-39.58638850564079,-140.58548869314723,-55.6532821597768,-1.1817141211409428
917,-350.2506650420895,-29.324105592908772,-136.04581481041996,-57.55397457616614,-2.0531701256861723
918,-429.71329228398963,-27.67509511675567,-147.842137783257,-56.33729608464188,-2.7195758876044374
919,-372.5882128441782,-43.26627452614406,-126.7886495438819,-61.437726280255646,-1.0232122499370464
920,-369.71959241440317,-33.3377459491357,-142.37524971597162,-57.67060628170575,-2.342239512387796
921,-418.06983708427873,-25.854632843738905,-146.83525831125596,-54.29553895828385,-1.7465093430023075
922,-457.24181242361277,-22.43691025906863,-139.59514881333982,-53.7246545178221,-1.650180089506364
923,-396.45860988650327,-27.194141712058286,-138.075966651965,-49.86419980507888,-0.933691040384046
924,-459.00325076767797,-24.100410619539694,-138.97062726681716,-53.39801636610892,-1.3045559396930273
925,-402.430727221999,-26.561920628732363,-148.52108242146778,-49.57045609802351,-2.541889798696052
926,-254.24844142183545,-18.557615146739035,-151.208075685052,-53.523277669501596,-1.578574018077362
927,-420.857837075427,-33.70825591031675,-133.21245191189806,-62.91621633902762,-2.065153867499005
928,-365.99879109799105,-32.189190788926574,-149.85402971734376,-53.62528468339128,-0.6638576794940088
929,-278.90771745106133,-35.19593879283537,-147.90721556651258,-49.63193988066166,-2.3804724051689434
930,-415.554371474594,-24.44738532760197,-140.38717890788362,-54.955032314588976,-0.5022350769809231
931,-356.4008977190024,-28.880575566114103,-133.69863325740968,-56.21931737208685,-2.4095802522324314
932,-366.81665833720535,-22.713643743560063,-130.6195409090007,-53.09478423668683,-2.0977858669954546
933,-343.0535555361876,-23.24678135011232,-140.12781619065197,-53.990362301647245,-2.379025666095186
934,-209.36705865686372,-32.44847025870942,-143.412171774352,-57.024994613911545,-2.3949589665904414
935,-395.48500555123695,-33.479227723156995,-133.17293228056937,-52.775351263014166,-2.8549879017740736
936,-353.99877018525075,-29.302797623790553,-148.49719961324723,-60.1222200376872,-0.9500880117446209
937,-313.94861164294485,-31.486650827283217,-164.5074415405348,-53.73427193984241,-1.4483530219773866
938,-440.1681438948519,-27.210327484629467,-138.06669489656917,-53.425077688622494,-0.6893953472249073
939,-390.1467831859156,-30.47555574143344,-146.87459139049622,-51.719105423738945,-1.263456130992873
940,-390.01368379090127,-26.364598040920804,-146.4008212545037,-53.27060302080694,-2.4940511668575276
941,-315.627982343869,-22.203309331372033,-155.5999665632845,-63.88790444178389,-3.6608743729959214
942,-341.10865726410503,-29.581413978815394,-140.2156586810973,-58.41548772787596,-2.0472082963010325
943,-449.1447236478329,-13.616414950554725,-135.2235262768603,-55.69062842795475,-1.0669714509362316
944,-434.2176519691785,-22.184240179663714,-144.3162382222197,-59.657596177804585,-2.0153018109727276
945,-338.23535482803965,-21.73953751102726,-130.83563698498662,-52.67446805483157,-2.3326502202576647
946,-375.4996763391098,-23.3087466185968,-137.1817646675263,-50.85048076371283,-0.7217926276220842
947,-342.61565271077416,-16.81782202151386,-140.15508655673807,-52.55420898162238,-2.089017331939593
948,-415.6452517293494,-17.45921934768029,-140.89155146710257,-50.8581821080197,-1.1925575496736998
949,-379.97761496072826,-39.42973755354186,-139.98778995850898,-57.71255804025987,-2.0500955431677887
950,-323.67761024788155,-29.042652458152556,-140.69850579275635,-51.45747293744172,-2.274748918356704
951,-416.72581032732165,-26.31191750667082,-140.23368084808277,-53.85580336309302,-2.0714462693077045
952,-422.405630788389,-36.016692077498824,-153.58266088151376,-54.87729048530344,-2.3770630490183393
953,-303.1443208204022,-33.71449993607961,-134.69495559658256,-56.62567822270899,-0.404528277063446
954,-296.7008010252122,-23.75575477692009,-146.22372017060155,-59.5667209814657,-1.675591877385355
955,-337.44038765493,-25.148935104568004,-147.73723207835158,-55.58609303375824,-1.1150270497930965
956,-481.43001909307173,-24.07321791352816,-137.86822062386508,-52.53922386746767,-1.963626536995925
957,-256.16288224076766,-34.89154953659956,-138.7933587360261,-58.80238117757498,-0.6731127435153019
958,-349.6952183396168,-12.59620354847837,-142.9011030834377,-61.0313866617001,-0.5743679345551583
959,-465.1098143865198,-20.681643228546253,-151.75734703396768,-55.2709703804234,-1.9948349640240297
960,-439.2305467023506,-33.36195420872305,-147.0448272879506,-56.02186123855425,-2.165236229100761
961,-364.5759208253995,-23.614393330926955,-130.24550215674543,-52.127785585025194,-1.631497520047557
962,-360.2238973520788,-32.06892008893396,-130.0531026327574,-52.89477603360462,-1.8072407574881155
963,-409.967567150085,-23.312335110309085,-141.70369052402205,-52.09487217447672,-1.1698955107048596
964,-452.3568774157821,-35.129045464296375,-143.397288191348,-58.468510252101886,-2.5801292568826293
965,-393.795343830372,-4.83458267707572,-141.8209232802136,-59.47856549416728,0.2508919496424597
966,-346.2561636072232,-36.207249213815224,-148.37529069289778,-56.23077803582823,-1.1162882963855372
967,-322.79924323729836,-11.0477085883905,-148.42623404312383,-55.05847395410929,-1.792463541902958
968,-427.783919820813,-19.79569993783799,-140.10580298431012,-57.3606722911217,-1.1154773894675325
969,-396.1312640059331,-25.400530408898756,-143.53601481282624,-52.81263183090583,-2.321922710464326
970,-350.70128711199874,-26.363180300934264,-146.46007458703318,-57.84961109117271,-1.3830439355009372
971,-357.53179088526997,-31.299133975692676,-138.97491608607098,-56.25494095698947,-2.118662197575871
972,-279.1654789244306,-30.8631830728618,-144.65275506623448,-57.031995272408345,-2.2001121539297643
973,-431.0017030580301,-25.133575098540067,-161.29643573626018,-50.11627829119853,-2.161603961153664
974,-378.5507644089359,-35.70460621634315,-146.23337996311125,-55.559751055551985,-2.213955195265356
975,-194.975040952486,-17.559056162895118,-147.74582312463195,-54.80998880959632,-2.1226453527276044
976,-354.3813531955527,-39.50784287534664,-147.01672999077562,-55.81194425785978,-1.7685888338959237
977,-381.6478532844276,-20.112005343828592,-144.322654884001,-54.13356442400702,-1.9467724077817417
978,-450.4021346188194,-37.39477703388416,-140.38153800875355,-51.4276343655531,-2.0493306698452174
979,-333.56832029443814,-18.529254594923955,-143.8123561715721,-58.329456165349114,-1.9236445650679006
980,-411.0239675951833,-37.260273880810054,-132.27369525347427,-54.52111411647101,-2.4739850451277254
981,-444.8794984653208,-27.879763866408187,-139.5186998366071,-57.104139431622954,-2.1933766791102154
982,-333.21730105090654,-29.08441727377763,-133.15917794476962,-58.794657075050246,-2.32481527450714
983,-500.7683414340592,-31.442124466485264,-140.721164711662,-55.26711151923934,-0.9412826226377523
984,-295.17985136507633,-27.70053230453529,-141.85900002773894,-53.501193009514445,-3.488201605220456
985,-399.6163082690532,-13.601819655838144,-142.6066947925118,-54.50653930585358,-1.9919036493438023
986,-304.92181365935556,-16.19821336895999,-143.8247581096926,-56.33065713493552,-1.5223699995250406
987,-310.19135161870133,-28.195977319004967,-142.98519910074165,-56.425784761168956,-1.3146586837120617
988,-427.0088168639176,-21.339833098064236,-142.2886678298321,-52.79300329795224,-2.5350854731715864
989,-388.43959460803427,-23.13044501511141,-140.09336373870667,-56.6021332802831,-2.6857015130839197
990,-421.1645510920645,-15.192597624581994,-134.38847586732257,-58.20123950566889,-2.219840829678786
991,-279.9169209701075,-21.914108892222806,-145.11724519611462,-58.81627575618932,-2.050766439232575
992,-374.287049471998,-25.176487656578498,-162.60559519876796,-59.00960381500578,-2.0957865321882343
993,-402.6875741730041,-33.97494515932293,-151.59768919102896,-52.04228979379173,-2.8366405897514717
994,-354.9601360812732,-32.97941039945248,-140.89250987420314,-52.57385760756305,-1.9740401739523576
995,-414.44809496126317,-27.61029723037821,-147.32313365778498,-51.66646237535595,-1.1795467546500586
996,-301.60772308880297,-26.64315943531669,-148.52119515261649,-56.349980891245266,-0.3115227267489954
997,-260.60933048159376,-18.341082229056628,-141.74976815925487,-54.64655101111818,-0.9737682084913221
998,-368.96855541934997,-29.45292934663998,-140.24954746644187,-51.47991307582434,-1.2801075642549393
999,-410.25709126077646,-42.64244568284731,-153.5773300786598,-52.00136168868301,-2.8994255565146845
1000,-392.51484006190594,-23.472030531066668,-133.63090282751833,-58.233212186862424,-1.6260852011072475
1001,-353.3367214326409,-29.53925834600019,-148.15886549002843,-57.11827140395625,-2.7331786982236816
1002,-354.9920574765909,-28.868601342906135,-153.82192703494215,-53.446957291626816,-2.073068974195725
1003,-308.1320424576264,-39.01603362947844,-132.57001279722175,-54.39721404556579,-2.3008556803297107
1004,-415.2042552451336,-25.07970731728698,-151.00033815140986,-53.798649307098714,-1.338953328700578
1005,-352.6554383362463,-29.002012823717546,-133.21415718745556,-54.2707882992896,-2.023401301919531
1006,-219.32392645598264,-14.615693225894566,-151.29690453730686,-53.95740545678027,-2.9292434783833157
1007,-331.4573562434348,-18.043181306569846,-128.45154089918398,-55.52376407975303,-1.3922081592073208
1008,-461.7906112099904,-32.7744446541447,-151.65295139039262,-54.65118701494577,-1.5165020689968296
1009,-392.83055410037116,-37.17491455324798,-149.0259610961855,-57.94762492218136,-2.105894497821417
1010,-303.54501250102373,-13.436004935957179,-134.04704746234123,-54.130681303892814,-1.6164286897720916
1011,-327.464078082459,-30.604979011902305,-153.6450402386016,-52.308675996623,-1.5103274440449561
1012,-350.42781233307187,-20.20533892484395,-148.9845659672235,-56.4559167263848,-2.229354602716181
1013,-391.9049332471311,-16.69353318370902,-162.43266359036772,-57.998775930242175,-2.335030282369043
1014,-370.9559030042579,-27.253806239311746,-141.99452975537275,-57.857719990692765,-2.66547703684509
1015,-436.13431944161124,-21.672632147068853,-156.52833224433286,-54.67521096511692,-2.139268538709155
1016,-390.17052014290164,-35.981673593073964,-149.4252002315737,-45.804608682114875,-1.9733278154641851
1017,-470.64239341167837,-20.807150927265333,-155.1324434815907,-56.37503014676237,-2.5819461631721143
1018,-361.27715620609746,-33.67491021309693,-140.94856263339798,-54.352597026478115,-2.184832327403782
1019,-319.0096725969159,-34.102044553399864,-138.6555694730554,-51.87470759170546,-1.9381354657894565
1020,-236.5963237947463,-16.452273807366524,-132.0327068829307,-57.631643360735374,-1.7429962674034412
1021,-393.1854284490768,-24.392963836441467,-160.25998879182976,-56.813592981428,-2.1714763902341723
1022,-420.58101317155143,-28.541522578349316,-147.09288788606307,-48.72311359643721,-2.0935147732743515
1023,-382.7833300492142,-18.257234236669074,-145.70251130405742,-57.44433390125917,-2.5513190501895577
1024,-360.38794024289626,-33.69575609273335,-156.8779537012997,-53.59127409200968,-2.9236594730200007
1025,-373.5234640344075,-23.488781092169148,-138.31482507704465,-49.560920760239924,-1.6705893952388777
1026,-337.6640717873655,-21.598268289394962,-149.46136355623707,-54.624591079118126,-1.6779395891296367
1027,-374.40046075032075,-41.84608171499849,-148.0413285799592,-57.58178705851792,-0.08097847397112869
1028,-320.7854630926161,-36.10754086077933,-141.92321467264927,-48.75237614928974,-0.5924120259087772
1029,-346.4262614541762,-26.60685221005851,-155.41159318147243,-54.42533122793197,-2.2551126907233465
1030,-425.37136510669336,-27.15916552394688,-149.05719137343505,-59.70906900389241,-1.1948719586516652
1031,-404.0382833472279,-24.8858885881093,-132.77653814337012,-55.95982009491751,-2.509496441893698
1032,-410.76278411836984,-26.20742048700487,-143.32092314051854,-57.48192315398612,0.2681506499225504
1033,-376.2999260493073,-33.901350010709756,-144.91176712261048,-55.93001301120097,-2.6684658759962936
1034,-383.38996507849254,-42.62188921976307,-141.5036265743841,-54.48549520023582,-1.6215712019224084
1035,-428.3849447414791,-31.94830742106907,-150.43347325788335,-52.80509357799646,-1.6284109041425745
1036,-312.791320437398,-30.6804795180511,-130.20192144411172,-54.27898411419753,-2.0941756440339856
1037,-360.2718154982808,-27.718998941976686,-147.9702058911684,-55.27697423381776,-3.052089489186297
1038,-290.7154064075445,-24.97560363204512,-155.90777505152755,-54.843386075852955,-2.074689296197133
1039,-417.89779892751574,-20.59727683418426,-139.5380326564601,-55.227618023292735,-2.130600162768936
1040,-482.0690886261951,-30.831530401794442,-142.00611988884373,-50.266192930845456,-0.7012647858105935
1041,-361.5962949582854,-29.85270902307641,-140.58891683270375,-49.73365794188269,-1.1510815621134036
1042,-329.297583790341,-17.66605492394936,-139.5724957949117,-46.90817567708049,-2.1770589325776655
1043,-371.3634391814222,-24.387437984715298,-140.53161619578728,-58.571341847972676,-1.7235015346773068
1044,-379.6656360555634,-27.01352958665596,-138.37393750939037,-52.18302499488223,-0.8730079609148282
1045,-304.5275676513477,-23.437502008538864,-148.21095648406973,-49.736214268773004,-1.6100348181130866
1046,-441.869857707354,-30.396779115635503,-136.19496724142462,-58.272577444888945,-0.9030445839330163
1047,-332.8915006713552,-41.16604904586584,-152.68881839912862,-51.929940067010186,-1.755701961032735
1048,-463.63326993696217,-28.838518547188478,-139.09948044894324,-50.632343259554176,-2.574762050616555
1049,-317.5449856069585,-34.034156349045155,-147.60797963885045,-59.57316648994915,-2.8586621646919737
1050,-376.7130566073533,-28.73853629587811,-138.33302652132141,-55.500923350049206,-1.7999346746950018
1051,-368.9507850407753,-32.12470792124198,-151.11606981088525,-61.024810509603896,-1.1509462580568728
1052,-353.3207443037811,-36.65680996757884,-139.53431832377726,-58.31143433763197,-2.636581309311885
1053,-452.67767255956755,-13.126652979783941,-159.3877792002636,-54.0466911657377,-1.5143277436091682
1054,-402.16528008706683,-23.768028073555012,-147.68739312189808,-52.54143265633275,-1.6254289725889515
1055,-423.2093670301226,-22.81500101726957,-131.90953927761169,-51.48545328149573,-1.9511602934783288
1056,-266.9205079098948,-33.758950693475214,-149.24975076707577,-52.558444870077984,-0.9580369834779273
1057,-237.09253379921597,-18.09772226830877,-145.50258369359432,-49.585265289382725,-0.6728421174057995
1058,-442.55614901007374,-1.1149184677917328,-141.9295631979296,-51.44145905935225,-1.7956391280964628
1059,-362.42532898426185,-33.98336917338886,-145.1180123185401,-52.84933496031685,-2.542900078932283
1060,-358.8391042275671,-32.81671389324059,-141.92994886490106,-53.554191256564266,-1.411773470146414
1061,-242.44353445357766,-41.14223517833204,-136.01750163217517,-51.70038025826313,-1.8895519894781496
1062,-355.0911113274677,-31.181515270462583,-141.02518119568794,-49.837868646870604,-1.42155974177344
1063,-352.9748699669478,-27.781499175867527,-160.4413534093254,-53.17169399218764,-2.384638581145315
1064,-388.1132771297675,-34.44172770042508,-140.81322722944887,-57.59802372847033,-1.7799396691979243
1065,-392.8899247624592,-24.043908666324693,-141.19472578133988,-54.72432436591001,-1.6309928043962718
1066,-383.11635306926536,-23.428445824020987,-135.870296269282,-56.04498862017358,-2.386613201869426
1067,-304.6534816943884,-12.123006026436826,-148.4844017547062,-52.26034228421743,-1.0515736083958276
1068,-305.1491561709786,-24.45535152791778,-158.04221626796053,-47.234076098097965,-2.962735760293711
1069,-421.3713485151473,-31.67039723998692,-140.5633701430025,-53.52619550347977,-1.044526132020293
1070,-401.7161452273783,-38.752422083699244,-150.2555414772776,-57.95757438650146,-2.8852511554893274
1071,-357.78027353206323,-27.749611536309192,-140.84352297051478,-47.5483809796748,-0.04788816715136154
1072,-418.2209581241844,-28.788095474365743,-156.2237317712005,-57.21715463670486,-2.0890677045468573
1073,-356.62686893903395,-22.0579167853511,-161.37949436061695,-59.47955682272524,-2.876650201869784
1074,-392.2641142034285,-25.11097673507979,-154.98747016139941,-59.46134402828565,-1.7576193354287462
1075,-361.93192706366017,-23.751256215374884,-146.0144129663113,-56.97008361769474,-1.3729852992249794
1076,-415.79069144625055,-24.398487880178397,-129.8784582310002,-60.272177087663586,-2.2373740954870596
1077,-278.63602126102836,-31.03762809680486,-145.82295227703975,-55.35995499892806,-1.0850672459040955
1078,-395.609142378127,-18.10825247500591,-138.5114257557524,-56.01722744358094,-0.38981118281788335
1079,-350.9871115390789,-17.892268728314576,-140.34893267831967,-60.741610137519714,-2.3253414319435315
1080,-336.1381305813606,-29.267463682388627,-142.77431803636546,-55.867297078014666,-2.0159879096956876
1081,-396.3927538314141,-32.53427798461082,-148.57161892663217,-59.55414617836755,-2.160710584827163
1082,-346.53106296102357,-16.833045375192267,-138.93002147711908,-58.39356734384426,-2.485227685318267
1083,-353.41737010273556,-27.95425032881185,-146.99289184180353,-57.19403168717825,-2.6516985099043806
1084,-397.8748521473183,-29.498114469024966,-146.22703661316632,-52.92882290612529,-1.7805200632854175
1085,-454.8974061375301,-26.009097799548,-139.51595761630813,-52.27067332116235,-2.2794991534038513
1086,-442.6129549098493,-24.715417392201946,-131.12876979487686,-57.20405644924148,-2.041684171114225
1087,-374.62963528075124,-22.193117818892723,-143.59485981245055,-52.898823252640135,-0.8822464370639548
1088,-334.7643428081301,-30.043124199380337,-145.26529519418358,-57.65931825933708,-1.4824946243499706
1089,-412.3294793199448,-23.95587978357099,-137.84215544473298,-54.522909226993185,-2.2313122873287883
1090,-309.30765582662264,-30.24337099916511,-143.02732719807838,-50.09091164561855,-1.4977692852850006
1091,-418.4625580766275,-30.517758127593257,-143.28847137200987,-54.43023058985796,-2.1052297920011585
1092,-306.02788627714324,-14.407283092430344,-143.03013542709252,-59.036468881510466,-2.5362787199308263
1093,-321.29868155965994,-23.112622065841443,-145.91541729387708,-59.62644006249568,-2.183832213213117
1094,-351.2394410349328,-17.890139881281875,-150.26477349809937,-59.865736746845435,-0.13254627730499247
1095,-288.7450247262035,-18.57212834694509,-138.00627176335982,-52.69724436063553,-1.5991713084778878
1096,-387.85573480580064,-31.0032601106656,-130.5109705733184,-58.30536506631389,-1.0326324876956845
1097,-443.31685495606223,-24.8336670718903,-143.25688090385827,-54.23092122292495,-1.8764322188050964
1098,-392.88769104119234,-22.302541021647787,-136.28194233538227,-53.67943194538651,-1.6220937189165245
1099,-319.27876248284207,-21.530641929780902,-157.23974849371584,-59.58069045340601,-0.82587712713035
1100,-438.344114504768,-28.673237164941494,-148.34766664567815,-55.45565757092433,-2.471181255808157
1101,-440.7934944370724,-34.42267414345121,-125.54130850477796,-60.48721482919514,-1.6708384196622013
1102,-323.0436793678721,-12.709539857742111,-138.86577771444507,-53.642412371572036,-1.7038288200775236
1103,-370.3702238628622,-31.27272861788347,-140.62220192332336,-60.3730497605629,-1.7375858699080127
1104,-406.8378631721018,-14.478668978924986,-144.21910280448463,-61.259783877574336,-1.6774161406494625
1105,-365.41024584459257,-27.776373244934124,-160.53940330895682,-52.846627494119865,-2.0346236866233633
1106,-389.87060723855205,-24.104535284964065,-148.3866776214761,-45.341881842429196,-2.5170341666236453
1107,-424.8956761058305,-32.72810968581133,-134.82067155287953,-54.28923286234788,-2.13295497053924
1108,-419.1470626619258,-29.844048536381695,-143.8425920547441,-55.03343268652013,-0.6960119628745468
1109,-374.6640934582139,-15.076092457268288,-138.9791529046787,-51.196867534319836,-1.0539074465803346
1110,-364.2501879404278,-38.21130868286821,-134.35000417560423,-57.016040459002326,-2.377041340147394
1111,-310.39355609234525,-26.147615554355482,-143.1296734990764,-53.49675521565039,-2.213602188695289
1112,-443.058162763057,-32.99928362426885,-143.77697906036232,-53.01463794032685,-1.406218210526225
1113,-350.84090467732904,-34.055682704688884,-138.69850657171114,-54.79312896113048,-2.1693124307547236
1114,-421.1347297366203,-30.400926422350626,-152.265642536041,-51.94853820439886,-1.7687159614761856
1115,-394.5314882523543,-14.751189872383257,-134.71949586128852,-58.63890815205093,-1.8641054023268069
1116,-286.8162162543027,-44.560035328176326,-142.57664868794245,-55.185885272639034,-1.1749109473557766
1117,-359.7956419321365,-47.40114967024415,-144.010982520045,-60.23055163257694,-0.8071868945916416
1118,-291.6176749959506,-34.510037779289924,-139.78356803723636,-54.8761763257318,-1.9305643824918408
1119,-321.5379094813407,-38.71607492576158,-140.16501378146648,-49.198942734532814,-1.233135840376419
1120,-368.7629215807538,-32.74044474773125,-137.36237339621292,-52.22978809026512,-2.2219824465173454
1121,-309.8216821671944,-26.09267194818771,-144.78107478465535,-58.970226551862325,-1.4132213121602848
1122,-388.16347937783223,-36.031538646921554,-144.16830725761446,-58.816077737689184,-2.5504312953561135
1123,-449.7400117633571,-36.92395725116799,-144.7579062688129,-54.093024310611916,-1.3175022545892607
1124,-336.49560113420887,-16.318921453530287,-139.85034031850572,-54.83999542193903,-1.4720958916153337
1125,-372.15793671192256,-29.730430322268536,-126.63420696710911,-50.67253998472636,-1.0546785797958411
1126,-415.38683931282435,-15.43686963172654,-151.5280006529173,-55.71519262590967,-2.022009261278051
1127,-443.51610996189237,-24.76310431196608,-150.11737652452413,-50.75620072779406,-1.1056599246372378
1128,-422.6328676437879,-27.497344787702264,-143.4732618127552,-54.14262266939612,-2.5257659991621195
1129,-383.7076704113115,-40.04379237222265,-140.42083682188527,-51.659316317827745,-3.3237649454583478
1130,-407.93657186240944,-29.616615787964392,-144.99188033013914,-49.463326209889615,-2.6455700368576025
1131,-358.5692958367277,-21.055381101596506,-126.88110795896037,-52.504729445664736,-1.0641588864841323
1132,-353.6792662054394,-32.986884255047364,-129.77934942959908,-56.562808384497224,-1.9099866322261803
1133,-375.16634028681153,-25.403887852558576,-140.77757507500706,-57.418624496927144,-1.032119112710135
1134,-389.5739985931708,-21.86176811685373,-140.89861571745365,-53.49858778554641,-2.7382403414858194
1135,-371.90908942331697,-23.391571913266496,-134.76136504209728,-57.78117209133777,-1.1996300771768869
1136,-467.2421008140842,-33.12370082461806,-155.5711398391401,-55.701579955918106,-1.873015000175496
1137,-281.9999427246114,-30.303236063582005,-159.28173065240748,-53.48203586516363,-0.661171302114987
1138,-452.7643955933416,-30.374179238452612,-145.07555833392811,-48.85849181246615,-1.864601001925329
1139,-402.60624263275463,-32.57928051463974,-147.80752969689777,-54.88568104791188,-1.8307175555153017
1140,-400.36466428889264,-31.28292088507149,-150.51675870473383,-50.32914482589416,-1.8345658791674304
1141,-381.9816215730749,-30.274927934597837,-138.6149363182364,-57.64920238134034,-1.1758912942728492
1142,-407.2456473391074,-32.6752097058425,-146.9940495455453,-59.47192825564415,-1.7313864007525486
1143,-418.11797988238294,-19.686572168708786,-140.47655376202295,-48.7315338704771,-1.441412402193298
1144,-410.9928283983743,-32.174931260236896,-144.81126576244364,-59.59230558683611,-2.17262211092928
1145,-367.98838538975696,-25.244991028351627,-138.24307901009067,-58.9796973206107,-1.7765392801858624
1146,-373.8668818112961,-35.19669272812104,-151.08889666738511,-58.02537800554332,-2.8933272326751576
1147,-360.9291205863995,-45.2236312136058,-147.19974236983518,-50.78889610369722,-0.7200256915007915
1148,-368.45390489475625,-26.869459591613072,-144.62548991895642,-50.980540159764885,-1.8211650994120188
1149,-424.57389786412534,-26.91195240218661,-128.36471061902796,-54.33924916380676,-1.0474745812342028
1150,-420.1420060285782,-32.11579382853273,-156.34712759229856,-54.85889571709245,-2.0509206615312143
1151,-423.72287406631665,-28.49898850333696,-153.31124757690796,-53.80873676456093,-1.9964217504717883
1152,-500.796222805413,-17.827989605657685,-149.325157527979,-56.519592307737696,-3.074581716225075
1153,-417.94636398596583,-25.9056454579766,-138.65912116428493,-52.6799991440517,-2.7470395542268657
1154,-381.84390229912896,-28.28295966685418,-145.08294078301535,-46.47614060149538,-1.2581074901021583
1155,-429.28064411190496,-27.97160208755196,-158.15811967085756,-50.942362332950516,-2.9615228189221625
1156,-355.8195145506171,-16.964053711300146,-137.5394035496124,-60.662345239534936,-2.2683725404211548
1157,-382.5439308858011,-20.410371312514908,-149.2552828729173,-58.138168588054796,-2.3780939682092694
1158,-413.6120479312347,-39.70865572112836,-141.70660154055184,-57.15262804200154,-1.2495837786495363
1159,-355.12046407855166,-25.910656171846483,-144.89353257314778,-56.57421614417212,-2.395672584267475
1160,-404.5808150842881,-25.302101676767396,-146.04982367331826,-49.85882281604181,-1.7969258904702132
1161,-354.34715334429893,-30.177908757609433,-149.5824683706431,-48.59732837487401,-1.4663892118733421
1162,-355.63877305059384,-23.909222031478954,-134.44091140290948,-48.965771846143156,0.3705986276924969
1163,-364.5449266067598,-29.15184880690497,-141.6010977125081,-55.86498808857742,-1.7387574048038712
1164,-391.2146618189703,-23.62933966486375,-131.15184752915746,-57.04742715871618,-2.238213427600986
1165,-317.8140757515643,-28.38931989847539,-150.04650223770471,-53.562765201305915,-2.416915909036703
1166,-404.8378602717229,-25.79256803739567,-143.73442268047683,-57.25525076216036,-0.5338814409087327
1167,-392.9069449284168,-28.50344201970338,-142.26866202907226,-54.37951057934812,-0.8732457173300177
1168,-409.02765230324815,-34.781853465135484,-142.85015642124654,-57.71325790348761,-2.6510441863670398
1169,-287.72148639636674,-27.63397066813356,-139.74673797135574,-54.184985070638255,-1.8199223347924136
1170,-391.07445170171155,-38.475651003337546,-140.54508820184003,-54.365009278891314,-2.136714686637854
1171,-407.94952816350826,-17.37866627182833,-148.4311939296397,-52.25552674485733,-1.8900228809453612
1172,-372.55085084828954,-29.075434588074327,-146.77765511508107,-61.058519958421385,-1.2370146385489913
1173,-281.98687106304993,-31.78803014255143,-136.1864146932645,-55.02909365936224,-2.5295380305444564
1174,-387.11411268633555,-28.83893606035744,-150.536141410517,-54.70168429943578,-1.4585500137884029
1175,-336.3602050267607,-26.834454663339702,-153.35500842655813,-51.78163813566018,-2.8505547099419872
1176,-407.6487501775571,-39.55860658186761,-139.24346942835456,-54.81956265851111,-2.43040425973314
1177,-390.3312806701392,-19.089796100980365,-144.44241212579362,-58.325664214020875,-2.2350548761530646
1178,-328.41612199033295,-23.21967824007971,-153.69485962021358,-53.077195766032645,-0.968790512402518
1179,-448.137651631454,-29.808500702457355,-139.19916768083297,-51.24773016042079,-2.247831933315008
1180,-337.0590020150468,-26.128062355477496,-139.16869225415573,-61.524750581045645,-2.0950192429382644
1181,-284.0372825798946,-21.93391985827225,-152.04279634245486,-54.327531670522205,-1.6403037946825856
1182,-358.5223354819328,-39.290698011780144,-142.54216566740988,-52.491501301049176,-1.1422374709785936
1183,-415.0005246809452,-20.031989123428,-139.99167091785466,-56.504196324543244,-1.8629606676868171
1184,-333.2879086686204,-33.39922135237282,-155.56378956789706,-53.44495238290353,-2.4184657732282355
1185,-393.07733456906703,-25.256611404492805,-141.39012003552887,-45.894207906970536,-0.17506290636816454
1186,-424.6718307195965,-16.597398956980147,-131.71277705141796,-54.80910535044473,-2.9137417560912224
1187,-272.7761721259538,-26.02075757876105,-160.00480799180312,-55.72896605788546,-1.7254985259191464
1188,-360.2845838847365,-19.363263803929435,-147.622604973084,-55.65780011570826,-1.9053576963274328
1189,-419.53195248720357,-41.80890634000773,-135.51974823447756,-54.33688830576346,0.013572147756767397
1190,-437.34740275605753,-34.57249803930192,-148.8281009242459,-56.06021203711158,-1.1160036800829083
1191,-375.5212117790975,-33.9032714852188,-130.3113547183861,-54.455135042388974,-1.3269073029453584
1192,-401.95553663123405,-29.66860446951737,-144.88838745406872,-59.530308242786305,-1.563047907762419
1193,-359.65085389386326,-24.76277208075928,-141.07425654555996,-58.45980608863827,-2.8561324468895206
1194,-403.4244840745876,-22.96199053963726,-145.34429013852954,-56.904229182079824,-0.4690999520497015
1195,-395.30257151504213,-30.86486639613132,-152.44255464652264,-56.24770394369423,-2.07351727592024
1196,-353.3670852535271,-24.21024516214263,-139.8959265660469,-52.33882176215777,-1.2718936882510294
1197,-321.2002189397694,-25.140998217975064,-145.60280355785244,-50.79424452375095,-0.8597942003553746
1198,-437.7608965406632,-35.095849273929026,-149.69652183887973,-61.920276816789645,-1.4771313269172202
1199,-333.1056165194915,-24.25981341632547,-145.84160598858847,-53.79197338320817,-2.1924294811819043
1200,-347.043431393638,-38.42409859641703,-148.23906992678562,-47.63746296680012,-2.282892996501089
1201,-359.7803125302545,-31.30293728203158,-142.73305792471223,-56.54443499092017,-1.989633030974538
1202,-301.8353631950605,-32.97409211666913,-141.75430378888112,-56.45048501975194,-1.7643903412857478
1203,-291.0017567056977,-21.317524055065196,-141.8035404902312,-54.28324801154019,-0.8061602203525988
1204,-412.9767556348983,-22.449320266603515,-132.43662483194277,-55.67339460153011,-1.6319534465286276
1205,-253.6231484671324,-37.10717848212505,-139.02454741320255,-52.8865432598847,-1.537456849078774
1206,-355.3915113568389,-34.33658835906367,-142.4122113222704,-52.989050705001496,-1.4151125098829156
1207,-371.1782421122055,-31.415570366944156,-141.80604003376428,-52.50566683188992,-1.9899182634890387
1208,-408.91593887490006,-18.888722164099633,-133.7230905576279,-52.360064584626045,-0.4722146385443916
1209,-367.4850877261085,-23.596034899501976,-134.39976954810558,-53.37920778422885,-2.0907027006867627
1210,-395.94378024099956,-21.380156476395534,-129.66609198564078,-54.46453262840311,-1.7622350210512578
1211,-345.5663333698409,-27.974743451585084,-146.74203309281032,-53.18459255010226,-2.238813088222129
1212,-404.75906316407344,-34.09769363634029,-144.4430135118558,-55.13698861244959,-1.6594379535128028
1213,-334.9065991529761,-21.553519481154492,-145.4878384069008,-58.33469069336549,-2.715694707488575
1214,-438.1292513269682,-27.001434638652803,-145.702732120496,-55.61790916753789,-2.331773455927236
1215,-361.02011607240007,-39.32421857775717,-132.32079477108667,-57.12331677186908,-2.5200172468501134
1216,-276.02996459455557,-36.85911335523431,-139.5013031563281,-56.86411994398964,-2.314242667022455
1217,-432.39342399067135,-20.289910020200562,-145.38511616054737,-54.78391762845751,-3.021883619572583
1218,-294.8376482785305,-26.67001602083454,-143.871445277852,-61.9071745309804,-1.4534811919499322
1219,-333.9201018209708,-26.498059881979138,-148.53518168337826,-55.66260767584219,-1.5335565793794288
1220,-387.7850662408246,-30.76042429996685,-139.91064476617643,-59.888787170626415,-1.9643507698435263
1221,-462.9459319962138,-30.882772935307884,-145.37061202635624,-47.51352358310242,-1.2756262917784325
1222,-389.2922624858578,-31.872896446328344,-145.61778406005538,-58.41749204110742,-1.2722488146422217
1223,-381.236283467946,-27.64165684402319,-139.7691719506331,-52.13307632368388,-1.4815464692663545
1224,-460.25365896191096,-28.274969883900305,-138.81325621121405,-54.91423668831101,-1.2547611647090708
1225,-272.71326176489515,-19.248472894098818,-148.6368714868269,-56.471064213354474,-1.6654121095814431
1226,-446.20551637363945,-26.85966199247506,-151.7800787655229,-56.12628173160226,-2.0370364613784764
1227,-360.32500973992387,-13.326936703541021,-146.49952644094614,-59.044987517404266,-1.8946825149722324
1228,-345.61320361542977,-38.28635678155385,-148.41573511003617,-54.572479809723646,-1.2944634914641813
1229,-501.2729919695396,-32.180973087118005,-133.53775909523827,-58.428775686000904,-1.3168411230520636
1230,-409.47032315956034,-32.494314164811115,-147.08875937239466,-56.539484503240274,-2.094284131429008
1231,-365.650904435909,-32.323621764902,-149.75924161974834,-51.33712563856284,-1.1195806442047662
1232,-322.0891406626443,-36.54703590890436,-137.6069916194472,-58.85556353967535,-1.4579949159238184
1233,-441.2294776508999,-26.775355240952116,-138.27713361358633,-54.01016810030111,-1.2887813651666535
1234,-301.8487117716029,-28.773736403922232,-140.1600881127361,-58.72483349013655,-2.042193316208684
1235,-415.391459762354,-23.64045248312511,-156.56633909883968,-53.967715580023516,-2.1931479010611854
1236,-359.8025276457926,-31.702416865811212,-154.0119211329547,-54.824741254881665,-1.922805527335668
1237,-416.7414625917213,-36.69315703689052,-141.51792582355426,-49.926508730815705,-1.3606267970570263
1238,-303.05053778046573,-34.882149836318106,-146.7335639825347,-57.65770530524584,-1.1283873903018256
1239,-308.7427877822426,-17.098494428794552,-149.59206819551355,-58.69484877180157,-2.1476008091525176
1240,-465.3399333854213,-31.203623727565706,-145.33441083072455,-58.499700403723345,-1.4422882823157523
1241,-310.7526159248513,-31.842192590771695,-151.46497434090006,-57.183832622374894,-1.2677081039062752
1242,-401.4305703897124,-7.258904937749077,-150.41581972502436,-59.859359956226996,-2.295653815985464
1243,-418.79546117128706,-32.87708325704078,-133.10459247422233,-59.90250307394121,-2.4412504230878156
1244,-331.4142162057465,-30.489344257027795,-143.69742063953464,-54.904494247877516,-2.3318506429797856
1245,-350.8537954603822,-11.18936818393741,-140.30367472085157,-49.870021898806684,-0.8300790433317864
1246,-496.1941012269212,-36.479273889557746,-144.5512770296034,-52.747411402450865,-1.3572080642037088
1247,-258.72684914424906,-34.68073071583867,-151.52811474050742,-54.84849786641759,-1.8551199387312973
1248,-305.0763296433356,-41.90607584405116,-154.21780548582515,-52.54888584782143,-1.7904431057822738
1249,-394.0245132400025,-27.982402250433374,-140.03694599585148,-55.293512524877414,-2.1574044711688316
1250,-388.78939761224177,-17.719794164150905,-126.72609055621915,-51.43956022961436,-1.6030924912853206
1251,-433.5923277708893,-27.965403039114182,-142.14496289003873,-62.95137908868363,-1.1010758664282547
1252,-282.9869853492621,-27.886260266846516,-135.00185522064288,-59.82418702441657,-1.6991633228246636
1253,-379.45937682484504,-31.59884050521546,-134.7539175693058,-55.712444904634275,-0.5074368806761671
1254,-341.4962180701683,-31.476179059870883,-140.19816906111944,-56.66650951306026,-1.8398637327645089
1255,-348.6235003368704,-20.945512098877533,-149.56574609471048,-54.34538820130054,-2.1653057677182477
1256,-325.7958049043513,-33.56031070004243,-145.00424178576688,-53.2032483242324,-2.553243457257685
1257,-389.79300955453635,-17.751987607933337,-132.32023905351204,-56.25854012256393,-1.783741747834609
1258,-403.6702608815748,-37.57797648371209,-138.55413706514491,-53.33429488270976,-2.2847512421627143
1259,-365.54711717655675,-21.576513965617146,-137.75746900807994,-57.88341036385723,-1.5017305743845317
1260,-320.58126876738976,-28.857570116030356,-139.82883186656218,-55.12656220916065,-1.4120414301599962
1261,-236.99206038845375,-43.284812074650326,-147.7132189074199,-55.73290423395569,-2.1125301927028732
1262,-323.6777609348186,-29.562435282340964,-148.54363880295236,-55.71550366026886,-1.5747989563815794
1263,-427.546856188341,-38.927903212984354,-137.51254420163707,-52.14572256836313,-0.9348444159106815
1264,-424.9026685414339,-30.87166538737818,-139.12898372209915,-53.5528880579955,-1.267908161816722
1265,-355.55295920833066,-41.19555707769738,-143.47804869808152,-54.22556820761166,-1.125985562429626
1266,-369.6394194083166,-26.617504142475372,-148.0994029411229,-52.66251053109551,-1.3898032122296398
1267,-305.49158476779706,-28.812354277998136,-143.99111689881272,-50.50037568130577,-1.6703630703978622
1268,-493.1284119290258,-27.115328464846577,-142.4643242426656,-52.81210826672279,-2.293959501293135
1269,-348.1299492394877,-34.0670070337911,-150.7767915222934,-55.05186400920408,-2.2608482244137442
1270,-373.88899065142914,-17.381109327718526,-145.75224914053922,-52.112909450938425,-1.8504990729413673
1271,-328.7260206290615,-31.382672937131208,-138.6456198672149,-54.74057950442361,-2.6532542743690075
1272,-441.3075034014071,-14.043981882087094,-137.51372748449907,-49.70638197955452,-1.5857534647237335
1273,-240.2504304995381,-32.38344344292717,-129.69600657664765,-59.35893738037876,-2.1850057960389906
1274,-377.99311356361915,-30.03060468643924,-139.5098455315235,-61.50639874089227,-1.5019559440405517
1275,-351.7885599539009,-22.950342486079055,-146.34439116950637,-56.895412693639884,-1.467842806402066
1276,-386.1836275835366,-35.993366502997794,-153.35323923300982,-54.9010761937585,-1.2086286810662328
1277,-300.7042443504709,-15.908483560534846,-135.78257377338562,-54.72829141518439,-3.297414510549308
1278,-429.5912559596664,-39.83781498876778,-136.22229196413872,-51.85884522545786,-1.9244814659390665
1279,-353.53813942666415,-35.28919497641489,-145.6721268526396,-56.48680388102207,-0.8134581323181255
1280,-319.01263313553375,-26.514276271948066,-152.0607892363608,-55.55832260597719,-1.9317874535380006
1281,-373.03075056289555,-21.70012910432993,-136.99247479520318,-58.788947389110774,-1.3698016476469446
1282,-352.4896374781024,-24.437046602645818,-146.51831124811946,-60.77075262466708,-1.4302320568001017
1283,-380.51136650828056,-30.552632294448422,-152.4619757607455,-49.97382155556667,-1.4871310165248572
1284,-329.4424959989411,-39.51317834319559,-162.9863110631509,-55.49104727289231,-2.4061892841358574
1285,-333.2773693119559,-28.65993464571744,-140.61821549318452,-60.461018377535794,-1.3363265996138223
1286,-427.74709447290473,-33.81284542257509,-136.53268127194556,-51.07419979630533,-1.7511162809244094
1287,-338.68058970505706,-27.792158449585738,-146.36844474179964,-52.73457565135834,-2.3193251622685525
1288,-506.8366144684368,-32.41185852247564,-130.58229215362266,-56.14852915273107,-1.9309365289087765
1289,-393.3936403128638,-24.57175945884108,-146.7281918604036,-51.2223901849178,-2.294316481544216
1290,-421.0707836333579,-21.154746603174285,-147.0997206922436,-58.203818338597905,-3.4192730719854643
1291,-334.5383087161962,-18.176499442538848,-150.80562637480872,-47.098773317383674,-2.5655380448352485
1292,-249.46296790536778,-27.127903996188802,-135.6395380613202,-58.89498933132492,-2.1927081877081074
1293,-367.44359668177947,-27.94827185284754,-148.4865299431806,-56.05299296581612,-0.2620493278216428
1294,-368.41918954115215,-31.083132320197468,-151.33847591524054,-54.79191330054248,-0.24224373227623222
1295,-323.4883114861532,-30.251225656231824,-133.90108662951596,-51.43243743980617,-0.6258875360587594
1296,-342.5575088934195,-16.144867560667738,-144.66164522110043,-57.838476604276856,-2.9537597116726424
1297,-360.34101821452157,-41.99057632282261,-137.55231809414806,-60.567263546269835,-2.4784804534338334
1298,-429.67920919187856,-33.919990820590414,-148.0167083252894,-55.44304308216467,-1.0338621000998203
1299,-351.7669128226462,-30.75386296774076,-136.33288974862504,-56.14700892196837,-1.2845473134910361
1300,-262.6344706150065,-34.474153163675844,-144.22356098939972,-54.08533295861366,-0.2353542111554294
1301,-399.6660906412925,-23.93174107833648,-136.51045740393937,-58.88229122255222,-1.6153116906916523
1302,-433.0627574614966,-25.44936686508402,-139.0736270642488,-54.4267720646647,-1.364908249521157
1303,-428.02959560970237,-21.636414978278864,-135.59766628741028,-57.92445518818036,-1.8347017072755507
1304,-326.52710643151477,-34.22906101211023,-148.8268878454223,-56.25882624322568,-1.4740684863547049
1305,-389.8502690728972,-22.33099632687242,-156.52121829764835,-56.68577890827079,-0.9291737417219911
1306,-419.9173712034748,-21.624108499485946,-138.31026345803645,-47.59953843249972,-1.986092871962733
1307,-412.199954574277,-31.920613116791507,-152.96944694036117,-62.31060296755307,-3.3969849710098847
1308,-310.781882928747,-24.735042612204396,-148.90959434756834,-55.91891615001917,-1.6320787213667274
1309,-346.65364577969893,-24.564276779133884,-134.23036718365032,-49.47215931191377,-1.9926216137871524
1310,-438.6808191341788,-35.33082052173406,-150.81966814078072,-58.64385744014651,-3.3722660492640912
1311,-399.9410813186205,-30.50962510050726,-139.24189470241924,-53.10222189676933,-1.5777676629164037
1312,-323.3222507565283,-44.763770900860735,-148.5359647991514,-52.91717996198224,-2.348780267259187
1313,-440.80752547900187,-33.9993919102836,-140.60941183443856,-49.89742460102173,-1.633868913622777
1314,-309.7878316297159,-42.09746625453669,-147.17115177247933,-50.04066298248622,-3.169825627606455
1315,-268.6132927854993,-42.369165739066304,-141.45914667764885,-54.68477958534876,-1.6833698130486874
1316,-281.605913375574,-31.90843968022266,-134.24121805459305,-53.134207907305104,-2.434303292642962
1317,-390.96412361277066,-22.136099510230796,-139.96869539059293,-58.870366579542925,-1.9902149321660774
1318,-378.01255888751797,-23.256774214998522,-133.33129755156597,-56.071747921577554,-2.165450452782119
1319,-345.3511344156037,-11.857271689012007,-143.84854996951816,-54.23653882688666,-1.921039252758982
1320,-363.5617353781308,-37.110024215916006,-154.6617492119897,-55.796527012939336,-1.1176943025961963
1321,-468.91615565156667,-14.427504560211354,-144.95381014039825,-59.01666559923063,-1.4675700645084702
1322,-430.10662692122514,-41.82746127015202,-136.49968228774583,-56.49508713948403,-1.9385007568361838
1323,-446.4741809925603,-35.936262652131695,-141.8565716825246,-54.55586085393159,-0.31073482566307786
1324,-380.61145940249486,-45.19937765699463,-134.55891792021777,-56.47055339427097,-1.405999076030437
1325,-317.3224003068375,-21.604362971636718,-142.1195337932016,-59.06289549974043,-0.7381333256025825
1326,-291.3516638281767,-20.43138336028864,-134.54223280942293,-59.20825580441536,-0.8817144210706817
1327,-336.1988053726866,-21.654426307630455,-146.026726121069,-60.233738487124214,-1.0878892447528496
1328,-332.4586778601499,-37.56436688902114,-143.59029928461635,-56.52416966841872,-1.323017883341751
1329,-380.0568446859955,-30.946277760571988,-147.7075179769404,-54.99395260056204,-2.526437396663776
1330,-328.3037222608858,-30.561732029856127,-138.02101925495302,-53.82499817105735,-0.5304247991599259
1331,-304.69318524612737,-39.281298356702884,-155.20749550154554,-49.92411620026618,-2.276224000446579
1332,-458.1605799963567,-28.671161855039905,-148.75267820717534,-60.48479484739026,-2.521979676050829
1333,-393.323075304394,-39.52729752172958,-126.98156663723192,-59.224639434497774,-2.0811454236421913
1334,-334.1236395675819,-28.5288367946452,-141.21213698602693,-51.27144496334045,-1.0605048225873428
1335,-344.22728067998696,-19.254443182473356,-134.41224418592245,-53.35929178246313,-1.3252204998673727
1336,-306.250893747626,-13.454550393750463,-146.92245642763834,-58.35119280910985,-1.151911594219825
1337,-386.51290484882884,-36.10382889199527,-142.4221401383758,-56.745083253288364,-1.3023702502025247
1338,-362.8811804075214,-33.21879576386756,-131.22993971387987,-53.54167287488542,-1.0195505155589446
1339,-403.23717046145276,-17.035713115869253,-142.96100498893475,-56.980144625414255,-1.3803473067487066
1340,-424.8165774472474,-32.4278895821331,-133.34380886504962,-54.934469664271596,-2.1892976202019803
1341,-376.0024579429616,-24.135363503227545,-150.93540877182713,-52.51123671891006,-1.7545692325225204
1342,-398.3951905158976,-26.87247384169416,-138.6055398402874,-56.93606285961279,-2.717208981036074
1343,-401.0033061294648,-40.396171329634875,-145.4481673875857,-53.31991159618041,-2.1885656855624838
1344,-383.86926449307816,-21.103838973687953,-158.0219205436205,-58.300944183036265,-1.617190082302128
1345,-264.41169969496156,-38.17438817088602,-137.94217306930656,-57.20104374065884,-1.0044277160137989
1346,-445.2198395824122,-24.42314587702417,-146.18659748864823,-55.06512529710212,-1.0691751675016985
1347,-330.44523944916733,-25.898122563886805,-139.26822753178715,-56.5493105254076,-1.4273183019321856
1348,-312.97699866533657,-20.2062895796319,-135.4376365357948,-60.4242685055952,-2.2084757692102084
1349,-333.6504349465303,-23.0229347354444,-140.55601409909923,-55.253842525474866,-4.30624777126223
1350,-313.08325580509984,-30.33338383831074,-154.54561033322798,-51.26102728695033,-1.6063335600437707
1351,-340.9135232251896,-37.40917291171279,-156.50826670325299,-61.14694499432343,-1.799714943787523
1352,-365.53407528965386,-28.99806286087138,-157.73327366399707,-54.63644042619616,-1.4572639722300802
1353,-382.95180253581213,-22.279151731206433,-141.30100424129049,-53.77693989427328,-2.2415819003259263
1354,-371.9750480691708,-29.96808111990462,-138.60489819856488,-54.98007635716274,-1.465558603468092
1355,-403.98008983417066,-30.89251045498087,-140.39417990209057,-50.871323383187665,-2.1163291770898884
1356,-390.08497054580795,-40.71369823981442,-145.85885738962364,-60.484105653520025,-1.1825850513200509
1357,-366.9196060967292,-23.156950214778583,-138.13144700079243,-62.37882294314891,-2.9472100008578743
1358,-369.4635727165045,-23.58515740466886,-143.0675574543485,-58.18273690016072,-2.038553233739492
1359,-363.28727238292316,-21.925345341016577,-152.21270786086862,-50.5979321916172,-1.2662989611816236
1360,-483.13807007375203,-45.94331163560974,-140.8846327023593,-52.18109901227716,-1.7912406864429191
1361,-539.2376391071771,-27.26565074998082,-138.16139435927278,-57.502549147664325,-0.890279425928792
1362,-443.16601779778904,-33.73936995070664,-143.56707855711724,-55.70060103306287,-0.55266266667031
1363,-395.337540269656,-26.25502776958834,-153.6598918540062,-52.4977234528193,-2.351222216136776
1364,-429.4704269176453,-36.0907995010185,-143.99023582458088,-58.42586990902564,-2.213902650125863
1365,-408.4806130426155,-31.814824544115762,-142.91691924671932,-58.29240480881958,-1.5192581826457785
1366,-327.6734432944627,-29.157934050752445,-130.27856689148578,-57.697639009307736,-1.38357992745002
1367,-362.76501270345955,-30.922248847926255,-150.48878234265993,-56.43698783095043,-0.7390907936795389
1368,-398.58350581572915,-32.41537305713707,-133.54159806520036,-55.42616958185453,-0.3083786482354005
1369,-363.05872143518576,-11.541463653193128,-133.81922714157795,-58.5521744484083,-1.9971325263241742
1370,-294.41554025599055,-37.27091585771453,-138.90215299648924,-54.058667008168584,-0.5808869127672813
1371,-360.8662602296904,-35.44388331427391,-151.38227894744745,-56.41691481202521,-2.3143612304990357
1372,-414.74716076859795,-28.738191577891357,-132.49894601979472,-51.24726112994187,-1.0409614117778296
1373,-411.1478964962543,-27.933692728334307,-142.1468564724897,-54.57337267704483,-2.393337080781561
1374,-412.3854824485262,-34.05200892688793,-135.053684023143,-54.664695947455,-0.1392380417650716
1375,-434.85678908361865,-35.55111549200642,-139.37793640760907,-55.739803049393345,-1.072317037913291
1376,-372.5353386587347,-23.45332985491835,-148.34902436764693,-51.30482036388977,-2.049286695014025
1377,-385.4924796262145,-31.69307711716019,-149.23325962836273,-54.669794163256164,-0.799428077659656
1378,-370.85767774594603,-27.113856952171176,-155.48673673849646,-55.96911950922544,-1.494481421669268
1379,-350.32695620602584,-30.147976875610894,-139.85788469056484,-55.908374514448425,-2.3717519233315136
1380,-430.40293240441,-20.68925070536466,-136.85137876560495,-55.89757501848449,-1.7547338472394611
1381,-370.8703439301079,-38.37054755088011,-149.48950437741615,-55.55601911003387,-3.5857169231466353
1382,-347.11759142566615,-22.789773080840614,-141.3221122312567,-55.20702496552405,-1.2469727918526985
1383,-379.34328824267504,-13.914646286110946,-142.31935232895557,-54.48761390785086,-2.780309713356888
1384,-426.3148887840671,-16.672909034027857,-143.58583040897867,-56.109911966711365,-0.9551975609423253
1385,-318.37068798029435,-25.429685869560156,-152.45515949609964,-56.13829922212927,-1.3699362272212463
1386,-379.95360563852273,-32.5750456358238,-139.8332832628759,-52.72908068952441,-1.6450636518264454
1387,-389.83402895434534,-32.734730372770784,-144.22969484045225,-55.722643689772426,-1.0766072409390979
1388,-406.9487918119904,-22.483113295648664,-144.87567339487595,-50.62323089438129,-2.348630225597195
1389,-348.8593911783495,-17.979244635825207,-156.050912142304,-51.75239342679195,-1.883783975327835
1390,-313.71587891533363,-18.385465584544633,-144.8529272007883,-52.09752345691699,-1.6207942206921593
1391,-335.576469324544,-24.970469394271966,-146.242954565755,-57.805941043079876,-1.517960021996299
1392,-332.5532282238528,-28.88742980493234,-150.61624883542677,-50.17696418111334,-3.079338800869843
1393,-306.0755915631555,-33.019216904668504,-130.94368724561951,-57.39984048062302,-2.1207506683523976
1394,-341.32524512029704,-30.44533079416003,-140.4858270133553,-53.93185839396829,-1.7450821441791715
1395,-384.8810425169399,-30.10976990368624,-141.6698567135967,-51.53878802575622,-1.9657541222517834
1396,-382.4537787094617,-31.01788116330312,-137.53320357374741,-55.99591991047606,-0.3280139732280105
1397,-389.6169387807156,-28.304208010934307,-137.66707109816343,-55.299983998658135,-1.2178067835118025
1398,-400.22766400639705,-37.86117196117879,-139.46365875926247,-59.97164316766018,-1.1265459302273162
1399,-381.7822032651123,-16.1567277783291,-140.2125140589397,-53.57235927190903,-1.865078004317642
1400,-422.68163545219556,-32.15599652785772,-145.92912291400094,-53.46449182564525,-2.222386480275865
1401,-355.3876764851719,-28.12740719345114,-152.40997062126476,-56.77319405322594,-1.5540545121343696
1402,-374.15849778908915,-33.55125666550426,-135.4680767448539,-54.49605830537932,-1.1280316832579995
1403,-344.7899616588505,-31.368878532926104,-137.23916411216234,-53.47091832636796,-1.124986243852258
1404,-271.87461965108173,-31.80218965834959,-129.16085056528203,-53.983076750875284,-1.654098273005035
1405,-410.2645359468164,-22.38768213129438,-137.12621826116177,-56.013031332742386,-2.94832873890254
1406,-278.7954454266419,-35.90480347433946,-153.49609490745104,-60.73729601966762,-1.235289982795898
1407,-211.326164083659,-24.846721754207177,-148.48079639908676,-53.95943246148037,-1.8771728271283177
1408,-402.24335290160843,-43.25097168485826,-138.92541060937083,-53.29219760306364,-1.6253277586122319
1409,-385.246591260296,-36.55736681445003,-140.56565525782295,-51.028098238026736,-1.8650547702544944
1410,-373.77574416977546,-35.31798339655852,-140.25107310934334,-52.66255816978672,-1.30793104397656
1411,-330.00890901429887,-30.49958881773197,-132.77320040753622,-59.41565092034122,-2.6896941928802622
1412,-331.86258043692527,-33.758287998908244,-148.13378978595662,-57.486076856273705,-1.0607166363720926
1413,-260.0998484276468,-24.18797296561336,-144.26304408706,-55.66432782963993,-2.105095549353514
1414,-417.4786062083511,-37.45377790708723,-140.86581838774651,-56.21926405421298,-0.6668330742023328
1415,-336.41763962106756,-35.69645112890829,-136.61304755507916,-60.5005056376029,-2.1606390454289035
1416,-282.799580822223,-30.26779708197482,-143.17101519286197,-55.1615455888297,-2.531134440175308
1417,-293.1331257978056,-21.95642564663792,-138.40358317117324,-57.32405110200172,-1.9608587035943112
1418,-422.4478552252227,-24.997430600325984,-148.2223295205464,-57.89681318004771,-1.9441538934501708
1419,-384.34897846927703,-22.91731780272847,-163.8339804214913,-54.29972843956783,-2.3694711188026942
1420,-354.373629400659,-33.50422555251017,-149.58549403060172,-55.43453371894384,-2.904736390222801
1421,-347.1745239204202,-30.465255622540614,-135.15596045709486,-51.63969370031483,-0.6967523651580338
1422,-430.11226809853105,-22.07906693453589,-134.39039559200268,-56.73308654165136,-2.6380773639328385
1423,-400.6040376480662,-39.89657756056747,-145.11865254073527,-55.544403350995,-1.5773432484012384
1424,-366.28410078311816,-29.348512854694025,-135.93403521994,-57.06373052595399,-1.9578465594936414
1425,-360.9404639348625,-20.09163719212223,-145.22201503509896,-54.87129286934711,-3.303213152802435
1426,-373.806709691709,-28.10541785735353,-136.53858930785387,-42.59290522452323,-2.0045272613672647
1427,-441.4025064110822,-29.674178433224792,-136.37420377694406,-51.25437579210174,-2.497693375730567
1428,-527.9307592938128,-31.0690279472696,-153.13924317118452,-56.55231049379275,-2.0274472250583706
1429,-333.63669198686154,-27.388417095548423,-139.7854597235689,-54.46750739436936,-2.3254267932639956
1430,-440.1096234012324,-35.20178711551194,-130.27262429326302,-51.48895289792058,-0.671678098146089
1431,-365.4565658149616,-26.28240595973659,-147.53742973819544,-53.636277161504495,-1.5684783289559412
1432,-470.32714350524316,-29.85347203554224,-145.53766364170215,-50.47133951052626,-2.2857884735870226
1433,-307.3890171974846,-18.38465839375778,-150.43914303694186,-54.5063649539923,-1.872260002616879
1434,-442.7211857318472,-27.71965904623726,-136.4008560976956,-51.10423561240554,-1.4829864938219084
1435,-373.92082672080267,-9.14841257967782,-140.75905695137106,-54.87348869454146,-1.9427628288373324
1436,-365.0086930123855,-30.63865079691883,-136.94152395022684,-56.52176801404404,-0.7349320641114585
1437,-385.77542570364056,-27.124601220344186,-145.6631199105138,-52.27496870605563,-1.9860629904790197
1438,-378.09885043598814,-25.57161441157927,-149.31096485458073,-53.013675989848814,-0.36381225760406816
1439,-408.64135016965827,-33.36075864610336,-145.36070997851124,-56.719400820475,-1.369414435198023
1440,-314.0553966449164,-30.94926204497309,-153.80021553921597,-51.43314440872233,-2.4831993353753425
1441,-338.58134804150166,-22.337966670630916,-156.06943805050457,-57.889431307317956,-3.622817230979395
1442,-311.3262391093429,-28.37223408920807,-145.46216369984487,-58.31843829975584,-1.7709480023656354
1443,-267.0191132645349,-40.20569777688834,-146.53698479108076,-53.34015401073254,-1.987385022262347
1444,-442.23654183887123,-39.79424778671467,-149.36230092157365,-53.32425796600858,-1.5074676480236353
1445,-428.8279728448269,-36.97884245991545,-136.64664528356985,-52.993971394588385,-1.9232611397529944
1446,-323.71379289102646,-28.24396488696345,-139.74931923915557,-55.009748229475605,-1.7376780565944632
1447,-420.0151894179513,-19.540552533629768,-133.96244352466684,-56.46139582180343,-0.8741428626092635
1448,-379.35171291782206,-26.47467304957042,-124.25176900771811,-49.516884915184484,-1.476277573601476
1449,-363.43234350646577,-20.59038105309987,-147.06613675614824,-56.253392969096915,-1.168450407406048
1450,-309.9424080425181,-18.062286026668144,-143.24980586054278,-52.641523012428756,-2.0237007345635623
1451,-447.1051584402201,-30.665724255199546,-146.72589356482436,-57.45656723970431,-2.2880436474958907
1452,-329.93914928425363,-28.24223246072389,-146.70351297934468,-57.5956544077124,-1.5356951333212052
1453,-387.58989076711265,-33.454198585896904,-141.93297836474704,-52.062071452134056,-1.3913819054506888
1454,-337.20643967599176,-4.811531821648109,-144.44702944086282,-60.98701482052646,-1.369825022265801
1455,-465.63925110648034,-27.68717039695964,-136.51631521693244,-48.196572399796054,-2.225526654598364
1456,-357.33522486518854,-15.994941416694608,-151.7226744718724,-54.89733384478856,-2.242279228175664
1457,-351.7952250668521,-36.49272523162736,-150.75403933291344,-56.44301441276488,-1.7145622847494801
1458,-295.80558820248126,-34.243259896572695,-152.42350472395654,-56.521664996037124,-2.055242080994994
1459,-376.7649968230309,-28.07186935321897,-145.57618535606946,-53.73049793059703,-1.4408185702514296
1460,-448.2883062542995,-19.820616601683895,-152.145049447735,-50.267792772147,-2.1194596335127422
1461,-348.9067116733782,-12.331523910903329,-150.91051337635645,-53.372427711370115,-1.0505497106441513
1462,-281.2610718459834,-14.412616634850382,-146.43898701064023,-57.76375698134324,-0.8410956158466251
1463,-399.8997369085866,-11.14769273404289,-140.50922737642853,-54.09630056115944,-1.546351919812266
1464,-385.8846905804634,-32.36298102819422,-139.46709651099238,-60.190358976075316,-0.9680434883591067
1465,-437.971879587658,-34.52488478167145,-156.86627339726442,-54.85140007421636,-3.0446033560668533
1466,-378.02827158860106,-32.657277919793295,-153.10742395840492,-52.60678484735207,-1.7543444221588054
1467,-382.9589466059179,-21.845735759424976,-151.02405657747818,-54.659928958236534,-1.0730769165435314
1468,-361.82843769321386,-37.24625520413053,-135.30534516822192,-53.81201901988069,-1.2110822864424664
1469,-309.03951564334744,-34.13344378209344,-139.81399670601064,-53.18612478787332,-1.3261796736701945
1470,-418.97510410274634,-27.39539772303709,-133.77834685569712,-52.7256900540502,-2.453831190077959
1471,-413.9778614553962,-38.44724295223163,-143.7409717108502,-56.47874523414839,-2.2892272577972195
1472,-449.09222076841115,-24.46619701812752,-136.08782268515222,-56.1529162250093,-2.180840531867851
1473,-341.9439461545291,-26.677358095878212,-137.4913455865176,-49.72579830242138,-0.9416440558406857
1474,-499.25396739456136,-18.690269541629366,-138.432324231695,-56.800828971541065,-1.194203420953412
1475,-234.76554845985808,-23.995039491681556,-142.53972969957388,-59.60837195490629,-2.290274763808291
1476,-348.89500965734055,-38.674346856937476,-156.61732689847443,-57.346367655972095,-1.1817714437460416
1477,-450.20390967606767,-28.956778100033723,-139.20982777857506,-54.59323159916261,-0.4751193625411296
1478,-437.6929753709997,-38.65585242368406,-146.1625904819992,-55.35885189882605,-1.9345518250136087
1479,-329.37011862860095,-30.52399301653558,-144.7989823394713,-54.44570484837351,-1.1060034564194774
1480,-343.4130606404809,-25.447434428390686,-145.85360726140644,-52.99977471115946,-1.1922564855037399
1481,-385.24673655924323,-40.036626954568675,-136.56415978571684,-50.471881192507716,-1.679183769662528
1482,-317.95919036899835,-24.34293917656297,-146.06563526336987,-50.54637603000777,-0.9213067665981107
1483,-328.7547148884371,-25.464210995666413,-145.95890777443657,-54.0807538570352,0.07696314724202521
1484,-393.4437655814126,-27.63530160105191,-155.60985842999253,-51.71411195717156,-1.622500006401829
1485,-428.59424621114516,-38.251064796012336,-137.2453637313151,-56.4536178861889,-2.701551840261014
1486,-373.642186604089,-24.509303595071884,-131.24707090790147,-55.22233110821101,-1.4735003468525927
1487,-342.0930282599541,-26.581811290273457,-129.66708327319296,-59.243087934114385,-1.3043789832905757
1488,-396.7385767770753,-21.990066218333595,-151.46360392589975,-62.69927799334013,-1.9999178086218576
1489,-265.80545202907956,-30.39325666599942,-139.176600292033,-51.142058477318514,-1.4749283102431008
1490,-401.8521927692851,-34.047063537369866,-134.01592495139553,-54.24157135057844,-1.5841037881353557
1491,-367.4112246917179,-26.09227921100275,-155.8612877564422,-56.57223269010821,-1.8206712477989968
1492,-327.1891259382701,-27.540718697852622,-139.35297921648342,-50.06484944066318,-2.0653573199110933
1493,-374.00070903013574,-29.743234193250554,-134.18781541327715,-53.289444740230486,-1.1719973806032045
1494,-444.31297995504576,-20.521541415715074,-145.28625809077553,-51.97716003237322,-0.9748331956561629
1495,-340.29671615149215,-22.538878194925335,-147.41198240496178,-56.390820530450455,-1.7220444942986395
1496,-357.2062017185311,-9.952466518874049,-145.33447173088592,-62.13962061860455,-1.397559070928454
1497,-345.5202732089937,-29.7349098151872,-157.95803619363915,-51.3951728544691,-1.8560704078068073
1498,-416.63270061733937,-22.23208448240312,-137.66918436498796,-54.729309263722854,-2.6530674745849394
1499,-444.82106069058983,-15.288291365687003,-144.36328475927317,-52.197699005444804,-0.8650205948249591
1500,-365.0036723825222,-34.30617730770613,-146.1976905289211,-61.82008727445621,-3.174415357689484
1501,-292.46773103540477,-29.729677642783933,-145.71816971780393,-56.88320794527272,-1.9860768358330336
1502,-385.787746610851,-41.43312074069948,-147.14965536983516,-49.05131806483612,-0.8513067537803556
1503,-331.22467070172945,-26.922489905893535,-149.04707583520522,-59.03922475542295,-1.2154313489566846
1504,-384.0706308953531,-40.84598864929233,-138.7630490505028,-51.198808738709104,-1.3142380663495101
1505,-373.9808888158026,-20.617595359292594,-145.5614123116871,-52.915078044629446,-2.714103481222644
1506,-352.0585682906009,-24.1435357702869,-144.0896582110171,-53.86759717300106,-0.6301184074723507
1507,-216.98674874875582,-26.445772553733907,-144.84846080656496,-56.13592350003295,-1.4239629948058556
1508,-337.42029159563145,-36.52425183052598,-144.49369441802327,-54.979659996482425,-2.5430142680186525
1509,-373.55644078177573,-21.95046286149698,-147.4561984375461,-54.562149765256805,-2.103289753621129
1510,-313.06261644444186,-17.81901410015905,-137.8883157667822,-47.689671406285804,-1.2200110239073698
1511,-350.2327237818915,-30.805024064658987,-143.68414179600148,-57.198872334221214,-0.9331625374809595
1512,-243.80460747110843,-31.656187760159998,-136.78539414853987,-57.67067810343318,-1.9848993891363629
1513,-490.1071136807631,-25.549510688484773,-141.48405712144282,-54.575233813362935,-1.5442365816374002
1514,-346.60926964700525,-32.40808787120749,-131.26727646028482,-52.8837358427685,-1.3003187494411035
1515,-345.32478202538374,-23.12909415629329,-141.53148834864984,-59.50965841148482,-1.1926204417239403
1516,-317.12625800449035,-31.485880168635855,-137.90582267837198,-56.84513962243029,-0.9383391100616362
1517,-388.41942989596686,-28.732602430885716,-139.5896238065025,-48.371786487501765,-2.6188900571729907
1518,-361.44805994655354,-22.501910924115922,-149.12721893225788,-48.93944574556608,-2.6325591624738363
1519,-309.87789380554403,-24.473527682379174,-151.61977642280945,-57.855464404192254,-1.453453072621785
1520,-347.17589331410164,-29.227576309683975,-143.71739387242823,-51.6602180074183,-1.3557589454441281
1521,-405.7761055729438,-42.19018515109211,-140.04354015373002,-48.77129934528833,-2.2295091391349895
1522,-394.1241984462611,-31.994640503166956,-150.69943224836837,-52.227906874271774,-2.7267729372040215
1523,-431.00137680599346,-33.31063635074346,-141.66532401615424,-54.05178191173143,-1.1989695496693447
1524,-336.374527545759,-35.40023897817322,-147.45354181510976,-52.44300742709772,-1.4759619875698577
1525,-352.26526817728114,-37.57583211633194,-142.39833369435746,-48.25349462600128,-0.619353918729033
1526,-348.99955568761527,-24.378243080074505,-148.94700664996148,-60.0931856459347,-2.4997997579643587
1527,-409.1662935826496,-24.360843001035132,-146.33580264485465,-54.69562015647213,-1.303590919176297
1528,-348.0499756922787,-25.2216687074982,-149.978254454521,-55.22475723526456,-2.1708747707779454
1529,-498.34335593475055,-29.82383569800425,-151.7907617566751,-48.75299194691523,-2.1604395394163984
1530,-455.76330708519345,-28.43493933603573,-155.21637251688313,-53.85438301578546,-1.589653122835762
1531,-348.869063217229,-28.15081942961396,-139.6096329179802,-53.77061744539436,-0.9074447634458271
1532,-365.9571018191943,-37.27996636821401,-137.07636688077588,-59.598813666096035,-1.1041567156811432
1533,-357.0922557732992,-22.26251913434914,-134.41546500709885,-52.09432596727185,-0.9988267401452372
1534,-404.986958023182,-30.067517200264994,-148.14699837053263,-59.03984016098732,-1.897457990043447
1535,-446.755073760557,-35.42463594613306,-136.3943942794737,-57.38060965513409,-2.1244044576548538
1536,-406.197983101915,-32.77157796024923,-148.4963787642967,-58.74522766329781,-2.0440624013905
1537,-408.38779450220767,-32.73875377378232,-150.63539994203862,-54.536746702569765,-2.2051178071244206
1538,-282.59044574131707,-28.857454898784876,-145.2426836787167,-47.72249506869359,-2.454080103082431
1539,-369.8246066578135,-40.43576230766946,-133.33498766356254,-53.668060035000856,-1.2437558004864984
1540,-409.0050079095857,-43.98367023246113,-155.72154939385604,-60.66136010650775,-1.8463793900527232
1541,-349.52825161152987,-35.03097383133395,-139.1287473494953,-54.94756281987805,-2.3278477699663207
1542,-360.23271821051816,-31.464826669783996,-154.62493268149524,-55.13960246776481,-1.6198526323078801
1543,-439.0034995190459,-36.83537516393235,-148.97972480319828,-58.53744878771448,-2.5784430660740587
1544,-339.278076077017,-25.696579881964887,-144.17914355917577,-50.87140211133916,-2.553666984830841
1545,-248.15109645572315,-38.235688629780796,-132.53662548601676,-58.26931613262677,-1.1738659159593987
1546,-300.852518933954,-26.19017981802278,-141.77282898509955,-51.97323947679524,-1.9072205079062816
1547,-454.93295406714253,-33.5562658528655,-129.3554745334832,-57.59700428803406,-1.3593451677830164
1548,-329.0554275729856,-23.799848035066077,-141.2480226562425,-57.4057813427669,-1.5790349554322234
1549,-413.4330682014626,-35.692651475955856,-148.3300903605953,-54.76736969400821,-2.18505098902798
1550,-438.1518310183156,-36.07234324105124,-146.02730215878532,-52.17429796537582,-1.7063060362883424
1551,-438.03063056027855,-30.81582686626029,-149.7338719152758,-54.609725718070614,-1.5035001335054594
1552,-338.309093841371,-27.49196839911692,-136.76478839427585,-48.37723810247907,-0.5475025782896241
1553,-335.9103467051279,-26.057555591049898,-145.44194191777828,-53.85295014909098,-2.664258526058792
1554,-327.5040203416321,-24.395365961684455,-145.85190197946469,-47.52377405839882,-2.2486848954041245
1555,-450.75965576051954,-31.113949941527814,-142.70214039706255,-58.60552450901915,-1.559750104776714
1556,-291.19237661221285,-3.2976387176455924,-148.01625259007585,-55.33848062179696,-1.246707377641385
1557,-370.03201273928386,-26.752633039561086,-141.0700486373949,-53.35965701764724,-2.1748511427868196
1558,-339.7801195532448,-30.633308736838707,-141.0794566728895,-52.91597750278046,-1.9194277051331052
1559,-369.41297226334217,-19.573518172115552,-141.89887703022848,-53.944495713260736,-1.645194859164759
1560,-396.23361462094385,-28.813247350244367,-135.44659638013593,-55.297479153273635,-1.7784541872317905
1561,-462.86519518814214,-44.55291387109026,-139.2281952598214,-56.28130175691842,-1.6202116455449938
1562,-352.36971175287636,-25.989162248380566,-131.45743444821574,-58.44524971337894,-1.7816213643946839
1563,-345.66718252038976,-39.39086502973329,-137.61294871297258,-57.80456757395458,-0.9711506415202509
1564,-281.96577743822917,-35.25161387240955,-140.28311793113065,-54.29402692734956,-0.6608576386380308
1565,-378.41741361029324,-23.970786637844956,-138.8477411213046,-49.72195310040224,-1.114985341870496
1566,-336.18766722357964,-27.873205969848883,-142.31871490963695,-59.76243071896572,-2.4368315098017237
1567,-418.32248238751384,-29.15075144535622,-145.50347087894247,-56.599353395958545,-1.7230464891054318
1568,-366.8330988688313,-29.015289051347146,-132.00633688647596,-59.5555861273236,-1.462021365958568
1569,-444.4769949408539,-24.222226324827297,-147.3633620187575,-53.51483210589584,-1.587952473873476
1570,-369.4864708928555,-32.91606180790286,-149.6178132617395,-55.180016816653215,-1.6398298544957015
1571,-307.8097429704187,-29.34096451047696,-153.81994736032402,-54.59499535502046,-2.9770366094948315
1572,-441.0198238426261,-34.742103256481215,-141.07484444357087,-45.761143204921424,-0.8319153710267541
1573,-560.8878659268445,-36.53409637204016,-137.8594879837707,-56.18188304908513,-0.9102725239831625
1574,-328.97828406972525,-21.76433701416195,-134.54012234657748,-59.185345214652834,-1.3735195973352237
1575,-401.8276429368768,-34.22041098203065,-131.61776057260363,-52.49239058228288,-2.0465717069498535
1576,-466.32465429654377,-14.931152783959856,-140.17227675605665,-51.2429848706194,-0.7944834712752549
1577,-414.16382034896907,-28.937246313217194,-148.00517975167793,-50.10485152647429,-1.3581038375598828
1578,-369.0605124672774,-27.134619517261626,-131.0585167663769,-57.04588997209902,-2.3764816755170255
1579,-325.7941383227078,-34.97611464563366,-149.33072390211785,-51.29788851059756,-1.4883634452595973
1580,-441.661249708097,-29.313711924987295,-148.72401506701516,-51.00226305784899,-0.6662262639069156
1581,-391.6069065827259,-30.752466062574804,-140.81420593998314,-58.79435818623992,-0.6505421661695907
1582,-378.78230330321406,-33.4964879221326,-149.7961843950685,-56.462931729168105,-2.9913746938834307
1583,-423.1272219225602,-16.510963869080594,-139.11288696388752,-56.81384505187842,-2.9077681453874846
1584,-380.3914593664172,-27.768990170663518,-138.60104597918848,-49.841530886947346,-2.7570634259575697
1585,-331.6389687894518,-19.87111611685492,-149.00789550434288,-56.56306379147768,-1.3687835177856302
1586,-350.6824066520049,-18.285347041253708,-142.85136712956745,-56.91267862332644,0.051526824338601014
1587,-356.8751993215049,-26.136518519593604,-144.34545211074996,-52.28957852997517,-0.688235643901944
1588,-329.63971412744456,-36.18095709342898,-146.2151904513898,-53.07213946110006,-1.7285574991357486
1589,-331.7153764599366,-48.02789837251275,-146.3707635122944,-57.62728416111679,-1.6693079534083912
1590,-403.4157185864312,-31.82716355911898,-149.17723835124596,-54.57668758212086,-1.4420794075573873
1591,-381.39659660630605,-34.136304277058116,-142.99429347368138,-51.70367072681561,-1.1967829229372107
1592,-369.82737385264954,-12.769109956402389,-147.78579578009766,-54.68465968011636,-2.6371500702138775
1593,-398.1630978225276,-16.499924267963628,-149.39244467283356,-49.75815094067748,-2.8569118143833667
1594,-303.3015186684757,-24.334385298654936,-130.76436244777824,-53.33850826847404,-0.7396988856986023
1595,-481.8523213663473,-34.55182101968549,-148.1294784480319,-52.96675727411908,-0.6757010757933221
1596,-388.95901070161534,-38.27482576829547,-152.54688660032906,-54.08968412180255,-1.9058411237612083
1597,-366.2735048838207,-32.684807296281996,-125.24649936579658,-57.143949463422125,-0.7953480578113094
1598,-250.02660814696506,-29.757937154901903,-134.08768114199893,-52.96037857551437,-0.5805587735463713
1599,-383.79238335884435,-19.510755042394567,-126.79886629211641,-51.01162909419693,-2.8546887214027725
1600,-339.3001801351157,-24.852275763124396,-156.4011700571844,-53.88629463632778,-2.4417176336159754
1601,-377.75558571529905,-31.012425811074333,-137.114959458667,-52.207655507600734,-1.9005946428186618
1602,-441.5464235124875,-15.602701854410919,-157.5523918950318,-57.30405936618505,-2.3298597229710465
1603,-287.5735439742721,-36.74225861266237,-136.18116695950783,-55.92734588068422,-1.6765270795039595
1604,-361.0435157602231,-22.955484048527435,-143.92430863224072,-49.87692103840162,-1.4384971458194624
1605,-399.46842004083175,-39.48604139356809,-147.32507331571065,-51.83830877180448,-2.744736535697077
1606,-276.66338340047923,-31.841756846373947,-143.05823179984702,-55.408932394040654,-2.036045413484802
1607,-428.10292936417534,-28.481719461211746,-161.74125206269386,-53.87636183533895,-2.1744338378868076
1608,-279.02051629574555,-29.844163367298695,-148.34284540868484,-51.357305986145064,-1.1742887897587104
1609,-337.62579317361343,-28.475295315931277,-142.72601698415957,-50.65735282033418,-0.5046401107590156
1610,-297.95280403095114,-32.111012105799624,-139.8909455852143,-49.78897656648449,-2.383519491747922
1611,-383.1059992603005,-39.55228870280446,-130.41529894639226,-51.7513934400565,-1.300418528369197
1612,-363.1513983008347,-24.36008116366656,-150.79657856849943,-51.735741227296515,-1.8864493064670773
1613,-386.96952468587364,-23.20346378170603,-153.38313733790716,-55.72994952642915,-1.9557864657843476
1614,-390.5666678370883,-35.621056200551735,-141.56698547523098,-58.327827761157295,-2.4628657341228166
1615,-445.53082099072685,-21.59285497813917,-148.6441062584887,-56.229203584604214,-2.323667162354031
1616,-468.5289806948696,-25.697307559204976,-144.35884371820666,-59.78104848510777,-3.0353478334812425
1617,-365.7586084732243,-16.142338173834943,-147.2877037640946,-52.93171080234858,-1.1969610154786563
1618,-395.7301285648703,-30.424152560319666,-134.16812828683595,-58.74594120313942,-1.4919496782624493
1619,-417.94533071713823,-21.0951382617346,-149.58437565673552,-55.86551899422955,-2.0827804039113422
1620,-293.19965546214945,-15.278027210854102,-137.86038775797053,-56.47607778732856,-2.4810872575730776
1621,-353.5356514213332,-32.84492809510418,-147.31919227175513,-53.41251689555164,-2.6625261585045132
1622,-313.0865836777525,-37.15171689035562,-144.18684770440487,-60.029299048781944,-1.3824592760883243
1623,-455.39532971503786,-34.932203102982,-139.77621272737136,-51.65273618163986,-1.372054162813889
1624,-374.6144219076697,-21.528936424007096,-151.91906374415825,-54.91447746404816,-1.270035097857424
1625,-332.40154882754115,-32.88299914800033,-133.4226604760207,-56.599631064769945,-2.0260438518835184
1626,-433.2075957682621,-34.8208243758221,-140.00881321310175,-53.243912161488396,-2.5811398573717224
1627,-433.91281383423234,-19.658058517672213,-154.93547295472072,-57.671009944421385,-1.8395827451874704
1628,-315.49843051640323,-31.81872499763112,-143.72468022075412,-56.33227923907748,-1.7305325083482197
1629,-328.61715071136194,-41.889843072896056,-136.80162292364844,-53.76734631942098,-2.352282546148343
1630,-334.8613979739901,-43.50139850450405,-148.3442821088399,-61.39973114407886,-1.7794270111192998
1631,-428.67059418139286,-14.463328941673497,-135.74232368903515,-57.35994262341964,-0.8638233781101813
1632,-379.3592963792012,-36.06939778899716,-138.18531891143166,-55.91712597372995,-1.4350260094666845
1633,-392.3323945444997,-20.265040549392957,-145.01164511460155,-52.55982938458211,-0.8813413491505201
1634,-354.7068717626469,-24.87920812040993,-132.09472853970678,-51.15116762062472,-1.4686374525368564
1635,-325.8922248855377,-45.89074963680842,-150.8727525608522,-53.478585435044195,-2.143969517731902
1636,-392.90167213839555,-27.225832287055717,-142.7529795648403,-50.693938962789,-1.909371712634984
1637,-385.3879228813682,-29.81961849845044,-141.3552741967142,-55.05028691666014,-1.884936545999082
1638,-430.94368682441956,-56.1459988018741,-144.79381683299525,-53.11967833044174,-2.2356721562136737
1639,-319.10493752548786,-42.09426581226009,-163.5715383737814,-56.12272465776903,-1.4788010336482842
1640,-272.17019625375696,-22.93482432994279,-156.0712473428532,-48.790401271431314,-2.521145481432034
1641,-373.84374645962174,-35.20817161003244,-139.43862014562535,-52.79379553208326,-1.6527155188929665
1642,-341.0063103710717,-31.347979956912575,-141.73077980755218,-56.772191114899314,-1.8742119916171103
1643,-401.476991706874,-24.898882325205054,-131.95587875946214,-55.87782319214147,-1.84439635753076
1644,-323.8032360801691,-31.80339913016898,-142.34337291856093,-54.39068863952217,-2.662804303281918
1645,-270.32226759796845,-31.53080590221966,-138.49585707602827,-56.56528099419968,-1.0347029740155738
1646,-307.20810754300805,-26.980232397939314,-150.6115965092312,-52.34396598052612,-2.5453287485036267
1647,-381.46790305245383,-26.523075224890434,-152.56909582169675,-51.545669129641965,-2.316615558680517
1648,-316.0226713982987,-27.14580571136535,-150.91815447565978,-52.11382932755022,-2.056672247429233
1649,-334.8668359042722,-26.80733363183313,-145.2606090581779,-44.17201882959074,-1.764210545481458
1650,-412.62220495923464,-40.95881129696957,-140.56149568739627,-56.74657310333693,-2.230710530097928
1651,-285.8650235354289,-37.36964204551,-141.8229217243353,-53.53109950043927,-1.0307712379677967
1652,-378.47860787888936,-37.77183295104446,-134.9622902060114,-59.03209179163145,-1.3574673268727724
1653,-308.3935093416269,-26.417394713547683,-149.95082533733896,-47.335408502945114,-1.488401978840182
1654,-372.8372212366252,-41.25998255900708,-146.17514639827778,-53.8784301098412,-0.6468077753019544
1655,-331.3991197911676,-34.59780206376692,-136.0694867426339,-59.5641504725842,-2.400194018910142
1656,-300.9264136460563,-24.627126467235506,-137.02493192259487,-49.48292923859301,-1.9893935668052358
1657,-287.17495962382714,-7.208334314499487,-143.78018173374352,-50.04938980850067,-1.4704664328915646
1658,-388.8672153820892,-31.401856360769017,-140.68418049313217,-54.0918433800565,-1.363538308137313
1659,-383.0502523203145,-28.35868086446307,-142.39025919908764,-54.76508385925401,-2.3708032742008505
1660,-293.8730454395371,-20.888432838157435,-146.7381893272097,-51.69756403453764,-0.7340104073143924
1661,-334.6435886638347,-29.97444732869519,-143.01265268183113,-56.12180501580118,-0.21684083843427307
1662,-385.6143365827402,-20.9876559581251,-144.607681697893,-52.60612066386578,-0.5413838829380212
1663,-363.0509663617563,-32.1095954262379,-145.3155694105317,-52.20525579611572,-2.1320000252525477
1664,-395.2544060971223,-43.89974494281281,-145.7747017104746,-54.019353539878864,-2.800411603114622
1665,-324.6457092067049,-26.00548242025355,-134.11243366582306,-55.86234043843703,-2.0355365129419103
1666,-211.52036807885398,-35.40045875791557,-132.9339219714876,-55.32935652043492,-2.9676275031348722
1667,-343.77670213371874,-26.068506122208657,-148.09688128519167,-55.73508245859014,-1.438121998240994
1668,-356.4876702935226,-29.3603034075341,-153.41394288932634,-57.343257116726015,-1.6131221356697354
1669,-470.434706148142,-27.13071606978135,-134.59519804154647,-59.9017889497985,-1.9210969864208116
1670,-442.5687858688096,-16.87250412296106,-137.9422321930054,-53.91657598348582,-1.50617029858778
1671,-399.1296787336297,-28.26986058751038,-143.66486353676666,-54.63708213796212,-0.9077595950623196
1672,-276.61889931287396,-29.27402516316832,-137.23572178699396,-50.519840428656146,-2.2895461868735945
1673,-306.1503363551824,-26.51271047321177,-149.11901250731913,-65.11654082644226,-2.0279172248236454
1674,-357.7375026513572,-24.89322746194517,-124.55198428167434,-58.21091615742244,-1.5351097382040804
1675,-308.36815343795206,-35.47906462142158,-143.00669823096558,-48.87651029357703,-0.9178160546055529
1676,-328.3395069916734,-31.429532035436996,-146.33574841670696,-61.61712602335634,-2.6309105778572777
1677,-418.9944974556793,-20.652213711480332,-140.17163475111533,-58.043386303346644,-1.427521433308463
1678,-341.0523155021492,-23.410589477566642,-149.19389843931634,-50.849615620724165,-1.398679958114535
1679,-301.21899525468365,-15.405179391739225,-144.18158496075137,-52.7483342023777,-1.4423053884174477
1680,-417.6114575795031,-48.05618513426726,-140.91561296070847,-54.78390374798663,-1.480838606651437
1681,-305.6438737194167,-31.78652874313332,-144.8148477018629,-57.71629628567828,-1.5139086617519706
1682,-320.1722134345998,-21.16324091709262,-148.42672696796035,-50.82075924380198,-1.5329035062067564
1683,-332.2183339899162,-31.48453460367204,-136.92697902909032,-59.269439577210946,-2.939751434198651
1684,-339.33458252600786,-12.370471447361442,-146.50189323539382,-52.140234140750934,-2.1384448689295015
1685,-379.19225640153263,-29.30619803742894,-156.4142965762917,-57.22333433053056,-1.2929841991123467
1686,-240.90467679916864,-30.418725407730545,-152.2962715342788,-55.30556926253442,-1.6859586344327033
1687,-335.2939541095017,-22.027262427551356,-139.0080337738549,-50.67902925414065,-0.4578669233637583
1688,-358.7989917375422,-22.878502823192953,-137.24479354574447,-57.6981037364659,-2.427114985241523
1689,-288.8360439791364,-28.97707105561746,-152.34643544775795,-52.019415575303015,-2.1625225066523694
1690,-313.4292126651815,-32.31034455785791,-142.20338890186312,-51.84613588236268,-1.6815231545464597
1691,-393.38921978139695,-19.67366133045479,-140.92394092453205,-55.41908220760256,-2.076917602661913
1692,-379.87859436601576,-19.961059429652593,-140.7075191259238,-59.35211583029249,-2.254575723454918
1693,-394.8926474134909,-36.69872317363999,-153.2302526704323,-51.67224231017806,-1.208194398643924
1694,-370.07441202036136,-28.039332335079106,-142.09198036889373,-54.04141623428257,-3.001699408340785
1695,-398.239397415148,-17.879553103666392,-144.29685103924967,-52.045528979902635,-0.7254054194146919
1696,-453.5800350544779,-32.42591280340552,-149.18006392153657,-51.59580056285628,-2.606692673321641
1697,-396.50784187658337,-25.77080320104701,-150.76463055124478,-59.50785614677536,-1.5857958301772435
1698,-390.59906365848195,-24.54369499351961,-148.12754317937015,-53.216137299535355,-1.2443765468723538
1699,-268.51891829478154,-29.30822092196254,-135.6999837006042,-58.447835537776186,-1.1936916137689877
1700,-292.5954952191834,-27.471097377309267,-137.57413547911406,-54.86343027585803,-0.8374299596995067
1701,-438.2535508185065,-19.4684806570909,-147.04008183441644,-57.14289018840771,-2.167627602141717
1702,-279.36814069288965,-32.187105177968235,-116.41596232942587,-60.58197622877816,-2.171559651188683
1703,-394.7352757905152,-33.889186519222484,-134.29277312055171,-61.175816773704454,-2.0649519094394253
1704,-371.7950948854675,-19.974401655589322,-158.44456917969865,-57.4791968920327,-1.577140273102237
1705,-364.4602403098693,-13.849615601640993,-133.98605487082327,-57.02171234635405,0.11007434483119662
1706,-284.07831361152176,-27.618806047829924,-132.25536402990036,-57.833661349964956,-1.1862075653444786
1707,-386.6939546231625,-31.269848553564838,-136.89769593166352,-55.41458621742869,-1.893517373934585
1708,-334.7705232639354,-24.65673520547302,-154.13846412845945,-52.4666973025718,-0.631320500793565
1709,-369.8786736676188,-39.8047850056125,-135.68068160629466,-55.846819707971584,-2.428398346513159
1710,-441.69997705154486,-36.53544348616497,-144.1064812059253,-50.28136257166293,-0.06346136223666177
1711,-331.87656864788784,-40.81413022150926,-145.06847628019588,-51.03130630936031,-1.4085007126499498
1712,-323.7910722605327,-16.663102680342266,-135.35347450846945,-55.368397291181005,-2.6653955395156084
1713,-379.33324966825893,-32.94017788926574,-150.90663982773864,-54.67746787544721,-1.451127177539102
1714,-377.3104876102972,-34.44299481951165,-148.2389529565265,-54.46850585584659,-2.094702625888084
1715,-361.3107878475844,-17.35216349451057,-144.2252379650119,-49.89962884552677,-1.8182975008699658
1716,-362.5331176818541,-35.930315507308,-139.9208112766875,-61.548484464206574,-2.197850006344578
1717,-382.2544189406793,-26.583619251608894,-142.51412908407212,-54.50734630433949,-1.4785478334089546
1718,-320.12739610080376,-24.986705058540565,-150.71363322764202,-51.08353334500424,-0.448084837821859
1719,-343.0734431572918,-34.2378092934031,-149.58714454631345,-57.7761821478226,-1.6358692885626227
1720,-415.9151933846726,-30.21155052148707,-150.00549016240757,-51.88624256090009,-1.769012307494727
1721,-503.5597075223133,-3.0841244042529974,-147.5586470943705,-54.03315850065672,-2.0609871931223442
1722,-400.677107400395,-24.70560916400992,-140.88170568610397,-57.62323510279103,-2.979783430315716
1723,-398.64171407816116,-36.24084065021778,-144.2378398823005,-54.720020242015096,-2.1704160054673323
1724,-379.40672080276175,-21.225747060664112,-144.08091804216076,-56.40498393238088,-1.852092767098465
1725,-370.0548754844696,-28.24131084689596,-140.82312286262245,-54.294807021425704,0.019543727562960182
1726,-420.7618971683675,-16.2814549197919,-148.054316913357,-53.765167766871826,-3.329485759817175
1727,-333.8633975495871,-19.546472096886465,-128.46709934379038,-62.238974335505965,-2.876775167706846
1728,-432.6110803565239,-21.196957908460593,-148.46370830904038,-52.822230957982455,-0.382399693248308
1729,-349.82467478933563,-31.920163190647514,-139.61388733373812,-54.23361015011653,-1.2866823060618757
1730,-438.4285943265041,-21.41834048530341,-155.9868391176203,-63.406707895306205,-1.5958284342561917
1731,-363.6790297326627,-21.12433678337589,-160.48521105792193,-54.05256542055196,-2.1596943191692155
1732,-376.40371973830736,-38.13785865012091,-132.06440388419074,-58.66727666212751,-1.7563772499786163
1733,-362.013491015099,-32.98093406032267,-152.91540112336006,-50.98084074365321,-2.5864579261122085
1734,-382.8674592021809,-23.804335349274968,-146.46725114293406,-57.265071823130874,-2.1565624595878137
1735,-376.66844428730235,-26.87894244804826,-151.29130090651392,-52.24658069149833,-0.9181102099014039
1736,-463.128680718213,-28.08854057996524,-131.45622415122577,-54.22362820581117,-1.7413083234894753
1737,-250.82629209090462,-22.436211282150598,-138.42775304469808,-57.69360217650165,-0.10906988070212938
1738,-362.8498010464568,-40.84957022872866,-141.4242569290699,-56.2143003310077,-1.6780763049240033
1739,-304.91940041993035,-22.76894984464447,-141.0185166541301,-64.23579974468709,-1.5021212932789156
1740,-410.30239901595115,-36.83209697770235,-151.91506975646615,-50.1629113181751,-2.233522813264035
1741,-230.33242054959044,-30.939449301161606,-140.0161466168227,-52.79717587166051,-3.0458660145991083
1742,-472.90118864807647,-21.697729596725196,-148.88440417814192,-53.18532976544107,-1.3197966906905196
1743,-415.7003540315801,-24.622998408644285,-129.1588487405868,-56.82340876384802,-1.150734780384408
1744,-485.8141174672961,-28.273429576575673,-142.53222059519422,-54.46200686305506,-1.5822434742044635
1745,-312.98887626567785,-24.692980697190112,-146.54633702939196,-56.407648340000456,-2.8043031431042458
1746,-474.29298237748174,-31.82144144995249,-157.2414143161394,-51.529081389824825,-1.217087396653533
1747,-275.556561376819,-37.03500399074094,-151.87487407339074,-61.21327228184241,-1.3769616456526077
1748,-249.32616408379204,-26.9199541754206,-145.24987101268042,-52.30277651295616,-1.998370142728162
1749,-426.5224751704737,-35.51813747332475,-132.23371297707436,-58.06832950705727,-2.5013309477811267
1750,-394.04933760983846,-25.38594575140993,-150.26812751095497,-54.8509604888242,-1.160844152584016
1751,-350.933549038195,-20.563392667180263,-139.0873329783172,-48.13180671692933,-1.0339132256806327
1752,-381.6645939903963,-32.737290618696484,-140.96719467663624,-58.91024778058727,-0.8134831228496812
1753,-338.872748141586,-26.418930052091316,-143.39975984025975,-55.48972321132472,-0.6165852452765817
1754,-322.7284202170319,-28.155575328601252,-151.99364183310226,-54.07653160136574,-1.7197972095387517
1755,-376.37295100903674,-21.56496028207476,-133.9903597972719,-60.00801125812899,-2.6746203579563774
1756,-281.98836369142725,-33.550716678137995,-133.58217549816132,-53.35407835926365,-2.8504287485761486
1757,-372.85343942403193,-31.285626492613076,-138.98757148470577,-54.51631968413568,-2.1515385221085555
1758,-288.7916975732369,-31.505960503588373,-145.79956790314722,-58.244148444527596,-1.3190754992184472
1759,-495.50671705919063,-29.34720189992096,-136.85752316234735,-54.07613733225239,-2.3056656544907606
1760,-299.8361108263587,-15.553390134823657,-141.99122748513733,-57.667235420048954,-1.5571161944295828
1761,-336.02743607612905,-25.171101816258133,-142.23224216618001,-57.43453843216375,-1.8020837461368489
1762,-332.74566816559576,-12.770697703150006,-148.50545019302402,-54.22797635824764,-1.8441961531893925
1763,-359.051294335249,-33.50034801767976,-141.71832169123343,-54.320584880501514,-2.808800440019863
1764,-330.7146177630939,-27.846500036405583,-128.18795859537846,-64.31889280451871,-1.2801348774085992
1765,-459.37033394745634,-16.795783252500787,-148.52772905599906,-52.74219597224332,-2.050377528045544
1766,-342.0099930135422,-19.508988973631023,-142.70783382365988,-50.276005113324146,-0.6327761708407051
1767,-328.4629117331989,-7.845209047851824,-136.45928015881364,-51.130952352943794,-1.928172709211948
1768,-390.18242397435756,-14.0311972301734,-154.63689125293345,-56.248473910090276,-1.8320012068954037
1769,-275.27848029966304,-32.420703821794426,-151.18884932791428,-49.543700401469465,-1.80641980460894
1770,-361.0392804682427,-7.502125150307758,-140.21596782947032,-58.45027888393842,-2.613098873334563
1771,-369.52883358880376,-25.472123320808556,-131.70250187040932,-49.6841518404345,-2.503172613315892
1772,-372.5193228353257,-24.53198019313915,-141.5466984372056,-53.05896599722087,-1.96477749091131
1773,-296.5834566101633,-14.19162860943681,-136.65478970317085,-55.520372938957905,-1.0430216200641844
1774,-442.15827232682545,-27.883395756037665,-157.3014248053739,-52.73559763750408,-1.8357129355404205
1775,-326.5204040021115,-20.433798634430158,-128.78654281004708,-50.60081875376932,-1.8113346177745655
1776,-407.0414312662704,-22.655029418922545,-154.79379158959676,-50.68832132920016,-1.9749541765657335
1777,-425.54365500669536,-32.0062654336214,-142.64732295953274,-54.558437568282194,-1.4122773212136097
1778,-391.7604426730166,-35.427748957172284,-146.08817767735715,-57.23869999105966,-2.9821703128752324
1779,-376.93980011701956,-28.105322347498443,-137.45946993798535,-56.85644074632637,-0.7519047901425947
1780,-422.8843599016403,-26.489046490562483,-150.8977151773827,-56.039503439343434,-1.7804790226366407
1781,-317.80782637619905,-39.318626211046436,-148.95983588059264,-49.295296515965894,-0.9678231504841696
1782,-366.41418919036664,-28.46052035667121,-138.90173415784577,-51.59550848994478,-1.5007552796975634
1783,-400.04401082868964,-15.444780999794311,-140.65058516442923,-56.0808226044879,-1.8288781506499272
1784,-429.349175386766,-24.666885285570682,-155.6229512889695,-49.54802268995994,-1.2079375592050468
1785,-411.7750765952013,-25.08017904122218,-132.64514865141805,-55.852911238023324,-1.4022551568582546
1786,-325.12662094393676,-28.854136511779636,-137.8677666620204,-54.79300221961104,-1.8380020300439917
1787,-320.30902911930525,-46.23895362668152,-139.26072823728236,-50.4773889926885,-3.1790699242195477
1788,-388.68199016673356,-38.877232440662105,-134.19125997259513,-58.41115872726867,-0.7622450050427954
1789,-231.2224571377521,-32.038000295476905,-162.92912002513035,-57.32933046952184,-1.5970611458956365
1790,-365.4943129181989,-25.89194859215284,-144.98818974717176,-56.04523325569296,-2.2547662347785926
1791,-347.7665094849108,-31.453361854014474,-136.76634354061545,-53.457198738036155,-1.2990416594687442
1792,-322.14075086865785,-28.35780614172769,-139.87175682751982,-50.860941972201715,-0.995792750486709
1793,-333.05434702304666,-21.5042423592209,-148.1906248246101,-61.45642214236025,-2.539753316176388
1794,-411.2486222196595,-46.85744696462678,-133.98623591845532,-53.40787445657382,-2.0662388815693147
1795,-430.4499621262361,-28.187160945514727,-141.57291400211864,-55.73520117784291,-0.9793994762870761
1796,-272.03414542509216,-24.691520579919395,-132.9813793354249,-58.80186771423939,-1.8538310781876852
1797,-291.2321439041963,-25.21354076980202,-124.90830645761908,-51.93580343990619,-0.8827957331256424
1798,-296.6640450440265,-17.01379759594654,-155.5310570672515,-57.94131790310142,-2.518802206132563
1799,-350.6836871371124,-25.379931262957513,-132.30358255068185,-54.934612745406305,-2.573914783265578
1800,-407.54757378777543,-12.586147362161242,-145.90097994747097,-53.87737839823375,-3.0964584704050275
1801,-330.49721375062927,-24.98822117101007,-138.09590447773786,-55.720906015062354,-2.3676928979152194
1802,-306.3453544523055,-37.065414085775686,-138.9025660290126,-55.546041754411824,-0.7035563692303253
1803,-393.25141858926236,-27.817448123904754,-141.5038722815629,-52.720678624783346,-1.5878639594999637
1804,-383.3977717241842,-20.09892840445061,-143.9461172643873,-57.226784684913,-1.5361958189813478
1805,-242.2124194549956,-31.11053780329156,-131.8370281212394,-57.7897047218007,-2.1502910745055517
1806,-460.2405875011709,-25.348388808767805,-141.0532242693294,-52.22951696071387,-1.7339070868186146
1807,-319.38891198911216,-37.668147705818825,-148.89232520903766,-54.73023240905187,-2.416489545534118
1808,-360.2023226301287,-18.60698074215583,-134.54512728014478,-59.247001499415624,-1.1599722381867574
1809,-454.89524029452394,-42.6669420400856,-139.8649823855092,-53.73467374128493,-1.232462568946293
1810,-423.1461279411966,-23.27315695502545,-144.674360087671,-57.162823045032006,-1.2561210701800531
1811,-323.0528861070345,-45.095973783468935,-143.73643520073608,-58.540369847534805,-1.2273846990533561
1812,-314.3998119915143,-19.5588496828314,-140.01827315424532,-50.341953597840565,-0.8829876283943459
1813,-397.9964502046576,-33.280355420510226,-136.17273341140893,-58.12482306825386,-2.1384505914902667
1814,-377.15857298674376,-31.097384746788133,-144.94638920735042,-57.00986832116185,-1.8979110884242658
1815,-398.917193038373,-23.42116727308884,-141.9325630428766,-60.75594463428859,-1.432859115491412
1816,-379.8458687727614,-37.01550540568058,-146.38732137104918,-56.32346045415,-1.47147314783792
1817,-300.97729966998776,-20.420156231353022,-141.80764703454568,-50.292772095957666,-0.8511339798294597
1818,-423.05001161379266,-35.061512732521855,-145.9812828980171,-56.28521343091198,-1.7012681902298559
1819,-350.05795437036403,-39.389178934295764,-137.93323061662858,-56.06156272559654,-2.00212156706887
1820,-474.2053572589336,-41.25858729548979,-144.46298231196118,-57.45132287002275,-1.130014676162595
1821,-479.34961944052293,-21.889874900524752,-155.5958500335961,-54.073452389445514,-2.135526146005371
1822,-297.134320649223,-40.97612841453723,-151.05232645745664,-56.90557580656114,-1.7483589623875568
1823,-343.16290190576115,-36.35921216872089,-143.44767668820631,-56.40245518813598,-2.621081932193995
1824,-371.22935257884876,-25.85374702380545,-149.2629926473115,-53.91655042881625,-2.331997831673342
1825,-408.3182635494225,-21.090754106092472,-154.081445689936,-50.91605177168237,-0.09642928062210723
1826,-367.0046553936069,-35.82211115005928,-135.52788764816637,-56.35382965072704,-1.6911521075910716
1827,-271.69053884906816,-24.761063671376156,-139.82605479368357,-54.35107126390084,-1.8349490809096902
1828,-290.89309056068146,-7.5441682244645705,-129.01031295590514,-55.74320036145778,-0.5976055809750643
1829,-398.3323539373186,-30.0181132129936,-143.08698567688606,-57.05807973628558,-1.845322716154941
1830,-359.40562429474414,-31.266506015717198,-137.8532133754044,-55.3481866026043,-1.3463283876146415
1831,-306.2053086088384,-25.01814336103183,-139.7964910904006,-60.05153711674389,-2.0127146101240916
1832,-432.48739456274393,-30.032255291158453,-153.60410026345446,-49.81317726884156,-2.2697047550324663
1833,-355.798189058185,-32.2862713917588,-139.8177454363965,-57.686002866308584,-1.6921210895788827
1834,-289.43206251868406,-25.298367544238243,-145.32067935819916,-57.712510767880076,-2.8619580675049665
1835,-437.163397149453,-25.474546290544545,-144.81457666079245,-55.54453916560771,-1.419292540384997
1836,-337.0374831520923,-35.75108535168415,-143.76753076985202,-54.42948081443442,-1.935689626717366
1837,-404.7020475107444,-22.411457407724154,-151.88022848149348,-55.379189081464645,-1.6796970891743774
1838,-377.49069010447363,-33.12545343572114,-148.1005419582104,-56.38748618893859,-3.1006200858897714
1839,-444.1286434586138,-20.505744593757118,-141.70170875481173,-56.71649366494428,-0.7600773266239332
1840,-418.20258513712326,-25.6578727959821,-142.18202324358606,-55.22512839963487,-0.563984299610037
1841,-506.16994197661785,-27.6823975514685,-137.81988334271927,-52.62587422561559,-1.5970809090656042
1842,-392.8380243517798,-25.364842022295043,-151.3498722837184,-59.860312534609946,-3.401164919038559
1843,-323.99363356693414,-34.2050681514662,-151.53206977915363,-61.18916746535676,-2.8185702687623975
1844,-369.3707286200683,-26.901096142910312,-143.38832583569388,-56.343742372166,-1.712869413355896
1845,-390.5771164255271,-26.713485113147648,-148.01635069506926,-59.654143060354016,-1.4216480749580809
1846,-347.6132185829963,-25.327101018793446,-130.58613841995827,-56.758312940224776,-1.1637694651447235
1847,-443.1188994388347,-26.94369426417792,-145.37855533522264,-49.67182056941277,-1.1303652669129662
1848,-418.78777612475034,-25.99071924964381,-144.302484156359,-55.090507002041555,-2.069894246583816
1849,-329.9502065027874,-36.61839224044945,-122.5785929182252,-55.54247266996421,-1.8342876406601167
1850,-372.58704312956695,-26.551474538703395,-158.3282645012663,-53.39606946258862,-2.031164439122572
1851,-358.1242406211833,-26.471954323919743,-141.2299125218853,-52.316837087736324,-1.9899319469939434
1852,-466.2632301100954,-24.290408563972598,-144.6557350069179,-56.194278428989946,-1.5173989471620486
1853,-422.72065115621155,-25.169987794054475,-164.03833460493948,-51.35468012055772,-1.4332571778241614
1854,-299.3668254339533,-34.20843989413117,-143.38876080921983,-53.17068257212404,-0.9440975531259125
1855,-351.1964670540532,-34.66085150140385,-144.00181126470903,-51.902939029340615,-1.7016485676841877
1856,-331.03799763979345,-38.09276242545799,-148.73082182991038,-64.64171050351744,-0.7963371920783856
1857,-371.41511516346327,-28.053817491443425,-144.88645740730647,-50.66315377701921,-2.035513783567105
1858,-328.51406978902963,-38.81604607545843,-157.23273500678982,-54.44609554977874,-1.633247505407956
1859,-312.63913104137083,-40.33920226839958,-129.8999394397337,-58.378076775857714,-1.6610127301434106
1860,-400.44031108401776,-24.964965934751053,-154.5657468918601,-59.72814543255006,-2.401024795369245
1861,-274.58054077078026,-25.61112522403096,-139.49526152568498,-54.35057319950821,-2.110106611994411
1862,-311.6991605293552,-36.78878765778044,-160.20188621182177,-58.721315340865615,-1.2988719960250013
1863,-341.29389209388006,-22.52342876996473,-137.30726543544458,-55.04758527316802,-0.7487466897602947
1864,-349.1869857041546,-27.295439539898,-143.17604380073615,-57.42944579864577,-1.9384361483211405
1865,-410.9905921917062,-20.542472324096522,-145.0719963667134,-55.41862127944715,-1.2557779405154765
1866,-391.04506847151623,-40.57596029533463,-130.9155049962311,-54.9902458017167,-2.5152575728256896
1867,-386.2061553682444,-20.079004773433738,-143.08979868960773,-53.6044457493543,-1.8213228974999054
1868,-377.0575521488696,-26.541799473544152,-146.55832257876682,-50.87426986613442,-1.4795491698105243
1869,-319.82616731231013,-38.94278604958277,-138.68318503651545,-58.204528673046276,-1.8346249199027789
1870,-413.330614814554,-24.92834063714736,-135.96250147428358,-51.46574244084566,-3.278646465475577
1871,-405.7927858449194,-32.22594261083331,-149.16434829434382,-57.75464218116957,-2.261207444541294
1872,-273.5959996479144,-34.852182375285054,-144.63357168749508,-53.678788147982516,-2.243036719731388
1873,-321.47491877283596,-43.428708124047475,-151.9909966274573,-51.61121672877085,-1.7741715669643183
1874,-301.5898718786835,-30.524640082116964,-152.25848244059623,-56.47267520186859,-1.6437028195773666
1875,-332.54651730420807,-32.17058729362723,-144.35358996824638,-55.78685932249145,-0.76637155960822
1876,-281.5508144606905,-9.872162418706386,-135.7679651309739,-57.22140143242366,-1.9279898260586223
1877,-324.45029020997384,-25.893125636244704,-138.26430690372882,-50.826071021537075,-2.33369279293857
1878,-344.80022934692914,-11.090758968787023,-149.29154545571384,-57.111116849547514,-3.3558872803236373
1879,-454.21760441115913,-28.198056185454977,-138.87440637875918,-56.065039433870226,-1.9317081443582609
1880,-366.5066996151039,-32.927515292880926,-130.98239396743236,-58.99389404065995,-1.85123782116231
1881,-439.7742703036704,-26.79403474968543,-141.32975358454092,-58.255700239296495,-2.1665892046234854
1882,-357.30418920605626,-40.18443757860157,-135.66826889905752,-50.642975954477556,-3.032533835368428
1883,-317.9933138342589,-29.051392286984075,-137.42256045064235,-49.237097688755604,-2.1276758357133865
1884,-437.39326699171994,-25.59773940903369,-137.40560489645338,-55.71545879849542,-2.1270066715578424
1885,-371.8962926717543,-31.520086861854065,-141.36624732101535,-51.128540266986754,-1.2194971646398325
1886,-487.5475352290626,-39.196165271057446,-145.38542488658103,-55.40346973298472,-2.188004338848489
1887,-358.56382277618087,-29.24574538031196,-142.3451155790958,-55.67838383925217,-2.1879212518724365
1888,-489.659533595937,-38.02071159805277,-144.85520673970947,-53.392960476535194,-0.6514381789064649
1889,-431.4598553160873,-18.196246123474904,-141.1975411753586,-60.037735463994544,-1.7528810983911938
1890,-425.80850880829934,-15.25521035178647,-137.61734591824884,-53.31868335290983,-0.699923103261847
1891,-392.01907038626564,-34.623675536780134,-142.0054334789492,-56.57942653187879,-0.8274855074045169
1892,-337.85994217691984,-27.840539497875145,-141.86408712531104,-56.42729420478675,-1.4170805732256495
1893,-348.6635382308425,-20.263376693505915,-148.2043623061206,-56.450274235825134,-1.5291607834157142
1894,-315.04938749792956,-23.90545451879348,-143.34921969685345,-57.709752918161406,-2.0601390097054395
1895,-331.75034001523693,-27.454838458803774,-139.8373851105892,-53.153838078342204,-2.1414365728957407
1896,-411.8071293590505,-17.25505314817313,-151.1979004510188,-56.309858089960066,-0.9691123455665722
1897,-405.5724238845066,-32.487975514459066,-144.30736053533,-59.36365069787083,-1.2094712150823057
1898,-341.3805592239598,-29.34661159327884,-135.51531323791815,-52.059594811218616,-2.5398897847749677
1899,-385.2908235032484,-23.212068816919523,-148.3516525153713,-55.45780988450316,-1.3877515209419
1900,-318.5087710181082,-20.881004265567476,-140.11464653117645,-56.250620560671514,-2.643247633074266
1901,-335.04708685318116,-35.76741988691555,-140.57517458568117,-56.75067105266416,-2.4508799676228104
1902,-320.8897880636805,-27.430138022549134,-143.12475676872054,-53.533758384934224,-1.815688130718345
1903,-312.34647055237275,-32.930198657821514,-136.7590427697156,-54.849126021289,-2.87203939305652
1904,-395.5806743381587,-15.347046946880221,-145.5943169000642,-55.15304169389567,-0.719182602578956
1905,-410.95574925786747,-16.59080480636889,-148.74099528558605,-48.22003711228402,-1.7040850759602792
1906,-411.6760103432538,-16.83490660095089,-146.7418459357075,-56.21291887375915,-2.3096807805380384
1907,-282.0642336187361,-34.770773954347945,-146.21969955582443,-53.793067548676454,-1.3708260368040364
1908,-477.9455774251297,-38.713278217378516,-141.31663796296908,-57.389548061927755,-1.8353590734888834
1909,-334.3429989766947,-18.207355187089895,-150.71697290243176,-53.251424853168004,-1.3815260094363946
1910,-325.5864547992536,-27.793616416009982,-142.1794991142437,-54.79293490416695,-1.8137187909521248
1911,-391.13798331026635,-34.00816688677523,-139.6270015744412,-53.39891994233699,-1.6090270238674953
1912,-288.57292943867884,-21.34561702034824,-137.15675570130304,-49.434751625033805,-0.8779735782084928
1913,-409.16012669075303,-14.275983464774923,-142.86694838369465,-56.73034443866221,-1.4760781211993166
1914,-411.39687540814174,-20.400210318035942,-147.8167980522089,-53.73569781016357,-1.3319253636423758
1915,-493.55776685600716,-27.692854017929314,-151.71454673766584,-54.645947687719314,-0.5023169643470423
1916,-364.43085451068424,-26.353337294233043,-138.15925510969163,-55.02784552077049,-2.914476316916936
1917,-310.0275073040151,-19.269245790762177,-136.78783849935056,-56.814940291073064,-3.035009821192049
1918,-339.81505396711657,-35.0916895984651,-140.5632701920897,-60.99969159241825,-2.4711335226081337
1919,-295.783447425578,-46.401270188694404,-125.99242902669434,-53.44019851762252,-2.281678174158742
1920,-452.9156380390098,-37.682602016555805,-145.1864246581763,-55.90834977851304,-1.9923133890668001
1921,-281.38985085361185,-25.950746945803335,-136.40976935945332,-55.194073196340085,-2.258535377265588
1922,-335.3145126458234,-15.05523760774972,-146.3099373917341,-48.19053895924315,-1.1707690586335402
1923,-408.174118531645,-21.60508009926626,-148.04119281593623,-54.52875653492698,-2.309350102133525
1924,-403.384621734027,-20.09423977493131,-136.59805273506447,-58.00867215436631,-1.7722447886792676
1925,-435.1134572140647,-35.69460217657075,-138.85247819632386,-55.574998713561065,-1.8378095852193055
1926,-435.6257080620544,-20.12634860864668,-147.18468642676146,-57.87883924964181,-1.5429084916643152
1927,-353.29544789120354,-28.856166725675575,-159.15132959094248,-53.16510102541161,-1.031610887243279
1928,-391.3478521458787,-39.45759059582059,-144.75524267398268,-53.081726903814186,-1.6538686370383953
1929,-274.79838240564777,-30.9816423484185,-167.86486385457832,-47.95518420451892,-1.1493156144214307
1930,-321.59497051688885,-26.76606351977497,-147.35029712364735,-51.64093063921978,-1.2660058147698598
1931,-411.22428129200057,-41.67488554230511,-142.95800994246727,-60.14595234160825,-1.086892872171642
1932,-420.30554013016825,-38.239645128698214,-129.96975102403974,-51.77822013300406,-1.303131241651686
1933,-404.92524421761925,-46.17636068579804,-152.234736611194,-52.82387855736562,-1.6570420679963302
1934,-423.040382545158,-29.462530759666503,-144.58405695804893,-53.77768396507665,-2.2666028075979052
1935,-369.69598356875827,-21.8952021782284,-147.8417865894061,-54.00436584892262,-1.9109110567579521
1936,-367.478173177073,-30.49599881394648,-146.41919683073493,-53.47234820168812,-2.507206042475924
1937,-407.4688717672651,-40.12854084756373,-149.0107704929002,-52.85582525079834,-2.6824365296732773
1938,-406.52453855699997,-26.871718243228575,-148.42299056310293,-60.35203745288457,-1.8419493866598358
1939,-498.5523893185344,-27.05778522646452,-141.64207836871066,-50.62530959342758,-1.8217703495487076
1940,-408.99022500414634,-24.585686243349457,-143.81130283721882,-55.12842824866364,-2.2108845669826453
1941,-338.1138061536559,-31.048955759413566,-144.00703732156066,-52.60811240079869,-0.6469326515740953
1942,-422.791540069488,-19.271816294999102,-142.29069667805254,-57.96465409842562,-2.34953427265687
1943,-364.3962746996408,-20.924152200045306,-150.02468644036946,-54.999619189305506,-2.341589599143421
1944,-331.5892218142281,-35.48144116179269,-131.63855190817932,-52.11340197096812,-1.558336644883761
1945,-312.1370581407646,-33.24680786774264,-144.17285348299717,-54.41460919516537,-1.2332948752380137
1946,-398.84936620774107,-26.042033580061883,-156.69516888807075,-53.46862368336475,-1.535649120135884
1947,-326.06448321538835,-20.78421919064188,-131.7414930467529,-56.38005208639782,-1.9273967067844935
1948,-405.98078814413407,-22.052894148177103,-142.13553773823597,-50.897698871227234,-1.4891692557009581
1949,-449.1483759038673,-28.662626502563818,-136.45072394027628,-56.40861478572126,-1.023619221386576
1950,-386.475298314481,-31.01175150093847,-138.25225251153074,-58.132951085936575,-1.1293330725066784
1951,-401.44999261895475,-22.120006737485127,-146.87995342220384,-52.30946978456704,-0.6949362967176667
1952,-440.57065696360024,-20.731074200699524,-142.6074082198177,-52.904255851421546,-1.4732109893583545
1953,-308.66432171202086,-31.055488300909875,-132.143860848323,-56.519373600379936,-1.855773331534743
1954,-344.20302794049474,-37.05291007036616,-148.5939577102464,-53.546500845780486,-1.6024250485288385
1955,-319.3075843440396,-19.236248853013773,-147.62042936304206,-51.99054622916709,-1.0784488128055183
1956,-434.5554474481719,-11.09038187699791,-156.68445652391924,-61.06913592678928,-1.6097991767105901
1957,-345.1853496933581,-29.764318323242176,-148.01117134115572,-58.24149381306939,-2.7415720506418544
1958,-372.9262452562188,-16.175984001740666,-139.22780853631434,-58.891557331999955,-2.150849827484172
1959,-264.48193666666964,-30.88999948698032,-153.93280668457743,-59.83045065012563,-2.8175249639471147
1960,-363.25786309086504,-36.63810513116057,-146.43206867876702,-48.237198265428226,-2.0772158529665337
1961,-487.7285425989882,-35.22970512275386,-157.12121236826994,-50.43272735440884,-2.3678308992437573
1962,-374.78352421382556,-13.95010797608058,-145.5794279683925,-51.9599611395293,-2.6321966811963624
1963,-350.6733979861513,-37.383461124748244,-146.36174882653205,-51.729542120151606,-0.667428437846199
1964,-396.7518172751427,-27.333315988013922,-145.63886985141508,-57.31968513460293,-0.8310830003742314
1965,-334.7998111095772,-25.46858658851666,-133.23290581542255,-55.56698964229493,-1.166512984607778
1966,-348.76785600220956,-38.87707773321754,-139.6732332358524,-54.829948163775356,-1.616511924574575
1967,-341.9255429595359,-35.094928501615094,-145.02046639928884,-55.67222821926325,-2.46788127872274
1968,-364.75197620823167,-34.80725574145179,-148.08852034797397,-52.818066461551076,-1.6156886655961888
1969,-449.68350847436335,-32.966280850753364,-148.13155172149519,-50.08901061895201,-0.9975883538621317
1970,-329.56593422179407,-27.651075694145465,-129.06151850349326,-57.209447330066716,-1.8673988417837908
1971,-322.52234839040426,-40.55868674222892,-145.09014879953872,-54.04878341585716,-1.65621186802268
1972,-417.1769953787785,-33.40340221255664,-148.26085066060875,-54.273604764460664,-2.7094869511450432
1973,-384.1514609853616,-24.9078045801482,-146.0898221671225,-53.94935995990558,-0.7145459763642943
1974,-414.10440538470823,-22.568869322210585,-135.03633532369082,-52.58292554992312,-1.2072109774928144
1975,-319.5845360535598,-19.330067821146475,-142.2141260476504,-58.82784611968738,-1.9901957099945011
1976,-324.86122601686606,-22.72954441970327,-141.83087458962805,-56.30236201055754,-1.748513656662585
1977,-237.9758414482432,-26.41597416370366,-138.87001624969483,-53.79765579408403,-2.1474788260164788
1978,-370.06175533252394,-37.93789649028037,-139.65983712363146,-54.31682229136928,-1.2028195430308548
1979,-333.71687960274204,-25.00065014924397,-134.21974059415695,-55.689713778094465,-1.1260568303639646
1980,-299.43407803451544,-15.72460791520801,-143.60146913442307,-53.99910239728722,-2.3663402527631847
1981,-411.0976330128834,-37.236210794711525,-149.72315529751629,-56.043089569438756,-0.706822128813716
1982,-435.06880568422304,-29.160306960015525,-138.44915137640044,-54.31213765994952,-2.660107398569894
1983,-393.07462051172877,-35.262263188585756,-136.46968903927024,-56.21256758900322,-1.9370952437372515
1984,-342.6365687080155,-11.952302012278462,-150.36014197364628,-52.55928518500092,-0.9168797160640016
1985,-322.5105353591083,-21.566733399029125,-138.71324800791496,-54.95602480245953,-0.3058378308698648
1986,-351.81624912691194,-26.984834299129492,-138.30141399092574,-48.49803372403333,-1.376748807011338
1987,-264.37053620642473,-32.307248616284994,-149.81381723348295,-53.88916073848989,-1.2141684879170827
1988,-385.53385301251325,-27.923363129930006,-148.01988023378132,-56.61911717486541,-1.1563660377567868
1989,-305.2187807676467,-28.447900214108042,-150.1985042768713,-59.52874830964153,-2.757053154532155
1990,-356.38377105201977,-26.010132488693774,-138.06197875916607,-55.685958454129725,-1.3371796888088405
1991,-472.623958823428,-22.823152080220147,-138.89310371343575,-48.83293074800642,-1.5572888610468194
1992,-335.9137078473332,-35.80885988085894,-145.68569612787024,-52.57479648610076,-1.908268962789009
1993,-347.53430056958604,-31.59862584710982,-131.57431584943595,-53.07762317957227,-1.0106268387946773
1994,-352.9859521515911,-24.460048867958808,-148.12284680270196,-58.852692714731994,-0.9057464811017605
1995,-472.4472897985013,-31.73898813366191,-145.05501217530846,-56.19724884381463,-1.4333989165296186
1996,-394.31897954557485,-38.06537012752975,-136.8232595879382,-57.35678217639505,-2.574016244503966
1997,-361.6357229921578,-51.170420181480935,-141.6797497613629,-60.292002354658614,-0.9212932524679138
1998,-413.68230524977156,-26.838844299530358,-140.64908334493342,-56.00494742042043,-2.005643258843231
1999,-394.9584920807427,-45.01547575486208,-151.18075225087506,-56.319987261036694,-2.100639317071013
2000,-485.83419364378835,-39.6953113593593,-146.30289588169938,-52.343422505924096,-1.623434958592337
