draw,all_cause,mental_disorder,cardiovascular,respiratory,self_harm
1,-404.17509891044585,-31.217656922038987,-138.81589471896157,-53.037213791314045,-1.706354046242663
2,-360.61975998822254,-34.85095967271533,-160.39761653659187,-65.55644380563533,-0.9924313660236924
3,-430.9005908209684,-15.996828430641832,-144.16626749072398,-52.31425964132566,-1.6492198731157584
4,-391.9344174749028,-25.327320727550873,-148.77420547500768,-54.783258229223875,-1.865799916738408
5,-271.65108182383494,-36.079589365127696,-151.24145356476197,-61.51850441883073,-1.1376421220446051
6,-368.54732996111494,-19.28840065515439,-150.12203864834257,-57.26315581835914,-0.9891052381915146
7,-425.51024666089666,-28.277391571286888,-146.06378755104038,-56.50357620542241,-0.687380839835068
8,-411.18425637827113,-22.168157575634538,-159.1160868255584,-59.634390371793714,-2.688994340973349
9,-356.43582351910015,-32.31519027087492,-152.32649511758373,-55.097377120647025,-0.9242962505574249
10,-390.1897688680885,-16.80371677502838,-138.5046291727135,-53.530260496062525,-2.4095489883644396
11,-380.14017211394906,-31.539375879661314,-138.9766280950873,-59.02375578201391,-2.1434308714171535
12,-409.28561039012754,-29.575735799697114,-154.85657371953872,-53.98664105678698,-0.833362956572653
13,-360.56572536637276,-41.154918358831715,-157.97792120186438,-54.35581331581919,-1.1132253320538439
14,-387.1850607335391,-31.178561068357233,-158.92218866077937,-57.615465971392304,-1.967401416624793
15,-461.80856059481306,-35.36312829075196,-148.7943315545894,-57.33789788643681,-1.4676666051698486
16,-346.1890295991026,-29.157479807859094,-155.5434271951747,-54.96654873471122,-1.701072020963625
17,-434.76878615272824,-26.487485555195846,-132.54627243225377,-59.24700908455596,-2.003297170965307
18,-435.88890794502805,-35.26206704256708,-152.1298822110317,-53.70690512757903,-1.390358398227242
19,-412.72058682448835,-45.26751188286294,-140.55481006471803,-54.09487688704103,-1.7872624991379242
20,-253.75438472786638,-18.77327180939773,-163.77867794773053,-58.73070912628213,-2.372798694407474
21,-352.5406835546471,-41.753305711645766,-147.7779422728564,-58.515284115795396,-1.3609888880184073
22,-431.03377424184714,-39.588689565901824,-154.9157015888831,-54.32186227106421,-2.578705830455504
23,-442.0774014511589,-17.176053299111658,-154.62020163062857,-61.51573489788112,-2.0364225546124803
24,-330.7564210957847,-31.662780828147838,-175.70191532344262,-62.64172782130559,-2.141311755914637
25,-240.14975266066574,-21.83861484862448,-137.7150331158379,-61.70553242558244,-1.0595209790744837
26,-371.23025659200425,-26.395805742028752,-156.18573136094525,-59.31224290967416,-0.9417203592398233
27,-401.9143546599712,-29.715877463855556,-153.72220515435728,-58.0307477296703,-1.8612335771700088
28,-382.8446325144653,-45.936802804802966,-132.67331865988083,-60.150793327673505,-1.4275699547984284
29,-361.631045709499,-29.024244127013763,-155.4853485079162,-52.99096879589384,-2.3749719981398014
30,-407.8623027152609,-36.508163323786896,-148.00302912125488,-60.03758917567902,-1.9471763347117348
31,-417.0225671180003,-28.134925926473947,-139.75876077587594,-53.33621023426287,-0.5502780437400216
32,-298.97122650490496,-23.27033840145555,-140.89651144370362,-58.51342046962636,-1.464179804401629
33,-407.47658059324107,-24.553671588816268,-153.84804980186507,-56.613229628923776,-2.6886315011124964
34,-241.58557290368387,-28.410613692415293,-158.16202083326723,-57.97873932322227,-1.0699772266826166
35,-512.6019062509038,-24.352433315009883,-142.53868448739982,-55.7221961748038,-1.6677980330858766
36,-439.5631454396107,-30.537321481394237,-156.50290503740118,-54.03219826879956,-2.195404578423994
37,-442.92057820979835,-48.056420953733046,-166.21856646287148,-56.00979328745625,-0.9676944044965057
38,-423.61431759629784,-51.55743197759202,-166.83306785666053,-62.40897580055298,-0.32399964599413783
39,-361.63021803595774,-14.235464125786295,-156.80368605553218,-60.11458586208581,-0.9346727527638856
40,-400.83111498225094,-18.779335605541956,-139.83571783317706,-53.00628486198495,-1.5341068030338672
41,-375.77658959338623,-27.623034071580495,-137.30259807805234,-52.74861925956109,-1.2303245717282685
42,-425.1141286896395,-35.56184294874578,-146.23949528423333,-56.41707493265512,-2.5130944984852994
43,-377.55490191570993,-25.46862404860585,-141.9777084482741,-55.39545933234389,-0.9564534989624649
44,-440.5671705051141,-31.180989370131712,-145.42650109133086,-55.534196993440766,-2.287516109330878
45,-370.81676841236,-38.003553523511535,-152.1011353490778,-55.85526215205281,-2.5598065836069894
46,-365.25474435459586,-34.339858157285576,-151.4113602693301,-61.94297584204782,-2.148988155599135
47,-384.6879843109743,-28.009561481685672,-153.0033080146684,-60.0006164148849,-1.7653534471372754
48,-369.3912328805979,-33.73950299047354,-152.97012425453508,-59.31250506070432,-2.9684937916343177
49,-319.0302202666132,-24.768994259414285,-138.75998479959654,-59.4370912387953,-0.7847486540320456
50,-354.4305201650533,-30.31169551808131,-157.55549022608812,-65.44001045127358,-1.3703047161147657
51,-346.96208865339844,-29.965213544963476,-146.05887731129638,-58.929173175285,-2.0790855044435657
52,-286.9809124816029,-23.843769280408402,-147.34114932175547,-60.683054850655395,-2.5186727501903072
53,-387.62099291591153,-30.846748829571126,-149.61278328701417,-54.42036615419916,-3.948309776326582
54,-395.0403057332117,-31.422349687029392,-156.44422337752323,-56.46694037515695,-2.748514005770805
55,-310.8763805171967,-35.02191553304308,-152.1189677431633,-60.2204843478112,-0.2913259213261455
56,-429.99678680244324,-29.273648164963298,-143.66441935185858,-55.98616118008752,-0.8201135071212353
57,-381.85916419291806,-16.174511881720832,-141.8854925210694,-56.62647444581673,-1.2314201716529956
58,-488.7289417765863,-8.249553879397025,-150.75672105849588,-53.4887366045707,-2.7851439636705604
59,-358.405494859159,-41.06304208818425,-166.837213859765,-55.43957696352694,-1.1995233672177854
60,-357.43587210576817,-25.321504705898267,-135.54970271293183,-65.20411759197783,-2.34335323711715
61,-317.95017183253634,-31.266360227026222,-143.79170946104216,-64.21769455603766,-1.9713488949334586
62,-491.55627475220064,-28.7663613425125,-148.81572332492672,-55.823689392801974,-3.0238564297020596
63,-442.2519923662302,-30.1890450465738,-146.49595663115863,-62.42184898213723,-2.283684321993216
64,-283.0518284960645,-29.11701669774711,-147.7361090997715,-53.75705769161367,-1.7056359027667645
65,-392.38723952390137,-36.65679127279539,-161.09309399858867,-58.42097071998362,-2.9854553664813532
66,-339.7060727481868,-14.315840750923945,-154.86049648414394,-61.56387173479745,-2.2878055877167762
67,-364.16067486511076,-30.58842749547829,-161.70617424421502,-55.13261731949174,-3.1822218207094846
68,-372.73933169338414,-28.822500496997446,-156.99950536786403,-62.053164615998604,-2.1924636614662067
69,-342.34742451745046,-17.635858885151272,-148.57632722898873,-59.64117160214927,-1.8496944386493983
70,-312.389723293577,-28.529602814748916,-145.7728898280298,-59.402382343734985,-2.1351304737936907
71,-365.69256237362146,-34.64388596297117,-142.29807869685328,-61.96750881568755,-2.303273719364725
72,-461.76226401819764,-18.672174533308787,-152.16418496233624,-57.8861639412365,-1.8246612703012446
73,-475.6550525521652,-23.097624092890328,-149.07561566008079,-56.95524690364048,-3.427103272638203
74,-386.1238419579478,-35.1525584154432,-143.64794160464024,-57.89390659498196,-2.1255492879800517
75,-449.8637196314342,-29.025758263199126,-159.47007114215634,-62.47865574287833,-3.2277881292140216
76,-407.9073099092564,-29.247457879104473,-153.40208960568773,-55.83029776653044,-1.5972336021406959
77,-385.2447804481455,-21.19850952082036,-151.9544812072779,-56.828827643011856,-2.5199029388170198
78,-255.14946445089134,-34.90230820173691,-150.72937602758486,-57.96074673768789,-1.2264320229018975
79,-373.35675392006993,-32.66075724700648,-156.9361441475387,-56.384348384351796,-0.10253990419046492
80,-315.91735132772857,-33.11923913065621,-155.56853492112498,-52.697480473896505,-2.0135069632107467
81,-423.1528568719949,-21.44704132785767,-147.6239671685685,-51.7867023159883,-1.680360463923336
82,-333.35788370715954,-30.176481325711176,-155.82018660833367,-52.75034189649382,-1.7295492655558808
83,-440.52705151028357,-51.29392330712141,-152.07963071012554,-57.250192600491836,-2.4198647454208846
84,-402.9384205355435,-15.86808211207322,-133.85096269702493,-60.54890355486794,-3.180234574252644
85,-429.9984158046855,-38.55306194463074,-150.67894690410586,-57.943732238562674,-2.5062876128802754
86,-436.7289649705937,-19.07736011963729,-154.10069754190917,-57.21805670344151,-0.7173338024511814
87,-465.0813005413657,-25.03692818481825,-149.88590695795335,-52.49749982047029,-1.4157382905047264
88,-430.4044207522985,-21.901064015446508,-149.4645240830287,-57.717318471973904,-4.078201859492403
89,-377.95329715394007,-22.851868447793905,-150.99920823060492,-58.53828137475538,-1.292027601473391
90,-468.1939740664701,-15.049432423054967,-171.9648216039397,-57.71374605632676,-2.4277244318682274
91,-470.5707977622685,-35.196247245697435,-162.56396756500155,-57.127095406737936,-2.1209917471025164
92,-254.3338022628669,-46.43410610242062,-153.57009364945225,-54.46367614453019,-1.5698709312152839
93,-336.91381750199554,-41.10815684942811,-150.00675343913363,-57.69117237249826,-2.236058119753155
94,-303.66021691026725,-20.166255738639546,-154.54581131144647,-57.58418470070044,-1.5381202027172887
95,-338.1618748239879,-39.859656971267675,-161.6342993305654,-58.815402218690785,-2.2582878429418147
96,-346.99149318942824,-21.02260793390919,-159.13430570212978,-59.23808297224236,-1.8713508368711738
97,-411.2568520984992,-40.26429944064465,-155.1636617232988,-60.22231324062307,-1.6396355368670525
98,-281.06027626223886,-19.077270199240886,-154.42254887986843,-56.60958996587923,-2.154417076741442
99,-429.3395783593196,-18.335251893907046,-152.62818130744293,-52.057898914872546,-0.8186066614024623
100,-403.453315346928,-43.37666786352653,-154.95911869827742,-58.961102870494344,-1.5945664070577579
101,-336.89324855193576,-32.90688723644934,-136.85009373966787,-56.87917061865112,-2.4580574146943754
102,-318.36816014841946,-37.623897710305464,-156.49494816714306,-54.62312344033961,-2.3095106792834557
103,-434.07750068893733,-28.260071693636835,-160.71432520633363,-55.9606492124866,-2.3105842514857167
104,-403.6705018154029,-21.016152735481175,-153.770440636578,-57.340996215222496,-2.0108844627643028
105,-435.02266415636115,-41.274895021925815,-151.42966009003663,-59.1109921390502,-2.2480354461759884
106,-341.049506283591,-12.670917346546005,-154.3187227191322,-61.07883070147815,-1.287484960610357
107,-323.1852557857553,-30.214045306152148,-137.8938120176872,-54.00385509116178,-2.021011195837324
108,-363.33219669164436,-29.1250281025561,-161.2506192771031,-53.56905727419378,-1.8734203692207247
109,-277.5096220193624,-33.17308166672162,-156.2599493332697,-55.26835851759874,-1.6797273617058692
110,-305.8908954349119,-20.567623078426323,-153.8316789695583,-65.95732483263212,-2.0764755061177764
111,-359.8846616858844,-36.07112008640848,-155.63652406454733,-55.933874247925715,-1.0188861040968586
112,-400.4379978435001,-31.717273930801383,-150.16896661275936,-54.58717908821427,-1.6999076871915493
113,-355.56841887358235,-36.85726963155424,-153.3695826067655,-60.28637971430619,-2.4921506799035607
114,-285.4444027058954,-36.43069213247396,-163.803610629996,-58.70477705566031,-1.6902576895142047
115,-224.21330548086135,-41.62671684821393,-157.7963929074831,-58.67762812161985,-3.0684902725852274
116,-305.20160576486313,-46.49115892210404,-158.7115395274901,-56.61267007759067,-1.91778470466098
117,-383.2193003189507,-30.607544451747355,-146.02805026218329,-51.86000726038542,-1.4649298604438648
118,-432.73247733150976,-27.384416054966216,-149.3487723592647,-62.06654051377992,-2.8566766706953723
119,-348.4497179724648,-34.48904274053178,-158.784109255863,-58.4560290300274,-1.6285027128081626
120,-379.5837351190823,-23.28438622604231,-161.04771633835037,-53.67204345189705,-1.3550517153570178
121,-353.1042708304172,-36.50747657198348,-152.4078360567996,-57.0870892728089,-2.4844734342996544
122,-393.9206710893004,-27.25495758724063,-158.48267015739515,-55.31361833953888,-2.419594400087966
123,-291.678734112636,-12.699002433009271,-146.78216509781757,-58.411340076340984,-2.4838131481613748
124,-343.5109996873751,-23.569583720738198,-158.81789710143488,-59.38767405514242,-3.56998001316476
125,-436.9746386258965,-25.45591355655949,-156.55200256742913,-57.455548632809716,-1.374240392410169
126,-426.9885118347026,-27.318223186435063,-152.76573978295792,-61.53231282110021,-1.6105049131383833
127,-381.1357604115618,-33.38901772235288,-135.70123830382323,-54.572357670947895,-1.6514736995307409
128,-361.23440468165404,-24.438331780688884,-135.25052926966865,-49.94938706539087,-1.5103808285032296
129,-318.00323463308564,-36.606227856053,-148.7198732419056,-58.82046245038372,-2.162318564669246
130,-468.68277029327163,-25.045213836321132,-144.32345798071475,-56.37761127151217,-1.312036854929172
131,-303.30834647776453,-17.83117559135037,-158.67426517854898,-53.512805441110515,-1.5398567751198518
132,-470.7686090177035,-35.121790673036514,-145.64169632501884,-56.832680048103526,-1.4713267435238397
133,-347.20590929513287,-39.91221734371708,-151.98402345264049,-64.82663474746263,-2.498378853158512
134,-343.1638360352327,-13.402241291418617,-159.30719416961833,-53.85180840000213,-1.6864360754273386
135,-390.3387067631188,-40.94697412960561,-142.7787355341254,-56.37684978567304,-1.2214367402268893
136,-338.5914049928277,-32.89776317790764,-160.90483349673886,-61.68715889130434,-2.7629849859102995
137,-532.144997877113,-37.039880176344916,-144.19285315860765,-59.43302095893232,-1.7246993047938584
138,-380.14375184275804,-19.67071342608355,-157.33602483243396,-58.61549770982936,-1.821840400351901
139,-388.98079445936105,-34.99709226081811,-145.84204883109675,-57.15206287205562,-1.5315402031403405
140,-339.89254313607887,-25.310996364070927,-151.43506672759324,-54.899507734493,-2.5478757198908517
141,-385.68307501209557,-27.569876713788386,-152.52470219249562,-58.24218002242146,-2.325082179759958
142,-405.9521141510386,-27.864948950944438,-145.58984543958687,-58.85312866625209,-0.9814282517690927
143,-289.4205908351161,-37.913468371645685,-159.27359017709153,-63.272764446319,-0.8007115385609076
144,-418.0813385447456,-37.66291004107194,-154.97120204386778,-54.7259277455189,-0.45502642373546653
145,-370.65969599056723,-38.68063014322608,-158.91244810240426,-61.019918266974365,-1.748675948246698
146,-455.56806402160095,-22.97641513392312,-143.94701337950158,-59.79698922607021,-0.9761915316667537
147,-392.7671739444457,-28.7180749597823,-171.2349956234482,-60.06951867603197,-0.5143953692434042
148,-434.34463837902763,-24.12106464626119,-146.55106320022108,-52.70142978119888,-0.8768063194052956
149,-397.1087071790485,-34.00802294675055,-152.34359442588047,-54.734340629065606,-2.164252819580883
150,-394.71481932766477,-33.790454414822335,-130.90898036382777,-62.166965120404505,-2.795790075979535
151,-443.94293109086505,-22.3106115436307,-148.69819679786417,-59.968221806755984,-1.3183056328387026
152,-295.27887182911286,-17.505524906299502,-158.71515824876084,-59.76220258481751,-2.4783117357974693
153,-311.80225073423776,-29.872272084257368,-153.4973992568412,-54.44632819312539,-1.441721015411313
154,-434.7718753215951,-39.62157024743766,-153.6891030569724,-60.20079431230804,-1.4528317834755569
155,-412.38644255962686,-36.062932386345224,-152.55177174911276,-55.92928755905237,-2.81292228955095
156,-346.2243118574945,-23.018868422651767,-149.1063589383144,-56.3157880141378,-0.5463652714077498
157,-482.4584236966072,-32.58875558546804,-153.44521033166336,-59.263240367113845,-2.7847875007882723
158,-397.99040008124126,-22.257591156829204,-159.55458140598824,-58.661255600415785,-1.7237844626703904
159,-446.10100058577194,-21.919755064706433,-156.54063441901044,-50.02758705790657,-1.3411649921200655
160,-546.0520879161836,-23.7009087100955,-149.15650560733678,-58.39135742990446,-1.5186492823381317
161,-478.20266796619006,-30.109943085510853,-149.42773415654736,-58.0580011869119,-0.27913084176831743
162,-386.3435304885431,-15.83007669502937,-161.8037912835076,-61.73717075183041,-0.9315061842184283
163,-464.06591438643534,-46.54480093732404,-150.4740730168676,-58.9401487188523,-2.3877467363985962
164,-369.98345628440313,-22.553308182568106,-146.97555363079275,-61.74358703191736,-2.096994452364493
165,-394.60220979031317,-22.44603925800798,-148.29753728880013,-69.04267576522295,-1.46606238557737
166,-434.6820654780952,-37.20745970825069,-148.0321862594573,-58.721150914916244,-2.1255739688456803
167,-422.89131216874154,-27.845154342687504,-150.74787698436373,-55.257368194002176,-1.3177844023599101
168,-320.55766674881846,-30.26954231176677,-155.4772254483295,-54.602332306728094,-1.9914323501259121
169,-406.16523856956576,-37.75294583097534,-142.40624680823922,-60.51411461060687,-1.7509390825151918
170,-355.6161719967089,-26.03948236052943,-150.76548607708378,-55.5808687278054,-1.9121412789327898
171,-335.3634541552007,-39.131947785793926,-157.87003699090505,-57.04141603598808,-2.2914334514496244
172,-341.4374820812029,-29.97907277363667,-140.7459445961859,-54.418433753018796,-3.5458426132569576
173,-438.6111078043719,-32.250231328938895,-162.0428543711787,-57.564650213991776,-1.9777129639822675
174,-295.3839336742913,-18.201516863945017,-153.3072827256837,-66.04363919815222,-0.9400437427073197
175,-246.44126034898986,-26.448986291388564,-162.5926810983083,-57.065938021162296,-0.6506856183918298
176,-351.5464702603118,-25.14335453562836,-141.02975198295672,-57.892237254697534,-1.0159963648241703
177,-318.2086539277116,-21.573563143390338,-139.29063488734317,-59.68553531239744,-1.9371019301317793
178,-393.3272337708702,-30.14945066187753,-157.9939850855707,-55.35362467745013,-2.3422978660082205
179,-337.0636756664357,-35.97195264885499,-149.38896068978505,-58.81997669897533,-1.5341799080885714
180,-377.5363310373984,-27.18691905263114,-157.25876461154763,-56.77601115057355,-2.1414631574386087
181,-442.17761884047366,-29.797043206865855,-158.47436304264068,-61.04119129684852,-1.6351268570837583
182,-344.4884809737667,-27.365327870876683,-155.3984165992157,-55.73599926920066,-2.2254614454124435
183,-392.96679208480873,-35.571733401145046,-157.52191757813395,-59.50822266621356,-2.54936245487924
184,-398.48786062936887,-19.987556103026,-150.77553530547408,-63.509993966023934,-2.5130962207227467
185,-407.2344304841934,-30.303451825677023,-149.55850622496968,-55.36320745478431,-1.9727987336674213
186,-354.5694033336521,-44.28995341048818,-159.66203802878385,-56.89637199807589,-0.8473533694193298
187,-297.0136941546323,-33.020230733733875,-157.60669404484216,-53.846799504068045,-1.6548389933618517
188,-335.5241110280007,-10.394013289830681,-143.97368862069226,-60.87880907836382,-3.0599407531782257
189,-299.2950201236082,-25.564105605706168,-159.57251356336712,-55.32442020310356,-1.5103338555698287
190,-267.27588091405465,-30.14422162337053,-142.24365286288526,-60.19268509574173,-2.899810077494456
191,-289.8572975551198,-29.003090477677066,-144.26433318461198,-58.37458900376878,-1.7224932924937355
192,-403.1464560508711,-18.55095440691483,-150.49437548965727,-57.44120809600808,-0.4126837025893709
193,-394.60181832689216,-24.081724867878787,-152.37192544987926,-58.57012119188734,-0.9499035179207751
194,-425.2406369189188,-40.5604174871349,-145.21973977246296,-55.03594556456836,-1.9796990815017566
195,-334.8691429237233,-26.379551956926658,-147.70736039049154,-60.25874673739231,-1.376486886867763
196,-329.4124758649906,-32.50051711551563,-143.7454897227185,-57.29314113353514,-3.408063433858693
197,-336.6066464457832,-29.64137063143253,-144.32439360809545,-57.63036752937425,-1.803592265171551
198,-423.2223022382517,-29.292978181959363,-146.61105039116575,-60.913358593928166,-1.7419309387003032
199,-467.32744932412,-26.20493610200084,-151.0048013349558,-54.945544831164085,-2.0141331965346616
200,-483.815755359257,-27.276243875395085,-148.22468704031334,-56.3199679047461,-2.0401134597908013
201,-343.52134322219365,-35.034458105694966,-157.31283050690308,-58.8301056617953,-2.061878786889594
202,-425.41131821731454,-19.533108937357028,-148.27666493618545,-51.83018489315346,-1.1253382542296093
203,-499.5238152935237,-17.46640641644915,-153.669744355501,-56.464660479240784,-2.355687302842935
204,-455.6980747382032,-35.16026442207828,-151.69585109075638,-58.82826805020018,-2.0256074614092365
205,-385.68488354178805,-20.95225756528571,-148.82554581328864,-56.31375359553673,-1.1797243040387213
206,-443.5955586582545,-41.732217870431846,-155.0566400930122,-59.588228049584394,-1.0271093591107359
207,-324.36313337459603,-37.40426903958022,-157.6809833212294,-56.635253431564216,-1.1535105690240979
208,-372.16105514044415,-31.816909407412687,-160.92461826385585,-56.35714846656691,-2.4654189743170027
209,-455.17513887392425,-33.92432130115276,-153.7203245396735,-55.19608507646192,-1.9681668130750585
210,-414.3866937950747,-31.918024613839542,-139.8668223450283,-55.48327583426352,-1.8266968663852805
211,-353.8188306744584,-34.255804989839724,-143.50475945478954,-57.56716155263465,-2.2055768483916856
212,-349.32945270113447,-30.18603522520577,-148.064507568078,-66.88866895601105,-2.635595546012056
213,-346.1961295231848,-35.92885015757089,-140.76025327059673,-59.22266772635593,-3.1222753593295733
214,-398.65142445717487,-34.693700752615996,-157.22189687822987,-57.522788526782904,-2.363336161051306
215,-417.13836465114514,-33.653395352654144,-157.45290979007638,-59.21718195359564,-1.0080761754892034
216,-298.1759891508616,-28.509406666334453,-149.4162239229032,-52.27198555828745,-2.4914447524093917
217,-394.68703822375284,-39.804558793821286,-136.87264979476018,-59.51109163159754,-2.444130970885926
218,-392.994394960247,-31.79687095858341,-147.62518427780125,-60.133781775768874,-1.5466146768090954
219,-425.1795963872307,-23.8791798848513,-145.05838971837963,-56.2724664312433,-1.780106889984683
220,-285.98868866093363,-27.041929924381666,-152.59668480673386,-61.150471990837794,-2.142525222813209
221,-383.344847419628,-37.916307382205694,-147.13589926513455,-58.88985511676114,-1.8616129381529967
222,-293.95918351685765,-36.50286492674779,-138.01938128191702,-58.40841448316779,-3.024639859622831
223,-462.28509309767594,-30.162312634049538,-152.18196821118764,-57.75511988197389,-1.2515257674865135
224,-467.09123945125475,-35.83345037137274,-138.35163964917825,-49.365507106773556,-0.5177035546244393
225,-331.91606051162285,-23.433928838714078,-163.98741078088207,-61.6680985392454,-2.374845907846609
226,-346.68593525586704,-40.23665751885044,-167.38812988363895,-58.39827080468355,-1.4182135514517304
227,-464.4865672283852,-20.611615242302854,-159.33606196389073,-64.39101783777969,-0.5495899636344632
228,-410.76741738735245,-37.278051589239475,-139.63114438487906,-52.04210810400827,-2.191958825167748
229,-455.1781483446168,-38.368864750677744,-150.20034762080275,-55.7242694435192,-0.9350346401424239
230,-343.70716436246977,-29.292667948265052,-152.86236510669679,-58.137217323483405,-1.7704083361872454
231,-462.7555831216471,-26.825634989410464,-141.59081779188762,-54.72893618408215,-3.8515985048299903
232,-430.30572470121297,-24.057473010966074,-152.86725814734265,-60.816805674556214,-0.3238982190706993
233,-333.69241508289764,-31.166757025835892,-154.23191143856667,-52.76049295421135,-2.43745210618965
234,-393.67913294402337,-32.64213339954453,-153.65117112850155,-63.44262920451932,-1.7334562820568715
235,-269.87290337581607,-32.074321069516756,-151.42095399322181,-57.91623364346672,-2.4131374885633186
236,-359.2909556096738,-21.71003097052649,-139.85106726116996,-52.581936337927885,-2.7820150492909725
237,-389.8474429621988,-23.99408614527626,-150.28581546367408,-58.57631958963776,-1.9004837798452716
238,-397.6795975981988,-28.554194553142647,-156.65775422366184,-60.7701036902438,-1.517448880077177
239,-432.2400974250447,-31.11676649111714,-144.86153980337156,-61.97518949377236,-0.5254005517282114
240,-415.7888395313188,-33.69115227765298,-167.6758397503304,-56.12285518654604,-0.11013511501211093
241,-404.6480665679327,-25.788810783288334,-146.74567005905706,-60.88594130400326,-2.6666242507562297
242,-370.1607750253266,-6.539141735182726,-152.54084492304878,-55.018046489397854,-2.5713328533854347
243,-449.65754519357364,-28.1263336343184,-155.43100311346612,-54.83562570868266,-0.4318511414397243
244,-249.87987532870014,-32.58124137634731,-149.54973263069917,-62.08667729695425,-1.5218211685264496
245,-394.93633941055094,-19.84994929104343,-145.69420876436652,-54.450229354633,-3.1938414815299274
246,-485.9096648478013,-46.35430596341077,-149.77652022008087,-58.03556448261537,-3.069378925889102
247,-488.3837004690922,-24.74806257198724,-144.8251785314646,-56.94533951750794,-2.561726494380948
248,-473.69789409207027,-37.119993592601396,-161.58769180877064,-57.30510976978464,-1.6191184384450241
249,-286.7794349647256,-27.022491214186715,-156.41206156135675,-55.60225493583153,-1.525694137341487
250,-414.73323488248354,-23.6050917226779,-155.94906493322807,-50.23261387992295,-2.0164994808248706
251,-378.9083147225354,-31.484775619008154,-164.3287203648184,-55.20717762999187,-3.0449663532739466
252,-297.8448237855461,-33.89930179126959,-149.6553057652742,-59.09096656292298,-1.5703504322852007
253,-433.97847910033886,-35.557821438065744,-157.3052444137852,-56.780582524348574,-0.5957780220816662
254,-411.52041976478733,-36.35207591948161,-140.92138411488386,-56.65912796567224,-2.174200279336944
255,-421.55141966070437,-14.955236938861855,-141.24320756530378,-57.96375910399236,-2.5042936371682027
256,-394.884502142424,-28.452830952385828,-149.87054099344638,-57.13449204547967,-1.704643518636745
257,-366.4810198732565,-34.09152549703496,-158.9937149043752,-56.96455550840986,-0.3482754395489475
258,-344.6758620510068,-29.98961982583107,-157.1368245637911,-59.47711789728422,-0.8738439158002632
259,-471.04208923032655,-26.319768398340624,-151.81336243873233,-53.82529306294232,-2.7711726062832427
260,-360.6741763985453,-18.949266073118817,-143.77328478500425,-60.271496142227655,-1.1932487795628104
261,-482.5430377466552,-24.561202531569823,-149.02432407480015,-56.6258474766175,-1.1964772676711866
262,-362.26025560512204,-26.62067855709136,-133.5713586581675,-59.052000138920256,-2.3633230827773906
263,-294.2443928891543,-35.028099744131914,-146.9961543871895,-53.77836208514044,-1.3843073723061292
264,-416.82974850478143,-42.488371603530396,-159.29731835710493,-57.97224786581006,-2.6485837098704543
265,-478.75060994559686,-29.282077905845746,-151.51041644505807,-55.98849199147963,-1.8058803163544597
266,-380.8283994186762,-43.174990557592956,-152.2189037751432,-57.831233911700465,-3.4531021450044492
267,-312.559331074767,-37.92445457759627,-155.15983616318286,-57.5964544564604,-1.3651197030389515
268,-399.3078303402964,-20.4919552309502,-164.22919431878765,-53.20964234433344,-0.9986123534248348
269,-444.4898315262039,-43.632705712597264,-144.39208555447485,-54.69145997115683,-0.7234338467485957
270,-457.6979031606455,-27.593299763799653,-160.44061646112527,-58.97241705714294,-1.9933344881183692
271,-384.0276629112151,-29.40594793154555,-156.2689508154485,-58.981207599152214,-2.766204278459736
272,-286.51628237456106,-36.067133554577445,-161.7228018132924,-54.34637428310597,-1.5228159722442478
273,-350.96432124495476,-11.80551070858775,-163.71079042828606,-53.238816427595204,-3.2221658800588395
274,-372.79508562459574,-32.423350010444366,-142.50281821545644,-57.74770975111709,-3.2710225140894855
275,-393.6678040487863,-29.174175863928728,-146.27711109533377,-56.423253606622005,-2.5012885103086533
276,-313.42746547637614,-30.286247341562422,-143.61444221526148,-59.8076937160949,-2.8647965689386927
277,-386.1825706758289,-22.95095960336336,-139.6224101696215,-55.795923620723435,-2.9372921564066767
278,-423.886424203735,-36.18193559358085,-162.81819341493963,-54.65576343046913,-2.2025325448970174
279,-424.33923741552604,-22.060230837902214,-145.8758830651203,-60.93845383349278,-3.331817868071743
280,-406.0175201037799,-28.98519253638728,-145.94388741556406,-56.57083173578976,-3.2684841342668762
281,-406.0659710078826,-21.54317243456795,-160.94364477039574,-50.21133591115002,-2.985790346005471
282,-420.89600815530116,-24.197861413182604,-138.28957800468294,-61.150316882572916,-2.677365703475518
283,-357.67962580723866,-19.654470061426387,-170.58919505029453,-52.2887252655918,-1.0726942105374597
284,-357.0459562494971,-30.017584244407445,-151.6641226767585,-56.98487821245549,-1.8926068390241704
285,-386.1530958631384,-34.73681891648693,-151.34504387718715,-57.644204916568285,-1.9517771752566326
286,-258.0107486598732,-22.543747667346846,-148.56698604619356,-59.54550645347719,-3.2734703276678774
287,-369.5371929906611,-29.0562617849177,-160.47735006736212,-61.352615031659525,-0.6624098068670053
288,-413.581872765157,-25.807336336854423,-147.20987053849115,-59.517182165751706,-2.332892255171324
289,-377.43686863285575,-34.35737770343785,-146.55225793084645,-56.35601504007953,-1.1050052076876171
290,-379.58554064267355,-38.01787598917865,-159.0750914112401,-60.80764496178466,-1.6048421847582184
291,-411.3170115081029,-30.968526853288854,-157.92679010732127,-59.619893677450676,-2.68993418580236
292,-400.5299590298318,-31.85119058616511,-149.1372234501653,-65.17154413823312,-2.334137620854538
293,-361.8015441244725,-17.604584271797524,-154.74982905442008,-58.179326035694224,-2.703435977426644
294,-454.987831754622,-32.19405939269987,-135.51178784086994,-56.84708189621908,-2.359560071234525
295,-436.968831499493,-24.27544801794599,-150.702037950057,-64.20821960212272,-0.7445574754488634
296,-492.931616085928,-33.015283953597894,-160.64596585287222,-56.481494012173115,-2.1495195471591004
297,-353.87379513180065,-35.35428961577944,-157.63763450588183,-52.08582134728494,-1.7431299113961087
298,-367.31244233937207,-19.882242541017966,-145.79660575734857,-55.749892521462634,-1.0647951456610698
299,-288.6888473919873,-18.132191979634484,-148.63033984388952,-61.70788409366174,-2.390555598012024
300,-395.49387561903995,-31.119222508391505,-144.1502791832473,-55.074506941733574,-3.7868509729126365
301,-309.2718639190026,-31.568925824880356,-145.066633638613,-56.197519328780864,-1.763164350461007
302,-346.88647147858956,-34.51443150795745,-143.1263340962849,-60.130633701835535,-2.81313451035873
303,-294.73081839037104,-39.96158706905859,-159.80265187507004,-60.00811572782914,-2.304418064497646
304,-303.5700787629952,-43.453242818672884,-165.41899545105127,-49.6998509044948,-0.9763403257563307
305,-484.77268679741536,-42.28115376603993,-155.99156617424228,-58.48604802258743,-2.141851663735736
306,-442.6744261716162,-24.9938838218811,-145.10122461375633,-60.1801678307185,-1.1181658287352394
307,-293.4447266047502,-28.59996931698672,-149.58529207890504,-56.08521991835208,-2.913038332780753
308,-291.7150196958365,-29.199225079217317,-150.60189300595286,-53.45092077522177,-1.0809535090719096
309,-380.12762565838165,-35.47953658648403,-153.75447544094578,-58.701033535643845,-1.9691242133579248
310,-306.70412699606493,-41.54573301677075,-147.51234371195272,-61.64892082922248,-2.386243062314047
311,-364.05199442660864,-29.41947952961512,-146.80290213916547,-60.15077520721449,-1.8641262792421511
312,-366.03732125693836,-35.66223914133648,-146.78291118109433,-62.11549902405764,-1.3391799695318316
313,-392.6104170626825,-31.114868830066612,-169.43566606017617,-56.02759172877272,-2.2709961681414113
314,-367.39598014360627,-22.277456399233213,-156.32702759502212,-59.01530313122748,-2.2062451994467893
315,-396.72818232428364,-37.13806853215886,-153.34488876879368,-61.01757018684679,-2.2241780668427933
316,-407.6058878149922,-23.28868569525879,-156.83527094729752,-54.385266283479524,-1.1541932937366188
317,-448.6337400913255,-39.026200841582735,-155.57154259613955,-55.19822025955371,-1.438148771639362
318,-347.92008860411505,-26.131577327355902,-145.17534074801497,-58.16891528870868,-2.3121853827314447
319,-392.2183808785515,-22.74860809858875,-157.97536582541764,-57.21740639711859,-2.068168403146624
320,-358.52586023486896,-31.553497732631495,-140.52266276147037,-62.986169417894466,-1.64074012232859
321,-415.13947834779043,-34.721428396359244,-137.75095636108904,-62.95736107103859,-1.9199051167817196
322,-371.52455976741066,-20.111231178997077,-157.28649044386822,-65.4134334625852,-0.4090958255602859
323,-369.07939911720746,-31.018362904327507,-159.14777216347446,-51.72888815600577,-1.9079447818910191
324,-432.7412445894726,-30.271678066332274,-152.269005240318,-52.825674657442306,-2.5623998014505904
325,-391.057806405224,-38.032019882672884,-148.40853186732963,-52.20134135975488,-1.953226135059165
326,-333.41118615463824,-23.17929027135958,-146.0916614841616,-56.62243460690246,-1.207624035508032
327,-472.0606341293403,-46.38199418991554,-154.88225290084847,-50.853293125232355,-0.3687618147361473
328,-354.60235041772034,-41.923569075451134,-149.53698899155623,-59.47344694745406,-2.0071988830088734
329,-486.7508289321657,-33.37335856160129,-156.15961513804976,-63.01798030576746,-1.705445920579865
330,-349.77542287437416,-36.491865306763444,-140.42093595406345,-55.43528337345424,-1.4620200362425673
331,-350.2692823336005,-35.53243139587625,-162.342651420585,-62.059377614152574,-1.5204922814752806
332,-502.51158139305255,-17.737507807777593,-164.4619563099357,-54.957731355575866,-1.5589643989319257
333,-213.99045464654452,-30.974989031245933,-151.92803892031768,-64.13610742955069,-2.2005034428390564
334,-424.2127255837814,-21.314495035927546,-160.90955050914647,-52.657654965423646,-1.5023313093649928
335,-410.6327863833264,-41.713997372029496,-155.74339780463887,-47.40513492296645,-1.4050042777167122
336,-344.00522390728895,-48.74354827749474,-146.10759826497704,-54.85572561106517,-1.359372563716544
337,-429.3806431055435,-30.8766561296318,-153.03985234469246,-58.872957563929305,-2.123981645552082
338,-390.29160097788605,-31.36129920861145,-150.40212636624133,-53.50083399363227,-1.019570353458311
339,-430.5075988391354,-35.72928271461188,-147.71886368350403,-58.867722638131035,-1.8018016795174259
340,-430.88979775074523,-20.849600038933456,-146.15001503481767,-57.61416836147034,-2.5129091464308195
341,-352.84257744677217,-27.947469313758205,-155.93574168232868,-60.44507847357609,-1.6951242225208127
342,-313.4821835349479,-30.407754398336376,-148.68688421950606,-60.09673854819257,-2.7774180946517912
343,-427.5287259340989,-31.74198628870678,-146.6744402782419,-51.10303193767539,-1.1714854223084024
344,-375.049886164348,-20.283749501580814,-176.65280178348928,-57.49453947673269,-2.293982672817915
345,-309.8087547701897,-27.607125276787865,-154.8667276404552,-62.94903437040924,-2.1301801903882938
346,-281.611983169931,-14.38649699926237,-148.07537442692737,-58.72226728428443,-1.1853355927608036
347,-491.0765861463489,-36.0754515332451,-142.08415071549044,-56.704457951972614,-1.9453200434381888
348,-372.0140829284802,-22.417329994876585,-146.7404985523907,-57.466129543679976,-1.936011829079338
349,-420.16841140658136,-21.33756165230325,-147.23068524808042,-64.9870284783302,-1.2831128365796267
350,-462.28990009303163,-43.74983449831995,-152.3436343929613,-65.19277716630008,-2.3251453522436307
351,-357.19137810646305,-28.457126094218236,-153.36101825324167,-54.15351456015701,-1.9504351667780624
352,-280.5263214523312,-39.150201443769205,-157.4635548247865,-56.55878842114474,-1.916999114169088
353,-377.36357956051694,-22.918867208669358,-139.36811506666467,-57.19663318974684,-2.3852126939491733
354,-390.30928017589116,-27.079194759972374,-147.99267084166647,-55.03265184360228,-1.404019137189004
355,-397.4851577239039,-41.339476995795565,-144.9927644355244,-50.742072933248615,-1.4931065629084477
356,-439.75466505815643,-20.434043405036096,-145.06167170265917,-61.849505390167316,-1.9230764966641047
357,-438.3755441905176,-35.579749493480115,-164.60405219163025,-68.61188286625116,-1.9006207544411688
358,-404.7180351826649,-24.840154194946475,-144.6616933314851,-56.24985079108617,-1.3577248207522112
359,-351.23768146119846,-15.108077577624368,-143.91719188144577,-57.873386785266945,-2.8998035638202335
360,-428.8822330573312,-24.910955395813176,-153.23148741783132,-54.624419006298695,-2.3685872342053487
361,-321.15405791192813,-23.316342692855642,-148.83263477662348,-54.954541160398385,-3.1964680519038784
362,-359.56147457417563,-25.183113120912093,-158.92813080892975,-62.88501904532105,-2.6334485273120363
363,-418.3459516873954,-15.054902554392399,-158.06446757113656,-55.76287770232657,-1.7879688598835601
364,-392.7975040931513,-39.2581084608583,-154.22385347776876,-55.379775628868636,-1.8640207145395127
365,-340.10937751486665,-32.11673014143108,-137.0876142219298,-53.16128088029234,-0.3196043084452282
366,-440.9625693230927,-33.96163557680428,-141.73404945425483,-63.87865238430967,-2.627727674733438
367,-324.2314664470258,-24.006481243624417,-163.2124520447056,-53.83150778738465,-2.041499922981914
368,-466.6942674690545,-33.50619331247183,-145.4188336874624,-56.89773573311612,-2.3006777959573603
369,-376.42733424514995,-29.63919867420539,-150.69607156570984,-59.33896294518838,-2.3205664850281247
370,-364.4484737477762,-32.64585014006972,-149.72856643697858,-58.100054773898044,-1.2489828178982714
371,-459.1928021565982,-19.531203694337417,-149.1629361438822,-62.69551483683596,-1.7505990424206872
372,-423.97974483252614,-27.58315183898966,-151.8463874854204,-63.58883179618771,-1.9588542532733542
373,-399.8699003660245,-25.473418777685712,-152.9671908062803,-61.131990339889114,-2.664773695456452
374,-380.9682105505303,-33.331447258992526,-148.65955392544436,-56.54423177896619,-1.0473056012271653
375,-388.0819403632059,-23.8280426093997,-141.73972656437218,-62.280497894320916,-3.951640821294258
376,-418.72096408162145,-32.826585423081795,-153.42610411183026,-59.495762050259465,-1.367128147548192
377,-389.1532346780153,-37.02471056325414,-163.34572575226395,-56.87973134149226,-2.19418480843684
378,-340.3815164796456,-37.12179537636439,-140.8466238604468,-59.81877811642521,-3.3403196959728993
379,-357.2187561508201,-46.900201018191204,-153.3293036302157,-59.471786644450674,-2.9034015180105466
380,-331.53156986137833,-34.81645766796212,-165.49592612427597,-63.45678230381414,-2.4744933077339044
381,-405.78005283257033,-27.52337939898912,-155.11764631969388,-57.172109871976986,-1.9056679446489353
382,-360.8363100068886,-26.88710326410062,-154.84780232973887,-57.96763511914897,-1.8251887288929727
383,-373.4261897903657,-26.282699269902015,-149.90352824376274,-62.954267016493105,-1.3411798286922858
384,-341.9921528830934,-36.791666864161506,-148.14376080279422,-58.16064318057913,-0.8991663900472323
385,-343.775917563641,-48.91033954173638,-163.81338275990248,-54.57969486793245,-1.7392278426593102
386,-451.42262958444695,-27.70469383403053,-160.97693195318612,-66.42342370684787,-1.5220856207687838
387,-406.06206837073427,-33.598293567891304,-151.42238556863217,-57.00579198258277,-2.9134149163824037
388,-405.66069061543726,-25.106811862626362,-162.63119117059952,-59.47458226814024,-1.9296231197760854
389,-413.3318620825141,-18.491584291321896,-157.14119483276318,-55.86926699864028,-2.568327504856428
390,-410.8900855499926,-23.41391573963906,-151.1024785359746,-60.93372305634914,-1.7791237387516408
391,-346.9067373178575,-26.62289086506127,-138.62278935874647,-54.372925775683804,-1.3494444994087005
392,-399.497341790539,-27.5641781241152,-164.34388288085498,-57.63186932327366,-2.0134119362513094
393,-414.96588818773745,-28.873487264445057,-135.70556255799806,-55.79053476381196,-2.4013577457762025
394,-282.5971654861183,-39.96141514416163,-153.3837357775971,-57.88271826035074,-1.8830956296349977
395,-265.23120255729793,-30.007512809039252,-140.52527110025997,-59.24108746907926,-1.8889002116638838
396,-400.37814842543395,-23.63737906371539,-140.55085114361324,-60.09528411277695,-1.4372142360921134
397,-456.88031577723297,-34.6210784039428,-166.88582996256667,-59.20046841962775,-2.0346192516285884
398,-362.8214111021276,-40.56039260732435,-150.90565377501173,-59.96871334932294,-2.3402238086587612
399,-448.3361724071592,-29.740376878032407,-144.5139771647046,-60.154594361937875,0.0531325975677338
400,-461.66311413624885,-34.37598151757703,-146.8272314623904,-58.15601049896728,-1.5078525585946005
401,-423.7050807477985,-19.86279801649429,-163.06531029800274,-59.84820399635994,-0.975457151664341
402,-459.62028489965354,-35.46133970040956,-145.36615637009717,-61.472566488495374,-2.4728045392236426
403,-413.07777484653985,-22.59356979543557,-153.01607245427948,-52.58177754031553,-2.0825974072804536
404,-394.7559638716671,-23.051072690760932,-153.31295002240722,-59.522524929375734,-1.0002330391272316
405,-437.2334051236554,-26.89839140241996,-141.64351212993196,-55.11724558973501,-2.239540498205134
406,-364.9472992724778,-23.937603922539626,-153.06679966291324,-61.355030153967185,-2.2557468317772487
407,-425.28235403790586,-18.77300510798668,-150.43310882477704,-59.78932449721397,-1.2216749407989507
408,-359.45918909114016,-28.897307245258396,-144.18183071337546,-53.04045109958385,-2.792188103192115
409,-342.0747111013347,-35.46935211579835,-160.28652553856645,-61.49100123714261,-2.774208626108301
410,-213.54295056862657,-27.390007472771288,-144.8240032698802,-57.4095450151029,-2.587382120432926
411,-333.4684676905617,-23.639631431235205,-147.90374472338087,-60.59460008425686,-0.8896236958484947
412,-324.3851583476446,-38.67621873746428,-154.36243464469834,-54.462831652190005,-2.158434223497507
413,-505.72188914593676,-31.478725875496465,-149.9789492055449,-55.28986219149479,-1.78175818363324
414,-474.010811907366,-25.204222545793293,-157.53970763751562,-56.37004467927774,-2.0845722229148387
415,-418.0379213490965,-30.146768603309635,-152.84541864817302,-56.96572419862732,-1.2657803530756064
416,-396.89376151292794,-25.638465586531414,-150.1366334297095,-61.76272961748529,-2.412358401209208
417,-450.53000025233814,-17.402599570437033,-143.40197468219958,-56.16757067255429,-2.645079740099232
418,-454.9085513337502,-48.370578924786614,-143.08496368194463,-59.872846518502016,-1.9537492866082518
419,-398.94359231879093,-28.289148768380464,-146.1052153276751,-59.2690735163284,-1.7755997721520302
420,-446.65742139401726,-30.454458962294012,-141.8090091480705,-59.725064828694904,-1.0203213115267677
421,-499.41493088308135,-32.97221008438302,-162.654514526442,-56.61344466454955,-1.8251878195354516
422,-464.7306889745429,-26.986657167705758,-159.71646179826342,-55.044128987833076,-2.090887896257199
423,-448.4572013681131,-20.737881516839803,-149.47321813385076,-60.734717350196505,-2.0799590986415373
424,-307.001365891368,-43.6852429857974,-165.3040836463127,-51.41508078585732,-1.645427952454813
425,-361.7012255582969,-25.652628090823583,-153.10547480922088,-62.034641318480226,-2.756337509471411
426,-474.5282777241981,-35.99311988414921,-163.1712106484885,-54.47024607818186,-0.4774337050725114
427,-392.21692821706847,-30.784373968542038,-144.66223980735896,-56.73089871690889,-2.1542098494683324
428,-321.9190600000445,-28.65230303831984,-149.56645950614885,-61.72758972061269,-2.5671933101817195
429,-301.0018002384221,-26.113604562412302,-156.6036147011291,-54.03685721073833,-0.7846109355841966
430,-265.9047492957192,-32.258507084526535,-153.5217963928052,-58.70763440810658,-1.2718312046418927
431,-363.1828254003389,-34.70211208261891,-162.88369225226683,-53.175332735305716,-2.8164849457514833
432,-541.4506057507057,-25.36162050725621,-149.22388411866066,-54.251971686496134,-1.778064881704554
433,-333.17414347143205,-22.55023888459905,-154.6229628773326,-63.60066722618881,-2.8168704595016854
434,-438.952185468586,-28.989489457022305,-154.3055936211978,-62.76401811756217,-1.72683500762244
435,-318.37945305010305,-32.61949488324096,-148.13074064941736,-52.23412067116796,-0.9881282415565965
436,-492.9204953269622,-18.520576307093297,-150.35558495524404,-57.8023692672537,-1.5749356371152716
437,-327.06166638005635,-31.474270109651254,-143.98064330797658,-61.911916540640284,-2.7309370340576327
438,-318.7373935113532,-17.028187392074056,-156.3956761352748,-50.8890697991597,-0.31970004537323116
439,-354.54233751195403,-26.480434156908757,-152.36780318337324,-53.95315742534068,-2.8877288454493617
440,-338.4064976746754,-45.992669151712775,-149.51103523484056,-56.51557612564425,-2.1337869757322068
441,-419.6117531349536,-23.976888201498895,-140.4816027891378,-58.222489141101,-2.2891268338305606
442,-390.3307364840749,-27.72847203405471,-157.4123475186957,-55.340354391060515,-1.5287255778702076
443,-343.1152313345804,-45.08603656129123,-147.64580253036434,-56.62006409387404,-1.6343371080658278
444,-435.40838147026767,-37.700569560693324,-151.27509622791985,-55.33117758346233,-0.9544169028499518
445,-356.88356039322844,-19.82796712493972,-155.2612656334315,-59.148639758958716,-1.7384726188365724
446,-470.0936153349836,-34.611864597798416,-152.7490524273458,-58.953893417720636,-2.1271702017718437
447,-419.01286257185814,-27.547047003756713,-144.53365584777393,-57.666300398163976,-2.901051541381388
448,-452.5271537445697,-18.068977924218796,-139.19709973433928,-62.99319972046391,-1.5427228906268282
449,-388.29712050902197,-36.48116505500198,-140.64098331508504,-63.64651868801737,-0.967096750539642
450,-432.0986150763814,-26.06107333603127,-158.61250654618956,-59.13872092550886,-1.8889392299923782
451,-406.64046638072347,-31.929933331477358,-147.239042419984,-57.02931825881035,-2.657418559930124
452,-356.40612252593996,-17.296308926068757,-156.7831130141172,-57.47330296314686,-2.1254208663363077
453,-409.0191454193933,-31.46868735056584,-153.7109908392658,-58.634241909560565,-2.4779035648355885
454,-296.21062342658706,-26.188962729206025,-159.58636124690307,-60.4732651104005,-2.040723211683359
455,-376.90135306593186,-26.01994678758036,-146.40976245662335,-56.428042341201696,-0.831861195086205
456,-452.9103047985952,-20.888322003569023,-150.26752550013887,-58.69394697228995,-2.8204308590240377
457,-330.8209358793712,-12.086069693797622,-154.0861500298662,-62.05794511939007,-1.382292768847033
458,-447.17778256960344,-16.239194790416313,-143.35605883145277,-62.54832510540458,-2.0480657311346877
459,-345.92415896002393,-36.94470301821706,-159.80534242249817,-61.412479683417295,-2.238682423074471
460,-388.37637457426194,-25.72517777138882,-158.0908687802805,-56.555892413901134,-2.4366637498135364
461,-343.1442793886186,-33.31786266183824,-159.70161636364864,-54.3039545508664,-1.6433386813721893
462,-410.4802060119529,-27.94664604067351,-148.54355457084847,-56.73411242915298,-1.1590121451472886
463,-424.3673847432429,-29.210667610331928,-148.07328944949353,-55.15315830586908,-2.3141951545473374
464,-324.04694723324906,-28.30774454958912,-153.42346714944807,-57.86800807054889,-1.9841075072147327
465,-356.17421666177825,-33.1889334034131,-146.03210079754825,-57.46246146360662,-2.1277484889093676
466,-396.93775810497505,-18.183943399385473,-157.3675718033968,-55.37604619339889,-2.429298068187325
467,-425.91998361448015,-19.778943785083626,-145.32592045045197,-58.126965023238796,-3.305104552636984
468,-479.932486590199,-31.84313076591395,-167.31292019799844,-58.39693667066908,-2.3252854158617957
469,-271.7597605873889,-34.29659479986342,-160.40989396363884,-54.30499503690509,-0.8198499476278197
470,-384.62746483635766,-25.100976704443458,-144.7654086088208,-56.1863727801544,-2.2486156463879654
471,-383.3325345057508,-42.738546738505484,-139.10832357960345,-60.21811004919989,-1.0517094230205923
472,-414.9379090956429,-23.88155059794338,-141.2798419158797,-57.32469175793789,-2.6370100298296237
473,-369.752722900973,-23.637007753471,-143.934547120725,-61.68304860315827,-0.6388871680550049
474,-419.164047352241,-15.666452814124389,-162.51106432947557,-53.2507474900466,-1.5301614991262047
475,-304.8717536231189,-31.414190509374883,-151.86081076780593,-55.53616414224031,-1.373852757982587
476,-468.9599287453193,-23.550649980808558,-163.8531483775951,-54.26451231037944,-1.3063591249137545
477,-428.2384220254166,-35.52445211073662,-161.29246584992066,-56.36078915397345,-1.604748856418135
478,-483.95443187874287,-20.794996590138584,-149.03200937911353,-58.41308818445395,-1.0384610187263479
479,-359.57027912537654,-50.30237117961599,-141.17651992382173,-57.91884989064282,-0.9943802503432261
480,-422.58145092730484,-20.552894672979743,-157.66146912753482,-59.30349420941106,-3.024578542439057
481,-447.46469561440375,-37.630867031990526,-165.54519262584475,-63.5618440741981,-1.8592299084701185
482,-345.92859821498195,-25.590777795328588,-149.35687465957054,-59.00897167344129,-1.7250880050373953
483,-351.8704634952819,-25.08011834602438,-153.80212724992708,-63.839761743193314,-1.7579410906148274
484,-344.7020236581387,-26.499457481392625,-150.3333984042815,-57.40804736414008,-1.3304465528735798
485,-382.82951381674997,-28.973197596033465,-148.50897280098621,-60.424239119327396,-0.5905009139985768
486,-361.65741467820783,-33.709211004327415,-142.74390129914687,-57.19718261590514,-1.932035036940129
487,-363.2159077676907,-13.83649517581931,-154.21102865185395,-58.07354041860681,-2.228291246365204
488,-430.5429722396389,-52.53287305165387,-149.9550338520407,-58.85298437084388,-1.2690503678298424
489,-358.78106098483505,-30.427473310783785,-166.94788956427263,-59.20840864206466,-1.5120127140669932
490,-388.2029182684409,-38.05156934265045,-135.2512831517344,-57.75048646192509,-1.9106163444068074
491,-305.17863793307856,-28.946447443938172,-153.78338155390236,-57.63981255993615,-2.7757796845280716
492,-322.52376069663694,-32.801935213340066,-148.29384819042846,-57.67220708925206,-2.4546959153075476
493,-351.19773306958103,-32.835007457987494,-141.35450667177676,-62.38702931872494,-1.56332221212545
494,-443.57350556806796,-20.734596292759505,-145.2484170996704,-57.80276888557811,-0.0595663453936271
495,-418.38217714802533,-37.329326010050856,-163.3901399068772,-50.60852610412418,-2.820158538577896
496,-373.9568054290613,-38.62575618432095,-166.9222909526439,-53.17426823033104,-2.458599477461073
497,-386.449450414664,-30.69359319279448,-158.72971570992127,-59.7540584075421,-2.111470840682854
498,-575.1867711394696,-25.391121801521784,-149.91906299325493,-54.92093954096032,-2.206795982007623
499,-374.4792042598927,-37.72801050150462,-148.33062497794825,-62.012713487503945,-2.4820413170560265
500,-428.1492458880231,-34.583584556058256,-144.59821406813003,-53.55563568812543,-2.1983574222464415
501,-371.50269243725205,-30.003526032435957,-146.55109945272682,-61.83202255238221,-1.735223646692368
502,-381.262536240087,-24.548375876326208,-153.2653007054637,-56.42201774714228,-1.7179533380980123
503,-381.97215766197684,-34.25150556529512,-157.60784740936563,-64.62176923789418,-2.529540954747619
504,-384.2746662631218,-28.200505601112837,-148.91123232105357,-57.96606423388848,-2.2861417174061156
505,-361.34263012149927,-16.325811440906627,-153.92134044053088,-50.31934803807637,-1.9014953936464165
506,-414.52899682209267,-27.52546042678277,-153.1803996545909,-65.37457345261448,-3.0698904110863188
507,-319.3201708370219,-19.804565390986234,-150.18464960404242,-55.31909275206864,-1.8734737678569435
508,-439.2781798329782,-20.526660548573957,-154.89982380912272,-53.11102246828584,-3.267606132946648
509,-480.0321978103354,-38.328261590224464,-157.47385708332476,-53.51964881956836,-1.3052474503055627
510,-426.86998373099715,-32.795740077438474,-149.90461594515344,-58.75055845170902,-1.7802272611392296
511,-417.70770829060217,-22.34350726069202,-161.3347549700628,-54.492583218471644,-2.4436292877288786
512,-373.3346414074017,-39.815305836520835,-138.40987536516374,-65.18513084334707,-1.7568455587901792
513,-316.7118508972935,-40.06415958379721,-150.8217609769472,-54.973080219323116,-1.362304904060497
514,-426.7907046677228,-27.84411517520919,-136.1609757543923,-55.94951439902281,-1.9294681238725122
515,-309.6006636057486,-26.79185355626632,-159.64091863627493,-57.894624008819136,-2.265941915651519
516,-428.3769082899782,-30.080329011991083,-134.29124058675822,-60.64727175320303,-1.3337064971064412
517,-238.17438249933133,-22.780965167144817,-149.21114871192037,-61.10435857616058,-2.424080844692448
518,-316.32089075029427,-31.719131499195722,-149.65213095826545,-58.473534564722975,-2.4389404558171774
519,-348.4676084608872,-25.534699502621933,-158.5895190432451,-59.3642443314011,-2.079924411560169
520,-372.7462402482644,-22.078428167136757,-157.16115194953596,-58.19218352743425,-0.5768204005689727
521,-373.1885820125759,-33.5267030346981,-153.1236737370125,-61.78067059371145,-1.406690044302089
522,-378.23626762087196,-23.612732346406844,-160.45724964081813,-49.447206313953835,-2.3848458611465215
523,-396.2603734275084,-33.901777532736794,-157.01275716649923,-60.67739953951324,-0.9743276549810296
524,-427.3786671368371,-34.79689507291405,-147.174385702421,-60.87369272933475,-0.9768350234287053
525,-395.3608624673573,-29.38493775162706,-157.96801844442106,-52.24255812006101,-1.5883997400167371
526,-345.68022524546467,-26.957342237573364,-157.25025684176052,-59.374374147017924,-1.820121828909566
527,-402.2506566666618,-23.022112527118733,-152.82658999714047,-57.5855157152425,-1.392657816829883
528,-358.6823059721398,-13.127698378453319,-158.82614384340073,-61.44394338066126,-1.970413272648998
529,-305.1038113948556,-30.668766245694144,-153.78282602069692,-58.18994063779946,-2.127225885773365
530,-401.71915004904963,-31.299544164950476,-143.20113452735086,-59.51210275621738,-2.6762074839749714
531,-407.4689315744928,-24.72971376009554,-153.6139352825664,-56.26736563577723,-2.0150328951554193
532,-338.5942475227071,-25.796777225586773,-165.07973531900024,-59.250579464124186,-1.0429880192042045
533,-389.45682248621836,-24.066892146193382,-156.18028169340695,-55.54662092851483,-3.2817883774413197
534,-480.53698449689523,-23.915956911453698,-152.31489153934754,-59.61954141576306,-2.148281377300629
535,-368.15900590975343,-26.687284382913365,-159.8744012430265,-55.964734813076454,-1.5846783906566266
536,-387.6004761108882,-35.11691216959004,-158.54602762508327,-60.88395143140025,-1.544569859387178
537,-358.7991176241456,-36.019392309691824,-150.3849765852029,-57.34782529038972,-2.021052975928531
538,-371.7938224396355,-41.078816466517246,-153.8687613449852,-65.19553443563844,-2.6907998049611885
539,-368.46280853924173,-34.456906840331015,-162.58198479427554,-57.93529732349994,-2.3602575500739507
540,-283.7373562666501,-25.396730731937136,-149.23026055825542,-61.153147092910245,-0.5180183697178413
541,-399.2880483183113,-33.737665144576944,-152.506152146993,-58.237858822560646,-0.8274764076086751
542,-439.78713197019925,-27.600273280937905,-162.97573522876687,-50.52151406523542,-1.1004844888322514
543,-356.1830760313708,-19.28774653874711,-156.04583049087518,-53.60994913104314,-0.5365678097332014
544,-447.0835982438476,-27.929137994293782,-150.13735076376747,-54.871248232431654,-1.937856850166503
545,-328.4859026821758,-31.970878918116846,-166.2233487266129,-57.92061511714397,-1.740025124329692
546,-444.8680212068722,-23.999241380461164,-155.2961224577009,-54.75608114837644,-2.380619502067839
547,-446.8627126541469,-33.82312247914658,-150.16365109001694,-56.91802056816174,-2.5325954906481347
548,-342.1792108508682,-31.036395768989916,-153.02871004480141,-49.19505557677642,-2.6844647629346694
549,-326.82302119758845,-29.433804600556872,-152.0084132566089,-62.57025762212651,-3.1598923206005884
550,-291.9891097529239,-34.97710748881113,-153.39685378916522,-55.58627433227073,-2.8523774013268857
551,-379.6848670723713,-31.356061358991983,-154.87113931561638,-58.094216718486095,-2.6306282259633393
552,-409.00512078565674,-13.389715195648144,-151.01891685279253,-57.62355749642289,-1.5067175603945921
553,-320.06866498822393,-38.21370483126557,-151.75671711027948,-57.405337830853036,-1.1754359607734937
554,-350.8273262602637,-41.57760685063238,-156.19067396106155,-60.597370734580224,-3.501604598522138
555,-438.50329958977005,-25.204965520851392,-148.1270296415764,-53.741249081543224,-1.8030091097896623
556,-304.63976526506633,-27.96847300635152,-148.7457804541528,-49.82828461719679,-2.0752594193072755
557,-297.2343262965901,-28.609693590759115,-151.90977576682667,-56.0048740272209,-2.1981647612566975
558,-438.96566016116594,-42.54354216906499,-148.5159203776247,-58.57739517239127,-2.1645261938380993
559,-427.22970958438566,-22.26822173233041,-137.61792924560908,-56.38216720045046,-0.29352531256287095
560,-470.78773997196896,-39.830153305912084,-163.31934779062152,-54.18901892392,-2.896160150772633
561,-314.53386647622125,-22.75254621204072,-144.7702481485393,-60.374142431614246,-2.321037942606678
562,-375.5627448610161,-33.733038296414584,-156.6769158484948,-56.53842980504101,-0.6313960371902804
563,-425.1328802405514,-27.456613810607646,-166.2313541557168,-62.36787331927256,-1.1689315771286566
564,-319.18260384049796,-23.564976652863105,-147.0650044558478,-54.504117261584376,-1.332197912048237
565,-450.2307520059775,-10.839836246618399,-138.73508554781444,-56.5818305890995,-2.0640453124698603
566,-416.50323259701366,-29.44758810276149,-137.04667093622402,-60.885057501710406,-2.3565220521007593
567,-383.81215267537414,-19.36804623652437,-154.18622583979655,-59.6814134906239,-1.5810277900182337
568,-506.11801946083074,-37.1441097477,-159.47771579960656,-57.16702157319581,-2.536994342614093
569,-358.68055163611064,-30.98007026869981,-138.19418532689613,-58.86646116860829,-1.5693537304644605
570,-426.47471023448765,-18.82535023366543,-157.22003264096594,-57.77669446976285,-2.80637005741219
571,-458.0372073580309,-54.3797514908114,-158.6160681149236,-54.773832618594994,-2.365028801663464
572,-386.76620342307183,-26.246356592771523,-151.52644152032002,-63.09165105264523,-1.9161630085966082
573,-499.60449703261276,-29.753137444696435,-159.40626467817947,-57.901692135624735,-1.5636319552119342
574,-377.47404668076337,-25.880703542688625,-151.66951477052334,-60.49326082114951,-1.827154048950574
575,-404.7716539164425,-42.838525657969655,-138.48409961087597,-55.70693770676803,-2.811120540611026
576,-461.1178027426456,-32.20121182059955,-139.6080262192576,-55.64449095413211,-1.9121136460209118
577,-475.5174863874458,-17.47809897061182,-152.56149642023442,-55.422271712033385,-1.374357835776206
578,-363.09464938758373,-52.64472684400308,-152.53095304352715,-57.01595863103441,-0.765149269081372
579,-352.5449865820106,-26.03356919424982,-149.36221997981224,-56.31508726155536,-1.2578816558428056
580,-315.38070864987975,-38.969518962716734,-157.25960259749385,-66.94453446241111,-1.9340238973991208
581,-394.1323397060943,-30.31846490554031,-149.83334415248956,-57.0081701421066,-3.0954972902891242
582,-440.636593118089,-39.95615616322695,-144.99956106750844,-53.191395548373784,-1.7854860063617268
583,-488.3536897973859,-28.254013756004984,-147.89682011387225,-58.248074888541964,-2.435252044637899
584,-315.0097016123034,-24.049860598017688,-151.77074200547028,-55.09045577833981,-1.7725562456209278
585,-327.2832170686926,-18.27982087338134,-154.67053254471023,-55.0782202753758,-0.8813454118003984
586,-403.06346561699047,-19.091629447876088,-144.80733394908626,-59.355771158201655,-1.426715559769303
587,-477.6098970444447,-29.48461540237456,-141.67288443745764,-54.41706708868601,-0.5605126279408211
588,-412.7641099307246,-23.916509263147816,-160.36345759398344,-55.65534889494972,-1.2433777285554473
589,-515.331385945131,-34.330518099518855,-156.01983113957513,-58.771240091281314,-2.0555548484241064
590,-298.50731232131477,-31.351037996527676,-156.7210043335831,-65.94386170472849,-1.9169165569751923
591,-397.7022344177875,-25.26160288811382,-143.44625337964987,-61.462942150735124,-1.377123311683924
592,-514.0471157682912,-41.36231358198998,-164.00909113783868,-67.06543112918378,-2.4125366508035264
593,-333.866944687108,-38.32667286569952,-144.57399804136625,-57.224355932134145,-1.609228778287513
594,-379.2763482199345,-40.99399731426791,-136.9470031886347,-65.26922359744597,-2.4011125208980517
595,-312.6636030628233,-40.56574682441887,-155.69635176161685,-54.11849929283054,-2.7019517476782915
596,-320.83491170397,-19.39085454312756,-155.45848636013466,-62.83226883793799,-2.5821262980607664
597,-247.00692427310852,-25.089325430318922,-150.64845557153498,-52.52124871436895,-2.8105217347497415
598,-397.3294320196601,-30.64524889058252,-143.58754109530432,-58.46774131910466,-1.9276718058617852
599,-399.14986385508087,-22.232700890069932,-152.19923642809567,-54.958309592617496,-1.1838781139205243
600,-469.14105884168123,-26.79687440548785,-161.33698319543396,-58.117148289169435,-0.9442563800880608
601,-293.1972097442327,-32.795138473795745,-163.07893125610732,-59.03834984002402,-0.9774955188259125
602,-426.8120797869254,-34.75661360796733,-149.25115500121638,-66.17688945951818,-0.6855904315650967
603,-358.18620760973386,-24.005776525142142,-145.88215092860935,-60.72899205430128,-3.493975679936842
604,-433.27968064370475,-25.494692077059383,-136.857723083357,-58.37058168726511,-1.5474670591529416
605,-346.75030975992956,-20.409493392531346,-154.42402440741142,-62.0805295481019,-0.9900845232472579
606,-298.79745346551886,-30.911887403752075,-154.93872003022904,-52.949764831288824,-3.2666261026753314
607,-367.0419935772322,-21.83154288989558,-147.19726348534172,-56.175941670239894,-1.0108810756354014
608,-468.50952791198324,-30.97381698800834,-145.49239111896873,-68.72515855589123,-2.3273860258469106
609,-457.7960497174963,-33.09953804650557,-158.66518835667532,-56.25697232611024,-1.2150467380367984
610,-320.3863692816917,-32.186237880165294,-157.39883614890022,-59.15622409834557,-1.6515980362001046
611,-330.7261114413818,-34.03062028615484,-163.4965129157513,-54.388326793020866,-1.972986113957182
612,-436.947863358137,-20.593400086965463,-154.38460343215607,-57.67027009838743,-2.5787863735625227
613,-466.179783351578,-27.04203445913563,-149.23419979425898,-56.19997172580159,-1.8513530502656477
614,-383.7224369346467,-30.12856646878235,-152.60695620254808,-58.198431570457295,-0.6723864267313868
615,-434.94472173945184,-39.1556236833671,-151.98614449225127,-52.13405265193164,-2.1864373482411943
616,-362.81744193726917,-20.160451897550328,-141.69708448823638,-58.88213331272686,-1.0203724766581554
617,-364.6116887061231,-26.59564746900815,-143.51582199597664,-47.6162574433976,-2.734735243276175
618,-441.3545892799497,-20.344613949913466,-150.5250458643636,-55.235640353006694,-1.09472168884507
619,-486.15680544336163,-25.453572132735715,-163.37378954858386,-52.43407374744506,-1.0425832344243398
620,-359.9385760687955,-37.95233690976209,-153.08185020905665,-57.144809494106696,-1.530172982182114
621,-251.93564978429998,-31.83600079496941,-155.6121065627631,-54.20943068227385,-0.7760064619471312
622,-398.9452057276229,-37.427132621339375,-164.67966136132586,-59.35508893667504,-2.1531372347319917
623,-432.4642014014865,-26.056201835174218,-138.75686274597206,-57.00658525426298,-1.852054386829664
624,-425.12216950917565,-31.431613451215426,-154.71806981632375,-57.18509185389483,-1.5232560473925252
625,-395.4014498354555,-34.86778756292419,-162.37373521729694,-58.85086131195151,-2.3566823366827756
626,-382.2169441582865,-29.176634417495652,-144.51145507994835,-55.39178244863299,-1.5540839387372094
627,-322.8647449624322,-34.88816462250656,-141.4366832146254,-57.16610663226647,-0.44935303501436
628,-488.92299725755186,-40.11182446254167,-146.61730372217664,-52.44764433429795,-2.1632046963587133
629,-380.7368685593934,-30.280951791160934,-156.13875812405328,-56.49241422485406,-1.4705902740382093
630,-442.1348402547069,-34.849325911314764,-149.2709286704487,-59.164848155830086,-2.976460621956076
631,-395.4695200276134,-20.592887274235117,-152.64371400567828,-54.77636313793503,-0.8529943973977432
632,-392.9145767011194,-22.83139917469384,-164.29495584139866,-57.60937214413346,-2.59214677621452
633,-529.1987111492215,-30.42232700621349,-151.3785065913812,-53.917020168840324,-1.7333854702715452
634,-336.7358466435819,-40.689502509629484,-148.98527215261458,-56.13412938759218,-0.7818374607520328
635,-426.4714543907302,-12.681862961413872,-147.7160879104713,-53.798571496457036,-1.1670757427051321
636,-418.24489387309666,-21.522784551399386,-144.71377827108665,-56.990246554861905,-2.480285540438137
637,-317.1360871662132,-28.561270471201865,-155.34590957006378,-60.12258709273927,-1.508668804654626
638,-316.8340388578847,-26.724508051423115,-156.23775975300242,-59.57811307536419,-1.1751941965590877
639,-332.8553952678913,-32.718120499314466,-152.85259313250154,-57.10968811278527,-1.4959238902266896
640,-316.7733490226945,-36.44256925996624,-137.6947581015624,-56.62435933040981,-2.0619745197968333
641,-492.73762780324137,-25.08941579408281,-169.87315318465915,-61.6971235313259,-2.724195595242391
642,-275.38344183198444,-22.97723561284664,-153.2270667301541,-63.53306911766809,-1.5345127618397156
643,-386.30517399762397,-18.947024651552947,-153.48393237115897,-58.878709924718954,-0.9110065292849147
644,-355.1943598803506,-38.62029139941284,-144.79621375410593,-49.96555552948298,-1.194293643871361
645,-365.1990809145277,-37.72641212041557,-147.3697633664152,-60.50500651529466,-2.518269879855916
646,-458.46869149923896,-35.390592736898896,-163.90500952529433,-64.06088400030734,-2.0303544771770086
647,-385.9460574170971,-33.28333413069949,-161.29018170378214,-53.693345460556586,-2.367268393195258
648,-389.0607654464626,-29.149348033657795,-153.5520462165147,-58.09447735277625,-1.9269012520351485
649,-337.06412499351376,-18.5445668462717,-136.27217402206716,-57.28193631107399,-1.9631770803830064
650,-381.2231697625708,-21.652550327315634,-154.84539600988475,-58.90838851338592,-1.876012581726206
651,-317.9861308223465,-45.236099326245785,-148.7106183656212,-60.8393515204284,-1.3552064350518525
652,-447.331856583215,-25.2853478204102,-159.81498962477954,-54.53762627739289,-3.8460667270128925
653,-385.8992031593181,-19.800447113489398,-142.5926361200089,-60.774618668417666,-2.5611641215579968
654,-492.9079458641058,-40.415436632885005,-147.79193250419692,-57.91830298433386,-1.9977966040186184
655,-405.669405024689,-29.25646729939878,-141.67749253365946,-54.78187682710816,-1.3554989161746325
656,-397.0874796045465,-21.6053552494785,-148.26571992121367,-59.62891107063087,-2.4364938506848763
657,-366.34994601322677,-38.82291826439738,-150.70637010080173,-56.94867283239295,-0.9718495739851432
658,-379.9702373186912,-21.521825308108873,-139.88843240923165,-61.33713370818517,-1.5488138617564937
659,-433.0581037771039,-35.481474646996844,-144.50988041967435,-50.83926172527494,-3.0342044937005834
660,-441.2143109658556,-32.349620285972414,-147.97173848694078,-58.884264837574115,-3.107471164145342
661,-380.38668743057195,-39.19703655464984,-137.04995417752852,-59.79994095245123,-1.7100453842996874
662,-434.66281030670484,-28.708761393529155,-147.3198787189736,-59.18402756167536,-1.4856560371240166
663,-505.21684521966273,-40.52693493751201,-153.9268314114773,-59.117131932968185,-1.6088128051202997
664,-408.17146628332614,-19.44972964545888,-155.65236674448718,-58.138182278342924,-2.6978045823266803
665,-385.6573857444317,-43.874718739343756,-152.61811939914637,-55.89738350228748,-1.8505410112822247
666,-300.51999264122264,-34.72147147895051,-152.30251670836594,-62.00050617772316,-1.8603216551322395
667,-404.2282111986396,-44.1617754226733,-146.33580014009075,-64.27259636877848,-3.906796079728981
668,-371.7831271152564,-37.47350853422795,-139.27386673468882,-59.920329195812975,-0.9085201254214735
669,-389.48914192389003,-26.418017129269376,-154.90234734817275,-60.20490024105503,-1.9122533683201102
670,-295.83744676859715,-33.73686033545153,-143.15123643534605,-61.637619836149554,-2.296970894141842
671,-329.459860467955,-39.52874633962014,-154.9983251729917,-53.79254388858552,-2.8683430922596327
672,-480.69317677156135,-37.81892043412621,-141.81207219773486,-65.4556832632778,-2.7088931630571484
673,-507.4579313862523,-40.12411099976467,-148.8747312777401,-63.97220761986262,-1.608531333771016
674,-438.9107751600633,-24.935169797196547,-151.83149570279113,-54.175663286554546,-0.9735951305071748
675,-482.20383345535157,-34.973285439571384,-136.57449760298232,-61.758558314404254,-2.613249786036632
676,-481.2847628115564,-29.248500941306283,-158.0053185654702,-58.203753950673395,-1.6920805737204854
677,-395.90678118243767,-34.45418014688298,-151.43667426648065,-58.82788771697687,-1.5978697724969233
678,-355.73448802923014,-27.56766316622872,-147.54359277937473,-57.386615321727284,-0.316114411851388
679,-384.04436052763793,-17.13763173330542,-150.29283682959027,-61.04446879591528,-1.361891212767942
680,-426.80327730246546,-21.7524852407989,-156.3900018265259,-60.55488848626862,-2.046666110875626
681,-312.2270280352953,-32.5228883719484,-160.03923375071057,-57.2719985471376,-1.4130511199610971
682,-420.5030483541709,-30.70168966095388,-142.5104161463145,-56.27610370649784,-2.015799041908626
683,-489.0092482452753,-25.311325823098016,-153.61500648114898,-58.59545920674411,-2.5572198671145525
684,-328.36653195898367,-20.29725919650159,-139.84549050530217,-62.12888402511568,-2.6557907870095185
685,-301.18541323965945,-21.790379844467648,-158.19801505992223,-53.26349162683606,-1.673773299781577
686,-387.1739643274799,-29.34368040294672,-160.14076819508347,-57.74995035685857,-1.5202569634838963
687,-282.3103956708741,-31.53693859136098,-165.2203756376547,-53.80451231909915,-1.503558021892729
688,-306.2972181452531,-23.498181395368473,-150.0347218445869,-57.358462568076725,-1.186696649895836
689,-385.6687906815012,-38.371378862124764,-146.9669817153894,-59.83514461443825,-2.170934411433131
690,-383.85138054313614,-38.15838004006469,-150.51302535629677,-59.72382464241607,-3.208473590428907
691,-373.84516896210965,-22.169878729710135,-134.39613825126497,-58.51393996301173,-1.653857435114365
692,-374.9865841308813,-36.6735132227664,-142.30273147893647,-55.910159119006586,-3.4507821616049483
693,-358.00436736835013,-31.22904307684393,-149.56187471874898,-58.749572583858225,-2.2665663279116774
694,-343.80212694609924,-39.90116588291595,-154.24873724376192,-57.52085064651972,-0.8237135391848874
695,-442.1221094257198,-32.374896709050276,-142.47293620325107,-54.32307981742666,-2.4799399311553416
696,-337.1265439265417,-33.24501072546462,-165.79303608869262,-52.859466764025655,-0.9767205463907888
697,-346.8666017622925,-26.96356483041665,-144.39206587021772,-57.88429130672214,-1.5471442920131677
698,-294.3095219061695,-25.149687799874332,-151.942935852776,-52.86759520246746,-0.9630429696073509
699,-344.5858675068359,-12.939342154721606,-146.38428875740513,-56.43100875963956,-1.956896491827198
700,-487.11123862321926,-46.891500002114476,-148.90321148092207,-61.34631547162981,-1.3502923250289636
701,-265.21259934673253,-32.92205300923912,-163.1521821315505,-55.69428051827089,-1.1848675353022937
702,-378.2779987859618,-29.518657430283156,-149.80960403754125,-56.468436284387764,-2.2460568879850697
703,-324.9427622029986,-34.61017745687922,-141.48006857014136,-60.7305884496259,-2.019206418583074
704,-404.64266628702126,-38.703386216158805,-153.3841861332461,-55.06278455936013,-1.1190163194787501
705,-403.6195441690487,-24.24801266640983,-155.47097504584227,-61.4839054959521,-2.0332168578592067
706,-344.9702995964079,-35.10305015613554,-141.16858399636112,-56.96419412810459,-2.605765366828219
707,-471.21196901310503,-31.71877300910256,-144.0671317270181,-59.079943047097494,-2.6759331134874174
708,-364.4481701455097,-33.59722713186436,-159.46366906781682,-54.494403096093635,-3.5716253716252497
709,-293.3676400698241,-34.27705905243804,-161.44382917988975,-53.682865408311265,-2.2464704509864535
710,-320.11943585614034,-34.37304780132793,-156.62030404474325,-60.871437207134136,-1.6862059515165813
711,-451.73960128053614,-25.194490473531243,-167.22441799364194,-61.47090329870615,-1.1713171067634687
712,-462.3027811796369,-22.442462654617568,-151.60313162024877,-60.639157600447064,-1.7979221515738195
713,-422.6001482735662,-31.613981655581984,-149.6374032869071,-52.24723004663637,-0.13801906407325906
714,-361.5592687085391,-27.510996081063237,-135.2465303301992,-55.95485345363873,-1.7622692626977567
715,-461.13583655841234,-37.7210521871225,-144.82204288648992,-57.48690739518482,-2.186787085405425
716,-293.00239487824206,-28.159427485089306,-152.42342989457688,-57.58901592856527,-2.6080401726814864
717,-461.8303370951376,-35.77731550745963,-152.8192272362227,-50.45732976333111,-2.2745282254506587
718,-410.3007157900995,-30.910485201544883,-154.6943136939598,-52.731561048236756,-2.567550443489562
719,-449.56582022890154,-39.212831581235974,-143.42656619179343,-57.462665845895245,-0.6583174055026577
720,-487.0319856228601,-27.40839792487227,-147.4389239292409,-57.47163900613634,-1.084320769852414
721,-420.0344960642964,-38.14978801545346,-158.29944594043843,-59.190298016678085,-1.6178815932188235
722,-344.8170182153108,-31.438779111733247,-154.09306968767498,-59.50058099516425,-2.067744474643186
723,-340.12586979949947,-30.894468015924055,-144.12272878666155,-59.02660599767793,-1.291827375914849
724,-284.49513646729315,-33.82405829035741,-151.22926346830187,-60.11862821431516,-2.289319478838916
725,-417.36293585172467,-34.71356324256738,-151.67835861506578,-62.6360539154085,-1.8489891402578558
726,-413.2947940137169,-28.733850954812254,-150.4615534911537,-54.66953930787074,-0.7965222674870293
727,-429.0611759793283,-36.10865540421766,-149.16217973298836,-55.372552081488664,-1.8235830775985589
728,-520.3745334898165,-25.9452266533385,-155.38542015657734,-56.56201142079038,-2.9643344398243734
729,-315.6279461148878,-30.906359951124355,-148.63210307013725,-61.31614244598201,-2.9900256230384388
730,-405.7139590610313,-28.511943940914936,-159.1968337357023,-51.99502382661944,-2.5995294292899103
731,-496.2447610578648,-48.39946738724192,-157.09222935175703,-57.072966770862195,-1.0186281695360366
732,-369.3038991316843,-28.55950195155051,-150.54822357333654,-65.81733963806302,-2.6036917356255183
733,-360.319604630484,-34.8337682836273,-159.8296651022011,-60.34917072052006,-1.7495816542379077
734,-371.327143019099,-30.944155569611933,-144.02668643110226,-61.10728732677598,-2.3263918260391065
735,-452.532126023523,-22.827499480102897,-152.28346851156834,-55.455659985091955,-1.576033518504977
736,-296.01218689069447,-22.170855213193644,-154.38875319245594,-61.87506789255588,-0.7348858991175983
737,-500.5215590557787,-25.49721021572337,-150.31227765828578,-58.049605645960455,-1.0584043653245767
738,-469.96359687624954,-20.215922802846276,-146.39578483104768,-60.01353214011868,-2.011467458469602
739,-326.7677360410532,-44.21888171420537,-146.41642933284535,-60.53907333271075,-2.5898437781506263
740,-296.7314030167862,-44.955982703031424,-154.9180432699268,-57.15217671996863,-0.61813103032033
741,-350.50133867414735,-34.9009897106486,-151.7179324209942,-56.007098445767966,-1.414061254041592
742,-241.18294924463615,-38.44255427778417,-142.73076682305856,-58.659368491750726,-1.6968046405223929
743,-327.6077548908259,-25.719908653013285,-164.03977766971175,-59.70752244002152,-1.7694454445798473
744,-465.7631815376014,-22.064523843487912,-143.42145496270342,-57.44407205143307,-2.4634389422066394
745,-376.04055023403845,-37.473303451771265,-146.39800394385605,-62.27567328220464,-2.470911654717572
746,-336.9098875022267,-23.158586435026972,-149.02718031611397,-62.96311119814346,-1.238058175044058
747,-366.1409023083504,-39.34402376093702,-151.01569995182194,-62.43475285229264,-0.8696043589172016
748,-375.2819652583698,-46.8248256627114,-162.70297877631722,-56.816195097717376,-1.3073662679738514
749,-473.367909139404,-42.77430353476417,-154.09746317266237,-57.755127579462545,-2.5634735770314503
750,-436.72229890762316,-18.598132643149828,-163.80472738986003,-57.33428695925982,-0.8938159508131917
751,-402.0758225698999,-27.37659288319431,-149.35650165807292,-54.58201499276995,-2.1968674217885553
752,-395.86128685137794,-27.923633158070533,-138.0356880458257,-55.12269886484523,-2.765254390492798
753,-364.5265767472784,-25.719938186773273,-143.6083815140136,-55.43697254233937,-0.8820984001781149
754,-475.5970463615771,-33.484835299175025,-149.85400334839125,-62.01348504545921,-2.255775898971008
755,-381.815523577898,-28.360991283561834,-143.22097995405392,-55.07211017296129,-1.179054419169442
756,-394.76143114406796,-30.27897004371618,-144.7902263424038,-63.87555337356395,-1.6442941929919028
757,-327.34830484773255,-26.789864294823268,-156.92450310265298,-56.26920484303251,-0.7802190973626258
758,-410.26931727052556,-26.31740633890402,-146.41291272285423,-57.78106227630313,-2.2324816780883125
759,-364.15368912639826,-37.48055844129386,-167.64308888919734,-60.27446090871934,0.29137236662497273
760,-496.52763365693204,-15.381073325655608,-155.2945006496385,-64.38356837463306,-0.9877033645703203
761,-405.2327259310622,-21.227256348346202,-153.72420215125535,-58.89857686641145,-1.4380027745798303
762,-365.4132296128179,-31.24960488419378,-135.25602733090076,-61.30827260150615,0.5445953809540618
763,-337.98933626372866,-35.29863752134674,-156.5930277006778,-59.326811604518134,-2.2129383426844487
764,-470.5884017894425,-30.99520078301738,-153.18370344450798,-58.19142058842337,-1.4098894004660718
765,-464.8716090926058,-25.537916523675648,-155.10316453958245,-66.28574532731831,-2.2409780949067413
766,-305.66668163512605,-24.381044593626125,-146.9786728800878,-52.62265536630783,-2.5488563985572137
767,-237.9460803074594,-36.28827850881523,-153.72182426818583,-57.486273436199255,-0.7935112259111106
768,-334.42998472386284,-21.891957318885726,-155.29938597430132,-58.05217524336874,-1.715776254360625
769,-277.8783980171056,-51.28267927902514,-164.42386457544276,-60.26489037329763,-1.0414540156319727
770,-413.4926031777009,-26.011506983291884,-150.51575100959286,-62.441989326538994,-2.398888842990344
771,-436.76638529149096,-30.71226651199271,-155.8376070646658,-52.60763348418299,-1.6582247817630584
772,-406.2443820799955,-21.20238393333323,-149.23790019463297,-62.34482578260197,-2.881042545135957
773,-418.38297865770073,-29.518702585626954,-152.65016489971512,-56.834369816560695,-1.9171932074960536
774,-486.03753981857136,-27.71802541698771,-159.0349801826066,-57.11265137512952,-1.0679029507280953
775,-395.43888296030786,-23.99685176518326,-166.66809588802798,-61.05137359961912,-2.2869432096366604
776,-372.6765190805229,-18.906592068995952,-143.79933490864533,-61.068597317810564,-2.5401330831741213
777,-450.69466816382453,-38.9904664357819,-159.21788422899417,-57.230782232872514,-1.3421863312282505
778,-538.5253392251235,-33.76413601456479,-162.2192037447006,-59.54619831074014,-2.278933642339015
779,-501.1746221977246,-27.33815230612712,-152.35466880049597,-56.57918514205865,-0.3120185800734224
780,-371.4854204686509,-14.350083480556084,-142.76110376355348,-53.361654410144496,-1.5993511004950205
781,-448.95903973602464,-22.83477923576612,-151.57075672945138,-53.61903833236097,-1.0047979285964959
782,-479.66863089660364,-18.118090803758868,-149.91881355865752,-55.004638941533344,-0.9424289711062657
783,-456.7414265860686,-31.583733897952417,-158.03050337335114,-60.76976987264925,-1.7181209702885065
784,-335.0529652655184,-47.94394237828268,-159.77445622345405,-57.60126698496056,-1.1323900528108926
785,-422.31003829583227,-35.381378173726304,-143.30332557920977,-54.559915166774246,-2.63073332820887
786,-378.06811662241046,-34.99178320062523,-140.14709549156282,-55.448354695460964,-2.097544519511525
787,-490.76569913158505,-32.55645318740206,-148.96222664317673,-60.11877239176608,-1.6839416255591806
788,-338.56438926303974,-39.72256755257039,-137.49792135709222,-56.147390692708555,-1.1796032585300322
789,-240.03764435278987,-35.34186673900696,-152.03935171323684,-57.1435031169943,-2.9765142844723633
790,-306.9773882349945,-30.328517788183913,-142.96307345919445,-60.47349103411774,-1.194090935926366
791,-511.49819838894587,-43.2188324633007,-134.92218733052744,-57.34557033197728,-1.8021601273019006
792,-428.53093335266624,-27.078643149129725,-159.860346369932,-52.80955471273664,-2.7241595844922344
793,-380.90857159228807,-37.443544810480866,-160.62388835160914,-60.01543931956112,-2.580155873469378
794,-453.1161613271915,-43.993769316134525,-155.62523340676205,-57.74231662196732,-1.7099643933585937
795,-332.1450135123544,-33.24262679223296,-146.84383403985674,-57.61303852406017,-2.5825659735026707
796,-398.2130018122103,-27.335660405565157,-151.76433789558092,-54.32547822622871,-2.233009591807727
797,-423.5643384139143,-22.810365190371105,-147.1385419727672,-58.42589238730629,-1.839166875296927
798,-427.71500378026116,-39.30582100955201,-162.24852387205763,-56.45551225122563,-1.782577849481726
799,-466.84406309547785,-31.68349541527466,-139.11931104997305,-61.67074256957957,-2.691150547060944
800,-370.89847989079226,-20.385847004005228,-137.81889750068615,-55.31133181132536,-0.6938765654343937
801,-431.9176576319941,-37.34870418818257,-145.60066433817173,-58.515052361407356,-1.5557856182246688
802,-361.51386793559607,-23.586723835151112,-163.45823795181704,-56.463141878503066,-2.3672466948540563
803,-404.891623472801,-28.80632740214898,-156.04221840792587,-51.49014730086531,-1.3075178940683536
804,-376.4670092926225,-31.86222292817389,-162.82649245702316,-56.92833747573032,-1.5561395488620486
805,-358.6320980419633,-35.54454381954445,-144.4201244046627,-55.63500616251053,-2.381185811094117
806,-373.37716645851134,-39.22324695680923,-162.50745049659764,-63.41668004698552,-0.2937700078722941
807,-422.72589779977807,-22.74902509138295,-153.18876025855423,-57.384974060480545,-2.510688055132852
808,-463.2253281387847,-46.76792331469386,-149.66731122069254,-55.98689616102319,-1.8575991283817432
809,-517.6071858299644,-22.63602671671733,-158.39769613663876,-62.70614971755663,-1.8829473498091671
810,-365.9227780623712,-23.27175541987976,-142.15648110263635,-61.22992913887812,-1.2413483044674187
811,-306.19693950117596,-29.70651198973919,-154.4793363058361,-59.11818856782848,-1.9734669577723527
812,-363.0262067287477,-27.495557026124153,-151.55497137725354,-55.41849549166996,-2.744298781408367
813,-451.05180504704055,-25.802088309706413,-153.4355151659952,-61.317918588505336,-1.5649935954923162
814,-364.60924583262107,-9.008162499696192,-156.90609068915853,-61.25784064248869,-1.2043648601031285
815,-365.16454192942615,-24.85940223474698,-152.14504628316539,-62.05664365829727,-1.8551890550139276
816,-397.5326632307456,-32.67146292354178,-148.79944983433313,-54.5230089584834,-1.6384002775123117
817,-407.10142673403664,-9.771975258105567,-160.01409694888733,-53.85630138094866,-2.224125654982185
818,-367.5971137901984,-24.452055131492166,-144.6072589906825,-55.91448547084654,-0.7319784575783849
819,-307.0516366831459,-34.303447510181705,-160.45619864574945,-56.09775676903147,-1.0407499782591838
820,-356.03829656665846,-36.578080499688646,-142.55313705596882,-59.772090275579714,-2.7056516955055683
821,-454.27133036784903,-23.640637434740178,-141.80708312390766,-56.49017545559387,-2.2206552111896487
822,-349.21424763039624,-26.16771324549859,-162.37018448373217,-53.963705779901616,-2.550479630207141
823,-360.5409146134308,-27.805974942241164,-145.69070881978092,-64.00728608129747,-2.2301733913487656
824,-436.38218085396073,-27.384850366958,-153.9800847743125,-60.099949344924724,-1.4445263643090633
825,-346.74365097537907,-33.231288156003494,-146.05543272885788,-55.14845797380656,-0.7809599109992774
826,-361.8595045930754,-31.162983182253736,-153.91846900604313,-60.7924086824868,-1.2827647855137556
827,-321.0708526188692,-35.320097151257265,-153.2539193120858,-57.775738631094534,-0.7846051388705134
828,-404.5775142063323,-39.03224994568466,-149.80013656425524,-59.00613923769211,-1.9046116811015117
829,-323.23694879311864,-24.067898757585617,-152.65236351513556,-57.241504803125245,-2.238748320424498
830,-400.86578002900796,-22.09053992677383,-154.05419933622485,-62.127967906760894,-1.8721179847203318
831,-426.53838779868886,-25.40152655660409,-156.1277235509215,-60.703297149839024,-2.9909419293909445
832,-470.0488776644816,-35.03044827460826,-145.06980107585582,-54.41081713923452,-2.0085729321919636
833,-462.89182618564007,-25.545720991286046,-152.54371474467385,-59.36694091194734,-1.7592492013612682
834,-430.2470939297725,-42.41590590487803,-155.0684374651326,-51.65469899220064,-2.4970487635826015
835,-357.09119260006344,-26.126061979411553,-143.5859378623438,-60.267804223904044,-2.4659421248417943
836,-338.039015913627,-39.430311837583076,-155.91423728526573,-61.454546967946754,-0.3905499475717255
837,-461.765043109458,-39.55512013744173,-166.38034503249196,-59.176827324520424,-1.0978816810522913
838,-267.58651285711784,-33.261730694460326,-148.42102520959332,-61.987189468708834,-2.4875862295764968
839,-397.86717487326655,-35.92711253972952,-161.50803157319405,-60.42082629151244,-1.8572800583682123
840,-439.0395564605641,-32.971574308808755,-159.83465821126984,-60.47451651873705,-1.8611491966241132
841,-425.6952339971207,-21.446052449888644,-165.9904976992041,-63.37728070414114,-3.0758595077753457
842,-376.28250639403115,-15.622678493301656,-161.14172705140723,-56.5975319609306,-2.4504471988667125
843,-305.67768890433723,-27.881494805242298,-161.73924108049033,-57.44355985408441,-2.470030958608912
844,-381.9274546221724,-33.83845274656237,-146.96652473705421,-61.52836221464416,-2.944868711912028
845,-334.9677711062939,-22.442248086201694,-156.57547194568022,-59.117225592322185,-2.3670835876461007
846,-350.53523161625037,-40.7658999797919,-155.9384611669948,-55.26052047639057,-1.6388261571027003
847,-385.3761361037578,-15.570540422705092,-150.0457692381114,-58.68253804652646,-1.5581080350007495
848,-431.7612580305531,-25.099419353966884,-135.80733695962203,-56.00728189145817,-0.3874919808991066
849,-404.0081799603515,-34.495393799607704,-152.66076966778178,-52.70492727999443,-3.7827104298159866
850,-346.45543825536896,-22.95975587196015,-137.20020742002754,-56.54734479134844,-1.6032690356489638
851,-422.82261968059066,-35.16864151336913,-154.27203507692715,-54.01937970821183,-1.6875674023333065
852,-344.45192942035845,-24.170173518174394,-154.66346368399633,-54.35078395562384,-2.6455064892257694
853,-316.10957780584755,-10.355209259443724,-151.03363918379932,-55.04673561597452,-1.722958043357304
854,-407.57543762145366,-26.829874543608245,-149.1940090297988,-66.13457683863632,-1.7878291729280207
855,-292.4125340695698,-43.47672118807434,-149.82712522598226,-58.51708665519052,-0.9932869091099301
856,-410.6118150347385,-32.81397673112437,-151.74812298797198,-55.681724295235874,-1.7040765695544084
857,-309.4746817493214,-23.56019593758193,-149.6294348663002,-53.87437788047805,-1.9163225028761017
858,-422.8797425216485,-30.243950560982224,-152.27260568118294,-63.392753621438786,-1.6389149316308886
859,-344.1997384531078,-26.56845387116743,-158.1562416729988,-61.99270278688257,-1.1907614627863916
860,-442.48466143474934,-22.048045721546142,-153.06638833883926,-51.7080071322683,-1.3242280681227045
861,-306.95539760945405,-33.52828528929106,-153.8448251906604,-57.85288417309005,-1.9380755759229744
862,-287.11751266737247,-28.25927781185891,-150.27543073230578,-53.749754735596134,-2.2709768266252452
863,-425.99647254423877,-28.849531563658847,-145.39689068186416,-62.46361264122724,-1.720672164997912
864,-440.26480669584595,-35.88749334051771,-159.0035965834809,-54.11888343665924,-2.3184744427377026
865,-364.6494426694805,-33.94365670967689,-149.50570030317604,-56.38988403410824,-1.2117817863325693
866,-437.8287246190269,-20.89687038557938,-151.67830671608078,-54.80618035618197,-1.5556964962703708
867,-377.9901083898315,-24.615085479663737,-152.02524647061747,-64.80103125911653,-1.5146264281289097
868,-410.8553000914507,-25.882833701978345,-154.4554194655404,-55.65901301259793,-1.0140092478696536
869,-298.5118801167755,-15.773461924765089,-146.10003647404776,-54.725075476160924,-0.8860611238019791
870,-416.06968305749496,-17.645258809092546,-135.46152475298578,-57.993754475432006,-1.66076777429208
871,-380.76673240959457,-23.01567510282371,-158.46811390003953,-57.93599826724864,-2.3533229784735545
872,-357.50112496784584,-33.87985819354626,-150.03834236349434,-54.38423652013069,-3.794176583181504
873,-454.7852373902691,-19.456962514634668,-158.42977199085055,-60.454897901372036,-1.9899046726347118
874,-454.5495905576952,-34.68921546393445,-155.59374344128375,-62.87665691466802,-2.1634759739590237
875,-443.38276972649174,-30.311988808851055,-138.65780362614368,-57.399833942636796,-1.7155584584414931
876,-467.4030580132242,-21.59864690388858,-150.5471384326974,-57.25485234782231,-1.8434029474195754
877,-325.13799444531077,-34.14320615335548,-159.92644312620737,-60.02126371880447,-1.7464583574272177
878,-350.6414766446318,-23.282531266026485,-149.44437349023292,-63.1642542694962,-1.7082848694581623
879,-438.10726192443894,-33.2167042829764,-150.0836289317677,-65.74967647939005,-2.36445150388446
880,-361.1617372076874,-15.131455041665497,-136.87522848918564,-65.33000324785594,-2.1330369613416766
881,-395.56778365598285,-26.834218642450686,-146.51414706768347,-61.76742901745137,-1.672962767523
882,-325.64262930048847,-22.189863277832593,-142.570492544792,-62.7130655122578,-1.5481975606360574
883,-299.9679876689756,-18.11267737975529,-145.01958728520378,-57.223321860373254,-2.023121792643453
884,-417.23353015398726,-32.487560316415966,-149.97420895223436,-60.51034578800379,-2.4373470132284223
885,-418.63842536155386,-36.46757957272434,-148.64574773214403,-55.29227972989914,-1.2939673188426004
886,-405.1799938237315,-31.809956138378677,-150.6984318666077,-53.99640990893869,-0.9715746961222345
887,-368.6345480313856,-31.4931698922886,-155.67717145188982,-58.590750282540355,-1.5219816457259228
888,-450.60532494625204,-14.58098054182425,-157.40105944972962,-57.171552074671155,-1.3315869710211397
889,-524.8778712274351,-29.41503029613077,-156.42861355853253,-58.116008289115356,-2.4233339832248433
890,-400.3962794524232,-43.68831430617242,-154.85004729142992,-63.277301462018706,-2.3262376726562546
891,-390.4924850088846,-49.114000889203226,-137.09717066159502,-53.07111806426635,-1.5123477849688158
892,-325.8204239035946,-29.333854821202525,-147.08280397431594,-55.24659998957857,-1.8586825069226827
893,-348.25242528692917,-22.635908866685057,-149.08477965338074,-58.90819352601298,-1.3228890032997833
894,-353.80955390480557,-36.65361948686372,-155.03736862150149,-55.599603960082646,-1.6267253105882953
895,-420.6469329791984,-43.53890784277675,-155.40873492808447,-56.813308911179085,-3.535841733834258
896,-379.6407512239426,-21.991333611509322,-156.00367543100512,-58.3489430683849,-0.689493011829507
897,-365.07286892227756,-41.496399476694776,-150.83806084101906,-60.02531349616491,-1.3067733758292652
898,-516.4992899784245,-27.209090354451654,-148.8413238005794,-61.00608093256884,-2.8600703619056858
899,-410.08753512226264,-26.06954574213706,-140.8230460219232,-58.25147611292073,-1.8383604939504576
900,-445.44105332171443,-26.243684971014844,-158.20879386211885,-59.325699042743274,-2.0078548007781634
901,-430.2858085230747,-20.33090592931929,-151.94153570509968,-58.509223148123105,-1.608336284284067
902,-352.2139159650812,-12.184420935469346,-149.60997975860076,-53.11396168590534,-0.6995657907265682
903,-320.84194577676163,-36.36585927501662,-142.18851358737558,-51.42818497550847,-0.6962357372288236
904,-431.59605006034496,-26.969300711832876,-142.42806100313888,-52.770650102734585,-1.05376508987807
905,-418.235094429269,-34.936690492986926,-148.06954706887342,-54.72115720133922,-2.816279518274421
906,-486.3997351137573,-32.413000229084815,-153.58486327380433,-58.90751408732449,-2.8455268414607677
907,-367.29207059915996,-23.722842954686946,-152.17318055766395,-58.117714949855475,-1.8442547520336061
908,-447.4697554479959,-20.23962069387236,-157.19377794615912,-52.51939441224428,-2.548204759582482
909,-282.48587276216995,-21.834285910808557,-146.3022347710422,-57.266010171159955,-1.2055930031339643
910,-349.2599880324923,-39.007000386924204,-144.56441698580292,-60.11555848072156,-2.8210411117516263
911,-450.8514485261424,-35.77397887210435,-159.97131475198347,-59.76185306553238,-2.576124846094687
912,-376.7501228705324,-41.47343876723105,-152.82703822835498,-56.33013483588604,-2.338528496422534
913,-290.86803657865175,-44.513642298068184,-150.43771940938956,-59.10263955938726,-2.2244801350227243
914,-358.5274277825792,-16.436789203220386,-156.6876957226547,-59.72525709295995,-2.727755580604801
915,-404.7058631864318,-28.654986095298117,-149.11530642088283,-56.48262916752197,-0.7474346104608974
916,-381.5882661055717,-41.62950330084499,-148.34794269450336,-58.64140215055185,-1.2493441255538578
917,-369.46393375185164,-30.832995663713483,-143.55504439870904,-60.64537376283035,-2.1709063787921403
918,-453.3181494362792,-29.098440528713976,-156.0097247837953,-59.36257447622898,-2.8757615687237665
919,-393.034773369177,-45.501731478359375,-133.78204121374245,-64.74041106690966,-1.0817500455608762
920,-390.00771853112883,-35.05519404649323,-150.23758410598026,-60.76834559865949,-2.4766399744428047
921,-441.0304529985909,-27.18363520552514,-154.94660594114345,-57.209931905445345,-1.8465909863969283
922,-482.37087155015473,-23.589065591925355,-147.3023467764074,-56.60806010723139,-1.7447210496109335
923,-418.2241454035916,-28.59255256653898,-145.69841761447853,-52.53825329352875,-0.9870964782644398
924,-484.22988657374805,-25.338597974108684,-146.6429842158061,-56.2636954641466,-1.3792370598692532
925,-424.52642610933157,-27.92756528820699,-156.72659669791292,-52.22859356854976,-2.687812312996371
926,-268.1721150159085,-19.50946993621231,-159.56372854021123,-56.395754354058425,-1.66899788839728
927,-443.9726916121422,-35.44498121019751,-140.5637222618335,-66.29942336520345,-2.1835805259498264
928,-386.08144009452417,-33.84690736825987,-158.13401634820173,-56.503297267867566,-0.7018058494439497
929,-294.18840510021886,-37.010108439986375,-156.07843778337164,-52.29340858839941,-2.517078531939148
930,-438.37583872011015,-25.70352793265725,-148.13856755865672,-57.90523136348357,-0.5309338414154205
931,-375.9536356576022,-30.36644879690437,-141.07700335769186,-59.23818593517388,-2.547865871878125
932,-386.9444708788652,-23.880105199834265,-137.826315497797,-55.944009216675745,-2.2180927036881246
933,-361.86966308593793,-24.44081065906014,-147.86473333262308,-56.888189484859524,-2.5155483232401012
934,-220.82386467291568,-34.11966737308986,-151.3323853580139,-60.087642135128206,-2.532400925602809
935,-417.19672263894296,-35.20403646112513,-140.52199989223487,-55.607245256127214,-3.019000491327539
936,-373.4189113177849,-30.810581788202246,-156.7013796809402,-63.3533002349427,-1.0044333517636617
937,-331.1596168479115,-33.107850994402504,-173.60709138015767,-56.61819949823448,-1.5312930689384856
938,-464.3516962040712,-28.609577360383152,-145.68862869648112,-56.29222530045059,-0.7288056187546893
939,-411.563448733683,-32.044227804946765,-154.98813581639425,-54.493708582302254,-1.3357776873343261
940,-411.4229934304045,-27.720018525653305,-154.48790594699997,-56.129368107649974,-2.6372119157632823
941,-332.9315588527598,-23.343390149986668,-164.2011497778606,-67.32405866378434,-3.8715660581416
942,-359.8174556283588,-31.103659718401953,-147.95747705631618,-61.55372618359657,-2.164601091363642
943,-473.8253123404036,-14.313802273861508,-142.68690663777048,-58.680776948425596,-1.1280187715190586
944,-458.07180811590024,-23.323335412977446,-152.28692250345506,-62.86339559892119,-2.130856645965238
945,-356.78563279172397,-22.8556515097149,-138.05445188050626,-55.50088905696512,-2.4664975332386323
946,-396.1070535545392,-24.50598063132248,-144.7543418591072,-53.577988408393715,-0.7630579763485821
947,-361.4075984723191,-17.67999428641368,-147.89352526102718,-55.37410613532448,-2.2088189193366947
948,-438.47174601158207,-18.354443527193542,-148.67108389352407,-53.58610723362089,-1.260809808732376
949,-400.83236576040497,-41.46467354557711,-147.71689437111635,-60.812577940387115,-2.1676546699431185
950,-341.4249780335951,-30.53693592166548,-148.46726610297458,-54.21788899895505,-2.4052567574176833
951,-439.61207686092973,-27.66460857493639,-147.9765047906347,-56.74632700832731,-2.190235459488824
952,-445.60611925973967,-37.87361643879924,-162.07104599241814,-57.82326816340131,-2.513472473819274
953,-319.7598939951841,-35.45155014105126,-142.12886683358448,-59.66662583857871,-0.42763873026173754
954,-312.96137339045544,-24.9761104989906,-154.3009143681949,-62.76757633260724,-1.7715942433256864
955,-355.9468099777393,-26.44139268830667,-155.89895916630675,-58.57056360504149,-1.1788308605660252
956,-507.89952566899615,-25.309998254255984,-145.47908404046987,-55.358308127141775,-2.0762051993587445
957,-270.1918670301365,-36.68986812054288,-146.45582675901196,-61.961659899791265,-0.7115907716983377
958,-368.8778320776403,-13.241143396598215,-150.7927885837455,-64.31194975746206,-0.6071939090100522
959,-490.67477532555665,-21.743111785288445,-160.143698370702,-58.238326216848826,-2.109210953737605
960,-463.36219278559827,-35.080661706494055,-155.167879725009,-59.030002632175666,-2.289430271162246
961,-384.5800003729667,-24.827436408614666,-137.43143720251595,-54.92455261319818,-1.72496417170429
962,-379.98768656583815,-33.72038421106491,-137.22831860445285,-55.73314920641262,-1.910816799427416
963,-432.4800308408728,-24.50975471529796,-149.52854439909865,-54.889854077628556,-1.236847334044695
964,-477.21536151411885,-36.9397314019972,-151.31667093612373,-61.60963201159184,-2.7282597948432348
965,-415.41366490650717,-5.0815472286606544,-149.65231978504832,-62.674624917970746,0.26520386211466346
966,-365.24898983691963,-38.07410300813102,-156.5726604145129,-59.25026924747829,-1.18016446089575
967,-340.49817896991965,-11.61310325593241,-156.62644966000116,-58.0142900799742,-1.8951892358953117
968,-451.28200545755084,-20.811431341547085,-147.84149189404894,-60.441564185541864,-1.179307034759146
969,-417.8787044540693,-26.706015198812754,-151.4631416963345,-55.64654838097476,-2.4551512456515705
970,-369.9394259794289,-27.718527330432003,-154.55046843524173,-60.957081749480956,-1.4622323160296855
971,-377.146957640004,-32.91058998071326,-146.6475122900949,-59.27574493018447,-2.2401720237446248
972,-294.46035746697845,-32.45198936544438,-152.64222757303472,-60.09502325972165,-2.326316579728046
973,-454.6778648440418,-26.425237427789032,-170.21632036199406,-52.80399177857415,-2.2855886433317463
974,-399.3266879268601,-37.545270980317085,-154.31111362065135,-58.542790873377854,-2.3409576752127936
975,-205.6416166519638,-18.45942616938823,-155.90803009516821,-57.75231212518017,-2.2443847193277064
976,-373.82261207219045,-41.54685668163839,-155.13821312173027,-58.80868248134339,-1.8699407887786612
977,-402.59488241466084,-21.14406339341735,-152.29369740803008,-57.03916472222663,-2.0583805275781346
978,-475.1523588660813,-39.323534608519324,-148.1326119116661,-54.186432519364054,-2.166845732741087
979,-351.8611510457339,-19.479646722069237,-151.75490973927194,-61.463016457802695,-2.0339209914212755
980,-433.5948557409294,-39.182017889937676,-139.57264485044004,-57.44775319742624,-2.615987536249703
981,-469.323900981801,-29.31372225965217,-147.22163266522574,-60.171088315001285,-2.319192821395894
982,-351.4907702395417,-30.580868058997854,-140.50747892272085,-61.95351570779609,-2.4582106539011988
983,-528.3103295934264,-33.0610107605205,-148.4911893932188,-58.23425778951604,-0.9951232141704195
984,-311.3566397313392,-29.125196678133136,-149.69252157802634,-56.37247119476652,-3.6888774590823226
985,-421.5564059502826,-14.298456434516767,-150.48194727310502,-57.432387107954675,-2.106110810691845
986,-321.63533039454717,-17.02846839575943,-151.76800402719337,-59.35557482157055,-1.6095632749490525
987,-327.19526632266053,-29.646335281358727,-150.8815787295773,-59.45587098098226,-1.3899198754612405
988,-450.4640102840787,-22.435296399978228,-150.14616977213265,-55.62585495086844,-2.6806151316960296
989,-409.76191275889937,-24.318457986642812,-147.82835859947113,-59.64180151342924,-2.8399299752290967
990,-444.29637466418166,-15.97107629959948,-141.8053011619757,-61.32782803120232,-2.347182632710705
991,-295.2531703988457,-23.039243630994196,-153.13265240563481,-61.976310163889465,-2.1683642160406023
992,-394.8274444426421,-26.470371774037478,-171.59876160307462,-62.18015321887898,-2.2159781640155876
993,-424.79747414879563,-35.72554856885681,-159.97511707864282,-54.8344198361442,-2.9995924135152716
994,-374.4333430361962,-34.67821867719475,-148.67209578134367,-55.39482064336577,-2.0872185409249306
995,-437.20836983992655,-29.030282850018242,-155.4617305727545,-54.43821082613856,-1.2470523875005355
996,-318.1386313863487,-28.013013788052657,-156.726715726778,-59.37594847178362,-0.3293160615970754
997,-274.8829363002403,-19.28177020575172,-149.57719356232286,-57.58000036443762,-1.029471060763021
998,-389.2152042245659,-30.96850580167844,-147.99325670726535,-54.24154590016275,-1.353385036155134
999,-432.7855669333751,-44.84526714183254,-162.06541716119193,-54.79127199503546,-3.0660077093308744
1000,-414.06238494972473,-24.677709777879905,-141.00549751580758,-61.36153918899663,-1.719240643768961
1001,-372.7203195840855,-31.059315847166474,-156.34414509115473,-60.18598834646092,-2.890150416445993
1002,-374.4670264704859,-30.353853258254603,-162.32368900424703,-56.315292237274384,-2.1919516568960593
1003,-325.0224647735981,-41.02937356606334,-139.88547659492008,-57.317126638134134,-2.432869126585162
1004,-438.0063559762614,-26.36858073325279,-159.34438131871943,-56.68607088937075,-1.415609560191412
1005,-372.00143270525365,-30.494187405932596,-140.565522586032,-57.18383764006271,-2.1394226797634337
1006,-231.32767121841258,-15.364482588162032,-159.6575218199659,-56.85344378360853,-3.0975501099054794
1007,-349.6337537247601,-18.968508573536727,-135.53754164958252,-58.50484930526379,-1.4719229097809376
1008,-487.1716677845045,-34.46259282071208,-160.03346791805302,-57.584888074880304,-1.6033581043276148
1009,-414.39554888940563,-39.09220784917146,-157.25968143465892,-61.06042426680429,-2.226668577409022
1010,-320.18266409604473,-14.124115356872057,-141.44483937780194,-57.03612509973014,-1.7090289007525956
1011,-345.42024380193067,-32.18037310185492,-162.1369128000948,-55.11525441349586,-1.5968286226795279
1012,-369.65085788361404,-21.242215128411644,-157.21597360409524,-59.487640137093386,-2.3572449200533185
1013,-413.4187683774111,-17.549302154338037,-171.4161491256153,-61.11435627065894,-2.469014884713389
1014,-391.3123088462116,-28.65530996099898,-149.8356152538463,-60.96563149475938,-2.818537095907807
1015,-460.09456749811824,-22.785289147057092,-165.1814365664419,-57.61021638612709,-2.2619659072329656
1016,-411.5884975475006,-37.83677335271775,-157.68122636279077,-48.258871311506205,-2.086465157959937
1017,-496.5139400865991,-21.87510079531307,-163.70748203516948,-59.402358710166055,-2.7301816224137694
1018,-381.09909618545,-35.409900404548935,-148.7312763914888,-57.27008746204654,-2.3101559258222073
1019,-336.4996730483064,-35.85926278459803,-146.31035110120484,-54.65774905028264,-2.0492462571147345
1020,-249.5493044664244,-17.29561456551326,-139.31822639014968,-60.727264609131815,-1.8428758027585863
1021,-414.77003780454436,-25.646289995792888,-169.1218671209781,-59.86475193571024,-2.2960301162332026
1022,-443.6805525054023,-30.00980479772866,-155.21862464594932,-51.33535005039444,-2.2135755039830953
1023,-403.7930957206636,-19.193598473930514,-153.75059926268142,-60.529773269750116,-2.697785993317602
1024,-380.1607861791201,-35.431830973745264,-165.5506133044798,-56.46744090269027,-3.09164314369468
1025,-394.02168203976663,-24.695326743325403,-145.95059939825722,-52.21854160664226,-1.766304060312102
1026,-356.1828338826608,-22.707083070124906,-157.7194102250348,-57.55684814916446,-1.7740769780227452
1027,-394.94712013586314,-44.00725867350674,-156.22004240141945,-60.674698111395855,-0.08560131685472434
1028,-338.37336707690565,-37.96919897672809,-149.76032003943544,-51.36619750372451,-0.6262706367466219
1029,-365.4284741649219,-27.97482514305743,-164.00224202831305,-57.346770261614886,-2.3844882023104748
1030,-448.73594989801694,-28.55576334627664,-157.2926565235113,-62.9176688889395,-1.2632570349855565
1031,-426.22286621185253,-26.164728096323337,-140.10351232481383,-58.96459116905996,-2.6535487949426066
1032,-433.3192272574296,-27.55469773876952,-151.23604302575055,-60.569405758584644,0.28344646770023607
1033,-396.95150844159565,-35.64812342319302,-152.91570128916018,-58.9331648777276,-2.8216985988037027
1034,-404.43324911793854,-44.82363547179458,-149.31731536606395,-57.410200508357214,-1.7144670949009462
1035,-451.91629034971584,-33.59350174914648,-158.7458382476831,-55.638601157913406,-1.7217000740787467
1036,-329.9385358583623,-32.25979521181417,-137.38542846899819,-57.19247836884738,-2.2142744546672217
1037,-380.0382502425975,-29.144620854582058,-156.14494675326372,-58.24465612680059,-3.2275031821935287
1038,-306.6462890307363,-26.259087505548223,-164.5261724126884,-57.78752279151734,-2.1936653348079123
1039,-440.84889777773026,-21.654388916426594,-147.24204407016242,-58.19261950902332,-2.2527979598177192
1040,-508.5740258922815,-32.41869241295695,-149.84785224264988,-52.96203088819204,-0.7413546729929122
1041,-381.43585511028334,-31.389038590040503,-148.35156212131562,-52.40063799613878,-1.2169538694534374
1042,-347.35486470548955,-18.57194023767283,-147.27842992738732,-49.42215009851051,-2.30193444581899
1043,-391.7423533222367,-25.64047817271307,-148.2910641706554,-61.718055650627406,-1.8222595918392026
1044,-400.5031510470575,-28.40257859705052,-146.01300915445927,-54.98278809812227,-0.9229355498096257
1045,-321.21936008922324,-24.641395332415538,-156.39914599914187,-52.40333283439136,-1.7022674065296468
1046,-466.14762270905663,-31.961359902972575,-143.7125138832509,-61.40304491766587,-0.9546935024174772
1047,-351.14699953294746,-43.291680065448624,-161.12723488714155,-54.71597691124968,-1.856312472997487
1048,-489.1164185972285,-30.32220955330774,-146.77902563697165,-53.34802647590597,-2.722582652354041
1049,-334.95423892761465,-35.78784131308047,-155.7624869589356,-62.774372503235206,-3.0228871954371415
1050,-397.38746049121556,-30.217039709685995,-145.96981612597855,-58.48076802194047,-1.9030902844384794
1051,-389.19645245926205,-33.77907220499693,-159.46658075149946,-64.30501562094895,-1.2168108021872288
1052,-372.70346057896916,-38.54709355887222,-147.2381225132615,-61.444014672924595,-2.787972196081529
1053,-477.55392400542536,-13.79885845201855,-168.2008499169005,-56.94757586569958,-1.601058818978347
1054,-424.2463025132926,-24.989018723364605,-155.84633629476374,-55.36063673535026,-1.7185466825483309
1055,-446.454325178097,-23.98670286146279,-139.18819493839916,-54.2473865119713,-2.0630210819325754
1056,-281.5413875280134,-35.49831390793487,-157.49597424116504,-55.37857180795553,-1.0128379971506514
1057,-250.07279301259447,-19.025861637214813,-153.53950754946777,-52.244205125196856,-0.7113046517579044
1058,-466.87191100604304,-1.17180854708049,-149.76702287748859,-54.201006813533915,-1.8985475549265114
1059,-382.3106623692559,-35.73441099117436,-153.13346236164904,-55.68524277039695,-2.6888809239797915
1060,-378.5264417811176,-34.507060346162305,-149.76743006864027,-56.42834559058595,-1.4926120761466548
1061,-255.7179883044182,-43.266621678959666,-143.52515243887706,-54.47396798835279,-1.9978656299015414
1062,-374.5715480378871,-32.78685985890468,-148.81217045793647,-52.51049534604872,-1.502960520504631
1063,-372.3384954242352,-29.210361950868336,-169.31338143695447,-56.025092088849945,-2.5214850785129226
1064,-409.4175620506636,-36.216626969141934,-148.58838905816836,-60.691817402870264,-1.8819447271825545
1065,-414.45820106187125,-25.279172503606453,-148.99117622134833,-57.66199639980404,-1.7244304345203236
1066,-404.1445191542711,-24.63187073977011,-143.36973881052032,-59.05438640639289,-2.5235736280095646
1067,-321.3522123924819,-12.743630281753918,-156.6878668742971,-55.064299037383584,-1.1117378289214288
1068,-321.8752003874647,-25.711906410936216,-166.78000355215875,-49.76568955988605,-3.1329796469240607
1069,-444.5146133115229,-33.3011466766519,-148.32458995051704,-56.3988305350543,-1.10428618486231
1070,-423.7723354810492,-40.75200375148346,-158.5579636336381,-61.07091466246956,-3.051013632040201
1071,-377.40915762784954,-29.176820807445086,-148.6203753362606,-50.0970081407107,-0.0506217674395495
1072,-441.1899340247989,-30.26917023475581,-164.85979978419024,-60.29024591312286,-2.2088721943928356
1073,-376.192080995925,-23.190483298332673,-170.30402787111223,-62.675670176857764,-3.041915328469775
1074,-413.79780130170377,-26.401469061541274,-163.5544019359653,-62.656466572148624,-1.8583401603065162
1075,-381.79001822296317,-24.971379216968774,-154.07991840162586,-60.02974691880672,-1.4515959620020666
1076,-438.6252307518734,-25.652099918244506,-137.04394457817116,-63.51141767093856,-2.365726792998691
1077,-293.90175098719925,-32.635496941565755,-153.8777659068677,-58.33214348416942,-1.14715247877734
1078,-417.32772134072445,-19.036934785986343,-146.1581666825856,-59.02511710821396,-0.4120801113352688
1079,-370.2410254640079,-18.80981549732344,-148.09818729168356,-64.00639965678283,-2.458767160534259
1080,-354.5727144071845,-30.77341400782241,-150.65892667376212,-58.86704209735732,-2.131582264345799
1081,-418.1546489323421,-34.20993688902539,-156.77995643136444,-62.75431741123192,-2.284643774312236
1082,-365.53905894328733,-17.696001971408123,-146.6001132088903,-61.530613812736846,-2.627879111872406
1083,-372.8054197589952,-29.392071490800262,-155.11304355613555,-60.26586620460412,-2.8039626203019634
1084,-419.7186772466166,-31.01603630259089,-154.30441602044044,-55.7690432903311,-1.8825585168194685
1085,-479.89660365335214,-27.346101195358074,-147.21873745570528,-55.07519043459503,-2.4102809308615076
1086,-466.93186204412234,-25.985432627191532,-138.36391790101843,-60.276435822584055,-2.1587587322887503
1087,-395.1889534852153,-23.33267188984365,-151.52527164964394,-55.73741600575783,-0.9327034367512216
1088,-353.1231456820947,-31.589340185495743,-153.288969118193,-60.756443943098645,-1.5673963692279542
1089,-434.9725720140191,-25.186589034242527,-145.45156503710243,-57.44964576635335,-2.359315477416512
1090,-326.262867407472,-31.799985053011845,-150.92605838366566,-52.77725046351841,-1.5835487750467432
1091,-441.4448993297146,-32.088622056015055,-151.20177974514624,-57.35193560461739,-2.2259655686639
1092,-322.8023529632807,-15.14534950419365,-150.92902336630388,-62.208479526341065,-2.681877271098955
1093,-338.9148816138157,-24.299713359291196,-153.9753944416785,-62.83054441263924,-2.3090981607356924
1094,-370.5072815139217,-18.807576899714686,-158.56771153361666,-63.082860763756145,-0.1401138762609114
1095,-304.5673890136026,-19.5247316472244,-145.62483528207412,-55.52490097479435,-1.6907793120018157
1096,-409.1457873503559,-32.59934343924338,-137.7116960538878,-61.43761537978661,-1.0917104778882782
1097,-467.674735013944,-26.109803291050696,-151.16842585251467,-57.1418063811542,-1.983990605034481
1098,-414.455843879176,-23.44775078875905,-143.80433897669795,-56.56038318550662,-1.7150196557414392
1099,-336.78359810959034,-22.63596274909311,-165.9326453321486,-62.7823058023951,-0.873104229264034
1100,-462.42668844362856,-30.148352688570064,-156.54349318871283,-58.43304374704678,-2.6130219147640554
1101,-465.0116676478795,-36.19658155214115,-132.4652488137632,-63.73815824843268,-1.7665674063805041
1102,-340.75609285366755,-13.360304584648778,-146.5322855990747,-56.52135449506859,-1.8014552602600775
1103,-390.69428309178767,-32.88281257548689,-148.3867044965954,-63.61777993189527,-1.837154150129629
1104,-429.17725040051437,-15.220408131082284,-152.1843640484659,-64.55278077870506,-1.7735234245475195
1105,-385.4603955025432,-29.204970217475246,-169.4169186114118,-55.68238841462649,-2.1512915188286557
1106,-411.27200960711815,-25.342936061275708,-156.58468345969624,-47.77111537971334,-2.6615216698115627
1107,-448.2339395361271,-34.413848182894576,-142.26159155564616,-57.20328347749144,-2.2552884767542274
1108,-442.16727143521246,-31.379928474172523,-151.78683357115102,-57.98788900212702,-0.7358010814668545
1109,-395.2253150234655,-15.848574594438855,-146.65198546299186,-53.94315371790436,-1.1142055138858666
1110,-384.2362813927956,-40.18265545919232,-141.76468476645445,-60.078201348687536,-2.513449512469989
1111,-327.40861510032266,-27.49179456142204,-151.03411763475026,-56.36779257022005,-2.340584317124384
1112,-467.4017196675176,-34.69912556098391,-151.71755767473053,-55.859514330257475,-1.4867377055020885
1113,-370.086749217703,-35.810488000870755,-146.35568337318273,-57.734536832518764,-2.2937414246209653
1114,-444.26490342636,-31.965722596002006,-160.68040446376403,-54.73558368429457,-1.8700752308263255
1115,-416.19049902455765,-15.506951407952357,-142.1547752275069,-61.78929637931818,-1.970954222361762
1116,-302.5323590206797,-46.86321272849467,-150.4502241222484,-58.14862040395339,-1.2421505644125945
1117,-379.5357876294495,-49.85321992826005,-151.96462474284323,-63.46752698488819,-0.8533432499002455
1118,-307.5982523365414,-36.28849311691477,-147.5012782291758,-57.82209350610015,-2.0412392350617847
1119,-339.1672994313856,-40.71375974795471,-147.90400638124677,-51.83695313704738,-1.3037169725215474
1120,-388.99821409073934,-34.42682472852567,-144.94502343563184,-55.032087583686945,-2.3494477219068957
1121,-326.80522309860095,-27.434004651403345,-152.77771181548596,-62.13863418232928,-1.4941430879301367
1122,-409.4705386042149,-37.88923658448576,-152.1307326346798,-61.976101375711984,-2.696846980057658
1123,-474.45356720003264,-38.828166684264744,-152.75324971291866,-56.996424015460086,-1.3929267210815865
1124,-354.9499043595951,-17.1553934709806,-147.5717759201951,-57.7839480312128,-1.5564001171772524
1125,-392.5807320100773,-31.26041171889392,-133.61899864695755,-53.3904020369029,-1.1150208722856494
1126,-438.19903956652496,-16.227922362854894,-159.90153363916951,-58.70667541198855,-2.137950454277332
1127,-467.8850223686315,-26.035587924354918,-158.41207820001085,-53.47859766910944,-1.1689263859302534
1128,-445.8459287086898,-28.911474089855474,-151.396885614628,-57.04871467119403,-2.6707576063255782
1129,-404.7685088840823,-42.110792647091905,-148.17410350435324,-54.43067725963069,-3.5149098802999603
1130,-430.33671689896545,-31.140688844297802,-153.00028764412897,-52.11565950563404,-2.797480137568946
1131,-378.2417382342497,-22.13615117128665,-133.87964818362585,-55.32194251352834,-1.1250448957253443
1132,-373.0817716321839,-34.68608126637592,-136.93931443304197,-59.600339813086606,-2.0194767045778423
1133,-395.75530463619543,-26.7095464985867,-148.55074748245042,-60.50266639953837,-1.091167663308697
1134,-410.9590087081691,-22.984198119605917,-148.67854234103734,-56.36972459016597,-2.895504558524486
1135,-392.31814042459274,-24.593089645429806,-142.19897864281427,-60.88492207621177,-1.268288212620233
1136,-492.92521467447654,-34.83001430129434,-164.17071096341246,-58.692323334243554,-1.9803766777469345
1137,-297.4508792301479,-31.862958922785296,-168.08886747237156,-56.352274431571786,-0.6989656794410362
1138,-477.64545025743763,-31.9375863324669,-153.08863789374635,-51.47806069954437,-1.9714783493048058
1139,-424.7116457675698,-34.25727952890494,-155.97318351926728,-57.83211432590367,-1.935644675361195
1140,-422.34613496808214,-32.89353444002977,-158.83377777805305,-53.02839454675353,-1.9397144817501843
1141,-402.94709157224753,-31.83318073316401,-146.26745130874693,-60.745778153794895,-1.2431871659555958
1142,-429.6075844728937,-34.3581971969065,-155.11426592024227,-62.667626600476645,-1.8305980406249518
1143,-441.0812590421216,-20.69667146122363,-148.23292933811905,-51.34422637619592,-1.5239536941363325
1144,-433.5619943536678,-33.83190651311491,-152.80958847754732,-62.79455285111348,-2.297241877559745
1145,-388.1809042356642,-26.54242200867777,-145.8748513353143,-62.14862007361618,-1.8783486834558443
1146,-394.38406850548176,-37.010901639923475,-159.43788900118926,-61.14240468000486,-3.05955672566589
1147,-380.73184517128567,-47.561563466872975,-155.3314473290081,-53.5130653633874,-0.7611898579439008
1148,-388.67213185976294,-28.25104159205759,-152.61344013791995,-53.7150983514379,-1.9255424629548485
1149,-447.89435654199417,-28.295736698786598,-135.4458750845424,-57.25601498278455,-1.1074037239404027
1150,-443.21725771813163,-33.769694701858604,-164.99009704281028,-57.803874581579926,-2.168527323035805
1151,-446.99624453290056,-29.96506418308956,-161.78445912532857,-56.696705842957286,-2.1108891317003122
1152,-528.339757748707,-18.74222258963822,-157.5755940735595,-59.554775535862575,-3.251297085054038
1153,-440.9001494250119,-27.237290110238433,-146.3141009169338,-55.50672020608382,-2.9048122700295087
1154,-402.8017632121097,-29.737829269656743,-153.0964325521186,-48.96673522014931,-1.3301220101377924
1155,-452.86155788725193,-29.410323112836423,-166.90239108993907,-53.67485085735319,-3.131696541721179
1156,-375.34015928184016,-17.833760356023472,-145.13192711631294,-63.922820413337995,-2.3985126732497797
1157,-403.54046924316236,-21.457832820864766,-157.50181543118325,-61.26132777441467,-2.514562871322773
1158,-436.3260794132065,-41.75815464904914,-149.53161787484424,-60.22221225345195,-1.3211090142510487
1159,-374.60252104781915,-27.242560367345302,-152.89644861503044,-59.61236743486392,-2.533155718340353
1160,-426.7953963831917,-26.602489753912135,-154.11730659428895,-52.532584943835786,-1.8999083622457833
1161,-373.78652445269677,-31.731123468043567,-157.84728155456057,-51.20275234527791,-1.5503655390881044
1162,-375.1494407161644,-25.137517320252417,-141.86065987166828,-51.59115158818719,0.3917333302964543
1163,-384.5472947280898,-30.651798960956306,-149.42022609035166,-58.864607680962614,-1.8383930816933267
1164,-412.6903462680575,-24.84315588947472,-138.38828154514468,-60.11129382951811,-2.366614519478141
1165,-335.23816350955843,-29.849706554936123,-158.33724361007566,-56.43738483853055,-2.555624823216694
1166,-427.06665467368555,-27.11835574704845,-151.67262556729113,-60.330412633082894,-0.5643907418954086
1167,-414.47616196055566,-29.96974873188872,-150.12504738423215,-57.29846208545967,-0.9231869305759588
1168,-431.488135589451,-36.57446031778961,-150.7389981747318,-60.813315849941894,-2.8032704994675735
1169,-303.4874824616759,-29.055183748743143,-147.46239332815063,-57.09337663095406,-1.9242281773523449
1170,-412.5423869747354,-40.460789854514076,-148.3052878976691,-57.28317354307651,-2.2592648708197918
1171,-430.35038968802246,-18.269738775125326,-156.63168662637173,-55.059222301738,-1.9983636295904668
1172,-392.9953477628156,-30.571419225985448,-154.88578556584858,-64.34056011319937,-1.3078184054429411
1173,-297.43708784280454,-33.42489347898334,-143.70348442201507,-57.98331435519244,-2.6747474097977606
1174,-408.3631822074629,-30.322648729838992,-158.85424361926727,-57.638127083842825,-1.5420759247323756
1175,-354.80703927273953,-28.214222487047277,-161.83066641651826,-54.55963237573792,-3.0143109826614536
1176,-430.0329786573572,-41.60027081845909,-146.93104738805064,-57.76240581104582,-2.5698915380734393
1177,-411.758142763179,-20.069102036751598,-152.4201407698384,-61.45901831424987,-2.3632738526396895
1178,-346.42479075756756,-24.412305874048975,-162.1895174633224,-55.92546641575042,-1.0242079966959414
1179,-472.76247074128355,-31.342535116185758,-146.8842741426394,-53.9967739673386,-2.376787623813581
1180,-355.5443850145878,-27.47122841624184,-146.85209856781083,-64.83217357166306,-2.215166662608794
1181,-299.600399020874,-23.060078360448077,-160.44510227555173,-57.243661384205645,-1.7342768244535007
1182,-378.19218538045675,-41.31837532199638,-150.41381641479768,-55.30799679921401,-1.2076023494809753
1183,-437.7913562594245,-21.059916711204345,-147.72099186544867,-59.53854300245828,-1.969743595580656
1184,-351.56527242203555,-35.11986765526108,-164.16294964063334,-56.31317852832743,-2.5572641220915004
1185,-414.6559693489526,-26.55464406103375,-149.1974744503499,-48.35331755160045,-0.18505891849623257
1186,-447.9977082334677,-17.448215466056617,-138.98046786844117,-57.75138069642672,-3.081151837954891
1187,-287.71932886327255,-27.358364961629487,-168.85240611281534,-58.72119698815047,-1.8243714599422696
1188,-380.05172356433616,-20.356679196970408,-155.7779292264551,-58.64616550572052,-2.0145812691822034
1189,-442.57345416659257,-43.96813974499664,-142.99964471594208,-57.25352596104924,0.014346778162918815
1190,-461.37480135617034,-36.354205041337735,-157.05076715473626,-59.07043684041032,-1.1798635170178045
1191,-396.12977857962835,-35.650144891901164,-137.50095865086917,-57.3781921013402,-1.4028718120336312
1192,-424.02496252452465,-31.19537631358182,-152.89101621912192,-62.729182608806916,-1.6525792586015395
1193,-379.38300608004334,-26.035238495908235,-148.8639843585653,-61.60045452142905,-3.020211212205251
1194,-425.5751285560917,-24.141292611305982,-153.37237500253056,-59.960313614603066,-0.4959032847266195
1195,-417.0042043034914,-32.45376013422924,-160.86720537498434,-59.26811473156848,-2.192425787749074
1196,-372.7523593728114,-25.454115839987217,-147.6199055714622,-55.147035338774515,-1.3446996138504492
1197,-338.8109902625912,-26.43304487359094,-153.64532372220435,-53.51870370754926,-0.9089646133734004
1198,-461.8111848383529,-36.904806451626236,-157.96770766769907,-65.24923712399057,-1.5617248890231954
1199,-351.3729254483005,-25.506249094122037,-153.89746129072094,-56.679032631381475,-2.318191020786992
1200,-366.07970175354313,-40.40654753166419,-156.42882992802944,-50.19091264525722,-2.4138704950037626
1201,-379.51961191443144,-32.91459091219771,-150.61536354202465,-59.580968072701815,-2.1037094181352187
1202,-318.37881393245743,-34.67262377849362,-149.58198232000862,-59.48191330248388,-1.865500732240391
1203,-306.9484106251762,-22.411834905122426,-149.6339668736917,-57.196973734567024,-0.8522577610364725
1204,-435.65564874848064,-23.60211710226313,-139.74465463733438,-58.662607031853675,-1.7254463143606174
1205,-267.51242692890077,-39.02094011475787,-146.6999123495488,-55.72446976785882,-1.6255172328284626
1206,-374.8885300933948,-36.1060145870219,-150.27660869192252,-55.832538809102054,-1.4961429243472144
1207,-391.54692774516553,-33.033076769614354,-149.63660591485024,-55.322930749055466,-2.104011078281921
1208,-431.3702441504773,-19.85765522073264,-141.10282395972263,-55.1694304218106,-0.4991961287773859
1209,-387.6498126351047,-24.80812833790074,-141.81722444048904,-56.243866222605114,-2.2106013986941946
1210,-417.6808570287896,-22.477702862218894,-136.81974752532065,-57.38809987891601,-1.8632214055570457
1211,-364.52109337886026,-29.413627389182693,-154.84817404228235,-56.03869053437974,-2.3672487555536956
1212,-426.9835005311286,-35.85468541822776,-152.4207757319521,-58.09706839303165,-1.7545113044589373
1213,-353.27324901158823,-22.660022269009072,-153.5239388883927,-61.468535620533316,-2.871656123785523
1214,-462.1999308457504,-28.38985675522911,-153.75083240985322,-58.60410783946178,-2.4655701947930657
1215,-380.82786458671615,-41.35364580504569,-139.62236924288766,-60.191307926358796,-2.664676966256929
1216,-291.1522280115916,-38.75994240965958,-147.2032654204464,-59.91802468191644,-2.4470282248813233
1217,-456.14661146982326,-21.331152261158977,-153.41548069872783,-57.72482535207244,-3.1955494371691144
1218,-310.99558643682434,-28.041262092299434,-151.81729756163907,-65.23542133238188,-1.5367158724384815
1219,-352.23233641693946,-27.860395498218356,-156.74148361475378,-58.65123419586026,-1.6213927916224666
1220,-409.0712135013876,-32.34389262816436,-147.63544495110997,-63.10716538393368,-2.076971138701031
1221,-488.39099809809056,-32.47259689016017,-153.40016667018057,-50.060263762349585,-1.3486464983750461
1222,-410.66170244236815,-33.514170918939854,-153.66114074747574,-61.555839487926846,-1.3450751271525994
1223,-402.16057344755154,-29.063268454311906,-147.48607895003664,-54.93013030797456,-1.5663937312481413
1224,-485.54956599884974,-29.729425059381263,-146.47683420198453,-57.862220523340966,-1.3265835942315252
1225,-287.6529557682498,-20.235965418940523,-156.84885436544496,-59.50361065565292,-1.760829027395695
1226,-470.7233432089155,-28.24073621562663,-160.16770062044296,-59.14009585271841,-2.153843283353811
1227,-380.09438130982255,-14.0094391836526,-154.59212359618428,-62.217461510067764,-2.0032915119549326
1228,-364.5705499901673,-40.261618981101236,-156.6153642135913,-57.50190761576235,-1.36856515769452
1229,-528.8429770203891,-33.83826244261886,-140.90716185198687,-61.56773671965987,-1.3922276279040964
1230,-431.9552874006164,-34.16789502139899,-155.21426554214995,-59.57574859389684,-2.2143891932072792
1231,-385.71434312812295,-33.98832746471297,-158.0339319113292,-54.09101634825667,-1.1836456822683108
1232,-339.74892330814646,-38.43159783036412,-145.20328485348534,-62.0177347183848,-1.5414889332526271
1233,-465.4717883762071,-28.152060243332294,-145.9108054994488,-56.90907032923967,-1.362556805991671
1234,-318.39289798755897,-30.254066145364774,-147.8988058817566,-61.879894699897086,-2.159297207890276
1235,-438.2039155941316,-24.854843558200596,-165.2215691988509,-56.86431352485049,-2.3189508550632323
1236,-379.54305349310755,-33.3348304617808,-162.524305603458,-57.76786559358974,-2.033033644786838
1237,-439.6285949633892,-38.58533519939518,-149.33241261060863,-52.6039385742348,-1.4385276852683626
1238,-319.6609434817725,-36.67997897583404,-154.8392319310467,-60.754743306727484,-1.1929576626519394
1239,-325.66686857348964,-17.975128514088254,-157.85741775769299,-61.84827926725894,-2.2707783972665556
1240,-490.9176451172706,-32.81011702974154,-153.36194404856872,-61.64251827713195,-1.5248798949531082
1241,-327.78746436060163,-33.4818711292638,-159.83498481312577,-60.25511281266467,-1.3402737481274718
1242,-423.47097172468796,-7.629979031961997,-158.72719822313277,-63.07613700774304,-2.4273672505949313
1243,-441.79621886531623,-34.57056941925066,-140.44985100433254,-63.12162758878408,-2.5813636286985946
1244,-349.58823432468347,-32.05873244859134,-151.63355788427248,-57.8519490711954,-2.465651834193559
1245,-370.1003514615228,-11.762036779950678,-148.05040407679354,-52.544390867344994,-0.8775468820140194
1246,-523.4823428277158,-38.36030408521734,-152.53508377094252,-55.577789613983974,-1.4349126144588038
1247,-272.8968857790388,-36.468072562275196,-159.9016541030968,-57.79291214357461,-1.9614515550864366
1248,-321.79836081625115,-44.07038942417266,-162.74170121363392,-55.36849423813685,-1.8930525391297912
1249,-415.6555013306279,-29.421683377458365,-147.76879303901723,-58.26209258158413,-2.28114710368319
1250,-410.13104709545854,-18.628449626527726,-133.71599866369166,-54.19900502549511,-1.6949259351348542
1251,-457.4118723144314,-29.403802580308323,-149.99444427792523,-66.33650176128627,-1.1640793694037064
1252,-298.49226937138627,-29.32055554805937,-142.45287658931807,-63.03905030981549,-1.7965214082812253
1253,-400.28549677433364,-33.225871028821935,-142.19111596743005,-58.70377844071525,-0.5364332303179069
1254,-360.22639941110003,-33.096835041898586,-147.93901158564705,-59.70967584493763,-1.9453172492323696
1255,-367.7469678763418,-22.02060759606826,-157.8296249441051,-57.262487290248956,-2.289503817941675
1256,-343.65997333864425,-35.28933808308133,-153.01333931045852,-56.058358594567764,-2.6998215151862484
1257,-411.19012342463844,-18.662302618997092,-139.62178255484446,-59.27953963805997,-1.8859655768758723
1258,-425.8344948456134,-39.5162877380659,-146.2032605189377,-56.19651612597891,-2.415835905925791
1259,-385.6048247801807,-22.684204779391454,-145.36215512704567,-60.99271855200745,-1.5877377060156288
1260,-338.1579147289942,-30.342249649743067,-147.54906744835463,-58.08607578708807,-1.4928954288017953
1261,-249.96679616025716,-45.521238995781246,-155.8736046599668,-58.72534907853762,-2.233686653025687
1262,-341.42513702934696,-31.08369585834442,-156.75041319190177,-58.70700334104048,-1.665005811270166
1263,-451.0318232079569,-40.93664326089695,-145.1035697214764,-54.94346245512593,-0.9883159649430258
1264,-448.2413188819498,-32.460912321310545,-146.8101748072044,-56.42697166830132,-1.3404852906367295
1265,-375.0588899076049,-43.32273021859821,-151.4019397186989,-57.1361627803444,-1.1904180422991035
1266,-389.92311778139924,-27.98602904839611,-156.2813608650294,-55.48828284356676,-1.469379826564458
1267,-322.23649835520257,-30.294687718233998,-151.9436500746608,-53.20890594054405,-1.7660647193157868
1268,-520.2466130426893,-28.509653993742898,-150.33163026851406,-55.645996412009296,-2.4255752197335263
1269,-367.22617931425185,-35.82240170662482,-159.10834188899474,-58.0073211953695,-2.39055446649641
1270,-394.40739853561786,-18.27230774232532,-153.80311454749125,-54.908869639051375,-1.9565647202183312
1271,-346.7517799718327,-32.9984698451486,-146.29984647563666,-57.67913412322802,-2.8056082546550267
1272,-465.55413393603897,-14.763359172027108,-145.1048190003483,-52.3718841291663,-1.6765900671743563
1273,-253.40430226539578,-34.05125947215501,-136.8513286192098,-62.54848894831551,-2.3103393939642007
1274,-398.73823035539914,-31.576170621481353,-147.21228437626093,-64.81282251647733,-1.587976027025063
1275,-371.0867077904597,-24.129042260549028,-154.42832440491273,-59.95101800022935,-1.551902654452734
1276,-407.38127874580385,-37.84907550539769,-161.82879831625092,-57.84834541822523,-1.277803244854229
1277,-317.1853740485054,-16.723818052343674,-143.27712493743442,-57.666178842441475,-3.4870327981122955
1278,-453.1893594087449,-41.89405840733683,-143.74136231002058,-54.64102644363938,-2.0348060783435677
1279,-372.9328551209128,-37.10822149955683,-153.71851810011017,-59.52020553621581,-0.8599737511457135
1280,-336.5027968034164,-27.87745215374877,-160.46410086752476,-58.54128483861008,-2.042532728849351
1281,-393.5017539212575,-22.8142068550338,-144.55449526750812,-61.94749549098256,-1.4482294628778296
1282,-371.8264805146557,-25.692654146392595,-154.6119575017515,-64.03712838908963,-1.5121310377720287
1283,-401.3956057556144,-32.12530752292366,-160.8877120809363,-52.6538152132606,-1.5722991811749514
1284,-347.50776888699755,-41.55247071659971,-172.0007911616162,-58.47035554683354,-2.5442792370956098
1285,-351.55415173645423,-30.13436001563296,-148.38249562597267,-63.71053607176025,-1.4128319924713246
1286,-451.24314226309,-35.55501314704448,-144.0690602408114,-53.81383553124983,-1.8514629673628646
1287,-357.2554302926861,-29.22157395818856,-154.45372129644434,-55.564257508979196,-2.4524038717262733
1288,-534.715289110419,-34.08115198491199,-137.78699137857828,-59.16355191450719,-2.0416328091142657
1289,-414.9897580377817,-25.834339068178718,-154.83355977547254,-53.97006012497638,-2.4259527880358167
1290,-444.1974194765836,-22.240649070951612,-155.22583908558934,-61.33054708426289,-3.6159529040039184
1291,-352.88464343099963,-19.108700678833593,-159.13878814072166,-49.623063359844835,-2.712826011956923
1292,-263.1234287031311,-28.522881371631883,-143.12611373850987,-62.05930482173743,-2.3184857937551495
1293,-387.60603032518947,-29.385782972815424,-156.69011395321726,-59.06282559007012,-0.2770151898599405
1294,-388.63549935107375,-32.683365296004155,-159.70141654309666,-57.73325516509324,-0.25607785572390096
1295,-341.2252414515633,-31.80824759786742,-141.290742059801,-54.191496024667515,-0.6616621245108169
1296,-361.34624653099684,-16.972375187846506,-152.65161409092437,-60.94534193114037,-3.123484378642162
1297,-380.1112736047829,-44.15930795404911,-145.1455619557019,-63.822563660608864,-2.6207424196844507
1298,-453.2821801234984,-35.6677343120055,-156.1940468386658,-58.41974414256365,-1.0930106029468312
1299,-371.0638658846188,-32.3369904682106,-143.85812740397256,-59.1619490934724,-1.3580796720319315
1300,-277.0195018864461,-36.2507404113541,-152.18907113061206,-56.98831516660957,-0.24879467498417615
1301,-421.6089405168144,-25.161201441151288,-144.0455970492039,-62.04591607742016,-1.7078476778371294
1302,-456.8529909486975,-26.757380552166193,-146.7517299772113,-57.34828931976452,-1.4430550259898642
1303,-451.5412765557726,-22.747200694701682,-143.08190728058503,-61.03599485193267,-1.939858127249497
1304,-344.4316019927918,-35.99289023828974,-157.04948630428314,-59.279841303640744,-1.5584860565949177
1305,-411.25054743525806,-23.477676907120816,-165.1739247278426,-59.7299923254812,-0.9823202526767499
1306,-442.98019533138796,-22.734258368778438,-145.94578333084633,-50.15093501727365,-2.099965369573733
1307,-434.83588343734704,-33.56436787745042,-161.42355073868364,-65.66082086843733,-3.5923729492264
1308,-327.8183444136387,-26.006073682371014,-157.13681343635432,-58.92146520780559,-1.7255787926219812
1309,-365.668406287896,-25.826469107825837,-141.63837837987666,-52.124971165288095,-2.1068701259188027
1310,-462.78203258300516,-37.152015030370485,-159.15361461549514,-61.794514826098634,-3.5662214299462676
1311,-421.8991340054692,-32.08006661977692,-146.92938481131029,-55.95185043776056,-1.668145178315414
1312,-341.05002428911683,-47.07761723132396,-156.74231047931914,-55.7567686559021,-2.4835580401388824
1313,-465.0264754903983,-35.751267600148545,-148.37320072865444,-52.57327844196804,-1.7274719230937823
1314,-326.76950695299803,-44.271786864462506,-155.3012598368127,-52.7242787669886,-3.3520544290818584
1315,-283.32733116660796,-44.55769432173502,-149.27035319935433,-57.62030453050881,-1.7798195135966135
1316,-297.03515476555657,-33.55156166532897,-141.6498341486318,-55.98557199568878,-2.5740155789280648
1317,-412.42596126526274,-23.27270665181774,-147.69673443905154,-62.03334287006832,-2.1043248332659323
1318,-398.75874990200657,-24.451320324465097,-140.68919217694162,-59.08259941901191,-2.2896568425651638
1319,-364.29401949909624,-12.464243983608688,-151.7931240934269,-57.147728934352344,-2.0311656748018776
1320,-383.5098149948098,-39.02393421829817,-163.21046759624608,-58.792427775358846,-1.1816511257333955
1321,-494.69203726388827,-15.166611332774693,-152.96009178611757,-62.18759910512234,-1.5516142412757927
1322,-453.73325209219126,-43.98766473408879,-144.03422105547472,-59.52893886673029,-2.0496325817924994
1323,-471.00688474468626,-37.788996377388834,-149.6899577076436,-57.48438638399103,-0.3284831258917294
1324,-401.50122859420793,-47.53603943123916,-141.98524509491023,-59.5030720813707,-1.4865059834180745
1325,-334.71938301986194,-22.7134926450578,-149.96759593347548,-62.23634355328097,-0.7803344507086132
1326,-307.31758977144153,-21.47992973983567,-141.96762980443415,-62.38961064177351,-0.9321409329843345
1327,-354.6367362275218,-22.766142635839152,-154.09291917454289,-63.4708872646747,-1.1501363454007543
1328,-350.6903036206716,-39.50196838076248,-151.5204565346197,-59.559601611273685,-1.398759057218594
1329,-400.9159726969118,-32.53940077041789,-155.86758528578508,-57.94626506657778,-2.6714677655988064
1330,-346.306192349619,-32.13487988791716,-145.64040535638085,-56.713849841077234,-0.5607363277532796
1331,-321.3941037412065,-41.30848497079234,-163.78673096569003,-52.60141639721115,-2.4068169044868353
1332,-483.3405344548398,-30.146169708270428,-156.97113078542287,-63.735606560032146,-2.6667526897257856
1333,-414.91529272266433,-41.56732706779037,-133.98570099243705,-62.406885478948574,-2.200493443018026
1334,-352.44710116799274,-29.99646090804839,-149.0095590453286,-54.021774537569776,-1.1211812603412576
1335,-363.10815165904916,-20.242243746492164,-141.83039451300886,-56.22286947497478,-1.401088150185646
1336,-323.0376495068977,-14.143614398990739,-155.03867418613788,-61.48593506570485,-1.2178315256114198
1337,-407.7287515962357,-37.96529358768564,-150.28709167812215,-59.79251927893486,-1.376925877631741
1338,-382.7916831534554,-34.930055904689375,-138.4707251217391,-56.41514784626817,-1.0778783387335105
1339,-425.37745808263196,-17.90911214693243,-150.85603412842136,-60.04035470196396,-1.4593808038330527
1340,-448.15046414307335,-34.098016585333504,-140.70240085885078,-57.883552150868375,-2.3148786205239356
1341,-396.6376082837978,-25.375359434274607,-159.27582334792686,-55.32880277967438,-1.8551145753048621
1342,-420.2677807746421,-28.254212061378784,-146.257530669396,-59.99387728569999,-2.87325789558732
1343,-423.0200850830761,-42.48157704308603,-153.48205265483753,-56.1813523410811,-2.3141044931412273
1344,-404.9390317300537,-22.1871119378502,-166.75857240915468,-61.43295410771826,-1.7098340710766282
1345,-278.8945225310402,-40.14380878613652,-145.55716132450362,-60.27325937001847,-1.0618883992530765
1346,-469.68308716161596,-25.678034019920982,-154.2617185433164,-58.02130261169415,-1.130348881104506
1347,-348.5658151836934,-27.229377549295045,-146.95718669917477,-59.58610852617264,-1.5090498929862552
1348,-330.13444848083793,-21.243214860158375,-142.91295473305567,-63.671786137602865,-2.335162353185785
1349,-351.9477950218562,-24.20538817495439,-148.31682344733213,-58.220268188825365,-4.55444249099155
1350,-330.2465624353711,-31.894672318970844,-163.08783477389065,-54.01079203487152,-1.6983533454768112
1351,-359.6115555251472,-39.33868118104612,-165.1602487356885,-64.43379886937365,-1.9028579092204436
1352,-385.5910627272492,-30.490032473375777,-166.45377791385656,-57.569340838345944,-1.5407159926956246
1353,-403.9708767368051,-23.423152558506573,-149.10338551065408,-56.663183207252935,-2.3701772140621515
1354,-392.3877420771758,-31.510400713008714,-146.25685323515899,-57.93163532301359,-1.5494872057163407
1355,-426.1614550138711,-32.48284026286327,-148.14595919094586,-53.599960885105766,-2.2377045583542468
1356,-411.4982199347754,-42.815692225617184,-153.91567605792136,-63.73487985706984,-1.2502650332944847
1357,-387.0531036194202,-24.346333867412255,-145.75699257683002,-65.73275652949256,-3.116555812890814
1358,-389.7375595835977,-24.796688180195137,-150.96853427444924,-61.30831937893386,-2.1554474313420697
1359,-383.2201974076877,-23.05106073981415,-160.6245109660766,-53.31175020848747,-1.3387837119260162
1360,-509.70227454065275,-48.31895116472728,-148.66377905036353,-54.980757652923565,-1.8938960143303303
1361,-568.9152097774778,-28.66776847579558,-145.78861036621092,-60.59115293125629,-0.9411967739996173
1362,-467.5155463559745,-35.47771426751742,-151.49593953445554,-58.69129123879458,-0.5842465932395958
1363,-417.0411060005339,-27.604771434219668,-162.15259473138858,-55.314556475349,-2.4861408584378024
1364,-453.06184350459944,-37.951585275081015,-151.94271981237824,-61.564672930836146,-2.3409021007413173
1365,-430.9108440212207,-33.45308056227169,-150.80948757987906,-61.42395039996608,-1.6062726154703677
1366,-345.64115487896294,-30.65820000617471,-137.46634408988976,-60.796847875961944,-1.4627990934125974
1367,-382.66910133311865,-32.514123549188305,-158.8042380592988,-59.46768275624119,-0.78134675188924
1368,-420.4665065807387,-34.084849258410955,-140.91121480883047,-58.40195421747544,-0.3259922757283132
1369,-382.97902703108474,-12.132214272272183,-141.20431944894017,-61.697845898550014,-2.1116408451459576
1370,-310.5502269623322,-39.193214764717176,-146.57069007703046,-56.960201763047365,-0.6140859488363181
1371,-380.6655142560863,-37.270966743628506,-159.74766765890783,-59.4465190956914,-2.447153626865971
1372,-437.5239778857797,-30.216677106486028,-139.81044909790685,-53.996279507129344,-1.100517035401598
1373,-433.72563869614095,-29.370447783706005,-149.99644354512958,-57.50284895879149,-2.5306854590182706
1374,-435.03167260656386,-35.806623021509466,-142.5075950053166,-57.599130462436804,-0.14718782161292449
1375,-458.7463221468544,-37.38378451046914,-147.07301608652088,-58.73262262549151,-1.1336709540450172
1376,-392.9789787912062,-24.658041839905906,-156.54492675776376,-54.056959504304,-2.1667992245516583
1377,-406.65193920545954,-33.3250052941985,-157.47856172787053,-57.60450548223157,-0.8451399639054172
1378,-391.2086586360021,-28.50810620623802,-164.0815877885061,-58.97439575871599,-1.580071972138346
1379,-369.5444354530091,-31.699637317410748,-147.5797412159055,-58.910350927267906,-2.50785493004196
1380,-454.04595597843576,-21.75111210425956,-144.40553048840928,-58.89896478137165,-1.8552886607669876
1381,-391.2220243687265,-40.35020237000352,-157.74912335347477,-58.53885623006716,-3.7920481742163283
1382,-366.1579542508393,-23.960170557559213,-149.1256714351826,-58.17090811205564,-1.3183481534212742
1383,-400.162994772974,-14.627371199222107,-150.17856687684218,-57.41243424111446,-2.9400052638338976
1384,-449.7316829697576,-17.527615504976694,-151.5157381883572,-59.12283677100313,-1.009835803244196
1385,-335.8254611699989,-26.736680407355724,-160.8805148037825,-59.15276621878373,-1.4483717717449487
1386,-400.8070299955373,-34.252824435814,-147.55376720086747,-55.55846444042321,-1.7393103911290713
1387,-411.23340979316265,-34.42081317746984,-152.19554743039052,-58.714531201619785,-1.1382072265607486
1388,-429.2943132107078,-23.637656997070962,-152.877592273585,-53.33842018628593,-2.4833993430299586
1389,-367.99587692308614,-18.901275478450355,-164.6773146926431,-54.52880174694399,-1.9917655680966444
1390,-330.91405570856034,-19.328442337803175,-152.85357605473095,-54.89264915680549,-1.7136454386907627
1391,-353.98007032796147,-26.25368747213541,-154.32122292649925,-60.91103757527201,-1.604899847567007
1392,-350.790069044951,-30.373658688678614,-158.9388276034017,-52.86796641729077,-3.256329489695676
1393,-322.8526870938217,-34.72009563604505,-138.16852256359883,-60.48286136458746,-2.2423808479645286
1394,-360.04599329813294,-32.012433098114926,-148.24272002079493,-56.82651007487479,-1.8450816801139647
1395,-406.00671594972033,-31.659446416934806,-149.4928223825258,-54.30361325707289,-2.078455306541169
1396,-403.4453359952463,-32.614724093429764,-145.12538134394322,-59.00265205840965,-0.346749946966603
1397,-411.00432200038284,-29.760179767542514,-145.26671524603293,-58.26891551069698,-1.2875080987057004
1398,-422.201560520309,-39.81425359712085,-147.16352084303608,-63.19452975611198,-1.1910105581736157
1399,-402.73665527505307,-16.98484621935342,-147.95415697665973,-56.447499575951596,-1.9719828086229607
1400,-445.897394762277,-33.81198740864721,-153.9898654298946,-56.333778320307225,-2.3498750498819962
1401,-374.88448353643514,-29.57420869091991,-160.8327999912017,-59.822157652159795,-1.6430689056595646
1402,-394.6917920751745,-35.279812968646006,-142.94509218373784,-57.42133708799998,-1.1925815486573885
1403,-363.70188100060614,-32.98395863301045,-144.81494253648538,-56.34055357057043,-1.1893613934164138
1404,-286.76815354552866,-33.43978895546649,-136.2863608852716,-56.880508481394145,-1.7488645528879128
1405,-432.7934233460497,-23.53729279126008,-144.69569759207928,-59.02069304581097,-3.117739261315129
1406,-294.0699520508193,-37.7558981269546,-161.97964041694436,-64.00185072021284,-1.3059947576425581
1407,-222.89057036669044,-26.12353375179693,-156.6840601069327,-56.85558081089006,-1.9847738461098818
1408,-424.3286919271577,-45.485627930608906,-146.59524512211016,-56.15213448176907,-1.7184396488453757
1409,-406.3924637140038,-38.44246719026885,-148.3270025723605,-53.76523465771523,-1.971958237173226
1410,-394.28789685229856,-37.138509302915196,-147.9948674754745,-55.4883330666267,-1.38280595034134
1411,-348.10542021713775,-32.06950908026131,-140.09998856241296,-62.60828770589565,-2.8441533316005265
1412,-350.06132798412335,-35.49761672940228,-156.31766861283063,-60.57378524528857,-1.1214052221849968
1413,-274.34542321253355,-25.43069115222916,-152.23075854817688,-58.653047782576856,-2.225823590448671
1414,-440.4065157649876,-39.38561221088717,-148.643914868153,-59.238129720590045,-0.7049515849410419
1415,-354.86764217987127,-37.536691054422484,-144.15390821863298,-63.75217240640567,-2.2845681115136096
1416,-298.2945460277163,-31.825679574288188,-151.07776703825274,-58.12295893815774,-2.6764359866505374
1417,-309.1971739097598,-23.08374718595064,-146.044308478405,-60.402952480337675,-2.0732779756159427
1418,-445.6506798888641,-26.282044448549154,-156.41115436066625,-61.00685003222619,-2.055611233098493
1419,-405.445252248742,-24.094309960293312,-172.89592007998272,-57.21434881693386,-2.5054425398791658
1420,-373.8144619379757,-35.23033487475584,-157.8504762694197,-58.410772622433406,-3.0716256709696497
1421,-366.2180285293698,-32.03339273708983,-142.61557372713207,-54.40999057309853,-0.7365838776159801
1422,-453.73920546701373,-23.21272650822658,-141.807327906987,-59.77987065754155,-2.7895546655313868
1423,-422.59874235219945,-41.955889634158154,-153.13413833174602,-58.526609571876065,-1.6676963655604293
1424,-386.382504755126,-30.858669705434966,-143.43703186389433,-60.12848324879547,-2.0700923743908817
1425,-380.7438147937128,-21.122643813012232,-153.24327229240467,-57.81694488333763,-3.493167376931449
1426,-394.32057276122447,-29.5510788839852,-144.07529774158385,-44.87354446216093,-2.1194614924968413
1427,-465.65439669787327,-31.20123963254169,-143.9017452693643,-54.003779910081796,-2.6410643716154385
1428,-556.9803479041625,-32.66852813633068,-161.60283900151495,-59.589271502299226,-2.143701660531947
1429,-351.9332940197491,-28.796899121017063,-147.50327545739776,-57.39123614426799,-2.4588574455731496
1430,-464.28993591411927,-37.01626134144623,-137.46007040795635,-54.25107588817732,-0.7100739905215553
1431,-385.50927322746145,-27.633568050312633,-155.68799634848185,-56.51488631945209,-1.6583218407994829
1432,-496.1812191605285,-31.38984121617027,-153.57654636334777,-53.178295992535254,-2.4169329550060157
1433,-324.23849198592205,-19.32759352098172,-158.75182485848583,-57.4322032904115,-1.9795782199431309
1434,-467.0460852343861,-29.145315187007917,-143.92988383867194,-53.84549971215533,-1.5679165026000161
1435,-394.4409930837555,-9.616341312096358,-148.5311960355422,-57.81925993938905,-2.054140068472268
1436,-385.03666939111054,-32.2157938259607,-144.50070293844362,-59.557069460936575,-0.7769498583569541
1437,-406.95052025996597,-28.519407397543727,-153.70900819894555,-55.07971880387407,-2.0999337671296807
1438,-398.849808483962,-26.88595875841866,-157.56060843387462,-55.858500186996885,-0.3845947030474049
1439,-431.0804701567318,-35.07940394600519,-153.38971170424827,-59.76544124857821,-1.4478200117282392
1440,-331.2722879581239,-32.54254009043332,-162.30076364570468,-54.19224132671311,-2.6257336812995415
1441,-357.1507136531691,-23.485007541512648,-164.69687670668577,-60.99906683251306,-3.8313007597749955
1442,-328.39270305007113,-29.8317344577376,-153.49683051422272,-61.45139948250588,-1.8724356960685637
1443,-281.6454192654888,-42.28115421864711,-154.6316739320956,-56.20269319656421,-2.1013319387362954
1444,-466.5346084502809,-41.848216139059055,-157.61481273304798,-56.18593456295339,-1.5938044770722837
1445,-452.3838355182014,-38.885913214775094,-144.18937956913717,-55.8377264792511,-2.0335154897749352
1446,-341.46315577379005,-29.69681186216569,-147.46511861052568,-57.96291842632712,-1.8372516401667318
1447,-443.08342516996385,-20.54311628295787,-141.3555192308995,-59.49341693599474,-0.9241354858403324
1448,-400.17188487608837,-27.835796871951178,-131.1039219362798,-52.17211992814862,-1.5608220785051752
1449,-383.37327867758717,-21.647137063618466,-155.19037938601795,-59.274112840355784,-1.2353193096372663
1450,-326.9326025692146,-18.988598312184376,-151.1609558714383,-55.46615677029185,-2.139739360504112
1451,-471.67280220206385,-32.24427352599314,-154.8311331199777,-60.54267157135439,-2.419318186887214
1452,-348.03181312646774,-29.694989577453665,-154.8075025800416,-60.68931928603074,-1.6236542603850754
1453,-408.8652522963348,-35.17770512969991,-149.77062864575262,-54.85527436629079,-1.4710491971843922
1454,-355.6999561124896,-5.057317178536184,-152.42501587481084,-64.26516247577129,-1.4482541799680764
1455,-491.23354805301926,-29.11114193037425,-144.05178152527193,-50.78029393249795,-2.3531962696804083
1456,-376.9395403897309,-16.814728056635687,-160.10708790374014,-57.84439986163507,-2.3709147493178224
1457,-371.0937407725466,-38.3744564940729,-159.0843182271923,-59.4740367863767,-1.8128061245178686
1458,-312.01684577088656,-36.00782818144088,-160.8470906124116,-59.556960845360265,-2.173097700581741
1459,-397.44226992750663,-29.51579042424847,-153.61721914361124,-56.61422066090326,-1.5233257457262466
1460,-472.9214681851622,-20.837634011356286,-160.55307077009923,-52.9637174339672,-2.2410154138231557
1461,-368.04580892659834,-12.962862166874912,-159.24953667762713,-56.23671822672325,-1.110655210571417
1462,-296.6713266274686,-15.150957447270075,-154.52820316523133,-60.8665602137621,-0.8891946387474796
1463,-421.8555038677717,-11.718221318119218,-148.26742608671847,-56.999878105662766,-1.6349235705250433
1464,-407.06582291411064,-34.02973313571915,-147.1671503863956,-63.42514710623555,-1.0234181468207995
1465,-462.03384735975357,-36.304113039541306,-165.53827967284866,-57.795971936558125,-3.2195838387766287
1466,-398.77533062414454,-34.3393329070663,-161.56924099733573,-55.42953411170744,-1.8548768309833654
1467,-403.97841553598863,-22.967337298662745,-159.36942526242905,-57.59410465346281,-1.1344744160326499
1468,-381.68081494749646,-39.16726825150326,-142.77328734195922,-56.700166242971385,-1.2803976658750185
1469,-325.97994950998884,-35.892296245267886,-147.5334045927275,-56.04030591302921,-1.4021024011003578
1470,-441.98579986198587,-28.80424164323601,-141.16116037936544,-55.554889860200625,-2.594670464387302
1471,-436.7121266349683,-40.43089951019178,-151.6795401990233,-59.51170902306802,-2.420570057621073
1472,-473.7699019114324,-25.72331319525424,-143.59939470230512,-59.16817732555831,-2.305934027522608
1473,-360.6988304513085,-28.048984640346532,-145.08118878408268,-52.39235249290117,-0.9955053652959853
1474,-526.711944356874,-19.64896615128638,-146.0746527485604,-59.851294301060804,-1.2625501316885275
1475,-247.61788855219285,-25.227774824218407,-150.4112444825798,-62.811493306555356,-2.4216779750463813
1476,-368.03346110301044,-40.669854069858076,-165.2754088380726,-60.42648202956455,-1.2494047375601223
1477,-474.94315600457196,-30.446605410489298,-146.8955289425023,-57.52378606958144,-0.5022670029178975
1478,-461.739503746914,-40.65039450819371,-154.23637085416374,-58.33098047492666,-2.0454562704465413
1479,-347.43139986740675,-32.095180770905834,-152.79661922052898,-57.36824994747558,-1.1692896241698394
1480,-362.2490045682152,-26.755348046768102,-153.91013274769637,-55.8438446655421,-1.2604914674578178
1481,-406.3926170417435,-42.10325300478087,-144.10229417451305,-53.17886703382002,-1.7753927151646374
1482,-335.39127808231694,-25.59367651638969,-154.13400117465739,-53.25739957340516,-0.9740023632679894
1483,-346.78205669792226,-26.772993370403395,-154.02131358284728,-56.983487505915136,0.0813551845597002
1484,-415.0426538625807,-29.056583690657565,-164.21159483361882,-54.48844432920803,-1.715449304121278
1485,-452.1371744640593,-40.22448571431946,-144.8214879171309,-59.4852163909444,-2.856696077439956
1486,-394.14696222787705,-25.768650731829094,-138.48881089357172,-58.187045478588836,-1.5578852718706584
1487,-360.8561380998832,-27.948486640398546,-136.82079403609166,-62.42633751389366,-1.3790499433566648
1488,-418.5195885031777,-23.119126238410967,-159.83353780657418,-66.07066695507012,-2.1145865488360354
1489,-280.3649699422304,-31.95765451877294,-146.86044777468533,-53.88537313849904,-1.5593952860119145
1490,-423.91590490134104,-35.80142025011693,-141.4119819492943,-57.15303464704799,-1.674845552770497
1491,-387.5718706545972,-27.433591569153606,-164.47708527180603,-59.61027620587928,-1.9250201901815607
1492,-345.1301289967113,-28.957096789022508,-147.04666655829556,-52.74977591035103,-2.183795699950238
1493,-394.52528773476166,-31.27388028905673,-141.59345450769734,-56.14923223911563,-1.2390698117790113
1494,-468.72601420700795,-21.57474289026434,-153.31110254134666,-54.76575777942979,-1.030597103763907
1495,-358.9607180413481,-23.696304631649358,-155.55554199835083,-59.41900702843662,-1.820718735909774
1496,-376.80339468961154,-10.461643381375088,-153.36200834930392,-65.48052621191938,-1.4775811745486644
1497,-364.4724915579882,-31.265123759299996,-166.69111415218063,-54.15221090217532,-1.9624567322125779
1498,-439.5138166003647,-23.37365255987734,-145.26894638018783,-57.66725195574475,-2.8054106642097003
1499,-469.262227465296,-16.071695720304042,-152.33659566074917,-54.998258009154256,-0.9144904856574547
1500,-385.03137152986704,-36.07402054734798,-154.2734310812204,-65.14359169855415,-3.3569099065709747
1501,-308.4951287775469,-31.259619965018903,-153.7671320675986,-59.93814999617219,-2.0999484098773085
1502,-406.9635219968431,-43.572710174343214,-155.27856278185482,-51.68133162820042,-0.8999908424475097
1503,-349.38823459643083,-28.306820343456597,-157.28197583704494,-62.21138529827784,-1.2849963306586203
1504,-405.15152455706897,-42.95489466567765,-146.42382627359373,-53.94520016767311,-1.3894751068860947
1505,-394.50437273925473,-21.67575662075426,-153.60162116585053,-55.75455269892253,-2.8699729533985296
1506,-371.3716188281843,-25.383954566504276,-152.04769272905327,-56.758760941862185,-0.6661351714456711
1507,-228.86209345037278,-27.805398913523465,-152.84886028165343,-59.1502614303135,-1.5055018322993599
1508,-355.9256053026829,-38.40762624058495,-152.4742862201493,-57.931196353410435,-2.689001706040379
1509,-394.0564802487714,-23.077476259002722,-155.60222775756898,-57.49101673202261,-2.2239137384110816
1510,-330.22478544676807,-18.73278437942474,-145.50030002379566,-50.24594750885384,-1.2898388485453198
1511,-369.4450023085589,-32.39080915767771,-151.61953775093957,-60.27096994540911,-0.986537681843144
1512,-257.1539009819542,-33.286198696037765,-144.33586604824737,-60.76842132472884,-2.098703150829026
1513,-517.0577540088075,-26.862710347644487,-149.2966538072747,-57.504811140303865,-1.6326866460109548
1514,-365.6215813299136,-34.077185278395845,-138.51014233511026,-55.72151003614207,-1.3747565897831848
1515,-364.26621295978225,-24.317037270531664,-149.34673201843037,-62.70740936494128,-1.2608763099581146
1516,-334.51242792896073,-33.10704028691542,-145.51878341556633,-59.89801290719388,-0.9920109760636774
1517,-409.7406336817259,-30.21079797486646,-147.2965135244868,-50.96499607656566,-2.769259109136709
1518,-381.27943577686136,-23.657426347876992,-157.36659649764616,-51.56339950264325,-2.7837177256232217
1519,-326.8645327395394,-25.73102325043493,-159.99843877704942,-60.96325328163884,-1.5366861375257526
1520,-366.21947349225314,-30.731456517646613,-151.65464612317788,-54.431627845044005,-1.4333802736705024
1521,-428.0567805496118,-44.36935405595178,-147.77575511536125,-51.38614561650466,-2.3574083664261516
1522,-415.7606965267183,-33.642243306147954,-159.0266595240705,-55.03010433120561,-2.883374493165331
1523,-454.6775205358086,-35.02667413075304,-149.48803672383903,-56.952942939624315,-1.2675897783802652
1524,-354.8221518763085,-37.22504912889315,-155.59942274661745,-55.256872375638245,-1.5604883587496892
1525,-371.58972729592386,-39.514031538048414,-150.26195649504916,-50.84029849112963,-0.6547545313855916
1526,-368.14377679928623,-25.63080741962485,-157.17631590022046,-63.32268590334041,-2.6432923466068385
1527,-431.63444408493683,-25.61250687056634,-154.41925623830596,-57.631733688291256,-1.3782166319351008
1528,-367.141792333291,-26.517892124341074,-158.26518232651281,-58.189603360721286,-2.2953938188902185
1529,-525.7508180501657,-31.358666248456053,-160.1789807050515,-51.36684665401037,-2.2843571063456296
1530,-480.8104674612649,-29.897692441656186,-163.79610438700254,-56.74482957012234,-1.6807139144965453
1531,-368.00608273903487,-29.598835212377125,-147.3176389634284,-56.656517612093715,-0.9593458657600505
1532,-386.037448721235,-39.2027371929674,-144.64306598826755,-62.80141500035856,-1.167336946817833
1533,-376.6831585344449,-23.405660270246294,-141.83379488837087,-54.88927824598213,-1.0559662790242157
1534,-427.22399672090984,-31.61499975861743,-156.33161505221787,-62.21203417712336,-2.0062267697577045
1535,-471.30333169284444,-37.250716841241015,-143.9230616810068,-60.46258524200648,-2.2462451988960352
1536,-428.50198647895576,-34.45957704130614,-156.7005129754959,-61.90139801854007,-2.1612739667203114
1537,-430.81289249629543,-34.425045815365735,-158.95904891909973,-57.46423449519926,-2.331610804108999
1538,-298.0738956875577,-30.342128454194256,-153.26509502464083,-50.280548187113006,-2.594933743221112
1539,-390.1185324527429,-42.52323617014743,-140.69308797205113,-56.54839409850822,-1.3149465050080387
1540,-431.4642389065912,-46.256672188927034,-164.32953201739045,-63.921781660938876,-1.9522079201496807
1541,-368.70165061051955,-36.83655258320831,-146.80992524806956,-57.89735627034161,-2.461418067195659
1542,-379.9969944179662,-33.08489270726622,-163.1715924452432,-58.09982419334541,-1.7126497109305134
1543,-463.1225763175799,-38.7349667540327,-157.21086197033904,-61.682319439487586,-2.7264762319747193
1544,-357.8858792614638,-27.017396107039765,-152.14217391482316,-53.60004388104887,-2.7002694972683945
1545,-261.7394087404584,-40.20830734245588,-139.85022852468015,-61.3996062714953,-1.2410455669167406
1546,-317.3418179493496,-27.536563891325034,-149.60154138702111,-54.76162459659603,-2.016551326846119
1547,-479.93412057956124,-35.28508278287738,-136.4918264183916,-60.69074254572029,-1.4371724516212787
1548,-347.0993535542337,-25.022484830848857,-149.047447296538,-60.48912514568952,-1.669485323723279
1549,-436.1372001376856,-37.53269345962057,-156.52493503245478,-57.70737891912408,-2.3103871920801735
1550,-462.2237605020643,-37.932167324789454,-154.0935273806499,-54.97358772744785,-1.8040749657614228
1551,-462.09585064898494,-32.40217312716904,-158.00714467271268,-57.5411757006155,-1.5896089570232512
1552,-356.86343979727775,-28.905818957874907,-144.3141111618723,-50.97074291417889,-0.5787912453979295
1553,-354.33236525596175,-27.397069171158982,-153.47547955840935,-56.74331893307289,-2.8172481930267668
1554,-345.4623887507337,-25.648816435013174,-153.9083322380373,-50.07106913742444,-2.3776897684635965
1555,-475.52968011736715,-32.71578405486082,-150.58272029666358,-61.75409723750036,-1.6490918892522743
1556,-307.14952937836983,-3.466014468774279,-156.19356564574827,-58.30950284291199,-1.3180675041887067
1557,-390.3373931234379,-28.12816049448561,-148.85954163580323,-56.22325452964001,-2.2995993943002917
1558,-358.41562039268496,-32.21017429276683,-148.86947466966515,-55.75550095720653,-2.0294613410666473
1559,-389.68416462417036,-20.577783101697456,-149.73462411024173,-56.8398333219661,-1.7394491434618227
1560,-417.98671279797463,-30.29562712830986,-142.92241414677986,-58.266274631077216,-1.8803737718177442
1561,-488.3057880558167,-46.8557183679775,-146.91492110512377,-59.30353791642387,-1.7130293666557672
1562,-371.6999355549252,-27.325132974262125,-138.71089642872835,-61.58510658382386,-1.8837231864156603
1563,-364.62750753180774,-41.423771588378685,-145.20957420067202,-60.90958943806629,-1.0267034296303823
1564,-297.4148328035339,-37.06868310205836,-148.02870028586304,-57.208337792487846,-0.6986340591420296
1565,-399.1859702755272,-25.202267147892247,-146.51324283825682,-52.3882989443929,-1.1787867599985695
1566,-354.62498365948863,-29.306824287380383,-150.17789388091802,-62.97393389869903,-2.5766896982058376
1567,-441.2970746149292,-30.650644650571646,-153.54044427515717,-59.63887057684834,-1.8217783699293053
1568,-386.9618192881487,-30.508152561118138,-139.29038684405612,-62.75583569884136,-1.545746728179069
1569,-468.89911067862107,-25.466716983002197,-155.50420589505111,-56.386850461883476,-1.678915495670836
1570,-389.7617223568941,-34.61157523787773,-157.88460130121038,-58.14243325652414,-1.7337756312609236
1571,-324.68240349012495,-30.850729586907445,-162.32159864831286,-57.525645584416544,-3.1481077720930695
1572,-465.2505273743589,-36.53264045775375,-148.86460506315802,-48.21305456375761,-0.8794884181960105
1573,-591.7685658154401,-38.417983879933324,-145.4698643237242,-59.19871785627602,-0.9623356940417278
1574,-347.0179556043759,-22.88173243719794,-141.96540168537794,-62.36545381324509,-1.4521609468621992
1575,-423.88999774041145,-35.983789973029154,-138.8801565815617,-55.308934319989945,-2.163927828959695
1576,-491.9569301223426,-15.696175431549495,-147.91167459840236,-53.991771399303126,-0.8399121105714225
1577,-436.9083712931723,-30.426060120346758,-156.18187427098647,-52.791945772732156,-1.4358598318189852
1578,-389.3122397010234,-28.529944990438384,-138.28975034467183,-60.10967310050694,-2.512857558416904
1579,-343.6582148556515,-36.77883667363111,-157.58147144995826,-54.049651813848115,-1.5736024295739066
1580,-465.92746516110105,-30.82206255158542,-156.9408663296782,-53.73799888931179,-0.7043100346832477
1581,-413.10426993574123,-32.33552100111819,-148.5894223817517,-61.95320056339695,-0.6877280536765107
1582,-399.57101807315587,-35.222194669781786,-158.07293887653665,-59.49503629611904,-3.1632753396485427
1583,-446.3676350324955,-17.35732781850986,-146.79318005935127,-59.86501770426783,-3.0748327571936644
1584,-401.26907399457116,-29.19720429916352,-146.25278612861533,-52.514356028605974,-2.91541543694978
1585,-349.8253830386028,-20.89073997980462,-157.24060653576637,-59.600609098054356,-1.4471528590366889
1586,-369.9195034854276,-19.223160930925303,-150.74027646226352,-59.96922223649297,0.054467463684247056
1587,-376.4541198849809,-27.480122647415893,-152.3177674087218,-55.095121076952715,-0.727579515558329
1588,-347.71586374759784,-38.04644080875136,-154.29190829965611,-55.920135762786856,-1.8276064025089058
1589,-349.9060049626109,-50.51284724936991,-154.45616956350923,-60.72266844059482,-1.7649489217275438
1590,-425.56587840900136,-33.466060924572155,-157.4194105090302,-57.506343837427,-1.5246590199923828
1591,-402.3297438165513,-35.89530562156545,-150.89118074190682,-54.47743689189997,-1.2652776650645314
1592,-390.12145247322366,-13.422936423799914,-155.95023556949798,-57.62017811506033,-2.78857380957663
1593,-420.02285755227217,-17.345719547086315,-157.6466406764364,-52.426458123337085,-3.0210356416715265
1594,-319.92575352923507,-25.584679975494794,-137.97920607016547,-56.20095814887252,-0.7819896687677378
1595,-508.3452407392803,-36.33245156851139,-156.31311643628482,-55.80903581619521,-0.7143272916109008
1596,-410.3100336789243,-40.24948635859163,-160.9773692608703,-56.99290251658108,-2.0150925284906935
1597,-386.37132374100594,-34.36829389330976,-132.15402672688546,-60.21306199525114,-0.8408262236447057
1598,-263.7180682699044,-31.28934654527599,-141.48773818513118,-55.80231103421051,-0.6137390309257121
1599,-404.8579025780977,-20.511781131030304,-133.79282687899672,-53.74787267964004,-3.018684012883161
1600,-357.9092027866451,-26.129375266746607,-165.04716210274023,-56.77847323953539,-2.581857802424346
1601,-398.48758075720116,-32.60898532076602,-144.6838108816708,-55.00875454261461,-2.0095440004934764
1602,-465.8062816668383,-16.402291938561596,-166.2627775261418,-60.381874122037026,-2.4635460732863765
1603,-303.3313927316388,-38.6369962317131,-143.6979440608179,-58.930352861882014,-1.7725832311567886
1604,-380.85255619151053,-24.134449682243652,-151.8731120970169,-52.551663849581224,-1.5208709531215459
1605,-421.4003418210033,-41.52391694391926,-155.46377857026582,-54.61937627505443,-2.902376160145275
1606,-291.82051603220424,-33.4814127358203,-150.95868806498208,-58.38378085906338,-2.1527951451910736
1607,-451.61866850645805,-29.946899290781882,-170.68603422580017,-56.768001319113004,-2.299158035194995
1608,-294.3074139976881,-31.38004926678695,-156.53840262073803,-54.112290871966685,-1.2414927060698866
1609,-356.1424435817972,-29.940141888348325,-150.60792959794654,-53.374391658459544,-0.533476461686254
1610,-314.28234834288526,-33.76466439619089,-147.6146466848111,-52.45895402366064,-2.5203014219846485
1611,-404.1335932664512,-41.59362307155681,-137.61069406463778,-54.527747531972445,-1.3748620975014552
1612,-383.076821033108,-25.611705607626714,-159.1292347084745,-54.51124651898539,-1.9945843334577806
1613,-408.2106042042449,-24.395252873111975,-161.86036787740434,-58.722233876823125,-2.06791364962197
1614,-412.00653906846526,-37.45736853039504,-149.3842101374639,-61.461299507001655,-2.6042264407309377
1615,-470.01128814629834,-22.701390071378977,-156.85649331419086,-59.24860925742227,-2.4569963179376164
1616,-494.28340653140657,-27.01816147158722,-152.33190667443552,-62.99356463194918,-3.209792734294802
1617,-385.8279945585809,-16.969715535450536,-155.4243217479821,-55.77208787041746,-1.2654659779708262
1618,-417.4553952736323,-31.990154970359544,-141.57266990278308,-61.902150364707616,-1.577394742308009
1619,-440.8990589963486,-22.17796182071934,-157.84929540782787,-58.86516742600878,-2.202222627173002
1620,-309.26736811712203,-16.06090322146632,-145.4708142842073,-59.50889664094626,-2.623499691053027
1621,-372.93022978623844,-34.53674190754521,-155.45756904071987,-56.27898287945635,-2.815415749072032
1622,-330.2500737382453,-39.06780067716059,-152.15030817444557,-63.255322909928424,-1.4616140759857135
1623,-480.4221073920879,-36.73263855778806,-147.4935125485457,-54.42374030366951,-1.4506113471022233
1624,-395.17289977422087,-22.63416912901181,-160.31445381768768,-57.86247437315828,-1.3427343270016487
1625,-350.6300235628074,-34.576792991719685,-140.78564761167766,-59.63916333351014,-2.142217448260218
1626,-457.00584582203055,-36.61546035113119,-147.73909060268346,-56.10122893043659,-2.7293287545920153
1627,-457.7500971415052,-20.666686273254115,-163.49949713421117,-60.76877120511595,-1.9450200894487006
1628,-332.7948655982153,-33.45718374989154,-151.66233923282658,-59.35728505718172,-1.8296950266537704
1629,-346.63690597476074,-44.05330795819596,-144.3529998646096,-56.65306894850659,-2.4872623564994902
1630,-353.22555449177133,-45.749158985006076,-156.539919579915,-64.70034726628528,-1.881402571119102
1631,-452.21774751578585,-15.204278849473441,-143.23463054312853,-60.44079485702941,-0.9132246665584789
1632,-400.17988729201807,-37.929068396619336,-145.8138694090651,-58.91957778500418,-1.517200399098663
1633,-413.869855532008,-21.304998865298803,-153.0211560100516,-55.38003142828372,-0.9317464818029412
1634,-374.16609877102957,-26.157701804185184,-139.3837044183744,-53.8949761375508,-1.5527429597072617
1635,-343.76171027591585,-48.26363467667421,-159.20966561534613,-56.34863675457659,-2.2669378188642866
1636,-414.4705977346488,-28.62588589212031,-150.6363971487175,-53.41296094661767,-2.0188263821968824
1637,-406.5416049238104,-31.35423010665747,-149.16068401658288,-58.00565846214687,-1.9929844881900731
1638,-454.6166377447265,-59.057889664992274,-152.7911653029459,-55.97025404729302,-2.363926723558456
1639,-336.6001900050749,-44.2684190748883,-172.61878371398333,-59.13634553396178,-1.5634905386998743
1640,-287.0799989706475,-24.112721698473145,-164.69878718820013,-51.40628214794097,-2.6658703355564217
1641,-394.3596552650561,-37.022978339593536,-147.13708533202876,-55.62669016552126,-1.7474022814093482
1642,-359.7094619757691,-32.96197410119403,-149.55714549529577,-59.82110021270336,-1.9816425724186175
1643,-423.519959582323,-26.178394477608503,-139.2371167978787,-58.87814000360326,-1.9501107515105545
1644,-341.5575308367612,-33.44106129156144,-150.20392814217175,-57.31024697977837,-2.815709961823701
1645,-285.13036127101316,-33.15430070747099,-146.14172955281816,-59.602946776445634,-1.0938996973666746
1646,-324.0476127046817,-28.36755559090153,-158.93391529468505,-55.15245859069753,-2.691449819203228
1647,-402.40498992835245,-27.88670703500534,-161.00081994164532,-54.31086748369815,-2.4495379809556077
1648,-333.34800498108734,-28.541711021787002,-159.2576047978845,-54.90983940706345,-2.1746102603378676
1649,-353.23129238335054,-28.185695897774938,-153.28402131814687,-46.53799539638231,-1.8653105918301254
1650,-435.2814880134223,-43.073612593591484,-148.32261090227584,-59.79409008870899,-2.358679025015343
1651,-301.5287857286439,-39.29708893344406,-149.65442976110188,-56.40400066591768,-1.0897424947382466
1652,-399.2505451658009,-39.72025474690726,-142.4111057196854,-62.20386435729648,-1.435186766486316
1653,-325.2983411390319,-27.775550716533253,-158.23622055579014,-49.87250696707014,-1.5736431774351214
1654,-393.297535279218,-43.3905227362111,-154.24962796085777,-56.770181852500635,-0.6837798858164706
1655,-349.57230527743246,-36.3808264202281,-143.58003631537898,-62.76486597774052,-2.537938038526799
1656,-317.41978397066595,-25.892571756668687,-144.58876251174866,-52.136324584773796,-2.103456162324192
1657,-302.91085822901215,-7.576817693257664,-151.72093913928876,-52.733478505775764,-1.5546770310257239
1658,-410.21316537803824,-33.01865011957307,-148.45214145151164,-56.99517898233176,-1.441606406932933
1659,-404.0747661451218,-29.817478196243652,-150.2534313288685,-57.70496897153146,-2.506851550674864
1660,-309.9778497919876,-21.960580420260687,-154.84411560177682,-54.47099904709687,-0.7759754203193826
1661,-352.99573066368276,-31.51709746198494,-150.9105647459699,-59.135375930709486,-0.2292235297807199
1662,-406.7805296903041,-22.064928080321483,-152.5946376384348,-55.42883389752373,-0.5723224482140645
1663,-382.97084376342156,-33.763174069170844,-153.34205055316113,-55.00622467283439,-2.2542784971506515
1664,-416.9533764845969,-46.168353852143404,-153.82682091516673,-56.91875435142072,-2.961269072826451
1665,-342.4464584582424,-27.342298537000655,-141.5138705470561,-58.861816207573476,-2.152256929040987
1666,-223.095441059089,-37.22528035603783,-140.26966794459636,-58.29988321868202,-3.13815436149165
1667,-362.6327109234682,-27.40858696568871,-156.27869834583717,-58.727645620386475,-1.5204742530680504
1668,-376.04519826137914,-30.87107221524251,-161.89289562370794,-60.4232024192205,-1.705532231421847
1669,-496.2947428593905,-28.52583920834758,-142.02354780782136,-63.12087460804125,-2.0312267325367475
1670,-466.8852475216524,-17.737493729231165,-145.55722374595757,-56.810398171243605,-1.592432570976323
1671,-421.0428735860567,-29.724050746543238,-151.59918328786634,-57.5700173909566,-0.9596787412520953
1672,-291.7735831050167,-30.780316027966368,-144.81130822813128,-53.22942569902587,-2.420907379837696
1673,-322.93155077645264,-27.875805221516902,-157.35793158050288,-68.61967358866119,-2.1441987340061766
1674,-377.36402559697456,-26.172446879542864,-131.4208486636394,-61.3380308369964,-1.6230352191732749
1675,-325.27158786177137,-37.307980562317795,-150.90427792224352,-51.497055139019764,-0.9703115780135951
1676,-346.3439505526598,-33.04776395752901,-154.41919898168953,-64.92957875656045,-2.781973918160117
1677,-442.00626608244374,-21.7121625752833,-147.91099677234482,-61.161392083883186,-1.5092646938191607
1678,-359.7580053339753,-24.613090826479215,-157.43700140330859,-53.57707636709261,-1.47876644574073
1679,-317.7284857823234,-16.19460074524431,-152.1447516172492,-55.57876247698547,-1.5248979838293064
1680,-440.546716295852,-50.54261818728817,-148.69648806101674,-57.72481071793499,-1.5656451935772997
1681,-322.3971791916285,-33.42331404258237,-152.81337041161828,-60.816519406365074,-1.600615652342374
1682,-337.72630683345557,-22.249582144634907,-156.62697012165665,-53.54665573191237,-1.6207021828682888
1683,-350.43670331723763,-33.10562479698229,-144.48534686371895,-62.45412260953308,-3.1086658338856625
1684,-357.9455031378153,-13.003811040123889,-154.5946225717721,-54.93767634770995,-2.2610947672932418
1685,-400.0036190790338,-30.814158686021916,-165.06102279170995,-60.29676148246786,-1.3670009345773297
1686,-254.0945196251475,-31.984445960192495,-160.71274550294123,-58.27480410202527,-1.7825572300789756
1687,-353.681971002725,-23.158244717018132,-146.68247747834621,-53.39724305609542,-0.4840277568117262
1688,-378.48411481522965,-24.053488005692635,-144.82088593149456,-60.7973378667019,-2.5664124470415857
1689,-304.66342096848894,-30.46795137867271,-160.76571339934154,-54.81030502966527,-2.286560132447688
1690,-330.61158833041674,-33.97435994592889,-150.0561311800121,-54.627627857488484,-1.7778666462812325
1691,-414.9850931720717,-20.683094315360805,-148.70528074106466,-58.39448191933944,-2.196022027717821
1692,-400.7278745834729,-20.98532576764967,-148.47678238108023,-62.541296310632006,-2.3839202721091333
1693,-416.57162129929026,-38.59119147153197,-161.69893625668942,-54.444304190095544,-1.2773440385545507
1694,-390.38213403519575,-29.481565942742144,-149.9385047047372,-56.942014609258216,-3.1741973898286475
1695,-420.10337512129945,-18.79644433343216,-152.26645293442178,-54.83783470113442,-0.7668776545034747
1696,-478.50626520429427,-34.095937022857115,-157.422393944973,-54.363717288617224,-2.7563572598792216
1697,-418.2760988638219,-27.09546362678742,-159.09550131954774,-62.70550905209609,-1.6766348681733814
1698,-412.0407253174128,-25.804822080629965,-156.31107306029577,-56.071946946637276,-1.3156028823633683
1699,-283.2277628354015,-30.816286560043572,-143.18992972799475,-61.587833022635316,-1.262008953330751
1700,-308.6299302288529,-28.883865868678274,-145.16859618502778,-57.80865536068426,-0.8853189587580886
1701,-462.3311113118572,-20.467325277496503,-155.16286922526578,-60.211945148892454,-2.2919594821535485
1702,-294.67417673882653,-33.844713329869855,-122.83220036031442,-63.83807710449933,-2.2961181764314413
1703,-416.4055509114201,-35.635326941994144,-141.70426324115917,-64.46424242105638,-2.1833669324072953
1704,-392.19784979663314,-20.999356681084624,-167.20486629385334,-60.566531304356275,-1.66748172187397
1705,-384.4579322668324,-14.558995853567788,-141.380446775172,-60.08418148593991,0.11635545666529314
1706,-299.6436893831325,-29.039232845259363,-139.55329202546517,-60.940264894197654,-1.25409542421117
1707,-407.91980611716707,-32.87978286157672,-144.45443068681888,-58.38974174707442,-2.002059294918016
1708,-353.1296670564559,-25.92371301924524,-162.6579237379728,-55.28184730154535,-0.6674060735629973
1709,-390.1755854586353,-41.85930360309184,-143.16955137711398,-58.84545237722829,-2.567769867835744
1710,-465.96833663148766,-38.41940120592017,-152.06545492237768,-52.9780226601871,-0.06708405579933066
1711,-350.0760877178849,-42.92137162106338,-153.08116040414504,-53.76861664747644,-1.4891513205263287
1712,-341.5446963064253,-17.517303959357402,-142.82410015982376,-58.341044276489505,-2.8184508905507544
1713,-400.15240160960167,-34.63694561559513,-159.24544665688293,-57.612595834255245,-1.5342266097964363
1714,-398.01789438935157,-36.217960050306594,-156.42870642350996,-57.39228881204222,-2.2148318017365978
1715,-381.13458467572735,-18.24187009745313,-152.19084173059935,-52.57560212877716,-1.9225098350005516
1716,-382.42440247158584,-37.78273937466506,-147.64617868761113,-64.85719972076805,-2.3239240236006258
1717,-403.23496129199026,-27.950388286938527,-150.38421496290175,-57.433237918949715,-1.5632227892860702
1718,-337.67901859239856,-26.270763647306826,-159.0416540971181,-53.82367508774673,-0.4736861888401132
1719,-361.8906480379227,-36.00209387106088,-157.85221900562877,-60.87966085945353,-1.7295873229917995
1720,-438.7566195688503,-31.766512175533894,-158.29393988700159,-54.6699095820501,-1.8703886275537587
1721,-531.2565605572445,-3.241588188301035,-155.71039883938502,-56.93330864443112,-2.1791737975942143
1722,-422.67585186960383,-25.975116712606283,-148.66068870192126,-60.71839927321378,-3.1510134971586727
1723,-420.52793274452154,-38.10944492044742,-152.20414720485883,-57.657458581272564,-2.2949086099974436
1724,-400.2299317192859,-22.315317007329885,-152.0384646127647,-59.43393997134826,-1.9582501440407862
1725,-390.36151853360604,-29.694020160871112,-148.59883687816213,-57.20916023469917,0.020659170735521686
1726,-443.87144384077203,-17.115997200586513,-156.23375627604335,-56.65077215698128,-3.520962161368476
1727,-352.1725043903788,-20.549341320773987,-135.55396667718355,-65.58529100636628,-3.042047520316286
1728,-456.37631450165173,-22.28504075317006,-156.66601739905818,-55.656668287919324,-0.40424485349716915
1729,-369.0144331454934,-33.56389456405362,-147.32213073753786,-57.14464127552393,-1.3603372366557411
1730,-462.5158449329906,-22.51785948192737,-164.60965825233123,-66.81663911981823,-1.6872442492675799
1731,-383.63358585123416,-22.208668500085544,-169.35969352973336,-56.953768977699696,-2.283568933080862
1732,-397.06103570343527,-40.105373543179205,-139.3516898125055,-61.81920767040446,-1.857026613448924
1733,-381.87608553701506,-34.67982158727156,-161.36648367609456,-53.71541523048068,-2.7349539308079867
1734,-403.88187321462334,-25.027204290309488,-154.558045786457,-60.34076749205578,-2.2802565608976644
1735,-397.3403837536946,-28.261015916484574,-159.6516050140078,-55.049791013166725,-0.9706225929596126
1736,-488.58387208461676,-29.533326281230913,-138.70961868984276,-57.13411746677011,-1.841090752186287
1737,-264.56173461184267,-23.58833048336736,-146.06982657500203,-60.79259159232451,-0.11529678487093024
1738,-382.75857120098794,-42.95866338613484,-149.23351638544833,-59.2328963232492,-1.7742215567388737
1739,-321.6327841765108,-23.938270705980685,-148.80513401664086,-67.69091588799503,-1.588150878422463
1740,-432.8333804250777,-38.73151767834537,-160.31023659378448,-52.853151980583604,-2.3616534551797383
1741,-242.94109119922857,-32.53221756889098,-147.74683316911498,-55.63025389644504,-3.2209195642776938
1742,-498.89792236317874,-22.81168336544521,-157.11021594169637,-56.039467751813476,-1.395352902736229
1743,-438.52989630255666,-25.88823003521976,-136.28424755018608,-59.87510113211976,-1.2165871907748993
1744,-512.5266987344173,-29.72780485706299,-150.4033162552683,-57.385436990482006,-1.6728782925981132
1745,-330.1469807646347,-25.96183458455115,-154.64154847898226,-59.43674914489179,-2.965385561740133
1746,-500.3668569824421,-33.46004139568965,-165.93440433597917,-54.293380287833116,-1.2867474238692655
1747,-290.6527648136158,-38.945002700227896,-160.2677942581687,-64.50373702531158,-1.455800686736924
1748,-262.97910097843425,-28.3041531900615,-153.27268368331792,-55.109034933763375,-2.1129497431771873
1749,-449.9507562692376,-37.349088671180695,-139.5304343603255,-61.18769145454605,-2.644911926417908
1750,-415.6816978383551,-26.690675318365845,-158.57125296664515,-57.79550848237873,-1.2272766111651867
1751,-370.18450676049173,-21.618755114717338,-146.76620049833224,-50.7120212832252,-1.0930646603546643
1752,-402.6125480481487,-34.423506568873826,-148.7509481440713,-62.0753931652982,-0.8600001733427453
1753,-357.4581898022471,-27.7771656058002,-151.31928055854198,-58.46895957186767,-0.6518273859978185
1754,-340.4234509214742,-29.60383778006287,-160.39320032883796,-56.979036061569204,-1.8183421782497362
1755,-397.02856730461247,-22.672054164801086,-141.38499167725828,-63.23287676209092,-2.828208629407849
1756,-297.4386626552948,-35.27924488590631,-140.9540540638735,-56.21737314577868,-3.014177738577041
1757,-393.31464925228624,-32.8963806333673,-146.66087368063015,-57.442698470759765,-2.2749430614652693
1758,-304.6166322716657,-33.12816414308661,-153.85307569212034,-61.373070097950446,-1.3945903006065956
1759,-522.7568308842901,-30.85729070933729,-144.4120175470524,-56.978620391115626,-2.43795651681531
1760,-316.26941079375996,-16.350441472014268,-149.83212868126836,-60.76479149179772,-1.6463065768598737
1761,-354.4559136325442,-26.464707079954668,-150.08659482189287,-60.519445354295975,-1.9053630238349937
1762,-350.9931233396912,-13.424605777874586,-156.71009117732623,-57.13870165603569,-1.949899024194443
1763,-378.7503462431117,-35.22625559873329,-149.54399210925882,-57.236337476589675,-2.970142828008871
1764,-348.85005045373725,-29.27873346614465,-135.2592784956151,-67.77853830905629,-1.3534139173452113
1765,-484.6173054466058,-17.65682005757017,-156.7336146463185,-55.57229124038502,-2.1679528998337316
1766,-360.76852141305994,-20.50992392743778,-150.5887315115661,-52.97237484939211,-0.6689450678464925
1767,-346.4741608925175,-8.246324983951855,-143.9915658984681,-53.87366489379004,-2.038709853659979
1768,-411.60105926160895,-14.749916918828612,-163.18421968683413,-59.268926530011576,-1.937002204357167
1769,-290.35937608189835,-34.090457197814096,-159.5434276775617,-52.200388254859966,-1.9099486037123639
1770,-380.84808706532505,-7.885660419616393,-147.95780345395204,-61.59040923553262,-2.763133448053215
1771,-389.80642461890466,-26.781315429697383,-138.969620097761,-52.348449497644424,-2.646859905381444
1772,-392.962078369104,-25.79250096870649,-149.3627909369654,-55.906247527880424,-2.0774224334762375
1773,-312.83756470921116,-14.918600731473274,-144.19797817453878,-58.501273979947506,-1.1026953919030282
1774,-466.4520054947084,-29.317542490333878,-165.9977716580219,-55.56533493888581,-1.9409275554516883
1775,-344.42452995782793,-21.482469717644776,-135.8912031290828,-53.3147932313209,-1.9151462490131312
1776,-429.3920754915625,-23.818460531674155,-163.34989330259364,-53.40703880819438,-2.088185180822847
1777,-448.9177732437837,-33.65447253110862,-150.52484314421852,-57.48710299285464,-1.4931448703494625
1778,-413.26629186397173,-37.25399199837167,-154.15780246203218,-60.31296229313034,-3.1535384630360093
1779,-397.626729538311,-29.550978420569912,-145.04753532410572,-59.909928170397606,-0.7948946142361117
1780,-446.1113356812923,-27.85091507397808,-159.2360232555375,-59.04860324260144,-1.8825151147119668
1781,-335.23156961622794,-41.34776149047966,-157.1898618807392,-51.93852667338469,-1.0231851773148588
1782,-386.5197767754093,-29.924600472214053,-146.57024787340157,-54.3634093779196,-1.5867063640677719
1783,-422.0077539925304,-16.236241003946148,-148.41667150986052,-59.09216709183969,-1.9336994085062547
1784,-452.9338817584063,-25.93438846540802,-164.22541989398584,-52.20494472280335,-1.2770724588813556
1785,-434.38750628109096,-26.36907687951445,-139.96479999353065,-58.85187480396555,-1.4825470068652746
1786,-342.95388857669394,-30.33863788546336,-145.47860475817808,-57.73440320930155,-1.9433483968147822
1787,-337.87066558025253,-48.63008770796628,-146.9492690326988,-53.184673358566656,-3.3618339801411246
1788,-410.01770391558864,-40.88332787931991,-141.59709108773598,-61.54916177970488,-0.8058270510635426
1789,-243.88004615191247,-33.68785707555667,-171.94039830937064,-60.4085188018959,-1.6885478316223843
1790,-385.5491047008845,-27.222883782752195,-152.9963909950719,-59.05464433177543,-2.384121768803953
1791,-366.84268280997776,-33.07283210854631,-144.31575303476612,-56.32608945685409,-1.3734061761357599
1792,-339.8033791253914,-29.81655809983206,-147.5943873231505,-53.58901670715484,-1.0527583322507499
1793,-351.31882805326586,-22.60819926466252,-156.37767856717693,-64.76012484656816,-2.685552476840242
1794,-433.8319352123927,-49.28100475057255,-141.38063791519662,-56.27408851332853,-2.184728051510553
1795,-454.09558847658343,-29.637061628974234,-149.39046951938934,-58.72777078825695,-1.0354251731270367
1796,-286.93645975190145,-25.96029889055949,-140.31977038623455,-61.96111851076978,-1.9600885093918685
1797,-307.1914869576958,-26.509343349016323,-131.7970064485935,-54.72215827251639,-0.9332842109174219
1798,-312.9225925938721,-17.886067371821774,-164.12838663547015,-61.05377434957619,-2.6633917797392987
1799,-369.9208546419394,-26.684349389461815,-139.60419777646567,-57.88370300134823,-2.7216864591438044
1800,-429.92620724456907,-13.230570395089444,-153.9601508667987,-56.7690730575624,-3.274440022034618
1801,-348.6206560002816,-26.272358248446512,-145.71946754036563,-58.712699140044435,-2.5035617296708184
1802,-323.13731560173153,-38.97699825098642,-146.5711261506453,-58.52833696346805,-0.7437774712139463
1803,-414.8396753692135,-29.248175035168902,-149.31757478536045,-55.549606557267985,-1.6788218926497342
1804,-404.44148710831996,-21.13031140511633,-151.89613823755255,-60.30039936909742,-1.6241837234606118
1805,-255.47416561905177,-32.71219463667643,-139.11164296144804,-60.893918575810396,-2.2736237164179176
1806,-485.535770378228,-26.65117363128724,-148.8417784162043,-55.031801748160156,-1.8332637344124982
1807,-336.89982030032024,-39.61116167871202,-157.1185795044453,-57.66822522388482,-2.5551738565807134
1808,-379.9649207185593,-19.561381562878427,-141.97068563908854,-62.43046396475201,-1.2263546676528063
1809,-479.89431784457616,-44.87104479913098,-147.58723491344605,-56.618623106801984,-1.3030050571442506
1810,-446.3875871083201,-24.46855033644515,-152.66503886635877,-60.232961355731355,-1.3280215625729728
1811,-340.76580723751573,-47.42721913136674,-151.6747504369901,-61.685399349515116,-1.2976357351367016
1812,-331.6356880105323,-20.562357646069923,-147.74907835545702,-53.04189751838107,-0.9334871030053224
1813,-419.8469973979996,-34.99481792796051,-143.68904023636765,-61.24725663343589,-2.261100819658963
1814,-397.8575877323381,-32.69835820753972,-152.95225650292466,-60.0716937746661,-2.006705952978779
1815,-420.8186409726034,-24.62421572609608,-149.77019014464344,-64.02151438746728,-1.5149090180974558
1816,-400.6933410063148,-38.9244875548936,-154.47365213168487,-59.34798713451023,-1.5557415909465437
1817,-317.4734736212721,-21.468122942320115,-149.63830260115162,-52.99005053644667,-0.8998081688726854
1818,-446.2861527367875,-36.86868179925788,-154.04493821772834,-59.30766211359291,-1.7987473448503108
1819,-369.2605873571788,-41.42199746731925,-145.54772008707354,-59.07186090573755,-2.116917236597379
1820,-500.27437508731333,-43.38905455141045,-152.44185941403902,-60.53714213495384,-1.1946783064938398
1821,-505.7037918526941,-23.01375732517683,-164.19680303714608,-56.97578970689492,-2.258007832446585
1822,-313.41877496060374,-43.09183461027744,-159.39927502671253,-59.96173342060873,-1.848547016094262
1823,-361.98504282335335,-38.23398514377197,-151.36987225251397,-59.43127383235847,-2.771577580977587
1824,-391.6008610566898,-27.182703503646806,-157.50995595865402,-56.81037122953132,-2.4658075131142483
1825,-430.73951640326715,-22.17335121755552,-162.59771732799666,-53.64711398699229,-0.101934362239478
1826,-387.1428495237023,-37.6688975456824,-143.0082379602035,-59.38000634218329,-1.788049409159713
1827,-286.57394084221227,-26.033441654409792,-147.54613543467855,-57.26847887006044,-1.9401197381292732
1828,-306.83375946370165,-7.929857716577586,-136.1274377654348,-58.7362044739616,-0.6317614268967737
1829,-420.20147045940234,-31.563030557600307,-150.98904697629175,-60.12252535050162,-1.9510904278304178
1830,-379.12423784649553,-32.87626664409587,-145.46323973965897,-58.31973595005598,-1.4234081378369485
1831,-322.98955234093603,-26.30382951521202,-147.51492229223658,-63.278771054451234,-2.1281204220470036
1832,-456.24578303694665,-31.577906930330208,-162.09368398495374,-52.48446604656661,-2.3999217117354315
1833,-375.3176566030717,-33.94903517563525,-147.53736247508797,-60.78457916843024,-1.7890741235399563
1834,-305.292264419039,-26.59856227102491,-153.34744583196368,-60.81252809816213,-3.0263736661212666
1835,-461.18060989065594,-26.78386387158491,-152.81308423718804,-58.526752763115745,-1.5005630774359264
1836,-355.5216790614244,-37.59417148005257,-151.7075819281879,-57.351145124659645,-2.0466595863656925
1837,-426.92333224165066,-23.562297036807063,-160.27344793879453,-58.35242217017393,-1.7759355573609692
1838,-398.2080516462583,-34.83185807752715,-156.28256350923704,-59.415491522597456,-3.2788425175460825
1839,-468.53147108690706,-21.558130419429286,-149.52645203053189,-59.76237611754581,-0.8035352194707968
1840,-441.17054464536994,-26.97668435621877,-150.0335730518636,-58.18999468183444,-0.5962160725276001
1841,-534.011624144164,-29.106121605130287,-145.42805067984963,-55.449659056848,-1.6885687310142472
1842,-414.40343203305264,-26.668478807065494,-159.71344983542147,-63.07714141648792,-3.5967951638907314
1843,-341.7584268415111,-35.967648551739764,-159.9058301882883,-64.47831992726603,-2.98047742651516
1844,-389.63958799909307,-28.284317781513113,-151.3072082802126,-59.36937100199978,-1.8110158754877919
1845,-412.01756512130396,-28.086983816342304,-156.19366923095856,-62.859754611048665,-1.503053928105558
1846,-366.68093248736017,-26.62878355253179,-137.7910519442145,-59.806467880111455,-1.23036977513132
1847,-467.4658191728825,-28.32912369792448,-153.40855352416327,-52.33545008793162,-1.195049010853032
1848,-441.7881086740415,-27.326770628410543,-152.27240054803298,-58.0480626317034,-2.1885940172543386
1849,-348.04348016765954,-38.50667337217674,-129.3376223638314,-58.52457402799317,-1.9394202296411553
1850,-393.0335390478237,-27.916577909413984,-167.0820547556166,-56.26164291030035,-2.147633001315481
1851,-377.7721134159407,-27.832937276011563,-149.02832653430252,-55.123858174642876,-2.1040255498727753
1852,-491.8921023234941,-25.53842748088824,-152.6453738923405,-59.2117866568495,-1.6043065270497663
1853,-445.9385691463315,-26.46353537897256,-173.11171659567555,-54.10952263173223,-1.5153299488300362
1854,-315.774270768165,-35.97119579220569,-151.307667534992,-56.02402578836113,-0.9980995018220798
1855,-370.4619357071415,-36.447158363144894,-151.95494147931396,-54.68751153593321,-1.7991496012308608
1856,-349.19126580442315,-40.05792473256302,-156.94805336346383,-68.118954106206,-0.8418720192164475
1857,-391.7968834010126,-29.49680233701769,-152.8889784085907,-53.380507053025276,-2.1522328903246315
1858,-346.5281402518633,-40.81894817873039,-165.92523953080163,-57.368661859797484,-1.7268147830621883
1859,-329.77795798713055,-42.42163212185723,-137.06662251414028,-61.51428090500325,-1.7561766437892337
1860,-422.42596396940525,-26.247899103531097,-163.10909726681004,-62.937783217205435,-2.5388167511373383
1861,-289.62301741113424,-26.92751575817245,-147.19688672652921,-57.26795376714781,-2.2311234125862636
1862,-328.7861785421301,-38.68595070575893,-169.0605130069993,-61.8761852155755,-1.3732267715564859
1863,-360.012910423941,-23.680056547835626,-144.8868419839715,-58.00281011174215,-0.7915556434344202
1864,-368.34155071936476,-28.69910149692113,-151.08307634597622,-60.51407590444293,-2.0495642530861167
1865,-433.5596344709917,-21.59675455125166,-153.08487703931291,-58.39399595765634,-1.3276587361362642
1866,-412.51137978785135,-42.670758186448204,-138.13877002594964,-57.942356982750574,-2.659642512565046
1867,-407.4050513903842,-21.109359299883913,-150.9920170110526,-56.481327390162456,-1.9257093423360188
1868,-397.75098634843533,-27.906401510917135,-154.65420340449185,-53.60306709468667,-1.564281663716366
1869,-337.3611823023145,-40.95230287738313,-146.33950715034334,-61.331296042096334,-1.9397769204894586
1870,-436.02907998018014,-26.209377771089333,-143.467085415872,-54.22660689508644,-3.4671775112348677
1871,-428.07438317776257,-33.885569877687075,-157.40580028074376,-60.8569499006527,-2.39093440076951
1872,-288.5842823076564,-36.64845112051598,-152.62197313308496,-56.559704447836,-2.3717159174170397
1873,-339.1008357026089,-45.67266469557336,-160.39040727289395,-54.37996940583495,-1.875844736343034
1874,-318.1197966202968,-32.095861443669136,-160.67284414817175,-59.50530917677368,-1.737871305351663
1875,-350.7829879743699,-33.82733671296245,-152.32635960554958,-58.782234940989994,-0.8101899562608068
1876,-296.97702214767753,-10.377218779830248,-143.26170172818024,-60.29472352839185,-2.038516440494194
1877,-342.2402638151799,-27.224121794411634,-145.8972633165241,-53.55225545126128,-2.4676002445640224
1878,-363.7127152585064,-11.658364120085809,-157.5401040463108,-60.17844494833097,-3.5488935084114925
1879,-479.1791482345328,-29.648521972730688,-146.54139561262537,-59.07552648815313,-2.0424488531448204
1880,-386.6173957387359,-34.62362442541506,-138.209385998052,-62.16358896816349,-1.9573459891426042
1881,-463.93601721159035,-28.171707804168403,-149.13373921624967,-61.38525001631256,-2.2908612315638925
1882,-376.906791444871,-42.25878357489336,-143.1564465570932,-53.35923550521714,-3.2068159052132335
1883,-335.42728272984215,-30.546129286265305,-145.00856728183143,-51.87717502738883,-2.249705103816848
1884,-461.4232044736169,-26.913436712820317,-144.9906660683437,-58.70695604247544,-2.248997376048235
1885,-392.30463688792196,-33.143024617684524,-149.17226950221647,-53.87112203656705,-1.289295496896152
1886,-514.3562352987508,-41.21890775094128,-153.415806663691,-58.37802151627609,-2.3135107874056176
1887,-378.2359630270471,-30.75056854011761,-150.2057680670612,-58.66786726943179,-2.313422910859611
1888,-516.5853526733357,-39.98211527581143,-152.85598287061453,-56.258365212729615,-0.6886753596306145
1889,-455.1613734267206,-19.129465557368153,-148.99414872616038,-63.26421838837135,-1.8533293185002833
1890,-449.1972825090632,-16.03691188354008,-145.2142166578771,-56.180057448315864,-0.7399361670758412
1891,-413.53921386116355,-36.408046913849674,-149.84712752359687,-59.617860939767475,-0.8748047564586879
1892,-356.3895097484787,-29.272463835325368,-149.69789258504252,-59.45746243826056,-1.498224042869154
1893,-367.78921535061824,-21.303249110938683,-156.3921834551153,-59.48169106577332,-1.6167443480695893
1894,-332.32106973826757,-25.133554888244785,-151.26591915040038,-60.8096203248993,-2.1782767484666423
1895,-349.9428969312379,-28.866764008493263,-147.558097902604,-56.00626730285038,-2.264258891521558
1896,-434.42133180915215,-18.139755059829657,-159.55298464138568,-59.33364573699326,-1.024548280144748
1897,-427.84183607424654,-34.161226776912024,-152.27754917508526,-62.553458667621484,-1.2786941328309995
1898,-360.1043592641989,-30.856669764549316,-142.99496243681133,-54.85266340257682,-2.685696824661858
1899,-406.4391401024681,-24.404302923014694,-156.54770172302494,-58.435312957028934,-1.4672102906570148
1900,-335.97115666827347,-21.95276819894752,-147.85082886829292,-59.2711898075555,-2.795023583266591
1901,-353.42148617435527,-37.61135699035055,-148.33705306924807,-59.798410724363244,-2.5915489155430036
1902,-338.4834439177228,-28.840782996446368,-151.02892645150192,-56.40680384504033,-1.9197502982558663
1903,-329.46916656911003,-34.62644735433619,-144.30804511862414,-57.79357440622255,-3.037037907635645
1904,-417.29767967868133,-16.133475787459602,-153.63636316357142,-58.1139932369377,-0.7602984904477417
1905,-433.5228645094434,-17.44128162074848,-156.958795176519,-50.80502924784198,-1.801726255888098
1906,-434.28296091633115,-17.697959090952118,-154.84797643242345,-59.2314398129031,-2.44220322052911
1907,-297.51870998612475,-36.56280393163163,-154.2966692187365,-56.680186182338346,-1.4493126857749292
1908,-504.22191656485023,-40.7108170896833,-149.1198916741731,-60.47200949746119,-1.9405533272964084
1909,-352.6785603822691,-19.14114744255483,-159.04518040330257,-56.10914927938116,-1.4606272062014927
1910,-343.4390789518368,-29.223107527314635,-150.0309080449123,-57.73433223882378,-1.9176676261633527
1911,-412.609429863207,-35.76049925647171,-147.33597663653424,-56.26464807371309,-1.701201669032715
1912,-304.38581596811133,-22.441379113522192,-144.72793812275103,-52.08553682592651,-0.9281857190004025
1913,-431.6279361474228,-15.007295032277,-150.75672743055068,-59.776979547198145,-1.5606111654698684
1914,-433.9883878093191,-21.447147209784813,-155.9829695960229,-56.61970275538304,-1.4081780216935775
1915,-520.6997813465485,-29.117120257179728,-160.09850589893054,-57.5793642843086,-0.5310204133461075
1916,-384.42692386090613,-27.70817434447621,-145.78635179138126,-57.981998439703574,-3.081928881057802
1917,-327.0223919442616,-20.257810105356942,-144.33844671470965,-59.866172461379016,-3.209435162940006
1918,-358.45248215025254,-36.90043015484977,-148.32448442244853,-64.27852932019671,-2.6129714264648505
1919,-311.9934853392475,-48.80091238224199,-132.9414860236257,-56.308166685773905,-2.4125856141887994
1920,-477.805069410156,-39.62636985105944,-153.20569464054736,-58.910324847624715,-2.106544149141788
1921,-296.8071960439678,-27.28472777691123,-143.93929414372934,-58.15725298103442,-2.3881082516418934
1922,-353.7036635843177,-15.826646386367242,-154.39194649624716,-50.77393378604638,-1.2377710070702794
1923,-430.58740003252495,-22.714246824447006,-156.2198990534904,-57.45581053117695,-2.4418534696554106
1924,-425.53306215926204,-21.125380743600182,-144.13807719555865,-61.1247905429034,-1.873807095831082
1925,-459.0171973494773,-37.53474578137942,-146.5182441697807,-58.5588666996181,-1.943144875941851
1926,-459.5578026376297,-21.159147082532375,-155.31555045275468,-60.98789892329192,-1.6312822200912647
1927,-372.67676790240046,-30.340773441382318,-167.95117000850504,-56.01814138307302,-1.0906302936154737
1928,-412.8308978338166,-41.49398075094095,-152.75043739970144,-55.9302434072149,-1.7486217113233338
1929,-289.85285036995043,-32.57660259015326,-177.15256723866767,-50.525835399693655,-1.215086599066853
1930,-339.22750655863024,-28.14228698933607,-155.49041125673304,-54.41129458681478,-1.3384737371683986
1931,-433.8062480700859,-43.827112597852,-150.85287190201282,-63.37832397352185,-1.149082821386123
1932,-443.38983914229334,-40.212470259223764,-137.14032335780584,-54.556029016220364,-1.3777305617463311
1933,-427.15887047198294,-48.56421405957763,-160.6477710267461,-55.6584052744494,-1.7519776369158149
1934,-446.275990899996,-30.978605580370722,-152.56969387314138,-56.66396766201287,-2.396640887212121
1935,-389.98280582994136,-23.019359893392917,-156.00935397250578,-56.90295313456168,-2.0204543512241435
1936,-387.642516242759,-32.065732622361175,-154.50730775173145,-56.34206104164468,-2.6511261745088412
1937,-429.843153040209,-42.19996735641747,-157.24364214695782,-55.692085182656534,-2.836476360883027
1938,-428.84659957920655,-28.253417302560514,-156.6230249858294,-63.59562409539833,-1.9475229433306116
1939,-525.9714471173011,-28.44912809087526,-149.46349378359298,-53.34061155847081,-1.926182545323166
1940,-431.4486384716074,-25.848986665042997,-151.7537976016014,-58.08804316111891,-2.3377100202938177
1941,-356.6573786114003,-32.647413116833114,-151.96045929373253,-55.430933682446295,-0.6839119106319828
1942,-446.01338024365447,-20.260513237175605,-150.14831185698725,-61.07837928471702,-2.4843555419020804
1943,-384.39043464552236,-21.998144532459058,-158.314208801162,-57.9522393605585,-2.475952570825776
1944,-349.7728922824641,-37.31048089244093,-138.90210651114703,-54.90938887191567,-1.6475971808426986
1945,-329.24821181575186,-34.95952519909859,-152.1355326706164,-57.335466143126254,-1.3038851355684327
1946,-420.74706446659974,-27.380743089591082,-165.35760471207803,-56.338134403131576,-1.6236056025485934
1947,-343.94346761439886,-21.850984810930687,-139.0107840818195,-59.407653504863475,-2.0378891707676616
1948,-428.2727813322685,-23.185201088280337,-149.9844930893473,-53.62776617552713,-1.5744545449139622
1949,-473.829166854405,-30.137191529426858,-143.9825325434306,-59.437768100788375,-1.082180353924277
1950,-407.689066945922,-32.60827597844125,-145.88453653233265,-61.25582658635338,-1.1939575989047775
1951,-423.4914677690926,-23.255782159467618,-154.9937973245009,-55.11609125764356,-0.7346638251993711
1952,-464.77649327344096,-21.795095352608048,-150.48270052099213,-55.743143348670415,-1.5575792879645274
1953,-325.5840781596762,-32.654285049036446,-139.43557481755846,-59.55454494486893,-1.9621425565018291
1954,-363.08256068308134,-38.96384232488654,-156.80354318071275,-56.420237826896155,-1.6942201188504633
1955,-336.8140089549614,-20.22311067743796,-155.7756320923595,-54.77986996528607,-1.1401544253499227
1956,-458.42830083554395,-11.65796766573101,-165.34629317738347,-64.35175398898802,-1.702018216872755
1957,-364.1190866456776,-31.296058989809055,-156.1882005546446,-61.37027112253489,-2.8990288018603785
1958,-393.3914764044377,-17.00509416789939,-146.9145128071341,-62.055686159556835,-2.2742146734336535
1959,-278.9686243976199,-32.48019885266636,-162.44076785858215,-63.04565473860017,-2.9793716940180213
1960,-383.18916427748894,-38.5274137586486,-154.52089846091752,-50.82311967696223,-2.196337462155251
1961,-514.5472799397771,-37.04563332391646,-165.80747868927264,-53.13759106452773,-2.5037076925582777
1962,-395.351342773981,-14.664656810693648,-153.6206428250928,-54.74762612507242,-2.783334307234991
1963,-369.90999762132464,-39.311628618696155,-154.4466514340859,-54.504711243410334,-0.7055810333181404
1964,-418.53356092262214,-28.738941474025957,-153.683403989222,-60.39834920620083,-0.8786083585298883
1965,-353.16057044251806,-26.777595549994373,-140.58531622652717,-58.550422619363566,-1.2332707169203911
1966,-367.8992901447799,-40.88316509750266,-147.38478762590094,-57.77335522656916,-1.7091169213000306
1967,-360.67941187062814,-36.90383772867359,-153.03046983878428,-58.66137729541473,-2.6095314686187043
1968,-384.76577714554094,-36.6011852250043,-156.26987035523774,-55.652277855492024,-1.7082463275434157
1969,-474.39393475946554,-34.6644062325242,-156.3153055262876,-52.7752464169794,-1.0546568882203982
1970,-347.6380148144806,-29.07317567604751,-136.18149563332253,-60.2821197041435,-1.974437237587197
1971,-340.2060167944203,-42.65258222017989,-153.10404303867887,-56.94978168400523,-1.7510996943429953
1972,-440.08822035369246,-35.124266025302184,-156.4518273918079,-57.18680699827259,-2.8650896750290613
1973,-405.2368209050226,-26.187778612109035,-154.15953878793,-56.8449615909064,-0.7553963561551338
1974,-436.84566995922324,-23.72784617257851,-142.48927906058265,-55.404380498738696,-1.2763041781181588
1975,-337.1062294290345,-20.321770359417304,-150.06746759370964,-61.9885098089098,-2.1043045040137804
1976,-342.673859217659,-23.896827954309092,-149.6628264712219,-59.32574238806562,-1.8487106101141
1977,-251.00466058948723,-27.77405656359358,-146.53676058054216,-56.68502345362253,-2.2706493836608943
1978,-390.36877834249253,-39.89498019982845,-147.3706441243368,-57.2323706297463,-1.271660718969688
1979,-352.0179046774783,-26.285430673643877,-141.62715939641774,-58.67981261734056,-1.1904933988418527
1980,-315.8452285324408,-16.5304744849264,-151.53224993112417,-56.8974039860596,-2.5021310481107224
1981,-433.67259531985667,-39.15670011021386,-157.99582926473303,-59.052384189473095,-0.7472302287468146
1982,-458.9700742629894,-30.660696060848434,-146.09241853406,-57.22743168663062,-2.812857262130817
1983,-414.6531052802565,-37.07988704999236,-144.00255522971315,-59.231069443228215,-2.048146138775086
1984,-361.4296685252596,-12.564156192491682,-158.66840917721294,-55.37945770747688,-0.9693215729345648
1985,-340.1935524237027,-22.673918891112145,-146.37124713896162,-57.906277744186454,-0.3233062337250994
1986,-371.11592521901883,-28.372396009961584,-145.93644023844104,-51.09808018146082,-1.4555756237728672
1987,-278.8510939640931,-33.97110304018675,-158.09155695966416,-56.78149490461053,-1.283660990738325
1988,-406.69559878443226,-29.359582502470843,-156.1973959323456,-59.659708275926356,-1.2225415510531314
1989,-321.9486615974998,-29.911325659996834,-158.49773924823657,-62.72753781030154,-2.9154045719093284
1990,-375.93556356415223,-27.347189482165977,-145.6836495013022,-58.675853314867396,-1.4137340696996998
1991,-498.60532737254846,-23.99527536537107,-146.56113597849696,-51.45111515048191,-1.646489168618905
1992,-354.335911808622,-37.6549559067386,-153.73284510209965,-55.39581045361173,-2.017660143936552
1993,-366.5976593688003,-33.22564521483971,-138.8342909193835,-55.925917020176946,-1.0684429719768223
1994,-372.3501892956159,-25.716846855205876,-156.30611433634243,-62.01470775479064,-0.9575502505758288
1995,-498.4188667326338,-33.373302489961624,-153.0669445142389,-59.214918449953004,-1.5154798303339354
1996,-415.96624399116905,-40.029103459633305,-144.37584315902234,-60.43746262524661,-2.721793779300219
1997,-381.4774600439002,-53.820401967575236,-149.5032675431092,-63.53232183007656,-0.9739880745572973
1998,-436.4002227501671,-28.218839619902393,-148.41508588934116,-59.01216998021937,-2.1206417689728547
1999,-416.641105564806,-47.34250473791312,-159.5348780792144,-59.34432523811077,-2.2211105759117156
2000,-512.5478881112429,-41.74411349484836,-154.38451174209982,-55.15188563682706,-1.716438014762267
