draw,all_cause,mental_disorder,cardiovascular,respiratory,self_harm
1,-408.8107620385534,-32.01313212348317,-140.23136267592713,-53.8648949861916,-1.709784554896355
2,-364.75669826496187,-35.73925003273572,-162.0323323538797,-66.57955097295856,-0.9944460706293642
3,-435.8421735224251,-16.404008068348546,-145.6361095161418,-53.13065629838053,-1.6525381063601037
4,-396.4299401288494,-25.97242741788934,-150.29086593933604,-55.63819365600916,-1.8695428095887185
5,-274.76868027302834,-36.99927702036735,-152.78317823973904,-62.47857604210273,-1.1399470661555027
6,-372.7750565367962,-19.779478722478654,-151.652391786727,-58.156801163188334,-0.9911132811305345
7,-430.3901334674475,-28.99779161773268,-147.55291029317527,-57.38536479445558,-0.6887820484136252
8,-415.9001585995033,-22.73266995347659,-160.73778955839725,-60.56505045202985,-2.6943279098657453
9,-360.52484378426425,-33.1386975224461,-153.87924160323385,-55.95721572327042,-0.9261743707302202
10,-394.66531621616184,-17.231459409339127,-139.91693343638468,-54.36563766935666,-2.4143467283302478
11,-384.500650734771,-32.343067626912536,-140.39372972363594,-59.94488382279791,-2.147714374401153
12,-413.9797778855732,-30.329283117707917,-156.4350185638454,-54.82914192132915,-0.8350583929863749
13,-364.70204480412514,-42.20436444652046,-159.58806599278975,-55.20407665341469,-1.1154815542412977
14,-391.6262050191815,-31.973037806896716,-160.54192242144566,-58.514610780639536,-1.9713426397362623
15,-467.10384679605085,-36.26450629513789,-150.3111964864104,-58.23270993256377,-1.4706268770904842
16,-350.16068712735967,-29.90034819341122,-157.12884800254471,-55.82434519587537,-1.7044921573161584
17,-439.7546409481575,-27.162198782677276,-133.8980075479852,-60.171622113997095,-2.0073083290136595
18,-440.8875824198254,-36.160862512015555,-153.68063155008963,-54.5450395610761,-1.3931656958749832
19,-417.45407589618844,-46.42217348812307,-141.9879514839954,-54.93906722086584,-1.7908516965350254
20,-256.66683500549874,-19.251217209608022,-165.44772263018098,-59.647262716052474,-2.377525649635631
21,-356.58509171263665,-42.81805683331287,-149.28448113885776,-59.428474936124395,-1.3637379845406332
22,-435.9768812737895,-40.59808236710188,-156.4947469683039,-55.16959566004058,-2.583828432923765
23,-447.14690027272536,-17.613285477526734,-156.19624573429638,-62.47576328769309,-2.0404981876074686
24,-334.5512989263809,-32.46962437982736,-177.49197878578224,-63.619333579326835,-2.1455911484676267
25,-242.90623164587552,-22.39472228465154,-139.11931175003792,-62.66852364286787,-1.0616699228607955
26,-375.48870716065835,-27.068179188453172,-157.7776754763755,-60.237874242132285,-0.9436334322784501
27,-406.52413626558706,-30.473003030739893,-155.28912842049883,-58.93637500034931,-1.864967543072528
28,-387.23607846490535,-47.10859339692728,-134.02634542348608,-61.08951453802706,-1.4304509260612193
29,-365.77956581985956,-29.763710868798196,-157.07017945283704,-53.817928153514494,-2.3797031414194123
30,-412.54017666977103,-37.43880439426009,-149.5118548108248,-60.97454324762122,-1.9510781226747302
31,-421.8053009929005,-28.851689145509894,-141.18381172232296,-54.1685584673866,-0.5514018520917621
32,-302.40192808867664,-23.862964652543827,-142.33312558096148,-59.42658219860368,-1.46713318384619
33,-412.1500388963425,-25.179038094102555,-155.41625127841382,-57.49672986108664,-2.6939643770305244
34,-244.3585138796226,-29.134414667894358,-159.77403517478376,-58.88355475190791,-1.0721470700210631
35,-518.4782468223523,-24.97266545041032,-143.9919873148641,-56.59178781440591,-1.6711527942374353
36,-444.6038702797746,-31.31542251207393,-158.09807033258406,-54.87541024245,-2.199788817547681
37,-447.9997264807585,-49.28246952766943,-167.91238080523843,-56.88387416133508,-0.9696595506257414
38,-428.4725035843646,-52.87313662518474,-168.53312017094336,-63.38294815261669,-0.3246633589251893
39,-365.778728667362,-14.59776486454269,-158.40190600626195,-61.052741866744505,-0.93657169027312
40,-405.4284952223004,-19.25743559018687,-141.26155092854984,-53.8334832877522,-1.5371982821127874
41,-380.0871015629948,-28.326730463042054,-138.70268451705098,-53.57179579356384,-1.2328141587750685
42,-429.9894815575253,-36.46829904966648,-147.7304033107145,-57.297513275196685,-2.5180912809836054
43,-381.88577728010665,-26.11733642802079,-143.42531045941845,-56.259950804771286,-0.958396113737938
44,-445.61938581984106,-31.975528124525848,-146.9091485443859,-56.400854075784885,-2.2920785176394944
45,-375.07048389923267,-38.972418878329655,-153.65159268295344,-56.72693087733846,-2.564892967898477
46,-369.4447642999595,-35.215089115834424,-152.95481088556556,-62.909673670471555,-2.1532824368358394
47,-389.1005370618264,-28.72312449062201,-154.5629292681941,-60.93699333547234,-1.7688997089004388
48,-373.62862363553734,-34.59939522744703,-154.52940844687788,-60.238140485353625,-2.9743590351983387
49,-322.69075844607676,-25.399854647638403,-140.17488449316807,-60.36467146152451,-0.7863462383146631
50,-358.49657333799377,-31.084034970428583,-159.16134512907152,-66.46129995571663,-1.3730722788024659
51,-350.9426008771915,-30.728705610978285,-147.54795016257196,-59.848824782277205,-2.083244087796515
52,-290.274208477612,-24.451024086492705,-148.84325041944,-61.63008479567423,-2.523680238991395
53,-392.067128560418,-31.632751695629537,-151.13796298372947,-55.26963711043319,-3.9560053219342697
54,-399.57138838787336,-32.223052597713284,-158.0387927118952,-57.34815709497728,-2.753961151925475
55,-314.4434968312928,-35.91457428605878,-153.66960621516697,-61.16029344942409,-0.2919229649216345
56,-434.9280251048578,-30.019482501661585,-145.12916181859174,-56.85987316911398,-0.8217822875931938
57,-386.2393261606062,-16.586219456066576,-143.33215739091992,-57.5101814240562,-1.2339119385435307
58,-494.3322185816742,-8.459420338797615,-152.29352166572176,-54.32346562886117,-2.790660912274856
59,-362.5170737088701,-42.110138363116945,-168.53730826068158,-56.304757084804606,-1.2019516441364482
60,-361.5363459467835,-25.966462988241428,-136.9319709768705,-66.22172453675303,-2.348023424241657
61,-321.59833585733253,-32.06307926251446,-145.25774540445096,-65.21990241320876,-1.9752978122830525
62,-497.1918941962599,-29.499244258807273,-150.33280558260816,-56.69486528465517,-3.0298264814648315
63,-447.3234892400981,-30.958252579132566,-147.98947041645195,-63.39602229243107,-2.2882393278052517
64,-286.30009501626995,-29.858852011586723,-149.24222294911334,-54.59597496143631,-1.7090650012935114
65,-396.8879466997683,-37.59123110949875,-162.734871616657,-59.332689317317836,-2.9913527380918454
66,-343.60347138646245,-14.680189209210482,-156.43898117025162,-62.52465156234944,-2.2923685552260276
67,-368.33816529691813,-31.367833594154636,-163.3541768291374,-55.99300599796265,-3.1884907566241645
68,-377.01506336462586,-29.556816641907954,-158.59971398765092,-63.021582550090194,-2.196842204405624
69,-346.27507899259734,-18.084810585488025,-150.0909773729812,-60.57193753813407,-1.8534058410710321
70,-315.9741791195494,-29.256441431119182,-147.25905686299538,-60.3294207581521,-2.139397875161951
71,-369.88759626798213,-35.52688516538874,-143.7489364296843,-62.93458961675315,-2.3078665608211915
72,-467.0570204857637,-19.147542679188767,-153.71528274175594,-58.789534285805075,-1.8283236981308537
73,-481.1087629181969,-23.685844538927054,-150.5953382307145,-57.84408589267455,-3.433831690898575
74,-390.5528353635154,-36.048555527310164,-145.11251662984242,-58.79739780084679,-2.1297980984988945
75,-455.0223235406957,-29.765263662065912,-161.09536842546228,-63.45371584177994,-3.2341428100771266
76,-412.58569909398415,-29.99262353443751,-154.96576140962188,-56.70157681145431,-1.6004495207726002
77,-389.6637085729913,-21.738292299816568,-153.50344885027988,-57.715693274133635,-2.524912788482778
78,-258.0779076138952,-35.791910646624814,-152.2658988520524,-58.86528130541651,-1.2289138646649127
79,-377.639555904668,-33.49309153604876,-158.5357092959363,-57.264275880326345,-0.10275058412165453
80,-319.5422249215764,-33.96328540017201,-157.15421072869967,-53.519858785987644,-2.017537999905042
81,-428.0057609209853,-21.993162254402424,-149.12894167440552,-52.594864423179445,-1.6837399142894494
82,-337.1825628958636,-30.945368042711586,-157.40841823614974,-53.57354531902953,-1.7330253045158586
83,-445.5788076887725,-52.6028782446566,-153.62986960370307,-58.14363559347059,-2.424682341312596
84,-407.55992594943444,-16.271980958239936,-135.2159619247149,-61.49383936002844,-3.1864997680734906
85,-434.92967275175897,-39.53597561097583,-152.2149574466335,-58.848001213135376,-2.5112713286667834
86,-441.737253727345,-19.563057813239276,-155.67146515248223,-58.110998065059775,-0.718795477077767
87,-470.4140334585849,-25.674625052632784,-151.41386128795037,-53.31675665189212,-1.418595844985149
88,-435.3403245989851,-22.45876417819001,-150.98819761656762,-58.618053174692946,-4.086136135311384
89,-382.2887344838067,-23.433820051542323,-152.53847211343427,-59.45183118031057,-1.2946398523348748
90,-473.56232119933304,-15.432471359564248,-173.71696110598393,-58.61442499445111,-2.4325571523048755
91,-475.96633908350884,-36.093360766247635,-164.22067954785172,-58.01861689176296,-2.1252317126376847
92,-257.25289487995525,-47.618625141044014,-155.1354719017722,-55.313623135771394,-1.5730329376398418
93,-340.7792309600154,-42.15640696829772,-151.53593542435456,-58.59149894060991,-2.240521051222167
94,-307.14464887925277,-20.679716038938608,-156.1210998559182,-58.482841217062905,-1.5412195997683205
95,-342.04158483301666,-40.87597858444609,-163.28157213572948,-59.7332778639775,-2.262793765905407
96,-350.97234221447945,-21.557904944541587,-160.75619344079914,-60.16255666471734,-1.8751045799340709
97,-415.97358535091774,-41.2909685359598,-156.7452255047057,-61.16215089164325,-1.642934918236393
98,-284.28571787129266,-19.562965600401796,-155.99658548084716,-57.49303338442278,-2.1587218856429233
99,-434.26329459495827,-18.802031203113525,-154.18399221456377,-52.87029407666101,-0.8202724097108105
100,-408.08071538752296,-44.482946710952206,-156.53860504469324,-59.88125289961657,-1.5977770723657718
101,-340.758426390373,-33.745508851467655,-138.24558060910752,-57.76682208467871,-2.4629484738532956
102,-322.02111309523707,-38.58305773501818,-158.0900326538164,-55.47555928160034,-2.3141155626224865
103,-439.05544372843184,-28.980029598558264,-162.35225687540537,-56.833962973130696,-2.3151912073879473
104,-408.30038824524127,-21.551285130518103,-155.3378538337879,-58.23585662535467,-2.0149103939480986
105,-440.0114245709064,-42.327409661185484,-152.9732965981841,-60.03348194012001,-2.252521544723092
106,-344.9622936129476,-12.993363514455782,-155.89170478024906,-62.032038838897556,-1.2900881879637642
107,-326.89339722067535,-30.983891223963845,-139.29990782540818,-54.84662465201471,-2.025056839769483
108,-367.50019913452593,-29.867067956683677,-162.8939963588798,-54.40504002906563,-1.8771781571031023
109,-280.6943690229521,-34.0185034022714,-157.85264720207599,-56.13086602699813,-1.6831055680295461
110,-309.40088757893795,-21.091317783711716,-155.3997141671488,-66.98669024843171,-2.080629017661381
111,-364.01318112148255,-36.99059129227295,-157.2228903850499,-56.80677006558856,-1.020953771370291
112,-405.03087748964487,-32.525509272897004,-151.69979647868013,-55.43905386533166,-1.7033255369388633
113,-359.6475046521238,-37.79683360439465,-154.93292422956884,-61.22721745703756,-2.4971072499111497
114,-288.7200896435258,-37.3593531575626,-165.47290844174512,-59.620925847179635,-1.6936565850198357
115,-226.78705495812568,-42.688230077366825,-159.40469424494094,-59.59335311984097,-3.07454470019386
116,-308.70369975592746,-47.67713828369676,-160.32913419606754,-57.496161575390886,-1.921629144511886
117,-387.6150363301518,-31.38743873279472,-147.5168098926616,-52.66931356893032,-1.4678847226056717
118,-437.6950264496531,-28.082021685555443,-150.87126996568838,-63.03516725293755,-2.862329722047268
119,-352.4472694754297,-35.36808548575619,-160.40244085512865,-59.36829488401183,-1.631780190189905
120,-383.9378421832714,-23.87737083082703,-162.68903320338913,-54.50963372629925,-1.357789040519524
121,-357.15513400604056,-37.43810009003049,-153.96140877898534,-57.97798627539809,-2.489415257869267
122,-398.4389349148542,-27.949258859039997,-160.09794068886694,-56.17683232571395,-2.424411475688996
123,-295.0258676099297,-13.022163949336663,-148.278586850079,-59.32290834034617,-2.4887537033044937
124,-347.4519823115078,-24.169843742706146,-160.4365718085181,-60.3144828721964,-3.5769750130981635
125,-441.98573905397615,-26.10430159463382,-158.14766648745152,-58.352197173805,-1.3770157551041378
126,-431.88531861840534,-28.0141392713857,-154.32294794659143,-62.49259999972485,-1.6137469652288077
127,-385.5076390698313,-34.239955887256166,-137.0850469823505,-55.424001097017424,-1.6547963651995723
128,-365.378382240431,-25.060755501273956,-136.62975629531516,-50.728871187492864,-1.513425480940842
129,-321.65200660319636,-37.539375338408504,-150.2359817262014,-59.738417085708605,-2.166638693113171
130,-474.05670998610907,-25.683122121254627,-145.79489728259804,-57.257433604235395,-1.3146888387137483
131,-306.7887465003373,-18.28510575688869,-160.29148133283883,-54.34791015733228,-1.5429595979530653
132,-476.16641355035955,-36.01700156133144,-147.1265303373035,-57.719605813803774,-1.4742942498453206
133,-351.18921425194543,-40.92988299150415,-153.53329118214796,-65.83834877149233,-2.5033473838659446
134,-347.1008420949109,-13.743315770693954,-160.93083751807154,-54.69220464412217,-1.6898274632205537
135,-394.8159593838144,-41.99110191433015,-144.23447779232984,-57.256660231950924,-1.2239086412982554
136,-342.4760352510102,-33.736151717223315,-162.5446995602521,-62.649863288907966,-2.768459716859851
137,-538.2448330538684,-37.984111722744046,-145.66296533259887,-60.36053764429333,-1.7281658261171786
138,-384.5042714536419,-20.17153878377802,-158.93965097968663,-59.53025285638407,-1.8254973073142042
139,-393.4424995033157,-35.889116704110215,-147.32891856933404,-58.04397409104419,-1.5346266181523072
140,-343.7920777567139,-25.955686504340957,-152.9787581570252,-55.75625773269189,-2.552939230057748
141,-390.1070216329014,-28.27221623743757,-154.07946200008757,-59.15110771851256,-2.3297171181808336
142,-410.6081205889273,-28.574820471242287,-147.0741526064896,-59.77159322016237,-0.9834209166914549
143,-292.74184607662664,-38.88003078621368,-160.8968922921741,-64.26022113460242,-0.8023412676957268
144,-422.87619189157647,-38.623067332526276,-156.55081111494323,-55.579968285397136,-0.455956899567425
145,-374.9116127496258,-39.666805282042745,-160.53208295044985,-61.97220675994717,-1.7521895091386777
146,-460.79194336652,-23.561543701126364,-145.41462745586804,-60.73018749448309,-0.9781737048884946
147,-397.2722311092548,-29.449725137503847,-172.97972813151236,-61.006971173335025,-0.5154464051303513
148,-439.3256388128261,-24.735393852908754,-148.04513688829394,-53.523869737750445,-0.878589089703528
149,-401.6634708642264,-34.874775544810745,-153.89651460135687,-55.588512487866694,-2.168576697671985
150,-399.2421754634684,-34.6516483786075,-132.24406886554524,-63.13715954353644,-2.801327298220534
151,-449.03377923324757,-22.878757313947997,-150.21408506325778,-60.904093041964245,-1.3209700601856689
152,-298.6672616898263,-17.951154576403297,-160.33278966476624,-60.694857829073314,-2.4832417216623877
153,-315.37997547165094,-30.633390974090926,-155.06203914024366,-55.29600439640324,-1.4446299838315286
154,-439.75776547242384,-40.631803814286535,-155.25569010225013,-61.14029604830037,-1.4557627262890527
155,-417.1161065991914,-36.9821943393954,-154.1068065189227,-56.80211178094929,-2.8184921240968266
156,-350.1963735136176,-23.60507991045663,-150.62639383576408,-57.19464531443932,-0.5474811478425813
157,-487.98996740678075,-33.4192506535649,-155.00932012207426,-60.18810676755359,-2.790303770465254
158,-402.5552580921105,-22.82438459474269,-161.18073684435632,-59.576725024585514,-1.7272491885491792
159,-451.21654545976367,-22.47793193369246,-158.13618288645526,-50.8082917643672,-1.3438747771590671
160,-552.3109408192231,-24.30451894669163,-150.6770499534172,-59.3026137669632,-1.521710257269389
161,-483.685524647679,-30.87713075329931,-150.9510339401847,-58.96405387940903,-0.27970298672916705
162,-390.77503932186954,-16.23300707575754,-163.45278501633427,-62.70065585870591,-0.9333987695864415
163,-469.3870293649016,-47.73215333019672,-152.00800234547077,-59.85997165391767,-2.392502491945249
164,-374.2276289993002,-23.12764427984227,-148.47394024944396,-62.70717230005359,-2.101187826754026
165,-399.12827664831804,-23.01763928030008,-149.80935506944357,-70.12020836248094,-1.469019486466141
166,-439.66692775888123,-38.1559747411958,-149.54130817623945,-59.63755530149891,-2.1298228272604764
167,-427.7412225335078,-28.554520576892553,-152.28458774966202,-56.119704151555055,-1.320447795143425
168,-324.23570473019686,-31.04080536194951,-157.06197389319482,-55.45444361409622,-1.9954203999946718
169,-410.82368483857107,-38.715404716423635,-143.8582037750424,-61.45850735098675,-1.7544570818042122
170,-359.69580469938154,-26.702762292980037,-152.30237572312166,-56.44825432806728,-1.9159747020819666
171,-339.2111079068125,-40.12966202650946,-159.47908619948032,-57.931600094887976,-2.296003426706051
172,-345.3547135400299,-30.742918725271867,-142.1810285261521,-55.267674545992094,-3.552792655033965
173,-443.64093703959605,-33.072079342442166,-163.6942753964214,-58.46300180194283,-1.981674284079231
174,-298.7735274878303,-18.664887113195995,-154.86999155279452,-67.07435209193113,-0.9419534531693009
175,-249.26987121703405,-27.12271696674801,-164.2496846113422,-57.95650485986408,-0.6520126829784251
176,-355.57949116715037,-25.78376700307025,-142.46772023196937,-58.79570240248924,-1.018058248680816
177,-321.8597794025141,-22.1229107619989,-140.7109280028161,-60.61699377096025,-1.9409840665280513
178,-397.8387032098879,-30.9176471508265,-159.6042930074913,-56.217463137173375,-2.3469660175965
179,-340.93080576485863,-36.88888945221605,-150.91186657201038,-59.73792375173768,-1.537271531403184
180,-381.86699374898785,-27.879483701736092,-158.86160614624808,-57.66205233659016,-2.1457428436720396
181,-447.2482645696684,-30.55624121877974,-160.0895492160528,-61.9938118694526,-1.6384173683807743
182,-348.44066002888735,-28.062446281785594,-156.98236463790263,-56.605806367267995,-2.2299038737871517
183,-397.474134734634,-36.47844225361033,-159.12743153934403,-60.43691325623339,-2.5544288158719453
184,-403.05841393102696,-20.4964599586631,-152.312527035834,-64.5011539947989,-2.5180930065267937
185,-411.90511670490224,-31.07558077090082,-151.08313452293632,-56.227195495620826,-1.9767504767600732
186,-358.63704717347315,-45.41959965127301,-161.28928462514014,-57.78429197126311,-0.849076941997906
187,-300.42196400718933,-33.86174775442506,-159.21306893920965,-54.687117563739825,-1.658168276773229
188,-339.3736051462525,-10.658474536460119,-145.44157375850398,-61.82889480832529,-3.0659790271625513
189,-302.7294320805124,-26.215254465036693,-161.1988510924745,-56.187802799487855,-1.513378415268946
190,-270.3433299670542,-30.912284589124347,-143.6939575034568,-61.13206024516773,-2.9055450625569663
191,-293.18355748469196,-29.74201715111933,-145.73517169673613,-59.285583587565725,-1.725955484278664
192,-407.7703431034537,-19.023232359715195,-152.02851106203673,-58.33763278515279,-0.4135280746583901
193,-399.12788070299104,-24.695050415005202,-153.92513340340722,-59.484168014391024,-0.9518330006616758
194,-430.1174377929308,-41.5946592763922,-146.7002863417832,-55.89482526233781,-1.9836642718311828
195,-338.7111341935316,-27.051510590100264,-149.21318215824175,-61.199153123200986,-1.379266701444885
196,-333.1919576970717,-33.328758233556414,-145.21105599849483,-58.187254540038026,-3.4147562435994643
197,-340.4685412210071,-30.39659380004549,-145.795842417235,-58.52974494830888,-1.8072134472592356
198,-428.076001169282,-30.039306047629772,-148.10573356933241,-61.86398365338937,-1.7454312697999363
199,-472.6858820575962,-26.872438421201174,-152.54412203431963,-55.8030134360531,-2.0181654523307087
200,-489.36282693131545,-27.97108846416212,-149.73576469380288,-57.1988904511841,-2.044196273013944
201,-347.46244432550935,-35.92743736027095,-158.91622110555468,-59.74821082732254,-2.0660039268822485
202,-430.290072697318,-20.030425925408014,-149.78827066296216,-52.63902571057938,-1.1276186509644686
203,-505.25057323226946,-17.91103902327157,-155.23613477254372,-57.34584161089523,-2.360381274661442
204,-460.9234417709889,-36.056458449955194,-153.2421915837671,-59.74634453067161,-2.0296620506037866
205,-390.1088508703133,-21.485760562202216,-150.34272786071176,-57.19257913951696,-1.1821131431952683
206,-448.682431460476,-42.79642960269268,-156.63711691487094,-60.518167531131134,-1.0291934815890167
207,-328.08476914445663,-38.35781483355351,-159.2881126451726,-57.51909744613218,-1.1558471599006614
208,-376.430164732904,-32.627689534983965,-162.56468521817465,-57.236651384307685,-2.470324184220358
209,-460.39452204066976,-34.78893539429521,-155.2872287042625,-56.05746444453939,-1.972109528127737
210,-419.1392550336035,-32.7313873583184,-141.29297156866778,-56.3491380681239,-1.8303632779123409
211,-357.8778779765855,-35.128888358548835,-144.96787950411587,-58.46555234194491,-2.2099807862712004
212,-353.3370805610392,-30.95516590169591,-149.5739578585794,-67.93257392393434,-2.640827053333873
213,-350.1678683749645,-36.84468541056716,-142.19548261972824,-60.14690078626622,-3.128431318308922
214,-403.22385035110244,-35.57797281038594,-158.8243640034369,-58.420486664575435,-2.368044878557477
215,-421.92242403492014,-34.511087700168474,-159.0577229518847,-60.141329380398155,-1.0101222058196206
216,-301.59757800886354,-29.235729697039048,-150.9394067736252,-53.08772236493215,-2.496399966607133
217,-399.2140762910554,-40.819471488649896,-138.2683659418997,-60.43982700641607,-2.448995251873841
218,-397.5020536429398,-32.60713928202097,-149.13017114929795,-61.072237432405416,-1.5497308295593804
219,-430.05569859493255,-24.48733807575232,-146.53729681027454,-57.15064750208297,-1.7836820672735947
220,-289.2706133765408,-27.730793912877196,-154.15217578549397,-62.104798475584644,-2.1468069691480545
221,-387.7420209802065,-38.882942372884514,-148.6359150147134,-59.80889296961385,-1.865347645729271
222,-297.33245035307647,-37.43337057756708,-139.42675341233996,-59.31993707897606,-3.0306113933166836
223,-467.58583185586735,-30.93083755314391,-153.73324662901638,-58.65644465623015,-1.2540575254653976
224,-472.4469695607055,-36.746847560965485,-139.7623889157849,-50.13587777041361,-0.5187613027024907
225,-335.72422281411804,-24.03072825344104,-165.65857461677072,-62.63050539567721,-2.379576808151751
226,-350.66328439825304,-41.26261973780838,-169.09381663801247,-59.30963505876586,-1.4210760055103233
227,-469.81249528407926,-21.13643173308085,-160.95999845135086,-65.39593143804028,-0.5507123771810563
228,-415.47854788146947,-38.22837104682558,-141.05489830298276,-52.85425678979809,-2.196336390255558
229,-460.3975659483031,-39.34706924673383,-151.7314962766929,-56.59389344566656,-0.9369343035631622
230,-347.6503939371048,-30.038987893118442,-154.42055474132584,-59.044506567092654,-1.7739645064566885
231,-468.0617052749802,-27.50897847295736,-143.03448801345357,-55.58302368347171,-3.8591157102283713
232,-435.2404989311063,-24.670179833323836,-154.42549748288195,-61.765923511174584,-0.324561725135604
233,-337.5209264834058,-31.96093230389151,-155.8040117725143,-53.58385482398672,-2.442303541106787
234,-398.19463135382483,-33.4739919564619,-155.21737289529037,-64.43273761500781,-1.7369399872682525
235,-272.97012024456404,-32.89167590819023,-152.96450206374686,-58.82007337020842,-2.417942136387726
236,-363.4126754821032,-22.26285900079141,-141.27705635930587,-53.40251113083342,-2.787526038257458
237,-394.3190708222619,-24.60517582237109,-151.81783235870688,-59.49046316864542,-1.9042944405194915
238,-402.24089730279206,-29.281660971841255,-158.25449213294422,-61.71849249412197,-1.5205074855648784
239,-437.1970111613167,-31.90966507916991,-146.33844668771948,-62.94239019429144,-0.5264739144065742
240,-420.5574511120944,-34.549809240743535,-169.38444699567273,-56.99870089892631,-0.11036137706387031
241,-409.2891442721527,-26.44569375871365,-148.24172101246666,-61.83613837037609,-2.6719150824260165
242,-374.40697833271724,-6.70547556493416,-154.09576870237277,-55.87664679488346,-2.5764413287307066
243,-454.8137897636262,-28.84287751386795,-157.01528211085403,-55.69137855398947,-0.43273450267077157
244,-252.74790800756426,-33.41154450150134,-151.0742717979064,-63.05561838235123,-1.5248884039830835
245,-399.4662317479919,-20.35534455782354,-147.17957634268222,-55.29996645198873,-3.2001322936035317
246,-491.48069035590004,-47.536782459680026,-151.3033633063467,-58.94126694197669,-3.0754350323080053
247,-493.98302790802336,-25.3783888879938,-146.30171594411328,-57.83402385580889,-2.5668165588439704
248,-479.12921288857166,-38.06627289831164,-163.2344913846235,-58.19941000311194,-1.6223774468588978
249,-290.07042195648563,-27.710859060570137,-158.00630426521028,-56.46997436215929,-1.528769016340533
250,-419.4897629907945,-24.206257578371996,-157.5386054615707,-51.01651875150022,-2.0205363429232785
251,-383.2546877514464,-32.28707287505344,-166.0033492929314,-56.06873014554489,-3.050976324760026
252,-301.26261775799384,-34.76327666255955,-151.18091744539896,-60.01314376445806,-1.5735133838159434
253,-438.9552888346088,-36.46417476896513,-158.9085579722638,-57.66669506773031,-0.5969940053998098
254,-416.240170173276,-37.27872765708892,-142.35825103150623,-57.54334465188795,-2.178543437832307
255,-426.38599328199507,-15.335875849107758,-142.68334512744127,-58.868340694202054,-2.5092735247774454
256,-399.4138009911771,-29.177709674793704,-151.3983392232067,-58.026128989603876,-1.7080706684985771
257,-370.6850832353219,-34.96041153929998,-160.61417499253625,-57.85353980143077,-0.34898864805695445
258,-348.6301874266679,-30.753735089475832,-158.73842773653502,-60.405322939254475,-0.8756207340987683
259,-476.4430227165486,-26.99020130223789,-153.3608966091013,-54.665275426081394,-2.7766629395404276
260,-364.8117378864494,-19.431698152216686,-145.2391335038881,-61.21210154906775,-1.1956645604584821
261,-488.07554944629914,-25.18676118335151,-150.54352556349426,-57.50954466812816,-1.1988994784645022
262,-366.41598174026973,-27.298791088363807,-134.93351536211964,-59.973569074212314,-2.3680317750736175
263,-297.62092810985115,-35.92091652281257,-148.4947503126612,-54.61761189747131,-1.38710268259669
264,-421.6102752243826,-43.571925444745105,-160.92086142119447,-58.87696196403074,-2.6538400558878528
265,-484.2397353396026,-30.028127468327977,-153.054873284733,-56.86224036325026,-1.8095059788224863
266,-385.1967586343176,-44.2761096970964,-153.77055737600963,-58.73374680965249,-3.4598791548533856
267,-316.1457302102971,-38.891297842326296,-156.7413610905798,-58.495302500649935,-1.3678769883972353
268,-403.8877711966718,-21.01372044801139,-165.90281282970935,-54.04001497630625,-1.0006394358782698
269,-449.5869383878236,-44.74553524730562,-145.8642222054829,-55.544962494558355,-0.7249078294798498
270,-462.946153630483,-28.29623717108081,-162.07576890122144,-59.89274370061576,-1.9973262431502319
271,-388.43265487128866,-30.155160139210846,-157.8617401026098,-59.90167146292134,-2.771685144520382
272,-289.8042535372848,-36.98650287673167,-163.37097322540043,-55.194490284940805,-1.5258851710857746
273,-354.9906744431087,-12.105915721748863,-165.37914588061125,-54.06964443828261,-3.2285099872915586
274,-377.07145575482457,-33.2496200074221,-143.95575656281497,-58.64891885487207,-3.2774584474245505
275,-398.1831727517825,-29.91747052157749,-147.7684013166964,-57.303788395480694,-2.50626262805045
276,-317.0238113599594,-31.057936961834628,-145.07867683013367,-60.74105908308266,-2.870465052118532
277,-390.6122365241251,-23.535438840816273,-141.0460753173128,-56.666666104262625,-2.943098257978281
278,-428.74772474889164,-37.10423893277707,-164.477486554744,-55.50870875746892,-2.2069305880293375
279,-429.20572088514257,-22.621990515192948,-147.3630965817632,-61.88947063817646,-3.3383678852006504
280,-410.6742753042288,-29.723662263421083,-147.43179190022343,-57.453670154696866,-3.274915299909232
281,-410.7232808704502,-22.091744992069742,-162.58390491611746,-50.9949086648332,-2.9916883519652666
282,-425.7230797057225,-24.81414992047125,-139.6996964689829,-62.10464094602072,-2.6826770596945466
283,-361.7828913483272,-20.15488127401851,-172.32737313714222,-53.1047233600156,-1.0748694834967905
284,-361.14196438904594,-30.782413563002223,-153.21014087224762,-57.87417973566026,-1.8964021149443693
285,-390.5824242254215,-35.62219272652871,-152.88782084177654,-58.543798333778206,-1.9556879359697183
286,-260.97199230820564,-23.11783990582412,-150.08154128911642,-60.47477904676659,-3.2799108582586225
287,-373.77625523919835,-29.796545964387033,-162.1128755011773,-62.31009704989977,-0.6637605686533362
288,-418.3252211370756,-26.46469206304281,-148.71063784114077,-60.44601261434194,-2.3375422630974025
289,-381.7663924122677,-35.23305629625306,-148.0463437578015,-57.235500265555736,-1.1072450198452959
290,-383.9396683813054,-38.987107486850356,-160.6963778505345,-61.75661979674952,-1.6080730871584874
291,-416.0344334280545,-31.757639657945173,-159.53641565402032,-60.550327462727516,-2.6952695496361034
292,-405.1238914932604,-32.66284629639623,-150.65757190563232,-66.18864257464702,-2.338790031400137
293,-365.9520168715844,-18.05273882045448,-156.32718973725616,-59.0872725899529,-2.7087971220367697
294,-460.2050715910682,-33.01447262616238,-136.8936706846421,-57.73423246931417,-2.3642615094859827
295,-441.97986546658734,-24.89371599893,-152.2382830620607,-65.21027954631482,-0.7460740636507868
296,-498.5829681422883,-33.85667460578385,-162.2832034066536,-57.36293790784505,-2.1538148589317467
297,-357.9334719606224,-36.25544175376311,-159.24432361008763,-52.89865234552444,-1.746632594366124
298,-371.52602713672366,-20.388461189116594,-147.28301376279424,-56.6199164853408,-1.0669546320031722
299,-292.00171675997365,-18.593795083517637,-150.1455387243472,-62.67091202161815,-2.3953167640168904
300,-400.0301512118564,-31.91218381955541,-145.61995874433973,-55.93398855632814,-3.7942484975531023
301,-312.820595811434,-32.37337228264832,-146.545624497246,-57.07453051147944,-1.766706320760381
302,-350.8661175784699,-35.39412296496692,-144.58560865059988,-61.069040216415964,-2.8187047487807293
303,-298.1129278315655,-40.98051517203725,-161.43132631335604,-60.944609714002254,-2.3090131155341793
304,-307.05347787525267,-44.56148079819363,-167.10469287380826,-50.47544014854389,-0.9783227971059107
305,-490.33070554319625,-43.359406844523136,-157.58153834757573,-59.39878247016016,-2.1461321035668153
306,-447.75075744692685,-25.630482371546123,-146.58056695205914,-61.11934758304305,-1.1204319119671862
307,-296.8120979504299,-29.328604325295952,-151.1101924935801,-56.960478163176006,-2.918798425167742
308,-295.0625690204706,-29.9431592779544,-152.13712079774675,-54.285059530127455,-1.0831452849230758
309,-384.4879606146813,-36.38388935387023,-155.32172647869677,-59.617123891023425,-1.973068794568199
310,-310.2234374039966,-42.60517487139534,-149.01618413619343,-62.61102831253548,-2.3909959212911507
311,-368.22824022040766,-30.16903722901686,-148.2995345847562,-61.08949613470404,-1.8678659003538562
312,-370.2363033609104,-36.57126089439937,-148.2793405137448,-63.084890032565255,-1.341885817013112
313,-397.1136794703532,-31.90771895462991,-171.16213617235817,-56.901950427086476,-2.2755266564257064
314,-371.61052161042886,-22.844756516716476,-157.92040670456842,-59.9362992261311,-2.2106504314003392
315,-401.27858943163153,-38.084809850265245,-154.9079795702333,-61.96982202545108,-2.2286180116415313
316,-412.28082639688665,-23.881779977717613,-158.4338116637727,-55.233989358468044,-1.1565312458744978
317,-453.77826877221213,-40.021211319978974,-157.15724895037795,-56.059632956435344,-1.4410506735926485
318,-351.9115737683957,-26.79720751492697,-146.65543618016673,-59.076699332747644,-2.3167954295484154
319,-396.7171547337578,-23.327925758606625,-159.58548466612547,-58.1103376076592,-2.0723057696552645
320,-362.63881761237616,-32.35755015395214,-141.95547746430046,-63.96915214495222,-1.6440416766149153
321,-419.9006567256094,-35.60640894812458,-139.15560013334695,-63.93989407924851,-1.923753695502661
322,-375.7863805536298,-20.623288462484986,-158.88961354727127,-66.43430806904647,-0.409932897151108
323,-373.313218833303,-31.80874842623888,-160.76979664889055,-52.536147854825316,-1.9117700118016725
324,-437.70389405032796,-31.042995653864722,-153.82116775945136,-53.65005394484015,-2.567491156491341
325,-395.54329236446875,-39.00161295889041,-149.92147730043374,-53.01597549136129,-1.9571397213539392
326,-337.2364759483421,-23.769593943158068,-147.5810674412761,-57.506078524935454,-1.2100684419439462
327,-477.4732209678376,-47.565179383674014,-156.46095855721893,-51.64688592117236,-0.3695167673338072
328,-358.6703716092032,-42.99267529177305,-151.06139869633935,-60.40159468560114,-2.011217638432701
329,-492.331477075117,-34.22389668254716,-157.75129401805575,-64.00145962365868,-1.7088746460580446
330,-353.78815878261895,-37.42208982294019,-141.85271679345092,-56.300396474440376,-1.4649691460664571
331,-354.28767477976265,-36.438135883646005,-163.99711635514583,-63.027892536532846,-1.5235568941019622
332,-508.27251389259135,-18.189050439680816,-166.13793788086932,-55.81539018359663,-1.562104904959342
333,-216.44697330114857,-31.764266867025075,-153.47673796547414,-65.13704163517583,-2.2048975566982283
334,-429.0777609942736,-21.857235691002714,-162.54946446833296,-53.47941164409046,-1.5053600678992622
335,-415.3423756972129,-42.77774305774901,-157.3308495544705,-48.14490760926164,-1.407840581200026
336,-347.95186757029205,-49.98718957783253,-147.5971661486694,-55.71179220144874,-1.3621184558184185
337,-434.30482934826085,-31.663422756202085,-154.5998447935198,-59.791731646389955,-2.1282274138189434
338,-394.768314258551,-32.16044291673318,-151.93532481935907,-54.335751846791396,-1.0216393900957597
339,-435.4446836002796,-36.640017805455365,-149.22480232263803,-59.78641500353645,-1.8054193551440934
340,-435.8312569216865,-21.380485185812525,-147.640013895973,-58.51329291534482,-2.5179055731549718
341,-356.8904433349167,-28.659447301656336,-157.52514689881784,-61.388393541924295,-1.6985326773651988
342,-317.07915635422574,-31.18254678449067,-150.20265755620426,-61.03461595283967,-2.782920326839188
343,-432.4317158622464,-32.550852804645956,-148.1697675172544,-51.90052282014047,-1.1738578440881986
344,-379.3520765827746,-20.800205696310627,-178.45251382356165,-58.39179665429896,-2.2985575718366285
345,-313.36363834472616,-28.310415587308718,-156.44527561367238,-63.931437392910155,-2.1344379871030705
346,-284.8437478591784,-14.752645554828383,-149.58493512098434,-59.638689097334655,-1.1877356112322868
347,-496.7067183581301,-36.99503343787262,-143.53283443778662,-57.5893822208795,-1.9492182108569982
348,-376.281509477134,-22.988197746136294,-148.23649696193138,-58.362943249817874,-1.9398918387446387
349,-424.9871545764858,-21.880890560802644,-148.7316640291167,-66.00124642092145,-1.285707378069844
350,-467.59069385347215,-44.86566083642444,-153.89655497441154,-66.21020707421368,-2.329780412568891
351,-361.2890517625886,-29.182114465891303,-154.92427288583897,-54.998620179012164,-1.9543433103701937
352,-283.7456434063936,-40.14838240246979,-159.06847609096837,-57.44143884903837,-1.9208420205495078
353,-381.69226411481094,-23.502527824014063,-140.78919566443795,-58.0892401370767,-2.389963568027531
354,-394.7861958754398,-27.769009877940494,-149.50139129433035,-55.89148012864306,-1.4068534899928467
355,-402.04423132592706,-42.39364342128962,-146.47100470570388,-51.53392973496252,-1.4961171026646636
356,-444.79758173537846,-20.95433191679754,-146.5406121429054,-62.81474409660557,-1.9269312651984818
357,-443.4026775010334,-36.48666319829044,-166.28147634471114,-69.68268999700805,-1.9044316826156646
358,-409.35991389188905,-25.472830241735963,-146.136569541887,-57.12767884258416,-1.3604674459975277
359,-355.2671656254834,-15.492610762543578,-145.38450292517612,-58.77655768097637,-2.9055385365173954
360,-433.80071472971196,-25.54543796652743,-154.79342637039392,-55.476875070367925,-2.3733060730312157
361,-324.8389286209965,-23.910142495464594,-150.34988884302234,-55.812150191698905,-3.202763807964392
362,-363.68629263536303,-25.824540088426772,-160.54792491041206,-63.866422743572485,-2.638675927767726
363,-423.14383397166216,-15.438080866506908,-159.67549125121252,-56.63310435756408,-1.7915594411133655
364,-397.30290851674874,-40.25904846165977,-155.7958719682276,-56.24402228849458,-1.86776012928113
365,-344.0113959269578,-32.935168200173685,-138.48551542688534,-53.99089863773546,-0.32025905630742285
366,-446.0193097155552,-34.827203014311955,-143.17917528051169,-64.87556748343901,-2.6329441309852384
367,-327.9515937841397,-24.617887147125558,-164.87574803746628,-54.67158715687016,-2.045585433215962
368,-472.0454555623448,-34.36012498648772,-146.90140323304453,-57.785676993704215,-2.30526562476171
369,-380.74529790806986,-30.39436638609665,-152.23225606845767,-60.26501137884972,-2.3251927089165707
370,-368.6292601249037,-33.47780363821514,-151.25492236611527,-59.00676391596749,-1.2515095190428867
371,-464.4581580392815,-20.028472106722422,-150.68354581880575,-63.67396024553726,-1.7541163748502822
372,-428.842113532367,-28.285830215786902,-153.3942571222615,-64.5812225481805,-1.9627788137364919
373,-404.4562761309964,-26.122253507267825,-154.52644520235117,-62.08602831906201,-2.670060990487658
374,-385.3381706772908,-34.18091467804649,-150.1750496032685,-57.42665498390682,-1.0494301217668445
375,-392.53335376620936,-24.434896202808936,-143.18491008457883,-63.252464629433305,-3.9593425004827005
376,-423.52313899395375,-33.66315572458818,-154.99001983636643,-60.424258128999455,-1.3698894140639544
377,-393.61691410714843,-37.96855436560769,-165.0103748385078,-57.76739156019484,-2.198566685077667
378,-344.28665217845264,-38.0681207373016,-142.28273099253474,-60.75231651246195,-3.3468856509593095
379,-361.3167433674505,-48.09665057378767,-154.89223612944065,-60.39990846513464,-2.90914332059547
380,-335.3353275730202,-35.70386641996553,-167.18240452848636,-64.44711165553338,-2.4794159566882867
381,-410.4340895229648,-28.22453206428403,-156.69874274871742,-58.06433401815206,-1.9094887288604812
382,-364.9757283496432,-27.572015587479857,-156.426158086858,-58.87227721324095,-1.82885218899013
383,-377.70978690641425,-26.952186143497126,-151.43166158529172,-63.9367517243132,-1.3438896431607978
384,-345.9157378780924,-37.72955404342643,-149.6540162777162,-59.06829809824787,-0.9009940701586525
385,-347.71993466464016,-50.158251517961745,-165.4827797832187,-55.43145282206043,-1.7427228711545524
386,-456.5990726024803,-28.41047465162662,-162.61753009001643,-67.46006554099489,-1.5251533781643654
387,-410.7193335562294,-34.45457818211625,-152.965948181282,-57.89541996237688,-2.9191757233883178
388,-410.3133608526404,-25.746291893976352,-164.28858567806472,-60.40274772873462,-1.9334906640914766
389,-418.07234854358455,-18.962348776480127,-158.74284238788317,-56.741154331943875,-2.5734302208999287
390,-415.60262027880947,-24.01020461839308,-152.64279146914015,-61.88466601198435,-1.7826969895163118
391,-350.88661554400375,-27.30105985861394,-140.03629460410326,-55.22145622514595,-1.3521707056251082
392,-404.07945228923495,-28.266372189068825,-166.01866574282096,-58.5312701848471,-2.017442787952724
393,-419.72507948084086,-29.60910510801391,-137.08941519399204,-56.66119313029644,-2.4061397149760997
394,-285.8402212117844,-40.98033885075649,-154.94722115749977,-58.78603481852436,-1.886872324322746
395,-268.2752144199991,-30.77208495913241,-141.95811231193107,-60.16560806186709,-1.8926882468535622
396,-404.9703428852784,-24.23936859587725,-141.98395232798183,-61.03313881340925,-1.4401142892697658
397,-462.11921088939147,-35.50349483626273,-168.58641787148647,-60.12435494760371,-2.038691376235724
398,-366.9835638344538,-41.594633760310806,-152.44396729978465,-60.904592257593436,-2.34488795975293
399,-453.47729585917006,-30.49812799799299,-145.98735239429146,-61.09337490720123,0.05324199309111657
400,-466.95673611247435,-35.252135449568,-148.32411109950795,-59.06359310117442,-1.5108922193059153
401,-428.56430562003897,-20.36852088689768,-164.72711238933041,-60.78220173462939,-0.9774378534447282
402,-464.8905322203385,-36.36522745101092,-146.84819066772283,-62.431921000320365,-2.4777239430435736
403,-417.8153527252094,-23.168932844033563,-154.57582336136664,-53.4023498545633,-2.086762814456715
404,-399.2837910751214,-23.6381056662372,-154.87571641376124,-60.451438778979615,-1.0022633667664198
405,-442.24746706053185,-27.58359183172752,-143.08771786355655,-55.97739432579772,-2.244010166253757
406,-369.133798304781,-24.547252620228573,-154.62706582598494,-62.31254987327467,-2.2602478418822103
407,-430.1596324033696,-19.250943709177502,-151.96662201582984,-60.72240311815816,-1.2241473159243457
408,-363.5828357021418,-29.63353321926783,-145.65183088352973,-53.868182825557895,-2.7977184668046178
409,-345.99924176554947,-36.373444621480225,-161.92011332991228,-62.45064352351615,-2.7797047438684475
410,-215.9943372040385,-28.087755822733627,-146.30052874053018,-58.30547545235528,-2.592521343462478
411,-337.29441367129306,-24.241678423277317,-149.41156171226328,-61.54024922486682,-0.8914322129890776
412,-328.1070464448578,-39.66228109105467,-155.93586067898818,-55.312765461564624,-2.162746821339555
413,-511.5195406598528,-32.280868621713154,-151.50784873371006,-56.1527053594011,-1.785336596579109
414,-479.4457107781026,-25.846188154388518,-159.14540226295398,-57.24974890096475,-2.088741466971906
415,-422.8322777132354,-30.914896606035875,-154.40343614958525,-57.854726734485034,-1.268340450727143
416,-401.4460643159571,-26.291511972789678,-151.66713483233897,-62.72661371076075,-2.4171615493511296
417,-455.696228655937,-17.84560586209958,-144.8640502564009,-57.044114371433196,-2.6503293859954717
418,-460.12488397386505,-49.604670757752274,-144.54381783306945,-60.807228930217235,-1.9576638930600618
419,-403.5193631463669,-29.009848952974522,-147.59475899940338,-60.19403097248236,-1.7791661171280018
420,-451.7793338144581,-31.230443996039437,-143.254896755227,-60.65714034781121,-1.0223918510003782
421,-505.1404433668082,-33.81250039224755,-164.31214583662256,-57.49694825332875,-1.8288512778529553
422,-470.05941024402154,-27.67411041079754,-161.34426103357842,-55.90313642324337,-2.095069409641289
423,-453.5997098214577,-21.265917794943686,-150.9969799904071,-61.68255376238039,-2.084119379499809
424,-310.5240821390541,-44.79941670870097,-166.9886145074412,-52.217442344536614,-1.6487387277965997
425,-365.85054940524645,-26.306035879882835,-154.666133810006,-63.002770093839985,-2.76179957032072
426,-479.96909686876705,-36.91059765125703,-164.83408792639165,-55.32029562096579,-0.47840970602577904
427,-396.7156854402414,-31.56878394135485,-146.13712157061994,-57.61623571558916,-2.1585142565480426
428,-325.61269512203967,-29.382274090184794,-151.091168601301,-62.69092526293309,-2.572293852582411
429,-304.4557701228377,-26.778776084207315,-158.19980278262932,-54.880141906506346,-0.7862082424787713
430,-268.9564817579593,-33.080566483739894,-155.08668408220376,-59.6238278027407,-1.274403328673729
431,-367.3491171892749,-35.586599065553784,-164.54365039751656,-54.005169828241435,-2.8220615600414605
432,-547.6568461346969,-26.007602430978903,-150.74511297281205,-55.09861414002134,-1.7816360575372003
433,-336.99671782568186,-23.124496693659324,-156.1990350260707,-64.59324273905513,-2.8224478073838846
434,-443.9859181815268,-29.728068887204753,-155.87844233255663,-63.743532908291286,-1.7303057202402043
435,-322.03253538024876,-33.45077515808551,-149.640863844451,-53.049266450186835,-0.9901343276224324
436,-498.57172017306596,-18.99207985737725,-151.88831061266438,-58.70443159417212,-1.5781076255397206
437,-330.8142173006857,-32.27629905615235,-145.44859911604556,-62.87812951716534,-2.73635065938209
438,-322.3945767759803,-17.461650929587694,-157.98975243104982,-51.68322102018967,-0.32035498851919075
439,-358.6096713596811,-27.154967422971747,-153.9209692641761,-54.795135639257836,-2.8934408919209607
440,-342.289009830041,-47.16588959295277,-151.03518127559929,-57.39755202820921,-2.1380517705471425
441,-424.42412452164086,-24.587539121903095,-141.91400019443086,-59.131109465248855,-2.293692353602347
442,-394.80789784868034,-28.434859812519022,-159.01674875474953,-56.203985710004225,-1.5318064390298987
443,-347.0516806537349,-46.23605400722824,-149.1509988803224,-57.50367100918518,-1.6376260655492578
444,-440.4015563845289,-38.66168954256524,-152.81716265184727,-56.194665658259396,-0.9563554347136181
445,-360.97770861037634,-20.33280191439929,-156.84382071926603,-60.071717240114616,-1.7419661657542236
446,-475.48369706809945,-35.49404560298823,-154.30609108886011,-59.87393090736244,-2.1314221577826933
447,-423.8183787281112,-28.248803790990564,-146.00723103794473,-58.56623872057899,-2.9067888831565045
448,-457.7162360372262,-18.52896966787343,-140.61644218652253,-63.976292195583845,-1.5458313671600226
449,-392.75099767524085,-37.41111608839567,-142.0750005198913,-64.63980998045825,-0.9690606989018004
450,-437.0539095155874,-26.72490426538823,-160.22909555132392,-60.06164357345556,-1.8927273414065298
451,-411.30435300237855,-32.74360024295045,-148.74010611020748,-57.91931347558411,-2.6626917965478207
452,-360.4948026234599,-17.73660610443212,-158.38112403157876,-58.37022864442376,-2.129669427638191
453,-413.71026253065287,-32.27057371418571,-155.27780020069568,-59.5492896517764,-2.4828327664592544
454,-299.6096906241792,-26.856057402820902,-161.21283939116844,-61.417020179367974,-2.044807211036413
455,-381.2247447025461,-26.682728178025698,-147.90240047497642,-57.30865188005433,-0.833553610662352
456,-458.1037715304757,-21.420194587349574,-151.79935659384842,-59.60992670681552,-2.8260149815903297
457,-334.61655277514814,-12.393620001782455,-155.65676988267003,-63.02643767974542,-1.3850840876707946
458,-452.3056498498864,-16.652550718626,-144.8176678178169,-63.52447278687851,-2.0521640120478786
459,-349.89278261920924,-37.88650179587455,-161.43404418145164,-62.3708962141695,-2.2431504312583543
460,-392.8311591801029,-26.380436915385374,-159.702160567244,-57.438497636358555,-2.4415136682521617
461,-347.08106143753076,-34.166983038586956,-161.32926485309738,-55.151408414748914,-1.6466453472248082
462,-415.18804866905265,-28.65860301305147,-150.05787176322033,-57.61949959260515,-1.1613597046989261
463,-429.23419038799324,-29.954893953477466,-149.58282896089966,-56.013867615444454,-2.3188090809438453
464,-327.7649606361218,-29.028919448996373,-154.98735608979229,-58.771095005601616,-1.9880812872175182
465,-360.26024072133646,-34.034760090840486,-147.52090158385298,-58.359217912009434,-2.132001567090459
466,-401.4905646190753,-18.64686568565349,-158.97151832365495,-56.24023463887593,-2.4341338163972894
467,-430.80456022458793,-20.282528637223876,-146.807545914828,-59.0340942300336,-3.3116044663893014
468,-485.43513310117527,-32.65458061822035,-169.0178435062583,-59.30828009906482,-2.329920746468026
469,-274.87860470780686,-35.170720360174855,-162.04473444645598,-55.152465141935444,-0.8215181977588759
470,-389.03932463095845,-25.74030784423811,-146.24133869005485,-57.06320997068376,-2.253102866985121
471,-387.72956708009804,-43.828500432144615,-140.5267637338122,-61.1578820875054,-1.0538427494422353
472,-419.6967801120855,-24.48976926993728,-142.72035178464856,-58.219297660284084,-2.642244242670868
473,-373.99425333258904,-24.23898781318312,-145.40203452063224,-62.645688837201114,-0.6401903776984774
474,-423.9712940560502,-16.065213742306927,-164.1672391817026,-54.08176173291156,-1.5332451937171867
475,-308.37006802057016,-32.21468503742257,-153.40882691534097,-56.40285193059571,-1.3766273524725148
476,-474.3370395345418,-24.1504269918541,-165.52294912097324,-55.111350512832594,-1.3089998365078044
477,-433.14953489730385,-36.42995268818223,-162.93626782716458,-57.24034890116651,-1.6079795750438381
478,-489.503089898316,-21.324489320636825,-150.5512889444976,-59.32468373624074,-1.0405678504183333
479,-363.69519802284685,-51.585930110917154,-142.61597975293876,-58.822730456498874,-0.99639885794909
480,-427.4278145595701,-21.07621381043124,-159.26840027931166,-60.22898897421114,-3.0305499601469172
481,-452.59584623105496,-38.59020521207889,-167.23217117017242,-64.5538135255762,-1.8629599569479796
482,-349.89727272213713,-26.242607276451597,-150.87945457783687,-59.92986893429587,-1.7285552891994744
483,-355.9071952794695,-25.718917259042094,-155.36986228964406,-64.83606972525894,-1.7614728202739505
484,-348.6566486966096,-27.174476249378134,-151.86589867700033,-58.30395442348149,-1.3331350738860717
485,-387.220786653179,-29.71136108488394,-150.0229386616564,-61.367228880110524,-0.5917062126704996
486,-365.80623677994566,-34.56832933443572,-144.19928956885013,-58.08979813960296,-1.9359072875375958
487,-367.3825784280394,-14.188631908865096,-155.78291688243533,-58.979835675917606,-2.2327391506125083
488,-435.48046186324257,-53.87356567576505,-151.48369042913995,-59.77144667230705,-1.2716169650544091
489,-362.89694113580924,-31.20276923803401,-168.64910744624626,-60.13241911717338,-1.5150605882553367
490,-392.65571684124643,-39.02166218809595,-136.63051784099736,-58.65173890951961,-1.914446790386134
491,-308.6804687488068,-29.68392798692069,-155.3509261927081,-58.53933741351529,-2.781278795415382
492,-326.22432366040147,-33.637875828918034,-149.80562849147933,-58.57223761372246,-2.4595805118468577
493,-355.2267596803493,-33.671792899636486,-142.7957753396909,-63.36065907286801,-1.5664713096322032
494,-448.66012599366877,-21.262548796976965,-146.7292550579809,-58.70483745045361,-0.059688801960296314
495,-423.18047409236465,-38.28095612335696,-165.05523991676026,-51.398298426100965,-2.825742143000605
496,-378.24647877100847,-39.610528380550434,-168.6232489808314,-54.00408870740082,-2.4634915787000184
497,-390.8821720265029,-31.47568488429076,-160.34749495412277,-60.686586520124365,-2.1156923249881157
498,-581.7786950425839,-26.037856518323192,-151.4473541494443,-55.77802407453592,-2.211202280378505
499,-378.77485970621854,-38.68983195957167,-149.84277891446465,-62.98049995759709,-2.486978468348875
500,-433.05933808256526,-35.46504296401112,-146.07244525112782,-54.39140894450941,-2.2027473801796855
501,-375.7642628096965,-30.76799638250945,-148.04517350913787,-62.79698834287825,-1.7387108195083592
502,-385.6358665444249,-25.173607265507428,-154.8275831095509,-57.30253324479073,-1.7214066188911692
503,-386.35361345248094,-35.12447908280798,-159.21423401651018,-65.63028509815082,-2.5345692979481593
504,-388.6824864583005,-28.918942912375936,-150.42928488273034,-58.870681806750724,-2.2907014706670563
505,-365.4878471392664,-16.741374697803515,-155.4902863304567,-51.10460670342652,-1.9053080298961234
506,-419.2831870106034,-28.226666210785364,-154.7418196927032,-66.39484140895917,-3.0759474837642635
507,-322.9840309700319,-20.308803510479603,-151.7156387886845,-56.182392190333516,-1.87723166010175
508,-444.3156433909812,-21.04931072941291,-156.47870792524841,-53.939855742126596,-3.2740356494081513
509,-485.5359850489415,-39.30542804630072,-159.07888297280874,-54.35486035451746,-1.307885954647024
510,-431.7654338700628,-33.63152243954996,-151.43276033644423,-59.667421888479375,-1.7838026742966056
511,-422.4982848055618,-22.912492070904587,-162.97898633543872,-55.342981426656316,-2.4484926038683072
512,-377.61719017472893,-40.83049334364205,-139.8212165452515,-66.20244138353145,-1.7603751403774395
513,-320.3458272831164,-41.08571064334778,-152.35922228668025,-55.83097863241859,-1.3650566095253818
514,-431.685247396575,-28.553454883196835,-137.54945776719907,-56.822654351125735,-1.9333353657394154
515,-313.15316288045483,-27.474334850454515,-161.2679507781954,-58.798126413372835,-2.2704626350715027
516,-433.28960622320585,-30.846760491808226,-135.66071571519265,-61.59374311358344,-1.3364014861028966
517,-240.9082130797808,-23.361108180383898,-150.73224818538603,-62.05796521314722,-2.428906554123878
518,-319.95038781044445,-32.52741428502935,-151.17771038573704,-59.38607367840213,-2.4437947536239837
519,-352.46536487977613,-26.185097979112303,-160.2058746134764,-60.29068740898834,-2.084084625017799
520,-377.0220510319531,-22.640651969213952,-158.76300217954554,-59.100330785262244,-0.5779979929385681
521,-377.46945820699705,-34.381158680098984,-154.68451759077803,-62.74483475447622,-1.4095296856529298
522,-382.57494519405884,-24.21409312031228,-162.09257097460522,-50.21885217201336,-2.389596028545201
523,-400.8054246332249,-34.765815656482715,-158.61310036605937,-61.624341203452374,-0.9763060935861764
524,-432.2799395356033,-35.68380395620727,-148.67479247708164,-61.82369859139402,-0.9788184859590914
525,-399.89561518996106,-30.1336135241052,-159.57806267139537,-53.05783559799694,-1.5915982579261756
526,-349.6460548438574,-27.644047270297914,-158.85301197603792,-60.300975351654515,-1.8237753721551664
527,-406.8642883688402,-23.60840676750301,-154.38441624686038,-58.48419300840873,-1.3954696692034747
528,-362.79705509851664,-13.4617794617461,-160.44490229417727,-62.402851073284154,-1.9743603664049503
529,-308.60478481540815,-31.450223933310493,-155.3503650169235,-59.098052884445565,-2.131477949840205
530,-406.3266968823702,-32.09711069030555,-144.6611691963025,-60.44085391477935,-2.6815166273942967
531,-412.14230231336467,-25.35957190730938,-155.17975884041098,-57.145467085628205,-2.0190669023763865
532,-342.4789103418799,-26.45386349527722,-166.7619886236423,-60.1752482273355,-1.0451039052719757
533,-393.92397789085965,-24.679839273697297,-157.77217046223447,-56.41347194103444,-3.2882445277857077
534,-486.0465466378975,-24.525053351819363,-153.86752015913132,-60.5499697021975,-2.152574287847236
535,-372.38228546414996,-27.367096828658713,-161.5038042459091,-56.83811234778727,-1.5878695770637727
536,-392.04637684146064,-36.01199839536083,-160.1619415453411,-61.834117435199836,-1.5476819790126346
537,-362.9152045746716,-36.937541514462254,-151.9180008206259,-58.24279230039169,-2.025098701178402
538,-376.058726683804,-42.12631618216703,-155.4371731890271,-66.21300738764039,-2.6961368219354687
539,-372.68956719124657,-35.33512848032462,-164.23887970715234,-58.839434630641364,-2.3649603329299453
540,-286.993479431379,-26.043608573805514,-150.7515541914744,-62.10751533701915,-0.5190767565131456
541,-403.8677626978556,-34.59751042772909,-154.06072353011433,-59.14671906531176,-0.8291600023451077
542,-444.83042021305965,-28.30338869069682,-164.63662787710342,-51.309928252162436,-1.102715274588718
543,-360.2692015581598,-19.778807929445843,-157.63635377446255,-54.44657016998837,-0.5376638211903269
544,-452.21038770854466,-28.640648043020512,-151.66785945358774,-55.72755711986067,-1.941740459334746
545,-332.25476974594426,-32.785591646972186,-167.91721161570695,-58.824523237846286,-1.7435217168765675
546,-449.9694560467417,-24.610462578952422,-156.8790315623622,-55.61059236074432,-2.3853615271290467
547,-451.98697437055495,-34.68515106443436,-151.6944269571392,-57.80627846757929,-2.5376296938693956
548,-346.1049385141705,-31.827241817984902,-154.58858931691955,-49.96276576701953,-2.6897896804398664
549,-330.57283816281614,-30.183728051558436,-153.55792873445432,-63.546747684167045,-3.166119196495076
550,-295.3398001040221,-35.86862126237146,-154.96047241172857,-56.45374431081575,-2.8580222804838233
551,-384.0401321639815,-32.155071295366284,-156.44973209626392,-59.000834729452876,-2.6358502313006174
552,-413.696077348327,-13.730470593331566,-152.55838094201647,-58.52282861239854,-1.5097549800917673
553,-323.7411005518322,-39.18794262010458,-153.30367587959276,-58.301202595141675,-1.1778162551401703
554,-354.8521103659417,-42.63786395946847,-157.7826682733266,-61.54306312581931,-3.5084721607926483
555,-443.53189500684323,-25.84695008768555,-149.6371151341442,-54.57991959316515,-1.8066291499174028
556,-308.13542142913803,-28.68098715197432,-150.26215213898683,-50.60587851397321,-2.07941056759554
557,-300.64512443447984,-29.33857685225619,-153.45828929669062,-56.8788781140091,-2.2025543460755235
558,-443.9995470855486,-43.62850733527221,-150.02995682188413,-59.491555541162256,-2.1688506018619953
559,-432.12927705600214,-22.8352863117545,-139.02122087473617,-57.26206064914067,-0.29412684577120424
560,-476.18576338677065,-40.845720477920494,-164.98372906888108,-55.03467873647305,-2.901888206570547
561,-318.1428889597966,-23.331964323925934,-146.2462274051447,-61.3163501708113,-2.3256650763811355
562,-379.8708080796305,-34.59276537156025,-158.27384835824492,-57.42076244366247,-0.6326840967544525
563,-430.0084477377459,-28.156062277578027,-167.92529831119276,-63.341204036693185,-1.171298909179346
564,-322.8448878743374,-24.165119145678645,-148.5642999070883,-55.35469550725092,-1.3348899079666285
565,-455.39355600741345,-11.115649587463857,-140.149732167167,-57.46484069544505,-2.068174664260944
566,-421.2800217469241,-30.19786347860094,-138.4441559649067,-61.83524077163538,-2.3612176333280606
567,-388.2146769973066,-19.861154870873253,-155.7578621516379,-60.61280760706387,-1.5842117835688416
568,-511.9202017805409,-38.09100548521004,-161.10309071032077,-58.05916629266569,-2.5420369839852874
569,-362.79528067036205,-31.769477869247353,-139.6033342046512,-59.78513384250806,-1.5725147174618783
570,-431.36563615614125,-19.304623274220457,-158.8224808339341,-58.67835601860978,-2.8119274212378875
571,-463.2893403433267,-55.76776569137653,-160.2326932872728,-55.62862091845654,-2.369740781858944
572,-391.2025518360311,-26.914915980542727,-153.0710611440373,-64.07628042458683,-1.9200042828641395
573,-505.3321778343425,-30.511214386052973,-161.03091403993184,-58.80530487225231,-1.5667816633411484
574,-381.80399618170503,-26.539931527810033,-153.21558773898292,-61.437328028368945,-1.8308213551607808
575,-409.41414645588526,-43.93103702700518,-139.89619521115614,-56.57629117038636,-2.816686946160677
576,-466.4051851467272,-33.02180774536439,-141.03154517523805,-56.51286965996662,-1.9159470152227585
577,-480.96962289151213,-17.92302960001912,-154.11662996945813,-56.28718170903308,-1.3771334312148205
578,-367.25993135190294,-53.9882850692587,-154.08577634490624,-57.905745308658965,-0.766707366418312
579,-356.58944402462646,-26.696698224308758,-150.88485420154908,-57.19393362343728,-1.2604260514001489
580,-318.99943374900687,-39.96308020296401,-158.86245264233588,-67.98931157240071,-1.9379000285447479
581,-398.6530269605678,-31.090977218029142,-151.3607645053825,-57.89783524413843,-3.1016027193488895
582,-445.6896029298314,-40.97494538965143,-146.47787039869007,-54.02148336589846,-1.789071723307616
583,-493.952673930556,-28.97381701426594,-149.4045667505623,-59.15709460269382,-2.440099247442516
584,-318.62417594201037,-24.662373209366542,-153.31784323926271,-55.950186343480496,-1.7761166257617107
585,-331.0383061022743,-18.745187174076047,-156.24708784229637,-55.937759852591725,-0.8831373010119897
586,-407.6864025764299,-19.577690925772234,-146.28369004034877,-60.28208196904425,-1.4295948403030672
587,-483.0859721147482,-30.235836174694782,-143.1173886698645,-55.26628654910563,-0.5616571797075733
588,-417.49809722134887,-24.525619795057207,-161.99782655951967,-56.52389708692926,-1.2458932823313276
589,-521.2389431534932,-35.20551041480134,-157.61009037302932,-59.6884263675084,-2.059667693000005
590,-301.9326978616546,-32.14991963913215,-158.3183845938635,-66.97301694395799,-1.9207593022022342
591,-402.2637932864691,-25.905032657158312,-144.90877890434382,-62.4221464224318,-1.3799043874151997
592,-519.9399850718336,-42.41706409307917,-165.68047508173095,-68.11209561460402,-2.417340142064959
593,-337.69745540039827,-39.30379870536897,-146.04798315925677,-58.117395622739586,-1.6124683178718722
594,-383.62693549531315,-42.039327731984834,-138.34347512120172,-66.28784692101992,-2.4058940179050343
595,-316.25119691062173,-41.60012490503871,-157.2833257038366,-54.96305835258248,-2.7073100587361965
596,-324.51612602692256,-19.884544680377015,-157.04304448548677,-63.81284906891899,-2.5872554533696057
597,-249.8420202498827,-25.728359273266033,-152.18415636869523,-53.34087623987567,-2.8160870006436167
598,-401.8867227469472,-31.426106019380907,-145.05150234902692,-59.380190000776985,-1.9315355424197131
599,-403.72799621223515,-22.798859483027076,-153.75069025261215,-55.8159774465151,-1.1862752288376377
600,-474.52024201877657,-27.479483844439343,-162.98123718536627,-59.02412425828732,-0.9461745390075222
601,-296.5617446261049,-33.630905468074104,-164.74087163877536,-59.95970569408602,-0.9794803047099716
602,-431.70686717061744,-35.64249321288587,-150.77266090363054,-67.20968256362524,-0.6869880242814236
603,-362.2952749893992,-24.617164449699096,-147.3694281308723,-61.67673909286962,-3.5008290077414785
604,-438.2484925787386,-26.144069652045022,-138.25328750354555,-59.281513717305636,-1.5505848930440045
605,-350.72839625335024,-20.929155902301748,-155.9980759949689,-63.04937466375664,-0.9920945275903776
606,-302.2261637676521,-31.699553756586518,-156.51799919715174,-53.77608103730094,-3.273053778261921
607,-371.25248120806526,-22.38746996096785,-148.69790269966737,-57.05261603626737,-1.0129327208166954
608,-473.8814854556448,-31.763064892131748,-146.97570807073905,-69.79773412417133,-2.332025409874788
609,-463.0454232383874,-33.943081033135435,-160.28231233738137,-57.13491154135935,-1.2175059209047157
610,-324.0624447372528,-33.00645133241026,-159.00310017153538,-60.079419971218506,-1.6549209463840568
611,-334.52064205202845,-34.89795023123747,-165.1626928953768,-55.23709764013674,-1.9769382222465786
612,-441.95865735051666,-21.117752096501082,-155.958254629997,-58.5702703868864,-2.5839091303404556
613,-471.52508487145,-27.730901115718005,-150.7555334466723,-57.07702118922036,-1.8550676963633723
614,-388.12393399080185,-30.89622968167766,-154.16255151392662,-59.106676359335296,-0.673757347529125
615,-439.93259010823505,-40.153943280642494,-153.5354337670037,-52.94763648461635,-2.1908042174972797
616,-366.97954921310554,-20.673764210922815,-143.14183465559225,-59.801050628398635,-1.0224431185235845
617,-368.79434425824746,-27.273121160869007,-144.97905446000348,-48.359325354392084,-2.7401561135455523
618,-446.41581606543525,-20.862622106198657,-152.05949300305946,-56.09763715306763,-1.0969409665409646
619,-491.73065816444307,-26.101900423342173,-165.03872355826906,-53.25234056815064,-1.0446983109349002
620,-364.0677129701521,-38.919892957395,-154.64226924615286,-58.03660749022794,-1.5332566994315775
621,-254.82725017766174,-32.647268539070616,-157.19822489390506,-55.055409105555306,-0.7775864359188994
622,-403.5209950265609,-38.38126285438626,-166.3578531081495,-60.28138909799901,-2.157439561932341
623,-437.4236800535781,-26.71990844475928,-140.17173070722885,-57.896225616750215,-1.8557704044561287
624,-429.99761441188184,-32.2325529556015,-156.2951079326966,-58.07751864464677,-1.5263261147668672
625,-399.9366672438361,-35.756507917044075,-164.02851575056224,-59.76929047252761,-2.361378226936743
626,-386.60120285273644,-29.919991845312175,-145.98480468191616,-56.256216527201744,-1.5572148216446384
627,-326.569214445309,-35.77740566217024,-142.87878701913036,-58.05823706980357,-0.45027197976775407
628,-494.52849394272494,-41.134594408884176,-148.11205043620092,-53.26612297677166,-2.167526542637379
629,-385.1041796973736,-31.052506187173826,-157.73022518074958,-57.37402858025081,-1.4735563247591619
630,-447.2049964174302,-35.73757452475804,-150.79263545579758,-60.08817865045644,-2.982340957973249
631,-400.00551677291736,-21.11722620721067,-154.19968268732427,-55.63119093736078,-0.8547293116190958
632,-397.4213215225249,-23.41282864931866,-165.96924198281096,-58.508421830233786,-2.5972951248151754
633,-535.264855104581,-31.197491517565716,-152.92162347538405,-54.75843431154056,-1.7368690365452284
634,-340.5992214244024,-41.72704552234064,-150.50407690386027,-57.01015108461184,-0.7834291811810925
635,-431.3623430466132,-13.00458792208049,-149.221998348257,-54.638136759673365,-1.1694393759143082
636,-423.0416193834858,-22.070837154017795,-146.18918372716868,-57.879631875994654,-2.4852193185538685
637,-320.7749241122217,-29.288917531381166,-156.9293243301332,-61.0608679981699,-1.5117100769714855
638,-320.46941517766066,-27.40527052710636,-157.83023226599462,-60.5078946611534,-1.177574009165493
639,-336.6743181968715,-33.551920097441375,-154.41068350856986,-58.00093787571132,-1.4989399946700073
640,-320.4080300060676,-37.37153384484776,-139.09883065224463,-57.508033292576485,-2.0660998459028916
641,-498.3867608276617,-25.72845194277257,-171.604063731035,-62.65998348173155,-2.729596359583149
642,-278.54381971464346,-23.56238510919075,-154.78896078045105,-64.52458936837448,-1.5376050418684295
643,-390.73624365052314,-19.42939958864948,-155.04843546892153,-59.79757380138712,-0.9128579789715894
644,-359.2691614933948,-39.60492388008741,-146.27245685138294,-50.74529201693177,-1.1967115057946347
645,-369.3884633934939,-38.68819271879011,-148.87215518231386,-61.44925707589188,-2.523276595487428
646,-463.7257617593141,-36.29267257861848,-165.57533678741515,-65.060643898772,-2.0344183038113397
647,-390.37301519079415,-34.131572418792125,-162.93396048862542,-54.53126823994299,-2.371984690127755
648,-393.52338613294535,-29.892008804778218,-155.11724115831063,-59.00109943220211,-1.9307634848913686
649,-340.93126023902016,-19.016681966255184,-137.66178637558647,-58.17587481367917,-1.967110068673588
650,-385.5960493014092,-22.203912389785458,-156.42372732705462,-59.82771567217061,-1.8797754356551029
651,-321.6347068325799,-46.38995703967065,-150.22663282627906,-61.78882130496941,-1.3579440669945475
652,-452.46148703573203,-25.929383486758475,-161.44378934444183,-55.38872757297493,-3.8535737162276233
653,-390.3256244515131,-20.304580230181113,-144.0464872134581,-61.72307795251542,-2.5662531080602577
654,-498.5590271570077,-41.44597075280685,-149.29861350796807,-58.822175013087715,-2.001797050002314
655,-410.32217502409986,-30.001862979863375,-143.12204359623277,-55.636790691210614,-1.3582371280490473
656,-401.6420002584768,-22.155513672978508,-149.77721445140185,-60.559485618381615,-2.4413434423019167
657,-370.5525083132162,-39.81273128445426,-152.24265922076017,-57.837409202538126,-0.9738230470075837
658,-384.32877008169964,-22.069853447056296,-141.31480126480218,-62.294374056529485,-1.5519343518447186
659,-438.02437973825425,-36.385876941098175,-145.9832140210707,-51.632635510252165,-3.0401941171027915
660,-446.273932366395,-33.1740069854417,-149.48024627322718,-59.80321542629802,-3.1135991925933992
661,-384.7499887978974,-40.19641502087418,-138.44747257940705,-60.73318529772051,-1.713483140718249
662,-439.64745221272153,-29.44017379936242,-148.82176370744799,-60.10765744735464,-1.4886518587624669
663,-511.0087201872013,-41.56032045345023,-155.49583307312366,-60.03971757632457,-1.6120515257005212
664,-412.8528794547539,-19.944920825487866,-157.23889396648423,-59.045486584748595,-2.703154975368989
665,-390.08103822231266,-44.99374036522256,-154.17382810163474,-56.76970971898052,-1.8542540693287148
666,-303.96844154196964,-35.60645313156017,-153.8550196280485,-62.96810208516562,-1.864053838139575
667,-408.86448236213397,-45.288141902383,-147.82768666931491,-65.27566129542825,-3.9144151341604103
668,-376.047908882202,-38.42882423476011,-140.69398942397447,-60.855452819507406,-0.910366584187991
669,-393.95666737436255,-27.090957434634284,-156.48125709472978,-61.14446607145819,-1.9160870102993293
670,-299.2322375874921,-34.596685057110115,-144.61076404507043,-62.599550905649984,-2.3015515643892157
671,-333.23988513286815,-40.53660639087403,-156.57820972024567,-54.63201506621207,-2.8740183144634606
672,-486.2045257910595,-38.78306585426279,-143.25799093320188,-66.4772174387713,-2.714264724981846
673,-513.2754390510142,-41.14719513894962,-150.39241301506914,-64.9705831995413,-1.611769500160593
674,-443.94403395162004,-25.570270213305573,-153.37921406984614,-55.021114628650864,-0.9755721013137549
675,-487.7324646344933,-35.86470154869653,-137.96718307499128,-62.72237729158929,-2.618438537575447
676,-486.80287969995993,-29.993693227695875,-159.61574158040048,-59.112081821143924,-1.695483050072543
677,-400.4477841275646,-35.33233211723774,-152.98038202548634,-59.745958260459425,-1.6010869440762865
678,-359.8154758232589,-28.26994618820988,-149.04775069115266,-58.28218783294735,-0.31676204069262415
679,-388.44954367877784,-17.57388465811933,-151.8249250521757,-61.99714053146336,-1.364642098118675
680,-431.69796393489224,-22.30639601888714,-157.98402049479228,-61.49991771784054,-2.050761669686285
681,-315.80961975026366,-33.35170093522111,-161.67031050346026,-58.165781924264415,-1.4159033550249256
682,-425.3256219270806,-31.483988111843008,-143.96343170538916,-57.15434155347521,-2.0198345405369156
683,-494.61573158956924,-25.956024370190253,-155.18084091929458,-59.509901553719985,-2.5623012927532995
684,-332.1340315121812,-20.81405986910374,-141.27142292450955,-63.09848398094903,-2.661060911946071
685,-304.64148712014065,-22.345257086872135,-159.8103949246946,-54.09470479319689,-1.6771398053312119
686,-391.6149815606605,-30.09130279113134,-161.77287594744902,-58.65119443597184,-1.5233211116523766
687,-285.55016477843793,-32.340568090008375,-166.90405670808693,-54.644170313271,-1.5065892028198686
688,-309.811866071819,-24.096619908616496,-151.5641879542935,-58.25359562289413,-1.1890993797273153
689,-390.0925737462798,-39.34964763289249,-148.46528124201834,-60.76893849385207,-2.175271240541599
690,-388.2543540328756,-39.13120345675323,-152.04735038419727,-60.655880802069625,-3.214791939709543
691,-378.1335639265414,-22.734435006398154,-135.766679764687,-59.42710980123472,-1.6571847883869941
692,-379.28804966900793,-37.60838045920615,-143.75363649472376,-56.78268475619951,-3.4575548369234927
693,-362.11135215017293,-32.02480906858569,-151.08653723716355,-59.666420631277965,-2.271088254271861
694,-347.7464442596035,-40.91854893013768,-155.8210084747721,-58.418518534507655,-0.8253895633472627
695,-447.192119894319,-33.199929048484606,-143.92557088327723,-55.17083221132338,-2.484873045270821
696,-340.99439418653225,-34.09226998373709,-167.48253065577697,-53.684373510829694,-0.9787037795551258
697,-350.84602027308415,-27.6504286832601,-145.86420232120736,-58.78763241983726,-1.5502614893201794
698,-297.68680347795714,-25.79026186968369,-153.4917862193748,-53.69262882571352,-0.9649987932090877
699,-348.5391620577423,-13.268625423227087,-147.8766679522378,-57.31166460295235,-1.960817235082436
700,-492.69600970995936,-48.08772683243176,-150.421182556684,-62.303699151113655,-1.3530202125696476
701,-268.25639796751796,-33.76106203731321,-164.8148662168319,-56.5634364104253,-1.1872666213336605
702,-382.61715421442193,-30.270747382364203,-151.33678321800355,-57.34967635468941,-2.2505391600572557
703,-328.6710384275282,-35.492315353019116,-142.9226132862975,-61.67836040841167,-2.023248549737734
704,-409.28368216847235,-39.690143154537026,-154.94767608751587,-55.922083195526106,-1.121284100122725
705,-408.24884722714455,-24.865580684383037,-157.05566000985868,-62.44343701467205,-2.0372862539381846
706,-348.92799754294634,-35.997782160321194,-142.60796317411564,-57.85317278010808,-2.6109397917909942
707,-476.61484613134274,-32.527046638820075,-145.5359663878237,-60.001948171420324,-2.6812417327061557
708,-368.6289530457121,-34.45348450103075,-161.0889013414611,-55.34482971115734,-3.5786234350410564
709,-296.7341280292372,-35.15068546790302,-163.08916804083205,-54.5206246036028,-2.2509535228953297
710,-323.79245309491915,-35.249126774934204,-158.21666161928746,-61.8214078597466,-1.6895968871967044
711,-456.9196714772446,-25.836207752375117,-168.92844292146998,-62.43023184740878,-1.1736891931069715
712,-467.60372232708835,-23.01397145033262,-153.14853026673507,-61.585502296556896,-1.8015322294115084
713,-427.4467259196022,-32.41957885300538,-151.16283309688504,-53.062580448002116,-0.1383025047285188
714,-365.70696679035274,-28.211832659683314,-136.6257167044723,-56.82807674555401,-1.7658094782083804
715,-466.4234253098431,-38.68269576866401,-146.29854843740642,-58.38404543799323,-2.1911546321981197
716,-296.3646972397231,-28.87681616844614,-153.97716101388247,-58.48774785918659,-2.613218952370607
717,-467.1258724668928,-36.68927811476768,-154.376978698784,-51.24474212471148,-2.2790655396705195
718,-415.00650373805536,-31.698115745249883,-156.2711105281623,-53.554471321703744,-2.5726516703308078
719,-454.72101515091185,-40.21261390579575,-144.88889165967743,-58.35942548465008,-0.6596598964932654
720,-492.6158500878769,-28.10661568678828,-148.94201841375303,-58.36853871349328,-1.0865192727463404
721,-424.8517063765263,-39.12239177901297,-159.91285583794817,-60.11402578434659,-1.6211381670669207
722,-348.77296043470943,-32.23990162511459,-155.6637598228318,-60.42915229804273,-2.071881017136375
723,-344.0280771269845,-31.681689516807594,-145.59212839560792,-59.947778530331846,-1.2944392290718751
724,-287.7599442841035,-34.686110784318316,-152.7708643136957,-61.05684732087958,-2.2938853707367635
725,-422.14956584865735,-35.59834282441409,-153.22452141940408,-63.61357110005886,-1.852699163311828
726,-418.0348561503363,-29.465903888562288,-151.99535563937883,-55.522699666026824,-0.7981435619413405
727,-433.9817057523786,-37.02908590231945,-150.6827817234143,-56.23668598607211,-1.8272433952941163
728,-526.3397664017733,-26.606101221210864,-156.96923619924496,-57.44471215833368,-2.9701918024927436
729,-319.24950390012776,-31.693885145139976,-150.1473198639163,-62.273055112065435,-2.9959316487976175
730,-410.36723911314056,-29.23833174539229,-160.81935642185954,-52.806437582415846,-2.6046919151707546
731,-501.93401158591604,-49.63429885851672,-158.69337963621084,-57.96364332596198,-1.0206953206074858
732,-373.5402897643523,-29.287103863082137,-152.08290616349814,-66.84451970841486,-2.6088621907305054
733,-364.45310533259016,-35.72161936234538,-161.4586138411694,-61.290988645348214,-1.7530969914093806
734,-375.58670308523176,-31.732645981737104,-145.49511010714824,-62.06093968265068,-2.3310292916490223
735,-457.72126521460547,-23.40882948170155,-153.83577794481397,-56.321091152439166,-1.5792076705521143
736,-299.4089801274789,-22.735436395558008,-155.96244653848453,-62.840705642688604,-0.7363829832060053
737,-506.2597294532866,-26.14665204789487,-151.84456337320034,-58.95552728548181,-1.0605510769104143
738,-475.35219102490544,-20.73064952402422,-147.8882808308706,-60.95011067744047,-2.0154945246678757
739,-330.51691965029323,-45.346709396545826,-147.90913508942177,-61.48385568543633,-2.5949877160578434
740,-300.13643800889446,-46.102671999540476,-156.4971124327136,-58.0440897160861,-0.619392255122032
741,-354.5223890245495,-35.79055846462945,-153.26449721609012,-56.881137254570824,-1.4169154887733937
742,-243.95127407497782,-39.422642698985676,-144.1860216189381,-59.574808458273026,-1.7002163959132222
743,-331.36656186182563,-26.375033336654873,-165.71147315567873,-60.639324120284414,-1.7729997275136782
744,-471.1037164042155,-22.62639301422559,-144.88372849138884,-58.34054144613447,-2.4683403462876767
745,-380.35408482886083,-38.42861390993966,-147.89052249080046,-63.24756470229553,-2.4758274209891433
746,-340.7752559416709,-23.748361969525465,-150.5464108219924,-63.94573396992767,-1.240563147727472
747,-370.3410706293846,-40.3471605354144,-152.55513136276426,-63.40912759991448,-0.871372658346196
748,-379.58681324289074,-48.01934579829304,-164.36110214465947,-57.70286353962891,-1.310008979212396
749,-478.7954525866965,-43.865171959699396,-155.6681979320467,-58.65645247387491,-2.5685669902065413
750,-441.73051137292447,-19.07161327645826,-165.47403653951798,-58.22904263987286,-0.8956328871638839
751,-406.687452714995,-28.073998829709712,-150.8790777869913,-55.43380916228197,-2.201254494078838
752,-400.4017689331584,-28.635002686413287,-139.44322592243108,-55.98293272287622,-2.7707334463796123
753,-368.7082575781482,-26.37506362407382,-145.07255454187808,-56.30211201020907,-0.8838918020132877
754,-481.0500930927331,-34.338221331784936,-151.3816335748898,-62.98128355998663,-2.2602769652772494
755,-386.19518584180696,-29.08352547757341,-144.68121628985278,-55.931554375621005,-1.1814419236054283
756,-399.28932094281146,-31.050473834944235,-146.2664086006601,-64.87242009440347,-1.6476027383166032
757,-331.10413953423796,-27.472294818056966,-158.5239500290237,-57.14733500203256,-0.7818075578112043
758,-414.97474578449084,-26.987778961227086,-147.90558274921938,-58.68279200566348,-2.2369376903249485
759,-368.3310995556585,-38.436054353227256,-169.35136368833884,-61.21511259622476,0.291974196974574
760,-502.2201198620385,-15.772562467285251,-156.87739328262822,-65.38836568149485,-0.9897085996133881
761,-409.880496836056,-21.767772227668942,-155.291145701051,-59.817750865585474,-1.4409043877127978
762,-369.60506455431124,-32.04589600387113,-136.63531024728888,-62.26506241609194,0.5457240601569286
763,-341.86706984572675,-36.198367514129906,-158.18910826302871,-60.252670355077086,-2.2173565326830964
764,-475.98414452322277,-31.784994787583393,-154.74515704028758,-59.09955593688396,-1.412735376207626
765,-470.2019427515718,-26.188397091724195,-156.68411388517117,-67.32023781598711,-2.2454505437593144
766,-309.1741046544565,-25.00200670475158,-148.47709119079914,-53.44386573902624,-2.5539217891965538
767,-240.6772932857864,-37.213299717549525,-155.28874366563647,-58.383401583077394,-0.7951264573361176
768,-338.2669452847796,-22.44942522016876,-156.88232822441853,-58.95813699387018,-1.7192252615879893
769,-281.0673716821128,-52.59134620939174,-166.0994594308997,-61.205392662618976,-1.0435668336917847
770,-418.2349296676236,-26.674072992880635,-152.05010372615337,-63.41647703997584,-2.403666058043117
771,-441.77510231452004,-31.494835064143714,-157.42601561673482,-53.428609381603586,-1.661560722592583
772,-410.90373437631473,-21.74226551724923,-150.75927143987306,-63.31779671414274,-2.886741892937067
773,-423.1812847766371,-30.270793690641902,-154.20619910675964,-57.721321958904774,-1.9210364927492571
774,-491.61002817808617,-28.424146535491,-160.6558593062031,-58.003947393596604,-1.0700686485600757
775,-399.9745289413056,-24.60801199931697,-168.36647354342563,-62.00415312165282,-2.291504511231292
776,-376.9515314608035,-19.38793623542785,-145.2654483388964,-62.0216457083584,-2.545181744826275
777,-455.86278091590145,-39.984563258093026,-160.84062067419865,-58.12392223602698,-1.3448981421456678
778,-544.6981315221088,-34.62465758441413,-163.872415291164,-60.47548170398592,-2.283479469364791
779,-506.9202624503171,-28.03457707192419,-153.90770146619454,-57.46215395409524,-0.31265785299266435
780,-375.74679305107765,-14.715304332794886,-144.21666684625367,-54.194399802320866,-1.6025711894870545
781,-454.10729098728234,-23.416294928701692,-153.1158265101255,-54.45580124537151,-1.0068373959819885
782,-485.16825881078654,-18.57933445982601,-151.4471021808876,-55.86302996443016,-0.9443434652711514
783,-461.9787324324643,-32.38855855759019,-159.64118214317716,-61.71815346553065,-1.721574580129069
784,-338.8970622777695,-49.16711129958169,-161.40284435400002,-58.50019015152675,-1.134684519566154
785,-427.15329527778147,-36.283222542535704,-144.76439869945267,-55.41136437484774,-2.6359555346101247
786,-382.4048687301178,-35.88367198166177,-141.57609322930549,-56.31367183172711,-2.10173896221813
787,-496.39227504608743,-33.386123124595926,-150.4807972694713,-61.05699374896865,-1.6873281124750876
788,-342.4487100577962,-40.73538366617968,-138.8999931689628,-57.02361939209591,-1.1819918565097527
789,-242.79283798272095,-36.24270141921129,-153.58918145936016,-58.03528072099528,-2.982394722136699
790,-310.49982974086754,-31.101286807036647,-144.42068896603732,-61.41724962981286,-1.1965083941264714
791,-517.3619158089951,-44.321073240180304,-136.29807655899552,-58.2405021427358,-1.8057785048823378
792,-433.4453941961107,-27.768444188014527,-161.4896066556026,-53.633682384739366,-2.729560280126813
793,-385.27784882180435,-38.39809457325242,-162.2609017317939,-60.952047628290764,-2.5852812539692756
794,-458.3119836915118,-45.11583702431084,-157.2114850569676,-58.64344154017686,-1.713401990763344
795,-335.9557986132671,-34.08982514947671,-148.34088236282938,-58.512145441449945,-2.587695971083706
796,-402.78040833304465,-28.03202156676211,-153.31137407662172,-55.173268057360275,-2.237466625426867
797,-428.42195233486245,-23.391258132855445,-148.6385845724749,-59.337687811353334,-1.8428576858995416
798,-432.6201257872667,-40.307980972079086,-163.90203311206207,-57.33655058309974,-1.7861578684810837
799,-472.1969651004293,-32.4908680301126,-140.53786287819747,-62.633190700579995,-2.6964882338631866
800,-375.15313110239595,-20.90490655542974,-139.22423185190772,-56.174510106254104,-0.6952908911302343
801,-436.8708809698444,-38.30082964109057,-147.08508143361232,-59.42823956407086,-1.5589198565922318
802,-365.66104606323495,-24.187421112730892,-165.12402933906694,-57.34429930547278,-2.371962949965048
803,-409.53548942925767,-29.54023064790267,-157.63270500711695,-52.29368055242156,-1.310160906349957
804,-380.78542727408194,-32.67416041865745,-164.48586985657076,-57.816756418315244,-1.5592744851085083
805,-362.7462721449471,-36.450557840288006,-145.89254596775444,-56.50323681627712,-2.385928927240644
806,-377.6602021934008,-40.223295589519395,-164.163588657255,-64.4063833704104,-0.29437204056016203
807,-427.5739148004895,-23.328353387888257,-154.75026521802704,-58.280520952079975,-2.5156802184356613
808,-468.53682514016094,-47.960986907114915,-151.19304486339854,-56.860619622716705,-1.8613259883169124
809,-523.5407704297774,-23.212472718744202,-160.01210376251663,-63.68476114380201,-1.886723754776162
810,-370.1204484087918,-23.86441781843871,-143.60589987382633,-62.18549598051566,-1.2438598217111765
811,-309.7104384028565,-30.463398424916296,-156.05394968234467,-60.04079070527351,-1.977420003198462
812,-367.1907048616283,-28.195999520563507,-153.09988080933186,-56.28334654421089,-2.74973789029432
813,-456.22400462307456,-26.45931011216543,-154.99952648059949,-62.27485898090303,-1.568145987874546
814,-368.79187340842026,-9.237340113119112,-158.5053506259311,-62.21384319379149,-1.20680277751696
815,-369.35352886238576,-25.492569401946707,-153.6959496558459,-63.025115902135134,-1.8589112024458003
816,-402.09228071401503,-33.50407068159369,-150.31636676441974,-55.373882088958055,-1.641697228826567
817,-411.7705903538256,-10.020598611405655,-161.6449184571584,-54.696767756542506,-2.228565498352322
818,-371.81395862341003,-25.074828987653905,-146.08158208133267,-56.78707864006908,-0.7334696773892996
819,-310.57492894558413,-35.177748159858595,-162.091509307712,-56.973210707745224,-1.0428613882005666
820,-360.122763918982,-37.510508565684624,-144.0065867531091,-60.70489986799869,-2.711017069933401
821,-459.48037134155993,-24.242710090824257,-143.25295115779852,-57.371754864783874,-2.2250883381456017
822,-353.22055595233746,-26.83426562695007,-164.02492896586008,-54.805848644521106,-2.5555481333128123
823,-364.6769499024984,-28.51434106968547,-147.1760408360564,-65.00620926742235,-2.2346249374425007
824,-441.38650074577373,-28.082467083235006,-155.54962732896004,-61.0378768707238,-1.4474408816652782
825,-350.72166119853614,-34.07819685164463,-147.5444705811886,-56.009093914325476,-0.7825498637375164
826,-366.01064113300674,-31.95706208117299,-155.48738573084083,-61.74114567429676,-1.2853586355045767
827,-324.7547700646916,-36.220375526519895,-154.81608611206534,-58.677385259507496,-0.7862024340895121
828,-409.2177842222654,-40.027415087844176,-151.32721956593946,-59.92699228423008,-1.908430402781235
829,-326.94568245116284,-24.680871566224166,-154.20842005476263,-58.13481218227097,-2.243216456081965
830,-405.4635571304023,-22.65307264122319,-155.6244946683738,-63.097553561475145,-1.8758732271708363
831,-431.4300425614554,-26.048526775323737,-157.71907854069056,-61.650643083182594,-2.99684969011315
832,-475.43844753921485,-35.92332506552264,-146.54882411891208,-55.259939042870435,-2.0125943629526293
833,-468.1995072418543,-26.196400712963655,-154.09866767454466,-60.29342608332219,-1.762783495821788
834,-435.181197105959,-43.497606009558716,-156.64903410663518,-52.46080068963945,-2.502014740138999
835,-361.1877188317865,-26.79155141492618,-145.04988282448127,-61.20835199907895,-2.4708483402577257
836,-341.9173185757067,-40.43565494510896,-157.50342410144745,-62.413620187176384,-0.39134927138286385
837,-467.059831375887,-40.56365456577366,-168.0758016499545,-60.100344814292015,-1.100107269340997
838,-270.65752249995984,-34.10941708916234,-149.93409756879797,-62.95457749521481,-2.492534032584693
839,-402.43062210821597,-36.84290338537846,-163.15402231684257,-61.36376277720179,-1.8610062944325494
840,-444.0742890925816,-33.81184837550832,-161.46365765177924,-61.41829112251242,-1.8648829975564707
841,-430.5772381502725,-21.99214815726184,-167.68199680971028,-64.36636897261184,-3.081927855765787
842,-380.59881163340606,-16.020323983819022,-162.78399847588383,-57.48078715907144,-2.455323626193125
843,-309.18523804915515,-28.5917886835876,-163.38757940774724,-58.340021253525926,-2.474945032383747
844,-386.30839854419935,-34.700872999242975,-148.4648196207097,-62.48858772252659,-2.9506891795449732
845,-338.8108921932333,-23.013751409032384,-158.17137421569612,-60.039812697702715,-2.3717995283825117
846,-354.5566701658512,-41.80539681267022,-157.52789400276407,-56.12290563903163,-1.6421239462349644
847,-389.79656825990605,-15.966857363360658,-151.575347575605,-59.59833968838328,-1.561246852574318
848,-436.712691334732,-25.738710755985206,-137.19222416341543,-56.881323563752744,-0.388285078785524
849,-408.64193217983905,-35.37459882136493,-154.21691159344383,-53.52742182876128,-3.7901002932562577
850,-350.4301472619976,-23.544459487844765,-138.5992530972427,-57.42981658907671,-1.6064968402683353
851,-427.6717437785289,-36.06504960611854,-155.84454294015939,-54.862391595062235,-1.6909610127464716
852,-348.4036898023074,-24.785755627198082,-156.2399471856461,-55.19896878892236,-2.6507569511668043
853,-319.73665379543036,-10.618682464137661,-152.5732528269853,-55.905783739069875,-1.7264211472883728
854,-412.2500276168192,-27.513326231817853,-150.7149343788443,-67.16670938719045,-1.7914194804990085
855,-295.76807677737304,-44.58555985440218,-151.3544824017156,-59.43030561300044,-0.9953033271240974
856,-415.3211642802188,-33.650224945194346,-153.29499445839548,-56.5506841919662,-1.7075026061197
857,-313.0257375269953,-24.160216471474946,-151.15478372554946,-54.715126414336,-1.9201640884860605
858,-427.7295204581446,-31.01456011685743,-153.8248047726583,-64.38208343437186,-1.642212895404922
859,-348.14861015533694,-27.245233535014172,-159.7681973267855,-62.960176879224434,-1.1931722895201193
860,-447.5588210136984,-22.60949461684992,-154.62665032393716,-52.51494090396182,-1.3269042495580616
861,-310.4775871413427,-34.382781357348854,-155.41299391476107,-58.75573502716726,-1.9419596117970275
862,-290.41237414783103,-28.979215450607253,-151.8073421325144,-54.58855801283121,-2.2755072775289005
863,-430.8819246362034,-29.584537813940088,-146.87923726733055,-63.43843790796675,-1.7241307824217365
864,-445.3135616460699,-36.802271663053084,-160.6241570169392,-54.96344849257466,-2.3230966289583987
865,-368.83253058822487,-34.8087648035279,-151.02979214636497,-57.269897939050466,-1.2142344700083851
866,-442.8495997916341,-21.428960959760598,-153.2244689932287,-55.66147358075261,-1.558830558906568
867,-382.3259672389319,-25.242018921552166,-153.57493293782136,-65.81234558561916,-1.5176794621390124
868,-415.56743661646715,-26.54211604696667,-156.0297899249271,-56.527618399328695,-1.0160671545178714
869,-301.9373180000939,-16.17494964072046,-147.5895275257431,-55.579102712742156,-0.887862485550344
870,-420.84150942569534,-18.094450102704638,-136.84289665091148,-58.89880428793017,-1.6641087149514557
871,-385.13438550484767,-23.60180513353229,-160.0832366139075,-58.84014651598914,-2.358012391633548
872,-361.60234614753404,-34.743336303215514,-151.567845253179,-55.23294352133017,-3.801587660039593
873,-460.0001589624606,-19.952338100248554,-160.04450534530406,-61.39836625348665,-1.9938897466063947
874,-459.76181564469647,-35.57337291432333,-157.17967527246537,-63.85793007423436,-2.167798346121696
875,-448.46720735989544,-31.084335750540674,-140.0716647557424,-58.29561279278182,-1.7190070381261409
876,-472.76235583151583,-22.148634241860737,-152.08180999943008,-58.148368078022735,-1.8471020444706259
877,-328.8685073188845,-35.01341262095886,-161.55637457651596,-60.95796294743876,-1.749967568968591
878,-354.6641320909078,-23.875468551572606,-150.96784231340737,-64.15001703154877,-1.711719169283558
879,-443.1313248523212,-34.06324041352492,-151.61359187626937,-66.77580024383425,-2.369162371313577
880,-365.3048825367402,-15.516583875859078,-138.27097084821335,-66.34957541163106,-2.1373003009924996
881,-400.1049054225884,-27.517781203648422,-148.0078456745799,-62.73138647067289,-1.6763276800846298
882,-329.3789234294732,-22.754929270637987,-144.02411861149454,-63.691784898658156,-1.5513168352524238
883,-303.41011117157893,-18.573783044443267,-146.49810010391167,-58.11634540944185,-2.0271715443673415
884,-422.01867887529056,-33.315470470389144,-151.50306032518,-61.45467969606182,-2.4421982459912077
885,-423.4396554849556,-37.397183381679426,-150.16110314745868,-56.155160634028555,-1.2965834224161685
886,-409.82716105117305,-32.62055867160359,-152.2346403463715,-54.839063256877424,-0.9735476183231616
887,-372.86327341148245,-32.29568153743742,-157.26395059533408,-59.505119123561386,-1.5250491979105256
888,-455.7724153151725,-14.952084015757446,-159.00534605088856,-58.063767513809715,-1.334277754778645
889,-530.8946041490967,-30.164474396650263,-158.02302436201327,-59.02296646301254,-2.4281582554529146
890,-404.98868148544125,-44.80256661041871,-156.42842584965095,-64.2648289766088,-2.330874840805415
891,-394.971498319651,-50.36712773929186,-138.49516900479497,-53.89932847051955,-1.5153963206529504
892,-329.55875489704863,-30.08122634316722,-148.58228027065667,-56.10876786244133,-1.862411485123353
893,-352.2477170163425,-23.212351862688823,-150.60459532281206,-59.827517641048566,-1.3255625272998344
894,-357.86849495689177,-37.587978255360134,-156.61764971312192,-56.467282006241774,-1.629999290277397
895,-425.47115351582454,-44.64933754541719,-156.99278776295776,-57.69993230082425,-3.542773138777303
896,-383.99551116018586,-22.551336068866345,-157.59377058648,-59.25953732208583,-0.6908984858690101
897,-369.26080600062886,-42.55457950831987,-152.37568773123942,-60.962075942545226,-1.3094149099095986
898,-522.4202040928483,-27.902220904309566,-150.35866614143464,-61.958153419829195,-2.8657298633883395
899,-414.79088268633745,-26.733592885889223,-142.25891353314609,-59.16054891972667,-1.8420497270282412
900,-450.5490458760188,-26.912176177669405,-159.82128318607732,-60.25154042615246,-2.0118748333168828
901,-435.22035480401735,-20.84856454833322,-153.4903718491528,-59.42231935728563,-1.6115740666369798
902,-356.2545814922629,-12.49447612720608,-151.13513097440327,-53.942840837985415,-0.7009916030277137
903,-324.52324068761453,-37.29286328846527,-143.63825788408747,-52.23075107386568,-0.6976548263334853
904,-436.54559251406835,-27.656310962517313,-143.88023965111492,-53.59417051483741,-1.0559025264461523
905,-423.0317077687549,-35.82717149792405,-149.57904855897968,-55.57512327653772,-2.821855741654155
906,-491.9763668700379,-33.239005857688696,-155.15039154333707,-59.826827596335384,-2.8511586967643594
907,-371.50542210056466,-24.32701275912099,-153.72436971242016,-59.0246997644572,-1.8479555152348672
908,-452.60096396760474,-20.754951671874387,-158.7959595097256,-53.33899299413322,-2.5532689006959135
909,-285.72765298265114,-22.390282940531254,-147.79378026077245,-58.15970007156381,-1.2080333658505267
910,-353.2668202568603,-40.00151994814752,-146.03830474811645,-61.05372966814634,-2.826626395429923
911,-456.02135536431706,-36.685856208747175,-161.60170183998977,-60.694502853746144,-2.581242503559554
912,-381.07178277776296,-42.53103152704167,-154.38486903097748,-57.209216083374045,-2.343189377381234
913,-294.20587956769714,-45.64901233830259,-151.97127943742007,-60.02499897655839,-2.228920664387609
914,-362.64040311298095,-16.85518064464194,-158.28473770992392,-60.65733561334548,-2.733163136818272
915,-409.34760254993097,-29.38502564401748,-150.63543221743018,-57.36409078246948,-0.7489569998221519
916,-385.96532617065327,-42.6910878012922,-149.8602725709442,-59.5565616636505,-1.2518715452058238
917,-373.7021570567339,-31.618647308108933,-145.01867543026066,-61.591815495031206,-2.175243153569668
918,-458.5162831621791,-29.839801572719132,-157.5998813767368,-60.28899148727526,-2.88145088513501
919,-397.54289435517103,-46.66238721218617,-135.14633977195302,-65.75077904860322,-1.0839434127721574
920,-394.48118148073024,-35.94870316983693,-151.76911103524083,-61.71670695817988,-2.481566748203319
921,-446.08797027316547,-27.876116037805165,-156.52596520150564,-58.10274644152143,-1.8502963191246347
922,-487.9014136580996,-24.189822609347402,-148.80405364028374,-57.49147964532134,-1.7482268535903536
923,-423.0206334132899,-29.32099823118143,-147.1838279578345,-53.35814624184934,-0.9891004977053567
924,-489.7816957656254,-25.983992427410065,-148.13799185173124,-57.141739624368554,-1.3820223240933727
925,-429.3950521446597,-28.639035190902625,-158.32403375264443,-53.0436530758311,-2.6931436243510642
926,-271.24983704148946,-20.006184230319896,-161.18997686248187,-57.2758598920231,-1.672355008023727
927,-449.06388033421337,-36.34845092480593,-141.99695425662995,-67.33412938635689,-2.187941860508901
928,-390.509947999321,-34.70954362535107,-159.74574630229972,-57.385081502807196,-0.703236183957975
929,-297.56429872409035,-37.95357900447311,-157.6692922270919,-53.10947978417012,-2.5220829611406175
930,-443.4029754013946,-26.35823460442911,-149.64877027217,-58.80889934676749,-0.5320184272470254
931,-380.2661749904851,-31.140186410101297,-142.515451816268,-60.162661234904206,-2.5529293631609784
932,-391.3828604378951,-24.48828699715808,-139.2317252481663,-56.81706323580554,-2.222520870953452
933,-366.0209159660696,-25.06329762533609,-149.37215397585703,-57.775981732040755,-2.5205498155576964
934,-223.35874687571396,-34.98927243065184,-152.87503373527943,-61.0253775430351,-2.5374347555729857
935,-421.9814500332348,-36.10134902523755,-141.9548078582497,-56.47504257841612,-3.024961356882918
936,-377.7024250858346,-31.595661039447016,-158.2985606387542,-64.34201414943283,-1.0064720892415402
937,-334.95911358078257,-33.95160634299713,-175.37589737963654,-57.501777307984334,-1.5343789963196837
938,-469.67608107793063,-29.338457654606565,-147.17393957715407,-57.170714797873046,-0.7302904384536156
939,-416.28369170993176,-32.860814000151066,-156.56791687544302,-55.34412435654396,-1.3384767854309074
940,-416.1416285646268,-28.426190520143532,-156.06260636306013,-57.00531548346851,-2.6424465147480256
941,-336.75135427590084,-23.93787992631049,-165.8744835716865,-68.37476071630047,-3.8791201261711747
942,-363.945205372088,-31.89622357891019,-149.46583995067667,-62.51434763448238,-2.168925644574801
943,-479.25808892276564,-14.678098798483278,-144.14171572160768,-59.596551099645346,-1.130304516847283
944,-463.3243370224755,-23.91731359783028,-153.83926702142935,-63.84446174013649,-2.1351157552336733
945,-360.87865944112,-23.43769961177337,-139.46218047744816,-56.36702622252514,-2.471404816151489
946,-400.6503494100025,-25.130130341570784,-146.23015948920886,-54.41411056998848,-0.7646118591025798
947,-365.5535595438244,-18.130070950291895,-149.4012384228803,-56.23826429771255,-2.2132291343476975
948,-443.4999803114432,-18.82171205861447,-150.18669670873007,-54.42235612256017,-1.2633600256660151
949,-405.42976031993834,-42.522042115640886,-149.2228130023957,-61.76162978072234,-2.171985142190431
950,-345.3420662630977,-31.315027106541518,-149.98080824587757,-55.06399944961041,-2.410046233920773
951,-444.6533616947492,-28.369366183415593,-149.4850610011391,-57.6319048365259,-2.19460968636804
952,-450.71600080362464,-38.839160086722146,-163.72275325549566,-58.72565671768203,-2.518469981816839
953,-323.4287920042322,-36.35518772246977,-143.57800497835666,-60.597789118055275,-0.42851352461596487
954,-316.5523789810966,-25.612255547292357,-155.87371555324947,-63.747146669476614,-1.7751527379871632
955,-360.03022952339325,-27.11492956552074,-157.48799081661164,-59.48461733357966,-1.1812179195643646
956,-513.7220840620332,-25.95466292571117,-146.9622657811661,-56.22221969256035,-2.0803581856146924
957,-273.29273990261936,-37.625153376167205,-147.94893280933832,-62.92864939618868,-0.713040856696535
958,-373.1093434952424,-13.578114216811914,-152.32995558011248,-65.31562902826069,-0.608433001009525
959,-496.3003111430181,-22.296783503496773,-161.77583587654587,-59.14719375556082,-2.113428050601434
960,-468.6752557954517,-35.974821611166746,-156.74948634622126,-59.9512281863,-2.293996377073083
961,-388.9913166927121,-25.459787957425558,-138.83283323496715,-55.7816935442896,-1.7284312128397223
962,-384.3464191335853,-34.57978799651813,-138.62765002156053,-56.60291181661564,-1.914647636767626
963,-437.43969066393817,-25.13400071784821,-151.05286831536262,-55.74645338908051,-1.2393498980343052
964,-482.68692287046616,-37.88140310395451,-152.8591596836004,-62.571126178098574,-2.7336683129595754
965,-420.177981888605,-5.210791382404956,-151.17790113079874,-63.652744221239146,0.265751449400241
966,-369.4389438806642,-39.044771913850475,-158.16853413123187,-60.17493316819506,-1.182554177034961
967,-344.4046510072653,-11.908608188902942,-158.2228696479349,-58.91966044961171,-1.8989895559676626
968,-456.4568392786481,-21.341343165613043,-149.34867640994264,-61.38482439496386,-1.1816950425251467
969,-422.671238311889,-27.3863056955603,-153.00711831451258,-56.51495920204488,-2.4600367176181397
970,-374.18309447409433,-28.42466126075008,-156.12580428073662,-61.90838934234052,-1.4651818455183678
971,-381.47316167721635,-33.74930618308248,-148.14256593264923,-60.20080652740773,-2.2446429133936485
972,-297.83936754902066,-33.27899091035853,-154.1981811561365,-61.03287388838795,-2.3309539001397237
973,-459.89155776269723,-27.098362003476414,-171.95071394770872,-53.628032619030975,-2.29014732813614
974,-403.90684467652005,-38.50242109824472,-155.8840183976075,-59.45641107182794,-2.34562324183413
975,-208.00238653030232,-18.92937088257337,-157.4971538706116,-58.653593070973685,-2.2488637573067995
976,-378.11074873179365,-42.606327276779524,-156.71951843622858,-59.72645323177417,-1.8736917758238003
977,-407.21245491488844,-21.682457697998675,-153.84611074366302,-57.92931363889387,-2.0624988662954333
978,-480.6003180231075,-40.32614749206816,-149.64275411802907,-55.03205196027813,-2.171174636999597
979,-355.89777616933463,-19.975600654040683,-153.30185014935634,-62.42222188946518,-2.0379917574914415
980,-438.5672748841365,-40.181012349258815,-140.995804206413,-58.34428005380649,-2.621181527590617
981,-474.7051761315929,-30.060579759265536,-148.72251947163699,-61.110126334221114,-2.3238163941233196
982,-355.5231531815082,-31.360081115621966,-141.94013931042474,-62.92037806906282,-2.4631020076540433
983,-534.3663146022571,-33.903569535251094,-150.0049745840652,-59.14306182063534,-0.9971433096433527
984,-314.92925876422294,-29.86724083618973,-151.21851133077382,-57.25221329324692,-3.6960934552409968
985,-426.39103664622957,-14.662361998308612,-152.01595659279164,-58.328674103910224,-2.110321888350761
986,-325.325714913714,-17.461939095104924,-153.31507744868878,-60.281882567586635,-1.6128034731126415
987,-330.9493477818907,-30.40168521275898,-152.41964769118474,-60.38374435690709,-1.3927263044429954
988,-455.6294835422219,-23.006622409875824,-151.67676805170797,-56.493942759570565,-2.6859326956171765
989,-414.4615327546709,-24.937823294204804,-149.33540968419,-60.57257728239854,-2.8455511882255267
990,-449.39126761229477,-16.3775997010847,-143.25115108663516,-62.28492311408095,-2.3518602052320405
991,-298.6412657346715,-23.625974862582996,-154.69358745887448,-62.9435283586636,-2.1726960635943198
992,-399.35609003327994,-27.14464823451708,-173.3471859970987,-63.15055351570153,-2.220402238354364
993,-429.6692025992561,-36.636188230977524,-161.605542776382,-55.69015385864672,-3.0055165510818562
994,-378.72847331665713,-35.56209513975994,-150.1877188767044,-56.2593021462569,-2.0913929261943416
995,-442.22214525541904,-29.76990376517981,-157.0463216472648,-55.28776032367898,-1.2495752496113006
996,-321.78895460799447,-28.726664924113656,-158.32415399033246,-60.30257425172898,-0.32999061687431563
997,-278.03757759139614,-19.772679230573758,-151.10201170443878,-58.478591564360656,-1.03155990845456
998,-393.67959318437164,-31.75761806871891,-149.5019831121432,-55.088025615672045,-1.3561190565215049
999,-437.74872367063796,-45.98912321673038,-163.7170672731167,-55.64633251088584,-3.0720574467470736
1000,-418.81123380060205,-25.30624105347356,-142.44321926943348,-62.31916051706294,-1.722696451391671
1001,-376.9958335405238,-31.85074723567241,-157.93769804411113,-61.12525895823914,-2.89586706138243
1002,-378.76254246657874,-31.1272692351343,-163.97796141018068,-57.19414179873126,-2.196329208099059
1003,-328.75165409921345,-42.075608748206164,-141.31181540935208,-58.211614451199324,-2.43771174523029
1004,-443.0292640742329,-27.040259370108025,-160.96840228528328,-57.57070814364952,-1.4184668598514305
1005,-376.2687143905011,-31.271186951454716,-141.99877287769255,-58.07624485293747,-2.143698407883908
1006,-233.98299832751746,-15.755548988510297,-161.2847225570175,-57.74069366336772,-3.103659413993551
1007,-353.6448669866819,-19.45143121482951,-136.9196862914154,-59.417877239132146,-1.4748915943778098
1008,-492.7571301555604,-35.34095974305967,-161.66448612332618,-58.483555570737586,-1.6065860843410094
1009,-419.1482114927103,-40.08890600508843,-158.86253228012941,-62.013345073042466,-2.231113341726281
1010,-323.85640573209247,-14.483579351504645,-142.88702607088052,-57.92622656893816,-1.7124646614290442
1011,-349.3830955191099,-33.00043675297392,-163.78928882687015,-55.9753720686337,-1.6000437436864976
1012,-373.8912217885886,-21.78311248708457,-158.8183805755584,-60.41600943208963,-2.3619418949498767
1013,-418.16024966897675,-17.996047638129216,-173.16272018048429,-62.06811897538721,-2.4739270057737177
1014,-395.8007087208561,-29.38535777781954,-151.36305867851948,-61.91707255210449,-2.8241176151310743
1015,-465.3702417385596,-23.365542455213287,-166.86472233239493,-58.50927925063722,-2.2664789408391472
1016,-416.3090272662542,-38.801375156821045,-159.2883581548888,-49.01196925567867,-2.0906380796113684
1017,-502.20626965610955,-22.43213878071729,-165.37580389887867,-60.32939675566156,-2.73559380672446
1018,-385.47055501984806,-36.31247364373828,-150.24750072445477,-58.16384100771718,-2.3147620548364998
1019,-340.36034242759285,-36.77331964003296,-147.8019790566071,-55.5107253713226,-2.0533468339336634
1020,-252.41354738834468,-17.735894046298654,-140.73879993662817,-61.67498468175523,-1.846573868682166
1021,-419.5269871966573,-26.299536047454122,-170.84515216392538,-60.79900798976896,-2.300608969584623
1022,-448.7683979808149,-30.774435472445408,-156.8007466533589,-52.136467114630314,-2.2179949274098094
1023,-408.42438562513536,-19.68225958648596,-155.31781092983752,-61.47441044598564,-2.703136350866555
1024,-384.5215008434495,-36.33496463898465,-167.237646877995,-57.34866543552391,-3.097741296811561
1025,-398.5411023569386,-25.324307511292286,-147.43857208087064,-53.03344421433085,-1.769852185557649
1026,-360.268956636097,-23.28534152933033,-159.32692978456902,-58.45507794886947,-1.7776403386242057
1027,-399.4771359025846,-45.12967152989059,-157.8123349780765,-61.62159760524508,-0.08577723457975757
1028,-342.25549972277975,-38.93718608702484,-151.286998549992,-52.1677960569927,-0.6275483289086953
1029,-369.620483689096,-28.687501438926056,-165.67355643721888,-58.24172080292513,-2.389237680695454
1030,-453.8816482192197,-29.28326981476088,-158.89584224626913,-63.89958227411939,-1.2658121168179435
1031,-431.1109095713199,-26.83120429615144,-141.53206711394424,-59.88479565048864,-2.6588146338087038
1032,-438.28849180768117,-28.256649813503113,-152.77771273933405,-61.51466160876343,0.2840318649462395
1033,-401.50447238141135,-36.55678444294874,-154.47443268383788,-59.85287879513358,-2.8272851334428246
1034,-409.07186757561624,-45.966937995615964,-150.83949339838188,-58.306141177675336,-1.7179135321530898
1035,-457.09838243484955,-34.449663943138496,-160.36378121301806,-56.5068879274607,-1.7251607090213439
1036,-333.7240441630534,-33.081887513387684,-138.7863568436358,-58.08502046074324,-2.2186952311094656
1037,-384.39756179573163,-29.887160934982703,-157.73647666154332,-59.15362247454454,-3.233857327204881
1038,-310.16493671529923,-26.927971792910704,-166.20280591781562,-58.68935336812599,-2.19804620529375
1039,-445.9043372762497,-22.20579786949235,-148.74313825725906,-59.10077357246079,-2.257293268052909
1040,-514.4042988335965,-33.24484343911384,-151.37541998102816,-53.788538554737386,-0.7428648028570884
1041,-385.8111699988838,-32.18889074813593,-149.86392876942776,-53.218382922079584,-1.2194168483741417
1042,-351.3398758014775,-19.044753166006306,-148.7798937957672,-50.19340486886893,-2.306524701223402
1043,-396.2356769584478,-26.29357591667114,-149.80281618730416,-62.68124236149698,-1.8259173192499376
1044,-405.09677659949,-29.126174448658503,-147.50161595835334,-55.84083804446597,-0.9248109397056412
1045,-324.9049789492919,-25.26900005782116,-157.99325753437554,-53.22111982374323,-1.7056898903919484
1046,-471.492556255573,-32.77582950002596,-145.1777450703257,-62.36131416769456,-0.9566325888137269
1047,-355.17544506105537,-44.395784568202075,-162.76935916234996,-55.56986212594099,-1.8600368171285873
1048,-494.72412790445577,-31.09481748757054,-148.27541549153844,-54.18055914915552,-2.7279803392348927
1049,-338.79720499921297,-36.70007291692549,-157.35013258117684,-63.75404893292501,-3.028855413756293
1050,-401.9454155760159,-30.986962090181553,-147.4579840624847,-59.3934200491992,-1.9069060352286018
1051,-393.66062671764126,-34.63997537081876,-161.09184259174606,-65.30858664320361,-1.2192734963463947
1052,-376.9787814765774,-39.529854635968405,-148.7391768571989,-62.402923478450624,-2.7934945311562287
1053,-483.0293587128582,-14.15003639385687,-169.91478634950352,-57.83629511258975,-1.6042822711002453
1054,-429.11172224672794,-25.625493135811038,-157.43483350189322,-56.22458464887546,-1.7220011280181025
1055,-451.5739134177803,-24.59760417490725,-140.60744688469308,-55.09395739466202,-2.067148442617116
1056,-284.772343126579,-36.40314652627888,-159.1012247385252,-56.2427996766917,-1.0148935594424904
1057,-252.94303734847026,-19.51024642735264,-155.10457513402625,-53.05950831099862,-0.7127541593089843
1058,-472.2251316372574,-1.201604095693292,-151.2937694813946,-55.046853747157314,-1.902354434200663
1059,-386.6959941733101,-36.64527713881936,-154.69440564189313,-56.55425758849939,-2.694214276262057
1060,-382.868442077168,-35.38656346138549,-151.29418080915303,-57.308959863025265,-1.495621639164878
1061,-258.6529488400935,-44.370085088171244,-144.98847971642314,-55.32407562725627,-2.0018662103197657
1062,-378.8682609302579,-33.622415377917676,-150.32921662091633,-53.32995502330469,-1.5059905215543152
1063,-376.60963696087526,-29.954580490078325,-171.038610361591,-56.8994117690781,-2.526497964354037
1064,-414.1132400731151,-37.13981693194879,-150.10316174338126,-61.63898413393235,-1.8857191731152463
1065,-419.2115808479786,-25.923050594750524,-150.5100409534292,-58.56186753782313,-1.727896428170838
1066,-408.7798322017937,-25.259232449379795,-144.83148681024002,-59.97599259133482,-2.5285905216330855
1067,-325.0393533073681,-13.067928509089208,-158.28491059973618,-55.923621313521785,-1.1139910818461776
1068,-325.5683330239186,-26.366826889016167,-168.47951720288182,-50.542306443765696,-3.139155793864045
1069,-449.6120037747417,-34.149840015251186,-149.83668257393686,-57.27898409080649,-1.1065245614410129
1070,-428.6323301571922,-41.79114519490331,-160.17399876267226,-62.02399922761562,-3.0570350347081465
1071,-381.7383640916523,-29.920182994047753,-150.13547298326958,-50.87879640674612,-0.05072584824133643
1072,-446.2492764484813,-31.040423783804528,-166.53982030838878,-61.23114400808952,-2.213282512547472
1073,-380.5073507730721,-23.7810724954106,-172.03931165205424,-63.65380579730597,-3.04791953184301
1074,-418.5436214356885,-27.073987041912094,-165.221169641388,-63.63430241170902,-1.8620684691441924
1075,-386.1693884395157,-25.60740354280524,-155.65047496031366,-60.96657857170761,-1.4545244609964034
1076,-443.65522161800385,-26.305494229232796,-138.441401894211,-64.50259992490521,-2.3704401185782653
1077,-297.27435966873645,-33.46718597548545,-155.4462692103357,-59.24247549835897,-1.1494763912467283
1078,-422.11394824586364,-19.521601874406294,-147.64824836882372,-59.9462663993014,-0.41292325528901463
1079,-374.48814777041116,-19.288692508290623,-149.60797975643968,-65.00530900501808,-2.46365958412964
1080,-358.64039616961105,-31.5575440929679,-152.19473384137558,-59.78572383953935,-2.135842781532629
1081,-422.95034143918906,-35.081848321717956,-158.37793539155808,-63.73368076739475,-2.2892006337320785
1082,-369.7323348986348,-18.146486655589126,-148.09468526171852,-62.490874469077035,-2.633095857852083
1083,-377.0819082292023,-30.140929402834978,-156.69409323744446,-61.2063837268682,-2.8095154015177055
1084,-424.53227254153745,-31.806362407346597,-155.87725277112787,-56.639366186934595,-1.8863341620483574
1085,-485.3988396520283,-28.042728853000433,-148.7195948466573,-55.934682718049736,-2.4150800798728174
1086,-472.28576861432913,-26.647333229984863,-139.7747919651006,-61.217118338935684,-2.1630719592900407
1087,-399.7217380157558,-23.926888245769774,-153.0698793897219,-56.60724521828012,-0.9345984238744428
1088,-357.1742250392797,-32.39430803132454,-154.85149192901164,-61.704619514079496,-1.5705534980410298
1089,-439.96075912740866,-25.828104695188483,-146.9344671613956,-58.34620216521618,-2.3640164441320235
1090,-330.00626714251536,-32.61033291376551,-152.46457918575035,-53.60087390026931,-1.5867377358261447
1091,-446.5071596480377,-32.90634217228601,-152.74310140480733,-58.246966775428426,-2.2304089725861416
1092,-326.50610764711473,-15.530832365180334,-152.4675742877268,-63.17932201298265,-2.687197246053855
1093,-342.8032172697101,-24.91860042856394,-155.54488935679313,-63.81109772415571,-2.3137022476786044
1094,-374.75745288355716,-19.286396841817876,-160.18384565139155,-64.06735291282904,-0.1404016107871331
1095,-308.0622158548694,-20.02183504978852,-147.10949797316457,-56.391412951879545,-1.6941792321934417
1096,-413.83835420859873,-33.43010896381239,-139.11594076884154,-62.39642428957486,-1.0939237416010412
1097,-473.0371412485454,-26.77487780438112,-152.70940869550168,-58.03355749966302,-1.9879641572709146
1098,-419.2091966824929,-24.04490280354688,-145.27050325633417,-57.44305850699147,-1.7184671777221463
1099,-340.6475198894178,-23.21240711948567,-167.62355715269342,-63.762106076261674,-0.874879561324397
1100,-467.72904735268935,-30.91652114082586,-158.13907068924038,-59.344950803079925,-2.6182102301597885
1101,-470.34360383642655,-37.11925920436012,-133.81616017832457,-64.73288011204299,-1.7701160478533131
1102,-344.66551922254735,-13.700310797862025,-148.02616850004802,-57.403420595474046,-1.8050722574819376
1103,-395.17560689391814,-33.720819199666934,-149.8994281743732,-64.61062258832959,-1.8408410231690282
1104,-434.09910870772086,-15.60780347585826,-153.73566680268232,-65.56021965910895,-1.7770857002624683
1105,-389.8817924336673,-29.949051097860558,-171.14319843763784,-56.5513586778781,-2.155590266902051
1106,-415.9889163733104,-25.988441210234924,-158.1806792798129,-48.51660033556867,-2.666802749369814
1107,-453.37389307968306,-35.29096963603248,-143.71207849494533,-58.095994233705994,-2.2597886006258308
1108,-447.2377987467024,-32.179547964134876,-153.33409826249118,-58.892847255642195,-0.7373000113716482
1109,-399.7585158588085,-16.25197634352976,-148.14708455435107,-54.784975782607276,-1.116463692585838
1110,-388.6436620743634,-41.207236712272795,-143.2101219256137,-61.01578938413585,-2.518446976394948
1111,-331.1651407074752,-28.192141018522165,-152.57373613818638,-57.24746163751891,-2.3452491635932384
1112,-472.76100217299023,-35.5835362326923,-153.2641186631569,-56.73124942972254,-1.4897356641078627
1113,-374.33210480771197,-36.72329836282346,-147.84777192490165,-58.635540309955815,-2.298315857689556
1114,-449.35943621837316,-32.780303623597696,-162.3179917046516,-55.5897749462743,-1.8738264806506497
1115,-420.96370835840077,-15.90164802635613,-143.60417666297283,-62.75359519287229,-1.9749023704725936
1116,-306.00386725887216,-48.058715473983575,-151.98391118031557,-59.05608764789915,-1.244663677381425
1117,-383.88934566295643,-51.12527625443221,-153.51369542268037,-64.45802406972103,-0.8550788654540806
1118,-311.12780783471106,-37.21351981055938,-149.00500622906247,-58.724463724226055,-2.0453242382019257
1119,-343.0585265047322,-41.75192312283413,-149.41182602850313,-52.645899598570075,-1.3063524379571803
1120,-393.4601185840244,-35.304277743176854,-146.42277860593268,-55.89090706101705,-2.354129662516826
1121,-330.5548361658688,-28.13287602106002,-154.3350415851802,-63.108386343570935,-1.4971556750452062
1122,-414.1668230794208,-38.855179541904484,-153.68149061217443,-62.94331631119191,-2.7021955446553374
1123,-479.89353159077945,-39.818113892152745,-154.31033100844965,-57.88590576457595,-1.395739106086154
1124,-359.0219061713406,-17.59209908998906,-149.07622016960624,-58.68572280658364,-1.5595355672067974
1125,-397.0836545442802,-32.05697883491942,-134.98163967335321,-54.223596151942665,-1.1172806784586413
1126,-443.2241528534423,-16.640991027843405,-161.53121215192994,-59.622853836745755,-2.142223326437527
1127,-473.2498346193111,-26.698768471841362,-160.02663187502705,-54.313168434169015,-1.1712937076346914
1128,-450.9585545905751,-29.648061748169308,-152.9401891953673,-57.93901265928251,-2.6760563366715764
1129,-409.4109654190295,-43.184687901729255,-149.68466724947342,-55.28010916411143,-3.5218022607545754
1130,-435.2718458473843,-31.9341983754309,-154.5598782185221,-52.928956242700586,-2.803020577665186
1131,-382.58047845035287,-22.6998472126852,-135.24493903302096,-56.185286434754964,-1.1273247070808043
1132,-377.3614247053291,-35.57015863229315,-138.33570821126574,-60.530468360494815,-2.0235193618223737
1133,-400.2945733296744,-27.38992712190035,-150.06513775076692,-61.44688043031059,-1.0933798428605017
1134,-415.6723324290482,-23.569525218765147,-150.1942309294489,-57.24942381540887,-2.9012313696254513
1135,-396.8180564614824,-25.219461875913634,-143.64882928904584,-61.835103232099655,-1.2708532950162084
1136,-498.57649350515345,-35.717769456889485,-165.84373573231412,-59.6082777238721,-1.9843431884196414
1137,-300.8641589036062,-32.67491521153713,-169.80166722233926,-57.23170126787645,-0.7003902801953188
1138,-483.12193207621505,-32.751448713653126,-154.64912587586005,-52.281405294557295,-1.9754275189663033
1139,-429.582391827429,-35.130400572411375,-157.5629689974251,-58.73464096693866,-1.9395239687138748
1140,-427.1898051211376,-33.73181495558723,-160.45261374958375,-53.85593808218299,-1.9436017148353457
1141,-407.56869625426145,-32.64437644947912,-147.75864338205534,-61.693787228513955,-1.2457023407113716
1142,-434.5343681728008,-35.23389672826915,-156.6953280164259,-63.64563665540402,-1.8342720861847819
1143,-446.1393577567115,-21.22365687734527,-149.74409072992665,-52.14548198843428,-1.527025138365322
1144,-438.53403739573264,-34.694159518365375,-154.3672420344918,-63.77454430973388,-2.30182307114024
1145,-392.63345075285923,-27.218537296581687,-147.3620543689014,-63.11852812022492,-1.8821161025904052
1146,-398.9076378384712,-37.95439247899277,-161.0628594917732,-62.096605230965324,-3.0655942739680153
1147,-385.09909878874,-48.77494316183266,-156.9147152055915,-54.34817413675229,-0.7627399756746563
1148,-393.1303028082819,-28.970768977149184,-154.16910131042508,-54.55336067374712,-1.9294020441151152
1149,-453.03042403793694,-29.0166050605276,-136.8270878966386,-58.14954886135949,-1.109648324696792
1150,-448.2998012193371,-34.6303582872536,-166.67144034439295,-58.70596040613505,-2.1728594867343607
1151,-452.1220343485882,-30.72855243525824,-163.43325657075758,-57.58150910456334,-2.115109486677494
1152,-534.3960792798288,-19.219376453793952,-159.1816531377753,-60.48419282039921,-3.257695960038235
1153,-445.9561754641298,-27.931140433855955,-147.80576697218982,-56.372948392348455,-2.9105567504099996
1154,-407.4217041389197,-30.495515340437574,-154.6569997074272,-49.73088170502269,-1.3328098872002212
1155,-458.0544668037562,-30.159647028517952,-168.60314711264385,-54.51248495279735,-3.1378702690925278
1156,-379.6456736523647,-18.287756406063654,-146.6115814229701,-64.92042501453372,-2.403289163916634
1157,-408.16886703761827,-22.004228961089208,-159.10712524794027,-62.21738476124276,-2.519562472224293
1158,-441.32975723569126,-42.82302979813181,-151.0559730145173,-61.16204832804082,-1.3237790056291436
1159,-378.8995886177788,-27.93654520992811,-154.45498445162318,-60.542683734698485,-2.5381909962836846
1160,-431.6899928123751,-27.280138073239886,-155.68824290139287,-53.35238941543489,-1.9037178991648869
1161,-378.0742478634487,-32.53971253837423,-159.4560996771686,-52.00179973177656,-1.5534890893091584
1162,-379.4527711466274,-25.777780842859947,-143.30707237987843,-52.396261389697045,0.3925435441036364
1163,-388.9582365634145,-31.432823357615057,-150.9434495992566,-59.783251421970114,-1.842082378523242
1164,-417.4234891690953,-25.47590852545106,-139.79940324372745,-61.0493984449093,-2.3713295561194445
1165,-339.0843820220711,-30.61024925921055,-159.9510373425257,-57.318140209577635,-2.5607031910254117
1166,-431.9643558610463,-27.80917039646742,-153.21873013526556,-61.271937739763565,-0.565543152300202
1167,-419.22974734596573,-30.733356600621686,-151.6554310875192,-58.192658550424156,-0.9250628248808286
1168,-436.4364429309875,-37.50679585601835,-152.27561874520842,-61.762379209281136,-2.808821963157514
1169,-306.96993513543146,-29.79544040498215,-148.965726260341,-57.984371777093116,-1.9280851935696894
1170,-417.27383615006835,-41.492483807034546,-149.8171844210184,-58.17713135849886,-2.2637726827012017
1171,-435.2856751271374,-18.7348480712863,-158.22815979966214,-55.918465333486054,-2.0023651799031392
1172,-397.5030173544041,-31.350390992155376,-156.4645271019083,-65.34468601927924,-1.3104620143652368
1173,-300.85020947736757,-34.276748163856425,-145.16862385484322,-58.88820119929621,-2.6800537636142594
1174,-413.046790083497,-31.095267878735154,-160.47328741631912,-58.53762562754635,-1.545183125099889
1175,-358.87740481724313,-28.93300995961082,-163.4799330234045,-55.41107716965943,-3.0202629756343784
1176,-434.9646311916675,-42.66110761812389,-148.42898181583928,-58.66384431705028,-2.574997251414575
1177,-416.48061446815467,-20.580085118431303,-153.97383847929652,-62.41816133314502,-2.367982450038827
1178,-350.39914872426533,-25.034065575344197,-163.84242759820796,-56.79823099164204,-1.0262863138061031
1179,-478.1830873547027,-32.14119960036132,-148.38173334546352,-54.83943299791675,-2.381522265685652
1180,-359.6231955294214,-28.171049921073784,-148.34923086016644,-65.84397406261178,-2.2195891661315295
1181,-303.0383103252685,-23.647341059158517,-162.08030026472358,-58.13700242691461,-1.737762139606683
1182,-382.530358176478,-42.372002037051104,-151.94713362231747,-56.17112303673341,-1.2100467127419126
1183,-442.8118037645258,-21.596165145100112,-149.226952126521,-60.467706895632816,-1.9736893840594893
1184,-355.5985086809415,-36.01502940383434,-165.83589561394885,-57.19199509577805,-2.5623456325686913
1185,-419.41161299666464,-27.231071275502345,-150.7184350050967,-49.10788963503512,-0.1854387213838077
1186,-453.13495844476154,-17.8923844186296,-140.39760852376463,-58.65264710282366,-3.0872301812599927
1187,-291.0210873380195,-28.05530564688371,-170.57295608251778,-59.6376020939339,-1.8280333205894435
1188,-384.41118939529656,-20.874995002440247,-157.3657316826374,-59.561399374479635,-2.018614397237651
1189,-447.64862990346114,-45.0895516787839,-144.45763185936244,-58.14702098676,0.01437630158731023
1190,-466.6651243983564,-37.28091119512497,-158.65149636753696,-59.99229357275167,-1.1822526335479144
1191,-400.67333461272773,-36.55885757112197,-138.90306133532,-58.27363312849374,-1.4057038929486503
1192,-428.88784878902385,-31.99028249334874,-154.4494968763914,-63.708153593838,-1.655904098385333
1193,-383.73481466148723,-26.6984101260774,-150.38155691480898,-62.56180542306534,-3.0261743682584363
1194,-430.4557579947461,-24.75613788789372,-154.93574498836455,-60.89606140160627,-0.4969167897174165
1195,-421.78672798316836,-33.280806910787675,-162.50668936913414,-60.193057221050026,-2.1968042573288074
1196,-377.02824022888086,-26.102458004684728,-149.12483881203534,-56.00764907290778,-1.3474164097488306
1197,-342.69813585291485,-27.10636870449149,-155.21146609622923,-54.3539004901846,-0.9108119643786976
1198,-467.10650106664576,-37.845585466097845,-159.5777487386896,-66.26754843589522,-1.5648708375097737
1199,-355.4039586439738,-26.155921578156764,-155.46616464027343,-57.56356002130826,-2.3228126599813983
1200,-370.27916920190466,-41.43685432863074,-158.0232429289259,-50.97416662177198,-2.4186765537782335
1201,-383.872984725177,-33.75340931922802,-152.15072817422893,-60.51079422528267,-2.1079158329146117
1202,-322.03188894020116,-35.55635728143389,-151.10684911095726,-60.41019320111998,-1.8692430402360733
1203,-310.4705200984737,-22.9825624965633,-151.15936177334814,-58.08958599769346,-0.8539911943033283
1204,-440.65165360628055,-24.203207073151635,-141.16956221650364,-59.57809755178344,-1.7289143017108066
1205,-270.5825873695855,-40.01581608676757,-148.19549839216145,-56.59409689695519,-1.6287888350813704
1206,-379.1888728004167,-37.026377593437495,-151.80853205861,-56.70385283546665,-1.4991594614008839
1207,-396.03801387345123,-33.874921950525106,-151.16202762437243,-56.186290096009714,-2.108218078824145
1208,-436.3172021891834,-20.36324696533168,-142.54153482927921,-56.030393728318906,-0.500216318190209
1209,-392.09627826042885,-25.439987236870774,-143.2631955357281,-57.12160085786191,-2.2150150646056024
1210,-422.47112618496755,-23.050110513777266,-138.2149259313109,-58.28369556365143,-1.8669592576972391
1211,-368.7027114129386,-30.163035670365193,-156.42653357472471,-56.91322247931806,-2.371965014636492
1212,-431.8802499566653,-36.76862529363078,-153.97447989114696,-59.003730918177055,-1.7580363089210629
1213,-357.32604756359274,-23.23708033120022,-155.08884833948235,-62.42782720874169,-2.8773376407186366
1214,-467.49969516628767,-29.113127837883532,-155.31804644510055,-59.51868519095807,-2.4704756953487013
1215,-385.19621767824594,-42.40817462236354,-141.04603397461906,-61.130661577883906,-2.6699640764216146
1216,-294.4933278123605,-39.748145316316325,-148.70396561475792,-60.85311233178119,-2.4518980776654518
1217,-461.3771110096711,-21.87431771478696,-154.9792885189612,-58.62567723548751,-3.2018434641660396
1218,-314.5640685919463,-28.755634325298633,-153.36487170478006,-66.25351696405019,-1.5398124990092
1219,-356.27321292296233,-28.570150784901035,-158.33907185668153,-59.566547186543,-1.6246562765800547
1220,-413.7629266677582,-33.1681330254282,-149.1405360695865,-64.09203694602154,-2.081125613398031
1221,-493.99040901791426,-33.30012482424119,-154.96381894242595,-50.84147850334159,-1.3513711220383473
1222,-415.37162277123997,-34.36830640038166,-155.2274437767707,-62.516493928452384,-1.3477926678346448
1223,-406.77317384840165,-29.803731520439488,-148.98965252646238,-55.78735830296183,-1.569548883664972
1224,-491.1164720748464,-30.486896542019203,-147.97015369611964,-58.765217115949525,-1.3292644500771778
1225,-290.9539535892711,-20.751203193374113,-158.4475330304962,-60.43222925179059,-1.7643664192824742
1226,-476.12062984371477,-28.960200526126027,-161.800081848876,-60.06303996330818,-2.1581469796417667
1227,-384.4543355980985,-14.365981711796088,-156.16788252033737,-63.188444210630024,-2.00730265898351
1228,-368.7527344125778,-41.288219529918116,-158.2116716203867,-58.399279808023685,-1.3713292725293613
1229,-534.9050530441025,-34.70067783328828,-142.3438842286969,-62.52857688138741,-1.3950386281745137
1230,-436.90894142047244,-35.03873228572106,-156.79634327676226,-60.50549326989687,-2.218810191755671
1231,-390.13864776975083,-34.85457685783153,-159.6446454983679,-54.935146422320145,-1.1860423341298756
1232,-343.64681279165023,-39.411406140912675,-146.68366422496788,-62.98559957259205,-1.5445949757364936
1233,-470.8089891849228,-28.86926085895599,-147.39837385078968,-57.797188518704154,-1.3653090108299752
1234,-322.04613435699446,-31.024934005934934,-149.40657269332291,-62.84560779896657,-2.1636114788780123
1235,-443.2290846852439,-25.48789440906389,-166.9052623861531,-57.75173307718933,-2.323573960786686
1236,-383.89669472560666,-34.18438431077691,-164.18061489547802,-58.66938932560332,-2.0371026843944873
1237,-444.6700688379031,-39.569073974184356,-150.85474401709578,-53.424856798121624,-1.4414303368063268
1238,-323.32870782379746,-37.61501147205769,-156.41750064232372,-61.70289233024852,-1.1953728637273577
1239,-329.4034403945287,-18.432728012861364,-159.46633881548237,-62.81349883329651,-2.275308464671854
1240,-496.5459591728121,-33.64626664834759,-154.92520808469422,-62.6045258135952,-1.5279531670629565
1241,-331.5483300963359,-34.335181435215546,-161.46398757004891,-61.19546247210934,-1.3429817652915994
1242,-428.3275169597389,-7.824075131087567,-160.34495190275086,-64.06052419405356,-2.4321992837739623
1243,-446.86249977222946,-35.45169527205177,-141.88192571180986,-64.10672491658919,-2.586491322961096
1244,-353.5988262172718,-32.87568912161266,-153.1792656018839,-58.75478532852278,-2.4705574916631274
1245,-374.3458628196626,-12.061334621846884,-149.5597110805845,-53.36437961646685,-0.8793311401598077
1246,-529.4831167568389,-39.338289723092494,-154.08994903068296,-56.44512715110552,-1.4378081141735624
1247,-276.0287635038348,-37.39768897128767,-161.5313338390806,-58.694826846811374,-1.9653811793980611
1248,-325.49061312584956,-45.194417597551144,-164.4002177306237,-56.23256480233535,-1.896848685654534
1249,-420.4225865996606,-30.17129734605197,-149.27523895070377,-59.17133111004785,-2.2856972074901334
1250,-414.83489276285786,-19.10270311297749,-135.07962581817492,-55.044820712856485,-1.6983340005083616
1251,-462.6568498442176,-30.152960012456568,-151.5235012171451,-67.37178662602665,-1.1664370301775253
1252,-301.917482532537,-30.06758751427377,-143.90530741907233,-64.02285854572332,-1.8001287426568846
1253,-404.8766305106513,-34.07264133640703,-143.6408867104345,-59.61991164391045,-0.5375289688698599
1254,-364.35883266442454,-33.940308977823975,-149.44718687613766,-60.64151114011423,-1.9492154112011673
1255,-371.96552882379314,-22.58135668264291,-159.43826376017168,-58.15612219955893,-2.294070065919441
1256,-347.6026623683383,-36.18883043721052,-154.57306245590777,-56.93319754782124,-2.7051757591942427
1257,-415.9060928082316,-19.137419103982406,-141.04544132375617,-60.20466047084674,-1.8897478788545543
1258,-430.71809296221926,-40.52382922422458,-147.69380038202053,-57.07351164917183,-2.4206457477373617
1259,-390.0278754331503,-23.261879672674652,-146.84414876846463,-61.944582447786615,-1.590934919694603
1260,-342.0375793752197,-31.115369320490046,-149.0532809822,-58.99256671943967,-1.4959055515157194
1261,-252.8358253219566,-46.68239397371179,-157.4623788075127,-59.641818998236445,-2.2381449965685714
1262,-345.3422270800882,-31.87574987268872,-158.34809211996878,-59.62318688475222,-1.6683550836336882
1263,-456.2037941261879,-41.980506831460424,-146.58293588845126,-55.800898555582364,-0.9903224270130644
1264,-453.38135687156165,-33.288141789926094,-148.30688114480563,-57.30756449443096,-1.3431937274213055
1265,-379.36118342910146,-44.42762911147542,-152.9452946397204,-58.02782580409191,-1.1928281849916442
1266,-394.3956120874414,-28.698991345401215,-157.8742761876316,-56.35422323379337,-1.4723434848229688
1267,-325.9337702608099,-31.066592867532655,-153.49250769624635,-54.039267077980575,-1.7696123753870046
1268,-526.2103830308582,-29.23598333843764,-151.86411257940696,-56.51439861716503,-2.4304038047351257
1269,-371.43877623231884,-36.7355165356704,-160.7299659748739,-58.912582781947926,-2.395315630321827
1270,-398.9312349770793,-18.7374825244441,-155.37085961523132,-55.76576576996523,-1.9604848165704987
1271,-350.7298833051802,-33.839430971395295,-147.7913676991742,-58.5792727770734,-2.8111641684064224
1272,-470.89227692582716,-15.139109289077892,-146.58419786126206,-53.189180239476705,-1.6799621084071539
1273,-256.3127392427998,-34.91911673640219,-138.24682804095426,-63.524639187481384,-2.3149458771672142
1274,-403.3116500623969,-32.380802113054884,-148.71307620362114,-65.82432091696047,-1.591173710207647
1275,-375.34351450442733,-24.74357499747142,-156.00241966650634,-60.88662068114833,-1.5550292359581435
1276,-412.05364605456697,-38.8139917968826,-163.4780459555727,-58.75112542326624,-1.2803872366534754
1277,-320.8247756830057,-17.149524416249804,-144.73793181084685,-58.56611526740036,-3.493873168751041
1278,-458.38601938341736,-42.96240977494736,-145.20688664453067,-55.49374173731764,-2.038878566436748
1279,-377.21080289945985,-38.054199900191726,-155.2854039165478,-60.44908317988631,-0.8617226953748663
1280,-340.36350196579195,-28.587642837184458,-162.09949176878962,-59.45488152798349,-2.046620248075754
1281,-398.0152214813431,-23.395197790079877,-146.02828221263837,-62.914263873498726,-1.451151304243672
1282,-376.0917587418281,-26.34708333569322,-156.18791787250584,-65.03651744075715,-1.5151791455553159
1283,-405.99944852930435,-32.94396466748506,-162.5274042966692,-53.4755119575327,-1.5754659735989578
1284,-351.49453134908117,-42.61208490468295,-173.75329571201547,-59.38284503634851,-2.5493358504803583
1285,-355.5872606237004,-30.90217116608088,-149.89517654367486,-64.70482672962817,-1.415683793741564
1286,-456.4175313626075,-36.461294711882,-145.5379144981857,-54.65363905247962,-1.8551778284154532
1287,-361.3538375378231,-29.96607875665829,-156.0280745079596,-56.43138381798734,-2.4572840613647524
1288,-540.8445152251289,-34.94977298823848,-139.19200142439502,-60.08686217477319,-2.045718577838907
1289,-419.74922256898935,-26.492383875200463,-156.41177087709403,-54.81230217544207,-2.430782099558732
1290,-449.2911799835313,-22.807010387986736,-156.80803436570716,-62.287684612682526,-3.6230334452819797
1291,-356.9329911195325,-19.595197374113273,-160.7607213968437,-50.39745406964912,-2.7182050803574174
1292,-266.14327967924413,-29.24954839671457,-144.58538605356702,-63.027818607788376,-2.3231080018840955
1293,-392.051994650577,-30.134480325581045,-158.2871804993821,-59.984563510729004,-0.2775830144691496
1294,-393.0932508675515,-33.51627709232552,-161.32906300349518,-58.634238635989576,-0.2566029110929565
1295,-345.14004176884197,-32.61880649306501,-142.73136270415202,-55.03719450271838,-0.6630113752903737
1296,-365.4915049659112,-17.40441626710187,-154.20766301822536,-61.89646626139029,-3.129642618107329
1297,-384.47142132013124,-45.28561129788094,-146.625354805924,-64.81860316559109,-2.6259455104635383
1298,-458.47990225078473,-36.57689649674228,-157.78607540572486,-59.331443593153125,-1.095226463327301
1299,-375.3204110234153,-33.161054562991055,-145.324838259874,-60.08523433366125,-1.3608230008268911
1300,-280.19863144190765,-37.17480223164145,-153.74042169832524,-57.87767033945361,-0.24930484713741072
1301,-426.44417253996164,-25.80206929849539,-145.51421288553524,-63.01422085788135,-1.7112811192545927
1302,-462.09157339150875,-27.43898201066891,-148.2478425009688,-58.243263573129845,-1.4459666331158634
1303,-456.7190772790925,-23.326482455222067,-144.54073037274685,-61.988534306159075,-1.943745640554239
1304,-348.3831295378299,-36.9103621364084,-158.6502025093232,-60.20496684544114,-1.5616256195014424
1305,-415.9672085157883,-24.075592344179057,-166.85713423449033,-60.662144763440644,-0.9843147045610188
1306,-448.0600258674334,-23.313210001948473,-147.43370707919618,-50.93356500195275,-2.1041645137559826
1307,-439.82250615797614,-34.419785768134396,-163.06868370091462,-66.68555748781067,-3.5994096298193363
1308,-331.57956391316236,-26.668501036157846,-158.7384164960932,-59.84099649355183,-1.7290470399612194
1309,-369.86316354413555,-26.484313081595545,-143.0825319412526,-52.938413246523375,-2.1110826779047134
1310,-468.08845737311543,-38.09911283487711,-160.77569842874374,-62.75889510220049,-3.5732094312465073
1311,-426.73768766958403,-32.89756821192709,-148.4273023470239,-56.82502685418926,-1.6715006218351134
1312,-344.96281755205916,-48.278608281559,-158.33990711863993,-56.62689995236231,-2.4884981052066197
1313,-470.35858110800416,-36.66256453126927,-149.885787214698,-53.393718094554636,-1.7309438856031223
1314,-330.51871085010606,-45.400968264024,-156.88422111855365,-53.5470753718051,-3.3586423760050303
1315,-286.57875515281097,-45.69419159684559,-150.79205413843,-58.51952486848009,-1.783394127765452
1316,-300.4436705414722,-34.40665238779381,-143.0941041303875,-56.85927478785572,-2.5791291949001627
1317,-417.1560776858375,-23.865393315858256,-149.2024482489965,-63.001451375945685,-2.10853244305143
1318,-403.3324045306413,-25.074075432849614,-142.12369933071997,-60.00464600932974,-2.2942233861326042
1319,-368.4730370283222,-12.781426112818865,-153.34045268363494,-58.03957250198385,-2.035231079860263
1320,-387.9088774777249,-40.01888674360453,-164.87374344135407,-59.7099447904524,-1.1840438038727137
1321,-500.36352660220825,-15.552635940225818,-154.51927407442852,-63.15811563646263,-1.5547402540228676
1322,-458.93613584856234,-45.109576246350315,-145.5027212946416,-60.45795283847135,-2.0537339099252643
1323,-476.4074154482635,-38.75237683509511,-151.21592141424637,-58.38148507448915,-0.3291559825753613
1324,-406.1062805800085,-48.74876570877689,-143.43292369680302,-60.43168227031767,-1.489503484234114
1325,-338.5596587405007,-23.291914596258948,-151.49638012616074,-63.207621013422234,-0.7819231435261278
1326,-310.84392938354205,-22.026889415503252,-143.41512939188547,-63.36328069193374,-0.9340347917035154
1327,-358.7051512486518,-23.345907560456993,-155.6636077809514,-64.46143680618214,-1.1524662081528705
1328,-354.71351831516614,-40.5091437232207,-153.06501536237002,-60.48909423130711,-1.401582993622328
1329,-405.514324426755,-33.368635123057196,-157.45629829995588,-58.85057357811989,-2.6767678529368473
1330,-350.2791918757197,-32.95378153276033,-147.1252262514336,-57.5989207136058,-0.5618813328494676
1331,-325.0817245941641,-42.361858724223886,-165.45585740651418,-53.42229525265351,-2.4116093847231057
1332,-488.8821695255062,-30.91428241824737,-158.57105124444516,-64.73028858960369,-2.672043766851299
1333,-419.67390484943144,-42.627321244668806,-135.3520699900572,-63.3808251998177,-2.2048875375123975
1334,-356.490437481764,-30.760750854428412,-150.52861053277846,-54.86482380566225,-1.1234533616014628
1335,-367.27358825647445,-20.757641608101974,-143.27649944932313,-57.10027636112839,-1.4039166990191438
1336,-326.7440998827037,-14.503575151961797,-156.61896853769963,-62.445498266903996,-1.2202962513971118
1337,-412.4050966923231,-38.93318086034075,-151.81912153776415,-60.725647770858615,-1.3797065621255051
1338,-387.1825228163694,-35.82036737770156,-139.88268478300512,-57.29555610786072,-1.0800639705296158
1339,-430.2558250021831,-18.365028891360495,-152.39384359828682,-60.97735194427185,-1.4623246958415559
1340,-453.2894624297867,-34.96706847242017,-142.1370422529098,-58.78688172590734,-2.31949386620434
1341,-401.1869784189406,-26.02169193778152,-160.89914813986672,-56.19225378529274,-1.8588365770988107
1342,-425.0876613716377,-28.974020381965012,-147.74862194421695,-60.930149007311634,-2.878942455657692
1343,-427.8714694049443,-43.56495707260902,-155.0465366599684,-57.05811116502031,-2.3187182445334975
1344,-409.5834404180154,-22.752107756235453,-168.4578685088326,-62.39169025303517,-1.713271412611976
1345,-282.09514225477506,-41.167396640720305,-147.0411363947078,-61.21389230123694,-1.0640420754755753
1346,-475.0684718993656,-26.332090126539814,-155.83412162326067,-58.926782445723035,-1.1326392755162786
1347,-352.56469645229146,-27.923025911514326,-148.45538670684175,-60.51601492174579,-1.512091917715758
1348,-333.9222011268135,-21.78413771405578,-144.37006093313892,-64.66547187618059,-2.3398167406308854
1349,-355.98541252603763,-24.821868712189048,-149.82883716663545,-59.12885384421858,-4.563244248266009
1350,-334.03559943770733,-32.70743861139392,-164.74986555246045,-54.85366987547925,-1.7017681425765527
1351,-363.7369471506069,-40.341681349958385,-166.84331940520104,-65.43938032354193,-1.9066732062314153
1352,-390.0139558041757,-31.266925917613296,-168.1499799722116,-58.46776564575426,-1.5438205104688638
1353,-408.6042019040187,-24.01967706916452,-150.623390200505,-57.54746319412977,-2.3748991172397518
1354,-396.88845500694345,-32.31335243283325,-147.74793762691917,-58.83571546702281,-1.552609023752763
1355,-431.0487954706247,-33.310629849549635,-149.65623700066158,-54.436426016742516,-2.242170674902776
1356,-416.2177162139173,-43.90761946312353,-155.48456441477242,-64.72955054218674,-1.2527942842590634
1357,-391.4927370117808,-24.96641038454848,-147.24299808442638,-66.75861615265003,-3.1227009824250715
1358,-394.20792932249765,-25.428255181573256,-152.5074865612138,-62.265109923734414,-2.159754238106489
1359,-387.61594369081126,-23.638093410437097,-162.26153066825353,-54.14371664429286,-1.3414887733514547
1360,-515.545451641943,-49.551721167490385,-150.17931765286437,-55.838775905426075,-1.8976938084204864
1361,-575.4354437244386,-29.398134351479058,-147.27493713290212,-61.5367482608424,-0.9431087969664892
1362,-472.87613122045576,-36.38202046595133,-153.04024931637238,-59.60722951747244,-0.5854392267000249
1363,-421.82405208603507,-28.308001661663724,-163.80512998080826,-56.17778510522568,-2.4910858850657673
1364,-458.2570443062284,-38.919122107914745,-153.49156798446253,-62.52546526542331,-2.3455675601682073
1365,-435.85254407417875,-34.30565534750553,-152.34682421149438,-62.38254599352518,-1.6095063344985479
1366,-349.60653695774926,-31.439387865221555,-138.86809493429712,-61.74565416498646,-1.4657497433750908
1367,-387.05853739292365,-33.34271222601322,-160.42277406200614,-60.39574051490297,-0.7829374838649787
1368,-425.2886618808557,-34.95356472549815,-142.34797837548092,-59.31337596923168,-0.32666005262922415
1369,-387.3720118414516,-12.440939820871177,-142.64406179925976,-62.660717125454624,-2.115862659493883
1370,-314.113606257196,-40.19249551287215,-148.06496318097302,-57.84911809566048,-0.6153389886150559
1371,-385.03200834824025,-38.221105102068826,-161.3757837693956,-60.37424648797185,-2.452023720804079
1372,-442.54136533686284,-30.986590227835705,-141.23602537614343,-54.838930819607654,-1.102747886146963
1373,-438.69955465937653,-30.118753597018912,-151.52552079446016,-58.40023584516842,-2.5357159979700152
1374,-440.0205361221805,-36.71933461002434,-143.96058189538672,-58.49802027841564,-0.14749005426790252
1375,-464.00656919676646,-38.33680668039257,-148.5723929368438,-59.649206084888,-1.1359679762105632
1376,-397.48646096997476,-25.286071294438532,-158.1405188173251,-54.90055797980301,-2.171128038660773
1377,-411.3159571663876,-34.17430814190373,-159.0836353947696,-58.50347920093945,-0.846859085814185
1378,-395.6958717725696,-29.234396037664947,-165.75370774701298,-59.894753289704695,-1.5832540822998507
1379,-373.7835806401042,-32.507422207355546,-149.08426639178552,-59.8297087192956,-2.5128416547238412
1380,-459.2524180018087,-22.30498786196016,-145.87780375790837,-59.81814483589002,-1.859011002967878
1381,-395.709390535668,-41.37906824655566,-159.35694465739698,-59.45241500906531,-3.799455313864504
1382,-370.35831785174133,-24.570394975803858,-150.64590253174373,-59.07872326377064,-1.32101266516449
1383,-404.7527260423114,-14.999656602908745,-151.7094942689286,-58.30840977837466,-2.9458165101429747
1384,-454.8887759294929,-17.973808229065938,-153.0602490867545,-60.04551146698336,-1.011885356049124
1385,-339.6784073259358,-27.417753549461086,-162.52013393961653,-60.07590811407375,-1.4512938945550753
1386,-405.40413449954576,-35.125831650737105,-149.05802848369865,-56.42550032308501,-1.7428055815637657
1387,-415.9498746925374,-35.29811259192307,-153.74696378290426,-59.63083225482785,-1.140513297908625
1388,-434.21751136330727,-24.23965361955664,-154.43593657765877,-54.17080291462574,-2.488339103230751
1389,-372.2172883472695,-19.38248410648235,-166.35548261583182,-55.37976529838756,-1.995754267052976
1390,-334.7107393609788,-19.820541266390336,-154.41167641480698,-55.74929209746231,-1.7170902629240572
1391,-358.0409643619935,-26.92243394773133,-155.89423038173925,-61.86162640284853,-1.6081308635119436
1392,-354.81442641922166,-31.14758041201478,-160.55873032773388,-53.69300583481311,-3.262737821115664
1393,-326.5570184347721,-35.605042133185826,-139.5774106001793,-61.42676623357283,-2.246856010112677
1394,-364.1763604168963,-32.828207195194885,-149.7539808818266,-57.713339529640514,-1.8487840607683403
1395,-410.66334746503475,-32.46620480587219,-151.01678339886766,-55.1510617936346,-2.082612665313035
1396,-408.0726446867138,-33.44588250265915,-146.60496913899536,-59.92345067008767,-0.3474600461264106
1397,-415.71816444109976,-30.51843652401386,-146.7477391307623,-59.17826054418319,-1.2901113720235227
1398,-427.0435758389984,-40.82941419744218,-148.66381722998125,-64.1807651412735,-1.1934218810632766
1399,-407.3558508293011,-17.41720514067966,-149.46248613997756,-57.32841283353156,-1.9759329614877048
1400,-451.010609612038,-34.673731508641865,-155.5595073262625,-57.212916440890844,-2.3545578145368715
1401,-379.18477990572075,-30.327717017535182,-162.471934638544,-60.755748803229274,-1.6463750408597406
1402,-399.2188845697798,-36.17906191750709,-144.40252496489705,-58.31745159621249,-1.1949960006161806
1403,-367.8741171916486,-33.82454906295626,-146.29137593972436,-57.219797449662515,-1.1917694313850467
1404,-290.05901124807195,-34.292024177321466,-137.6761174491628,-57.76818083096166,-1.752378483676873
1405,-437.7566700012075,-24.136729053281602,-146.17091932683996,-59.94177327728082,-3.123886663471663
1406,-297.44448825081787,-38.71843248275651,-163.63041961098065,-65.00068905542994,-1.3086347457854404
1407,-225.44915196837837,-26.788958666807613,-158.28106517186683,-57.742864048841156,-1.9887489243597183
1408,-429.1950546927859,-46.64587153715127,-148.08976771357175,-57.028437229348135,-1.7218938842199747
1409,-411.05351123292075,-39.422553385004136,-149.83911970690806,-54.60427956264869,-1.9759083421479509
1410,-398.81036510324645,-38.08526188755047,-149.50361024526026,-56.35427424080473,-1.3855982859356624
1411,-352.09902816041006,-32.88674101067038,-141.5285075384659,-63.58537144199524,-2.8497825753659773
1412,-354.07733857830414,-36.402431531455036,-157.91095267352568,-61.51910946046473,-1.12367777039568
1413,-277.493903717162,-26.07843557666846,-153.78253256699318,-59.568389083231466,-2.2302667196250265
1414,-445.4568924879628,-40.38981237296956,-150.15925166267994,-60.16260414280854,-0.7063882695745978
1415,-358.9387018238991,-38.493621848192696,-145.62362465598332,-64.74711304303182,-2.2891248247590164
1416,-301.71749344823274,-32.63668370208549,-152.61782894515096,-59.030025610591636,-2.681745566634226
1417,-312.7450500035145,-23.67161364786299,-147.53323330189605,-61.34560995140871,-2.0774252731363143
1418,-450.76107137735573,-26.951514610687134,-158.00538785112056,-61.95893452540487,-2.0597241873108443
1419,-410.0954561536659,-24.70795658506512,-174.65750893992566,-58.107232299608135,-2.510424633260538
1420,-378.10250526825365,-36.12831946328428,-159.45932683500467,-59.32233202854359,-3.0776860216629074
1421,-370.4190801042709,-32.84970218334503,-144.06965791617714,-55.2590995746892,-0.7380843862929964
1422,-458.9421573478788,-23.803883113393862,-143.25319842849183,-60.71280170276625,-2.79508001428596
1423,-427.445303905764,-43.02582257669069,-154.69508847805275,-59.439977181584794,-1.671050926867346
1424,-390.8144598422323,-31.644977001593404,-144.89946368162495,-61.066856194380065,-2.07423348051519
1425,-385.1112054698496,-21.66049188265955,-154.8053309474695,-58.71923473254182,-3.500019196373717
1426,-398.8434151231047,-30.303996642430107,-145.54421538123236,-45.573804310670646,-2.123698487957151
1427,-470.9936868727603,-31.996295554700644,-145.3688993514173,-54.84654829742246,-2.6463063386955796
1428,-563.3641439716025,-33.501060927256184,-163.2497923744448,-60.519227272248074,-2.147985688745689
1429,-355.9707454361213,-29.530561663174108,-149.00702374895573,-58.28688078521452,-2.463750042733197
1430,-469.6136141318083,-37.95988917719792,-138.86175748340335,-55.09770435902114,-0.7115210143013644
1431,-389.9312298110174,-28.337533328025234,-157.27488543159998,-57.39685145444195,-1.6616579724652774
1432,-501.8697428547411,-32.18971387297949,-155.1419901568291,-54.00817933897567,-2.42174490833386
1433,-327.9586998106661,-19.819670808953457,-160.36982861662133,-58.32848741702606,-1.9835431747627872
1434,-472.4012987057146,-29.887872994567694,-145.3973238524068,-54.685797483222295,-1.5710746566763416
1435,-398.9652141533572,-9.861002243458481,-150.04538767207677,-58.72158592613219,-2.05825016204063
1436,-389.4532146263567,-33.03676221302798,-145.9739432848173,-60.48652255386157,-0.7785317329131707
1437,-411.617956329737,-29.245985735831677,-155.2757974225303,-55.93928177210485,-2.1041328499396363
1438,-403.4245056122557,-27.570841870729982,-159.16651531397142,-56.730219456239254,-0.38538190169068814
1439,-436.02411163919714,-35.97353171076051,-154.9532577830221,-60.69814704880261,-1.4507410433162367
1440,-335.0730754179405,-33.37185463334282,-163.95480328636984,-55.03795143831387,-2.6309463225482834
1441,-361.2479215795194,-24.08310998526975,-166.3752432254864,-61.95102982718957,-3.8387804708237057
1442,-332.16050241932066,-30.591818265956782,-155.06146462080324,-62.41042356811748,-1.8761915594752785
1443,-284.8775671628163,-43.35940730870813,-156.20783455611578,-57.07978514081411,-2.1055337367586953
1444,-471.8839697757278,-42.915394921026795,-159.2212700752176,-57.06276491312715,-1.5970136416066845
1445,-457.5712778009148,-39.87733685130533,-145.6594564464883,-56.7091214822939,-2.0375854668877493
1446,-345.3806813153906,-30.453450621162474,-148.9684792314044,-58.86748689371373,-1.8409387039343428
1447,-448.16443707909787,-21.066186076222568,-142.79679818917987,-60.42187640730374,-0.9260132834403977
1448,-404.76171792402806,-28.544924243645063,-132.44099250549078,-52.986297946907285,-1.563966247096773
1449,-387.77077778378526,-22.19836106858185,-156.7722145231457,-60.19914896058294,-1.2378188338536351
1450,-330.683674915994,-19.472033116342924,-152.70186283253375,-56.3317517860201,-2.144015702935932
1451,-477.0809517994396,-33.06596936087194,-156.40931957509392,-61.48751009355942,-2.4241347309004895
1452,-352.0245779782478,-30.4515818075635,-156.38544902969795,-61.636447020745415,-1.6269221962452434
1453,-413.5546076974571,-36.074344830805494,-151.2974118802291,-55.71133391306596,-1.4740161549508632
1454,-359.7805484074213,-5.185944843862812,-153.97876310398033,-65.26811135225252,-1.4511760702169942
1455,-496.8654757789554,-29.852827254863925,-145.5204602051342,-51.572747311220496,-2.3578854385243084
1456,-381.2633693070992,-17.242751322380546,-161.7388536606868,-58.74711827734664,-2.3756380738926293
1457,-375.35062802503217,-39.352803946311624,-160.70569836151842,-60.402193731956814,-1.8164453471096362
1458,-315.59702927958773,-36.92568184442476,-162.48637036451913,-60.48641224278576,-2.1774387222991156
1459,-402.0008525153455,-30.267807174190494,-155.18307605605085,-57.49773636266163,-1.5263959506563256
1460,-478.3439038954281,-21.36821401736334,-162.18936507140467,-53.79025142575949,-2.2454879348617798
1461,-372.2677921653576,-13.292744530699155,-160.87259453996901,-57.11434128520359,-1.1129063023632282
1462,-300.0756731847846,-15.536583197186333,-156.1033128689028,-61.816454734899786,-0.8910022941679219
1463,-426.6935581289112,-12.01640329771949,-149.7789379508092,-57.889413771912416,-1.638213681863554
1464,-411.73457894802175,-34.897040414661134,-148.66748364975587,-64.41498260720059,-1.0254948834314732
1465,-467.3317113291246,-37.2295389444666,-167.22518803882485,-58.69793440250844,-3.2259230894498745
1466,-403.34917508006,-35.21455044519402,-163.2158532326667,-56.29455747027038,-1.8585983678890754
1467,-408.6118270083914,-23.55223430457694,-160.99370053817742,-58.49291601781163,-1.1367730410665806
1468,-386.0589347385029,-40.16588558338057,-144.2289742352015,-57.58502352002727,-1.282986812753646
1469,-329.72010807038356,-36.807197312326295,-149.03745899355224,-56.91486307319588,-1.4049329584171943
1470,-447.05425037594136,-29.53809163962935,-142.60046411224772,-56.42186994579914,-2.5998236460141166
1471,-441.72022268110373,-41.46182906640738,-153.22571500590286,-60.4404540354212,-2.4253890108962604
1472,-479.2020445460285,-26.378524757926403,-145.06347640888401,-60.091559788611086,-2.3105320055743856
1473,-364.83667429292416,-28.76355400802063,-146.5603275379401,-53.20996809141074,-0.9975262260569068
1474,-532.7496510826919,-20.149237034955917,-147.56388588731062,-60.7853402794416,-1.2651038082849657
1475,-250.4599889499356,-25.87034140918999,-151.94453556290182,-63.79174921724386,-2.4264990604697645
1476,-372.2553029361819,-41.7068945888684,-166.95964859736029,-61.36950680273728,-1.2519322777462576
1477,-480.3887217095872,-31.22238989539565,-148.39310249629975,-58.42149977875666,-0.5032934256186574
1478,-467.0339997873233,-41.68693736534227,-155.80851648170818,-59.241294334682074,-2.0495494761685635
1479,-351.4172875982454,-32.91306841095248,-154.35414104227854,-58.26353578046023,-1.1716576698180539
1480,-366.40460185125227,-27.436897630881006,-155.47896480118936,-56.715335170114194,-1.2630410515291624
1481,-411.05366631593876,-43.176955398487834,-145.5714861378201,-54.008759293648374,-1.778958654357435
1482,-339.2392505645091,-26.24557996732817,-155.7051070468652,-54.08851764877413,-0.9759801500723306
1483,-350.76050682330646,-27.45499330580806,-155.59127489652872,-57.87276732068306,0.08152275146308768
1484,-419.80272389193146,-29.79687608866996,-165.88503466901318,-55.338777932541554,-1.7188976695303433
1485,-457.3217941658645,-41.250136669255895,-146.2979878289248,-60.41354785106283,-2.8623491656785593
1486,-398.66781689784364,-26.425019247429987,-139.90095437955856,-59.095112532220874,-1.561023650225696
1487,-364.99578352609427,-28.660490597384918,-138.21598307967025,-63.40058089291789,-1.3818348368103819
1488,-423.3194583456081,-23.70789518114247,-161.46252587015613,-67.10180178710176,-2.1188140816528724
1489,-283.5824426410527,-32.772029474116344,-148.35766489674822,-54.726293298693626,-1.5625366415846005
1490,-428.7775428847972,-36.713998876660085,-142.85383472226349,-58.04496103512837,-1.6782141656283847
1491,-392.01744385747924,-28.1324523949304,-166.15322043503056,-60.540559861410145,-1.9288787520923008
1492,-349.0896576705923,-29.694849215233926,-148.54577569429262,-53.572970498444114,-2.1881574513946322
1493,-399.05047390374267,-32.070791380246455,-143.03715152521062,-57.025489684127535,-1.2415767968227451
1494,-474.1004486737236,-22.124120596292176,-154.87385016734473,-55.6204200369391,-1.032688204296464
1495,-363.0786557718536,-24.299797413127592,-157.14108584666016,-60.346304955333686,-1.8243734474847777
1496,-381.1256646100422,-10.727826662372436,-154.92527303854766,-66.50244821519006,-1.4805610412871393
1497,-368.6535529927401,-32.0618112165214,-168.38972547068224,-54.997296172013634,-1.9663883161760762
1498,-444.55397689839003,-23.968914325732737,-146.74999293533338,-58.56720513174887,-2.810966201846992
1499,-474.6427969832106,-16.480783199412446,-153.88944474481042,-55.85654943010156,-0.9163489280639509
1500,-389.447856104085,-36.99356588026901,-155.84595312342867,-66.1602537660099,-3.363506950904075
1501,-312.034960804389,-32.05616686038375,-155.33451165948256,-60.87355180543607,-2.1041475211236476
1502,-411.63110690823873,-44.68400471071223,-156.86129354400884,-52.48784902815082,-0.9018201779314495
1503,-353.3965357329584,-29.02797164961445,-158.885053092543,-63.18227314568534,-1.2875946141136974
1504,-409.7983658680171,-44.05038305106944,-147.91660718612755,-54.787054175684226,-1.3922806548188142
1505,-399.0293194500594,-22.227710527589004,-155.16731964759865,-56.62464940554272,-2.875651272398162
1506,-375.6316882098925,-26.030506394596422,-153.59760720191005,-57.64453285886816,-0.6674934614395955
1507,-231.4891493580946,-28.51375033710431,-154.40691274137987,-60.07336422579671,-1.5085368515056832
1508,-360.00878198857333,-39.38682169915278,-154.02853392065853,-58.835269645187665,-2.6943352889989685
1509,-398.57629897633484,-23.6651827569284,-157.18824575737952,-58.388218920482046,-2.228353171674018
1510,-334.0135729761247,-19.209697636506032,-146.98369733663137,-51.03006049886477,-1.292446751806402
1511,-373.6830088159268,-33.21624795270672,-153.16510305156595,-61.211567138199825,-0.9885405819887435
1512,-260.105322201674,-34.13451016403925,-145.8074314330667,-61.71678386635677,-2.1028998437260884
1513,-522.9850550301072,-27.54700009487513,-150.81862193692123,-58.40222865581542,-1.635972356136721
1514,-369.81580234146844,-34.9457049341196,-139.92250263477936,-56.59109096551014,-1.3775329754511652
1515,-368.444912041443,-24.93636633081703,-150.86920889688233,-63.68604045511947,-1.2634266590954544
1516,-338.35033290681,-33.950774925223996,-147.00236853495738,-60.83278817010145,-0.9940248387335574
1517,-414.4400100844683,-30.980560971471952,-148.7981611224721,-51.76033240391512,-2.774745796365898
1518,-385.6529595891448,-24.259927304581048,-158.97053311326334,-52.36807612882198,-2.789231957740529
1519,-330.6148252677154,-26.386431562805303,-161.62910128873943,-61.91465721425196,-1.539782705433895
1520,-370.4205416149453,-31.514515126425653,-153.2005680556594,-55.28107458741636,-1.436272741684593
1521,-432.9658144189552,-45.50103199599388,-149.28227176030032,-52.1880555342123,-2.362105656438804
1522,-420.52898595691886,-34.49965074170428,-160.64745415415678,-55.88889285132372,-2.8890782700956823
1523,-459.89120951457676,-35.919454480602745,-151.011949122636,-57.8417459646075,-1.2701534725688395
1524,-358.89269050909473,-38.174013769648866,-157.18541225810807,-56.119200593787475,-1.5636318693999816
1525,-375.85229434793007,-40.52151533347868,-151.79373101515927,-51.63368845860281,-0.6560898210106868
1526,-372.3668819521688,-26.283658382916638,-158.77832012790674,-64.31092190419655,-2.6485385744780436
1527,-436.5844259690354,-26.264890836871395,-155.99325939671172,-58.53113243263549,-1.3809998741632126
1528,-371.353422855676,-27.193381371546543,-159.8782442768206,-59.0977103425212,-2.299971443352397
1529,-531.7775337220181,-32.15774271223647,-161.81147647313358,-52.16845533968041,-2.2889134119443844
1530,-486.32315831380424,-30.65946041415349,-165.46532599157638,-57.630384023901854,-1.6840940593815725
1531,-372.22761103886836,-30.35297232461885,-148.8195011959863,-57.540693551760064,-0.9612942786808067
1532,-390.4654529251971,-40.202261417009076,-146.11775292213935,-63.78151358180444,-1.1697011006412603
1533,-381.00405163566205,-24.001738551657,-143.27993438104187,-55.745868569110385,-1.05810811644173
1534,-432.1234988046176,-32.42062295878995,-157.92504075148847,-63.18293215390188,-2.010243632370025
1535,-476.7072541104037,-38.200337583222456,-145.39043237102965,-61.40617359547649,-2.2507278351653444
1536,-433.4161160080689,-35.33786690752846,-158.29768513128857,-62.8674467954875,-2.1655920700752893
1537,-435.7534714589844,-35.30245337727181,-160.5791569848947,-58.361018620144065,-2.33625833970949
1538,-301.49431463879205,-31.115245030132083,-154.82737533956885,-51.06520124320346,-2.6000874290239206
1539,-394.5932641747467,-43.60768188477981,-142.12763471893524,-57.43088227547141,-1.3176042647340458
1540,-436.41227274355066,-47.4366497107017,-166.00416918561663,-64.91937004628514,-1.9561195208600295
1541,-372.9311444357924,-37.77558703071178,-148.30662905009197,-58.80090132496105,-2.46631558672956
1542,-384.3558335663998,-33.928061565746376,-164.83447359944861,-59.00652973608953,-1.7160925803701177
1543,-468.43289762896177,-39.722531108357366,-158.81321703065018,-62.644948290937634,-2.7318813474787174
1544,-361.9915070091615,-27.705633909160785,-153.69304811056654,-54.43651030817569,-2.7056245965864303
1545,-264.74339478528435,-41.23354457610629,-141.27620909838322,-62.357821842792426,-1.2435564819949885
1546,-320.98301198749107,-28.23805309405588,-151.12660687778342,-55.61622233813891,-2.020588289866609
1547,-485.43678578389637,-36.184466396802726,-137.88367154218244,-61.6378924979422,-1.4400724221363113
1548,-351.08143801737583,-25.659813161890504,-150.56688369902534,-61.43312779393215,-1.672843401446029
1549,-441.1387162737398,-38.48952206505999,-158.1203240600615,-58.60795846769218,-2.314993767558054
1550,-467.52379748472896,-38.89920775761109,-155.66422216455308,-55.831494062392416,-1.807697093080072
1551,-467.3944240692522,-33.22790219544612,-159.6175862320016,-58.43916085741978,-1.5928098570710623
1552,-360.9573575727194,-29.642262238679287,-145.78545548724634,-51.76616894191447,-0.5799728298341484
1553,-358.3972942326944,-28.09499776915966,-155.03989679935276,-57.62884980640497,-2.8228262596883806
1554,-349.42572320535044,-26.30212695708564,-155.47714600376497,-50.852452534212986,-2.3824261486427374
1555,-480.9819561270927,-33.5495239697086,-152.11775332239063,-62.717846575086746,-1.6524098707923924
1556,-310.6739433179553,-3.554159046471368,-157.78558932583388,-59.219481439462484,-1.3207314588882675
1557,-394.81463070355375,-28.844751009131713,-150.37706905711565,-57.100667426310565,-2.304185140634393
1558,-362.52731520877194,-33.030999142262594,-150.3871030035867,-56.625612465604206,-2.0335234297998244
1559,-394.1539230114811,-21.101736883553286,-151.26104157866274,-57.726870747557825,-1.7429446060930518
1560,-422.780482994028,-31.067556265907253,-144.37961647356343,-59.1755784407803,-1.884145148134504
1561,-493.90422421892697,-48.05102927672362,-148.41269168695987,-60.22903336349262,-1.7164729814346353
1562,-375.9637646555243,-28.021225427936475,-140.12529719132712,-62.54621789708255,-1.887501107259739
1563,-368.8103442445909,-42.48009400509071,-146.69001747799896,-61.86015565973269,-1.0287867399077253
1564,-300.82769941209295,-38.01365087019012,-149.53778678628723,-58.101127444963204,-0.7000579903894253
1565,-403.76451600181576,-25.844182861281745,-148.00693225784934,-53.20585127155162,-1.18117373112677
1566,-358.6932640754058,-30.053505669068517,-151.70881443624467,-63.956725620553925,-2.581808437922813
1567,-446.3576431864659,-31.43163956982131,-155.10552137419006,-60.569600593575224,-1.825435155483834
1568,-391.4004074847027,-31.28550872442779,-140.71067743849665,-63.73522275649629,-1.5488611690464893
1569,-474.27552562125055,-26.115380698628545,-157.089228360732,-57.26681701414635,-1.682292106650001
1570,-394.2323687500854,-35.49374884947499,-159.4937984131207,-59.049803920045036,-1.7372599630544678
1571,-328.40769694771194,-31.636834111742317,-163.9758498304984,-58.42338832013343,-3.1543124395897664
1572,-470.58519655645074,-37.46390713106409,-150.3821839253221,-48.965437389782075,-0.8812765768948931
1573,-598.5500164208252,-39.39744413918918,-146.95295238432104,-60.12257705790214,-0.9642900999990541
1574,-350.9991077313829,-23.46444581275781,-143.41287862967917,-63.33874676071994,-1.4550905631163533
1575,-428.75133918854453,-36.901029298603696,-140.29627768854684,-56.17207519160977,-2.1682510770549714
1576,-497.59713270723904,-16.09569374216634,-149.41957215268064,-54.83435234408615,-0.8416207193509947
1577,-441.9187133094115,-31.20131996039341,-157.77377921396877,-53.61579858773643,-1.4387572055168687
1578,-393.77773968392245,-29.256792342194224,-139.6998705606594,-61.04775241600432,-2.517853886120066
1579,-347.6008837429706,-37.716395917679115,-159.18759020084417,-54.89313622249732,-1.5767717905236087
1580,-471.26987972177363,-31.60743499197992,-158.54047943474507,-54.57661866835806,-0.7057454242995732
1581,-417.8421511087854,-33.15954756119336,-150.10420556493253,-62.9200580050937,-0.689129963458723
1582,-404.1539720617323,-36.11997124486048,-159.6840485835905,-60.42352104577572,-3.1695085895667092
1583,-451.4862312112009,-17.79918022834889,-148.2897137262965,-60.79927790701356,-3.0808991658438147
1584,-405.8714681810004,-29.941086904506562,-147.74382919659436,-53.33387596686775,-2.9211800400878096
1585,-353.8386911787433,-21.422674223835614,-158.8432636665858,-60.530741849028644,-1.450072571166831
1586,-374.16294383433143,-19.712575726415334,-152.27691001814475,-60.905109088577916,0.05457960959349732
1587,-380.7723902699908,-28.18017117791739,-153.87042524077907,-55.95492446425559,-0.7290618618669173
1588,-351.7050097264737,-39.01640254642539,-155.86461801171586,-56.792817130037996,-1.8312745939408734
1589,-353.9202365266369,-51.80179666149855,-156.03054764144966,-61.670316765630915,-1.7684943904865016
1590,-430.44640197136385,-34.318967322392986,-159.02388347257127,-58.403785277935896,-1.5277318562041522
1591,-406.9442809328696,-36.81028359722149,-152.42934724431845,-55.32759867768868,-1.2678367635072116
1592,-394.59621762820626,-13.764538078629402,-157.5397879868993,-58.51939647971733,-2.7940972903896695
1593,-424.8399346445596,-17.787276087688472,-159.253421240975,-53.24460607263319,-3.02700035737289
1594,-323.5965517735633,-26.236353852023605,-139.3861698487829,-57.07802300987412,-0.783581695792436
1595,-514.1728969718926,-37.25860174698369,-157.90635426553322,-56.679982973822504,-0.7157828992244455
1596,-415.01592829322607,-41.27577664423485,-162.61797183802824,-57.88232929633954,-2.019126651797091
1597,-390.80315080596785,-35.244251401499476,-133.50177392962493,-61.152755232361876,-0.8425366707995021
1598,-266.7447354987499,-32.08665263156551,-142.93036084506977,-56.673153221722686,-0.6149913686911891
1599,-409.5013824963473,-21.03405189553596,-135.15723508656572,-54.58664657967258,-3.0246442796968176
1600,-362.0150976567918,-26.794949257566962,-166.72908472622626,-57.66455285780183,-2.5869864433794865
1601,-403.0581308546861,-33.43999713822471,-146.15891183315682,-55.86720980720681,-2.013567321906419
1602,-471.14730967512486,-16.819804238402984,-167.95704067281082,-61.32420255478915,-2.468447683289678
1603,-306.8120568326679,-39.622055797236186,-145.16302719440284,-59.85002288376357,-1.776143664187223
1604,-385.2211920150729,-24.749120377087806,-153.42125320051903,-53.37176612199341,-1.5239363131439116
1605,-426.23318615607667,-42.58280079929984,-157.0483904448265,-55.47175362588988,-2.9081160163961517
1606,-295.16927432824116,-34.33471133104155,-152.49754033064406,-59.29491892669022,-2.1570968090412586
1607,-456.79735484335004,-30.709923716337606,-172.4251951740795,-57.6539174747872,-2.3037429292149763
1608,-297.68467141373975,-32.17967184173461,-158.13392842249155,-54.95675302347095,-1.2440045105364474
1609,-360.22810374107996,-30.702993769120564,-152.14321871245693,-54.207335866840914,-0.5345662041402928
1610,-317.888489066326,-34.625199465338454,-149.1195264958134,-53.27760919782992,-2.525312036364883
1611,-408.7687812331233,-42.65428983733921,-139.01391215213192,-55.378694627931374,-1.3776386922575288
1612,-387.4709256146992,-26.26406912717577,-160.75107095312808,-55.36193604685067,-1.998578522948071
1613,-412.8924654147956,-25.016577489225366,-163.509936054816,-59.63865516838463,-2.0720505209519677
1614,-416.73185424468267,-38.412271657009796,-150.907067758565,-62.42047813631178,-2.609397919523141
1615,-475.4004279468488,-23.27950331675609,-158.45524955777134,-60.17324726562661,-2.4618853371613727
1616,-499.9502216118069,-27.706418808378263,-153.88470812912882,-63.9766628035992,-3.2161135655941635
1617,-390.25360051148095,-17.401688829735043,-157.00853288739836,-56.64245829120853,-1.2680254507306505
1618,-422.2430836300784,-32.80536004333491,-143.01615569411695,-62.8682108861677,-1.5805715768616475
1619,-445.9550725562472,-22.742724260599246,-159.45813398152455,-59.783819904621325,-2.206620070176883
1620,-312.81604849663904,-16.469715674314042,-146.95391199720575,-60.43759775177004,-2.628708057867877
1621,-377.2081475011473,-35.417003422535075,-157.0421178495109,-57.15726566895653,-2.8209903287505385
1622,-334.0391509653852,-40.063874784775486,-153.70126499634455,-64.24250732244167,-1.4645623832429033
1623,-485.9303553088271,-37.669016999122306,-148.9971616497512,-55.27306392772127,-1.453537898974814
1624,-399.7055005050957,-23.21056774920301,-161.94832519530428,-58.765474928311164,-1.345447224873139
1625,-354.6525478291931,-35.45807786552015,-142.22113504345657,-60.56989792020065,-2.1464985976072817
1626,-462.24617733369627,-37.54884380684241,-149.24523474352415,-56.97673706783612,-2.7347393119453796
1627,-462.9989448459188,-21.192907066954543,-165.1657074115393,-61.71713920848578,-1.9489176718141106
1628,-336.6130951273724,-34.309863360225805,-153.20833931206212,-60.283619500077755,-1.8333673052202082
1629,-350.6136935313088,-45.17689906920092,-145.82473935232042,-57.537191055949734,-2.4922095373972413
1630,-357.27780677918975,-46.9161470877612,-158.13546078759896,-65.71008981039253,-1.8851759577047584
1631,-457.40328922827445,-15.591263220572632,-144.69500559447258,-61.38404305703878,-0.9150805683908965
1632,-404.76981195584074,-38.896029608646586,-147.30045282516195,-59.839079608113046,-1.520258514106196
1633,-418.6165004790747,-21.847497346069304,-154.5809585528445,-56.24428208077821,-0.9336395492276057
1634,-378.4581687806616,-26.82399869171692,-140.8049434607051,-54.73604619215661,-1.555871198290627
1635,-347.7055646410617,-49.49498841757981,-160.8323186039543,-57.22800680842538,-2.271460463277404
1636,-419.22411942609097,-29.35518253132375,-152.1719754506026,-54.246507184682265,-2.0228677736346348
1637,-411.2043597929419,-32.15319327389621,-150.68127081178923,-58.910894093754315,-1.9969755614740496
1638,-459.8296300471479,-60.56582740134958,-154.3486317265188,-56.84371773433859,-2.3686365794350763
1639,-340.4620108208588,-45.39751430039428,-174.37756006501928,-60.05923110199654,-1.5666399680435392
1640,-290.37443053161644,-24.726838054462256,-166.37717310239955,-52.208506371125914,-2.671159726424155
1641,-398.88294508770144,-37.96677786536756,-148.63711313214606,-56.49479101143531,-1.7509133442973834
1642,-363.8359748979143,-33.802002926576115,-151.0817599696406,-60.75467485699254,-1.9856115497075932
1643,-428.37706553815667,-26.84521944657871,-140.65686597200616,-59.79699498381684,-1.9540182624287068
1644,-345.4761374096547,-34.29332901801661,-151.7351131714442,-58.204627403421426,-2.821285101376076
1645,-288.4024491290564,-33.99924266180337,-147.63164422903245,-60.53311601882073,-1.0961173334326557
1646,-327.76563373149776,-29.090257360754574,-160.5537681359514,-56.01315697818435,-2.696788077533639
1647,-407.0203884848183,-28.59713396363732,-162.64166063181662,-55.15842925288991,-2.454412659956726
1648,-337.1725710042323,-29.268858748215536,-160.8807445884794,-55.766750675371576,-2.1789542133521613
1649,-357.28361038916967,-28.903755151344882,-154.84649387278856,-47.264233739138184,-1.8690525281312131
1650,-440.2732106452564,-44.17213813917446,-149.83468341947417,-60.72724310118881,-2.363378764741829
1651,-304.98879425762914,-40.299025624958794,-151.180032541959,-57.28423492506694,-1.0919518277306224
1652,-403.82983018593274,-40.7330117206024,-143.86311206395155,-63.17463479850641,-1.4380828085909094
1653,-329.0306909975848,-28.483140228716394,-159.84898839872952,-50.65079110731172,-1.5768126186918254
1654,-397.80866469310644,-44.497156052020955,-155.82190823873805,-57.656132045448736,-0.6851738218219062
1655,-353.5827147221181,-37.30821296569018,-145.04392130770944,-63.744394004139494,-2.542982490016343
1656,-321.0618712774484,-26.552102608805832,-146.06289765514904,-52.94994387969118,-2.1076620853283172
1657,-306.3867035727192,-7.769560714015194,-153.26753447660275,-53.55641870871318,-1.5578090834414047
1658,-414.91795109396566,-33.8601267625049,-149.96552993584075,-57.88464129691869,-1.4445151486502015
1659,-408.7092806517678,-30.577197988689985,-151.78511924473233,-58.60551090137035,-2.511836349110154
1660,-313.534670846842,-22.51979852481816,-156.4224339143947,-55.32106034313903,-0.7775553317532614
1661,-357.0453506827105,-32.320220216887265,-152.4489281581594,-60.05824636321741,-0.22969369369711362
1662,-411.44601973596184,-22.62680756115505,-154.15010782289468,-56.293846326176336,-0.5734909289046707
1663,-387.3637348728265,-34.62367106286976,-154.9051125261313,-55.8646404479032,-2.258776668177544
1664,-421.7353183488846,-47.34607086265481,-155.39480676935224,-57.80702370492693,-2.9671206268146166
1665,-346.3752473212277,-28.038829133458677,-142.95675878141813,-59.78041637375767,-2.1565575492164637
1666,-225.65637193632796,-38.17425090725914,-141.6999114177507,-59.209711654102726,-3.144340265551348
1667,-366.7927025828135,-28.106809552833486,-157.8715866281198,-59.644151388985655,-1.5235388301113226
1668,-380.3587860809075,-31.657696241817366,-163.54279406756564,-61.36617599685606,-1.7089611263800346
1669,-501.98456511173373,-29.25258174383229,-143.47161565848157,-64.10596018125892,-2.0352922563994937
1670,-472.2386207446864,-18.18903600228339,-147.04119945041398,-57.69697612535471,-1.5956390331868322
1671,-425.87162621376615,-30.48138500478773,-153.14454182701402,-58.468452759180025,-0.9616278214378321
1672,-295.12180355724297,-31.564622371932263,-146.28770470263146,-54.06010712967131,-2.4257269822847443
1673,-326.6367856251513,-28.585953864486573,-158.9617802002155,-69.69060234654488,-2.14848372634637
1674,-381.6927152587848,-26.839120064380133,-132.7611415463573,-62.29528518989327,-1.6263019366973064
1675,-329.00363122608144,-38.25906505084774,-152.44257747060507,-52.300696213193824,-0.9722819690273841
1676,-350.31738256597237,-33.88998433282037,-155.99320155855344,-65.9428998466779,-2.787484828780656
1677,-447.07495081615167,-22.26504496954241,-149.4188874400939,-62.1158890354491,-1.5123071426433197
1678,-363.88507420999343,-25.23997337583402,-159.0416530093069,-54.41318429256782,-1.4817486546480687
1679,-321.3741099267611,-16.606820254667923,-153.69565199677308,-56.44611519992123,-1.5279712916375434
1680,-445.598697525256,-51.83233007337287,-150.21235896672025,-58.625662372914476,-1.5687988704435336
1681,-326.09629195907905,-34.27512837740419,-154.37106238353383,-61.7656327742453,-1.6038382317204727
1682,-341.60102741066305,-22.816171306425673,-158.22339539527297,-54.382288819540136,-1.6239643085505735
1683,-354.4570133540686,-33.94932327527368,-145.95843117252045,-63.42879973100368,-3.114796116715416
1684,-362.05181375283763,-13.334736447260005,-156.17040687722653,-55.795022131082916,-2.2656061168290544
1685,-404.59152572974773,-31.59932928197897,-166.74308612806036,-61.23776128694724,-1.3697619489369197
1686,-257.0108691529857,-32.79950521490975,-162.3506611318577,-59.18424105565105,-1.7861372086771208
1687,-357.73945080294004,-23.748011534593367,-148.17788637766483,-54.23054395289914,-0.4850171497011181
1688,-382.82563043470145,-24.666093160930824,-146.29737972642653,-61.7461518046371,-2.5715114929057097
1689,-308.1593481911646,-31.244280956225165,-162.40416685853225,-55.66566263740831,-2.291120694012926
1690,-334.4048069915906,-34.840252480189385,-151.58581478190558,-55.48013400930832,-1.781437433645714
1691,-419.7445043045798,-21.209733513795886,-150.22124097484493,-59.30578702933523,-2.200407462702678
1692,-405.32407287937735,-21.51967203874418,-149.99042120435402,-63.51733426815787,-2.3886686563877126
1693,-421.349193283459,-39.57507997008191,-163.34686535103071,-55.29394880027121,-1.2799271178786116
1694,-394.8598838783988,-30.232708854793177,-151.46699336553937,-57.83064704694138,-3.1804512139837597
1695,-424.9213738556796,-19.274980471828112,-153.818589527892,-55.69362202722759,-0.7684392348744135
1696,-483.99259518397537,-34.96493577790138,-159.02689720649056,-55.21210400092572,-2.761819358376404
1697,-423.0731815670688,-27.785693984980576,-160.71699501414417,-63.68411047712798,-1.6800069974483234
1698,-416.7664318339588,-26.462113645824658,-157.90429013722039,-56.94699800712395,-1.3182619449987019
1699,-286.47804569522117,-31.601511496418123,-144.64985053503867,-62.54898689685693,-1.2645615541132906
1700,-312.171306821224,-29.619748680513016,-146.6486230857964,-58.71081581218773,-0.8871188297871067
1701,-467.63237661618024,-20.988462448914458,-156.74442495772735,-61.15162095179484,-2.2965304734552148
1702,-298.0556370930968,-34.70729353215429,-124.08515278634862,-64.83435878788177,-2.3006971998529133
1703,-421.18122191425874,-36.54366094275814,-143.1490863631132,-65.47029912916678,-2.187727853140582
1704,-396.6963885842254,-21.534060756543788,-168.90869275310297,-61.51174228351231,-1.670835861260714
1705,-388.86785088833034,-14.929539209766357,-142.8219790652375,-61.02186287245782,0.11659522604166274
1706,-303.08209675251277,-29.779082261130668,-140.9762546879566,-61.891309970159135,-1.2566322917726216
1707,-412.59833835507544,-33.717712091411634,-145.92720084696577,-59.300972863502246,-2.0060680424122372
1708,-357.1808211056574,-26.584038573148863,-164.3155896619573,-56.144565362169885,-0.6687669316179313
1709,-394.6509704128618,-42.92676598725602,-144.6292651015065,-59.76379710449545,-2.572871515196961
1710,-471.3112188333517,-39.39889770019129,-153.61554982070913,-53.804779941883424,-0.06722195335159215
1711,-354.09226736614943,-44.01600239615561,-154.64157243463708,-54.6077143422416,-1.4921540472905255
1712,-345.4631558645955,-17.96323385843892,-144.28030341643452,-59.25151523098233,-2.8240312457428005
1713,-404.7420116027917,-35.519767480683754,-160.86846298683142,-58.51169584136585,-1.5373183252529936
1714,-402.5830671757606,-37.141184083378064,-158.0231181701133,-58.28794988483401,-2.2192536570616395
1715,-385.50644987123104,-18.706268990204347,-153.74221028367197,-53.39607805158087,-1.9263634975804156
1716,-386.8110366423859,-38.74595988215515,-149.15137885927058,-65.86939089651352,-2.328556727080808
1717,-407.85986157168367,-28.66244078687591,-151.91723146130852,-58.3295381958295,-1.5663716907911476
1718,-341.55319748155864,-26.939945916475747,-160.6626009920662,-54.66363219572648,-0.47465457785090553
1719,-366.04214124830855,-36.91980098376816,-159.46108726905123,-61.829759886000275,-1.7330634366311721
1720,-443.78811412106637,-32.57600510493625,-159.90729387054208,-55.52307571991,-1.8741404899365928
1721,-537.3462364156005,-3.324024047659183,-157.2975154462203,-57.82180518515436,-2.1835265938535415
1722,-427.52329603460623,-26.636754058214542,-150.17619590837896,-61.66598095525337,-3.15722364129836
1723,-425.3507911547445,-39.081017325773075,-153.75565091192325,-58.55725888502166,-2.299485297354586
1724,-404.82042931798543,-22.88358279520858,-153.5882853478584,-60.36147100256046,-1.9621735266450278
1725,-394.8390323387196,-30.450587638610944,-150.11371570714036,-58.101962725238124,0.02070168767981023
1726,-448.9614738820123,-17.55169872666651,-157.82618812998183,-57.53485841245251,-3.527865827891427
1727,-356.2126956095202,-21.072569849432895,-136.93627828601964,-66.6088485131363,-3.048051973615221
1728,-461.6094424747185,-22.85253431630676,-158.26283922701674,-56.52523707485758,-0.40507205338234054
1729,-373.24750888696923,-34.419300362696724,-148.8240386065185,-58.036436645807996,-1.36308504127324
1730,-467.8192239802018,-23.091291395572775,-166.2871393189299,-67.85941959779228,-1.6906372248170711
1731,-388.03406554131305,-22.774214131040768,-171.0853925223817,-57.84258489684049,-2.288123715964634
1732,-401.61525360512894,-41.127978526044146,-140.77260346978906,-62.78397341414525,-1.8607523539538118
1733,-386.25644126130516,-35.56373900706508,-163.01103720251982,-54.5536824989853,-2.740375218191882
1734,-408.51417945707306,-25.66465304304407,-156.13345859283638,-61.28245424050756,-2.2848049440577123
1735,-401.8977998654377,-28.98099792548121,-161.27874566954392,-55.908886828926995,-0.9725936072304908
1736,-494.1854893755991,-30.285790767798506,-140.12400646557282,-58.025748563843564,-1.8447853263278626
1737,-267.5980725811182,-24.189068747657192,-147.5590106770778,-61.74133143941484,-0.11553363464064664
1738,-387.1490317210531,-44.054248185870044,-150.75484309502605,-60.15728905193479,-1.777785200691403
1739,-325.3231395244025,-24.547936414638503,-150.32210869416693,-68.74734515908871,-1.5913489060685524
1740,-437.79708439527354,-39.71899385037068,-161.944065149351,-53.67796016021506,-2.3663589289914824
1741,-245.72957328616192,-33.361268435158784,-149.2530559729296,-56.498410370114485,-3.2272613273612625
1742,-504.6175211201322,-23.392609931720312,-158.7115488897241,-56.91401182871541,-1.398170093210593
1743,-443.55879610755693,-26.547650090152132,-137.67398263189685,-60.809518738695196,-1.219049439854952
1744,-518.4021791583998,-30.485234970441695,-151.9365267959828,-58.28099110828686,-1.676243039133999
1745,-333.9348769781597,-26.62313297721018,-156.21780939544468,-60.36432402750987,-2.971244916101527
1746,-506.103257863104,-34.3127940110111,-167.62533401312407,-55.14066909600854,-1.2893491860717659
1747,-293.9881407993166,-39.937937114188465,-161.901191850202,-65.51041028350345,-1.4587375001714404
1748,-265.99729754462805,-29.02523640881263,-154.8350410784171,-55.96905550700066,-2.117174098536023
1749,-455.11035617336574,-38.3012239521504,-140.95316470748156,-62.14259894941116,-2.650161251412163
1750,-420.4490829768663,-27.3705743080343,-160.18742304723176,-58.69746371390839,-1.22976013353678
1751,-374.430981835204,-22.16925528064989,-148.26246004628797,-51.503409020351036,-1.095280628698987
1752,-407.2303227894361,-35.30087480173163,-150.26737232925947,-63.044158099196515,-0.8617491706811258
1753,-361.55891924708413,-28.484796339904413,-152.8617958150179,-59.381427270347956,-0.6531567586841591
1754,-344.3290669685892,-30.35810262246039,-162.02787130374304,-57.86824639086871,-1.8219922380593754
1755,-401.5824134804045,-23.249419128169876,-142.82657015588453,-64.21971077309098,-2.8338075490173464
1756,-300.851802336022,-36.17847931796231,-142.39125300266394,-57.09469423689696,-3.0201294794337628
1757,-397.825974608154,-33.73473385536314,-148.15606307897218,-58.339146424244376,-2.2794811773385857
1758,-308.1120233665434,-33.972438410987834,-155.42132821673923,-62.33087142834646,-1.397405980651168
1759,-528.7493079211114,-31.643562789271144,-145.8843567337043,-57.86782423194688,-2.442808921996491
1760,-319.89831803430957,-16.766632402779326,-151.35953668636935,-61.713097370603556,-1.6496190803393898
1761,-358.522257643957,-27.13883896996513,-151.61658789609103,-61.46392130900512,-1.9091832126437525
1762,-355.019806426681,-13.766249956909817,-158.30736060667502,-58.030404310801,-1.9538061221993188
1763,-383.0949104157657,-36.12413594608695,-151.0684729586107,-58.12956419537065,-2.976011195809528
1764,-352.8521873182339,-30.02469763929734,-136.63859446182985,-68.83633550790806,-1.356147994980317
1765,-490.1735466558993,-18.10630603458363,-158.33112297330473,-56.43954295116011,-2.172283950140537
1766,-364.9071633990398,-21.03214733440905,-152.1238256022689,-53.799043974552625,-0.6703090355664488
1767,-350.4490843503163,-8.45610925299419,-145.4596326967136,-54.71440229855164,-2.042789936417905
1768,-416.321732778659,-15.125324549980569,-164.8472290427357,-60.193881691702636,-1.9408841461962945
1769,-293.6913898399869,-34.959315945457966,-161.16946985616232,-53.01500750959596,-1.9137777460038756
1770,-385.2166717150158,-8.086264341285418,-149.4661696644173,-62.55160332562285,-2.768608461944349
1771,-394.2775828353298,-27.46352776456143,-140.3866504982512,-53.16537981972592,-2.6521129553071074
1772,-397.4693670503015,-26.449478113307027,-150.88543095909387,-56.77871210723855,-2.081577785154128
1773,-316.4271517466702,-15.29830618894782,-145.66814242601617,-59.41424610331133,-1.1049305922522092
1774,-471.8004217023161,-30.06449752754214,-167.68934461022243,-56.43247806593308,-1.944817154931253
1775,-348.3759764974869,-22.029494170219195,-137.2769428544553,-54.14680716576091,-1.9189855384720718
1776,-434.31639258376924,-24.425069671313885,-165.0145847007685,-54.240492607328925,-2.0923614439649385
1777,-454.06555226204677,-34.51219239835181,-152.05928822357455,-58.384244088890384,-1.4961554857721249
1778,-418.00602773156726,-38.20369645794838,-155.72915008120304,-61.25421499596526,-3.15975336579978
1779,-402.187423967628,-30.30389361390931,-146.52633212410447,-60.84488943243298,-0.7965126313119752
1780,-451.22699882793177,-28.560428359057102,-160.858943894888,-59.9701191523229,-1.8862906751372621
1781,-339.07771259381803,-42.40213980617484,-158.792003674699,-52.749058575777475,-1.0252614477440845
1782,-390.95330362035395,-30.687055516189048,-148.06451648440398,-55.211791283987424,-1.5899015459186572
1783,-426.8475509510826,-16.64952165868721,-149.9296996376644,-60.01436303364664,-1.9375749065429164
1784,-458.12761828351216,-26.59498644955025,-165.89900008576768,-53.019635098760915,-1.2796549985520733
1785,-439.36899733789625,-27.040768178496116,-141.39194500241192,-59.77031978512217,-1.4855366858793315
1786,-346.8884898001643,-31.11166532742461,-146.9617816289629,-58.63540460091019,-1.9472427184917445
1787,-341.7470397892634,-49.870823920365254,-148.44738859555116,-54.014656249367,-3.368440249100428
1788,-414.7202520864978,-41.925827904042265,-143.04082506243404,-62.50971197817719,-0.8074670784638985
1789,-246.67929330817933,-34.546429852468115,-173.69228994360603,-61.351263164618636,-1.691943368143305
1790,-389.97151735665005,-27.91636639726837,-154.5559419896087,-59.97625454293423,-2.388870541263981
1791,-371.050887938397,-33.91569286895967,-145.78711404382534,-57.20510755786134,-1.376179885590929
1792,-343.70189238991975,-30.576254398795378,-149.09906130168417,-54.42531101028469,-1.0548937559140668
1793,-355.3492416389013,-23.18393546801544,-157.97157208204555,-65.77080058097182,-2.690879471955378
1794,-438.80706774535986,-50.53840795417458,-142.82217214776455,-57.152294904098184,-2.1890916092948642
1795,-459.3026184431425,-30.392174775571057,-150.91339072989607,-59.644278510720184,-1.037525932245369
1796,-290.22924630413075,-26.621558093154444,-141.7505230614222,-62.928099555798774,-1.964015476277505
1797,-310.7163816566231,-27.184614418737347,-133.14112380912152,-55.57613997369807,-0.9351803630775413
1798,-316.5131538489428,-18.341396709686574,-165.80098171308217,-62.006591348187875,-2.6686764336379905
1799,-374.16431046383855,-27.364086927933116,-141.027677821937,-58.78703493113323,-2.7270824360462482
1800,-434.85663773212616,-13.567271891730055,-155.52949095342478,-57.655005942654796,-3.280882373725036
1801,-352.6201654095184,-26.941581212786357,-147.2050917664666,-59.628971594869526,-2.5085402120572424
1802,-326.8449078076565,-39.97075072044236,-148.06540368524486,-59.44173153761053,-0.7452924866169718
1803,-419.59742190357133,-29.993359000649914,-150.83975545314152,-56.416504173665736,-1.6821983196934407
1804,-409.08019987522755,-21.668355010924397,-153.44451323865454,-61.2414559618141,-1.6274527013413587
1805,-258.4063310548972,-33.54584286171126,-140.53011685306424,-61.84424017005682,-2.278159282678856
1806,-491.10251863584347,-27.330064456076723,-150.35912537563792,-55.89061676379355,-1.8369429958696313
1807,-340.7650734188621,-40.621129095924246,-158.71999738893777,-58.56819359237488,-2.5602513598242216
1808,-384.32339260318133,-20.05941938527003,-143.41821628130526,-63.40477176020524,-1.2288363554880977
1809,-485.39652769286283,-46.01556052257688,-149.0918362243864,-57.502207528905075,-1.3056391089619406
1810,-451.5064116138053,-25.091745049786276,-154.22122415666706,-61.17296522611385,-1.3307052718369456
1811,-344.6753448818148,-48.637159627841065,-153.22087658941666,-62.64807627983078,-1.3002591244399082
1812,-335.44063846492134,-21.085918085064282,-149.25532396992446,-53.86965182148509,-0.9353836621639671
1813,-424.6620615096426,-35.88678425528059,-145.15403289232412,-62.203093964133984,-2.265612180895231
1814,-402.4209252063392,-33.53165298866661,-154.51135920491302,-61.00918022566468,-2.010723748620039
1815,-425.64482694808373,-25.251382121638247,-151.2969689244397,-65.02065969036008,-1.517962609955577
1816,-405.2891439455059,-39.91689744396045,-156.04820777553962,-60.27417643628473,-1.5588757425008302
1817,-321.1161760582296,-22.01478151022634,-151.16374154720967,-53.81699556097653,-0.9016371375796505
1818,-451.40381645118003,-37.808537466457246,-155.61513948534625,-60.23322193958851,-1.802359038841356
1819,-373.49648199492447,-42.47827450730586,-147.03159922667814,-59.99373986775188,-2.121149293621895
1820,-506.00971813824987,-44.49565030458224,-153.99577773425153,-61.481894341160505,-1.197096934524012
1821,-511.50123637545255,-23.599838436093712,-165.87009270144648,-57.8649493617508,-2.2625132140477255
1822,-317.01502127201167,-44.19082633431819,-161.0238534120667,-60.897503371020846,-1.8522561744623438
1823,-366.13761708986476,-39.2087413994186,-152.91290142761935,-60.35876324494598,-2.777068685858669
1824,-396.0925646900693,-27.87516055520049,-159.11534844538537,-57.696948763092635,-2.470713469803423
1825,-435.6792555496549,-22.737996061715947,-164.25477197412678,-54.484315135211745,-0.10214379972070979
1826,-391.5835104962027,-38.62920789538127,-144.46631242795783,-60.306695465743225,-1.7916401481920252
1827,-289.86257279358716,-26.696567429688198,-149.05031917957166,-58.16220730610059,-1.9440077617742264
1828,-310.3545552349479,-8.131586609864732,-137.5155788603535,-59.652843845833786,-0.6330502254975953
1829,-425.02059203841077,-32.36732644900218,-152.52820763782861,-61.0608052921238,-1.9549998492937255
1830,-383.47308335113655,-33.714106051846024,-146.94626048886946,-59.229874284145474,-1.4262808730647345
1831,-326.69545168853205,-26.97385564694818,-149.01878891462334,-64.26632151051096,-2.132374221957292
1832,-461.4774173724131,-32.382582767668225,-163.7456210979773,-53.303519435167566,-2.4047009157324273
1833,-379.62291329305015,-34.81428068425962,-149.0414570876057,-61.73319393905743,-1.792666870039103
1834,-308.7953972155764,-27.276110353875783,-154.9105626061335,-61.761579160444285,-3.0323484793537694
1835,-466.4687109494064,-27.466141249016683,-154.3707733022889,-59.44012260802734,-1.5035883440921358
1836,-359.60022952121676,-38.55257162112868,-153.25404158303715,-58.24616395630833,-2.0507551324866693
1837,-431.81939299532877,-24.162371170994792,-161.9069029388885,-59.26307073224613,-1.7795025603922716
1838,-402.7754014939715,-35.71966034595713,-157.87549104579094,-60.34273457220074,-3.2852931365423705
1839,-473.90367969312763,-22.107084453370938,-151.0507546904422,-60.69503407067036,-0.8051706332612246
1840,-446.22966517126855,-27.663883061047457,-151.56302749126075,-59.09810777210007,-0.5974329427046071
1841,-540.1328040103521,-29.847678755229964,-146.91071387806468,-56.314996553393044,-1.6919643085926097
1842,-419.1561848751508,-27.347811295077328,-161.34121848619392,-64.061544282355,-3.6038400724705033
1843,-345.67933460042366,-36.88447535697688,-161.53555232936986,-65.48459639922605,-2.9863653707021234
1844,-394.10883600109844,-29.00489464043955,-152.84960090435558,-60.29589410723041,-1.8146515931810054
1845,-416.7430065160952,-28.80252319805735,-157.78569396305093,-63.84076391391967,-1.5060841136071885
1846,-370.8872852516926,-27.307102938693,-139.19610326312008,-60.739814111628355,-1.2328594521176877
1847,-472.82583507917695,-29.050844367779067,-154.97229098355982,-53.15217750389302,-1.1974683771826693
1848,-446.85429676604156,-28.022904882377205,-153.82459755581928,-58.95396018503425,-2.192965064462092
1849,-352.0363786531134,-39.48840106013899,-130.65673344954843,-59.437909863038094,-1.9433068887040912
1850,-397.541645901742,-28.62776734060082,-168.78463455555664,-57.13965503113654,-2.1519246544104695
1851,-382.1054760394285,-28.541991652589413,-150.54756868486285,-55.98411012872317,-2.108232578515769
1852,-497.53156333718255,-26.18892108748529,-154.20135943440087,-60.13584986288322,-1.6075363746700109
1853,-451.05225518783396,-27.137637365642373,-174.8754954352406,-54.95394157332801,-1.518384371620273
1854,-319.3975050431188,-36.888113252872834,-152.85006482432723,-56.8983288241908,-1.0001255573352106
1855,-374.7115877943286,-37.376240238077145,-153.5039137977059,-55.54095242719252,-1.8027620830335154
1856,-353.1973108965367,-41.07931635506056,-158.54773945726777,-69.18206576064429,-0.8435845695170936
1857,-396.2908313738496,-30.24833427235561,-154.44743836688568,-54.21354671684805,-2.156533463885381
1858,-350.50368199504885,-41.859801700835774,-167.61607617103277,-58.26395412261493,-1.7302854559906369
1859,-333.56162673637175,-43.50347870750459,-138.46431034475094,-62.47428659733701,-1.759704913764297
1860,-427.27054786374214,-26.916497856956457,-164.77134391970898,-63.920010601236584,-2.5438628880560317
1861,-292.9465924771669,-27.613459527424343,-148.69752211296432,-58.16167400649169,-2.2355767968450357
1862,-332.5584855584663,-39.67226187406571,-170.78317529854655,-62.8418404076929,-1.376000125465038
1863,-364.14289865456703,-24.283134823403845,-146.36400596677018,-58.90800128110562,-0.7931669368338535
1864,-372.5669207479662,-29.43026728952019,-152.6231921863226,-61.45846804060931,-2.053665448335647
1865,-438.5316505040108,-22.14669362785375,-154.64532682104328,-59.30529348184348,-1.3303417254398762
1866,-417.2424740161532,-43.75897772476785,-139.54735565173726,-58.846604489838896,-2.664920000298665
1867,-412.0776908431793,-21.64686859319334,-152.53120784316354,-57.36276868493813,-1.9295692491691816
1868,-402.31310336732605,-28.617331172643425,-156.2305928526996,-54.43958071138885,-1.567432652653223
1869,-341.23172036233245,-41.996566946120225,-147.83143134445476,-62.28844526205725,-1.9436642753784867
1870,-441.0293587004879,-26.8769934432737,-144.92982263087615,-55.072853424950054,-3.4739808124650984
1871,-432.9836185205612,-34.74919391418897,-159.01013502696154,-61.80669440164616,-2.395696296395195
1872,-291.89595334178995,-37.582677789953266,-154.17772098018727,-57.44236917451536,-2.3764407859902756
1873,-342.99130144213126,-46.837695068705,-162.02504988697208,-55.22860980076689,-1.879607262257292
1874,-321.769904050622,-32.91376646958074,-162.31035462222036,-60.43395428697193,-1.7413636726065036
1875,-354.80726424446266,-34.689472966080764,-153.87910471470713,-59.6995928463535,-0.8118387656814547
1876,-300.38487176496915,-10.641252398039239,-144.7223518732014,-61.235691519945874,-2.042596146992878
1877,-346.16669081305264,-27.917636008079,-147.38469407052483,-54.38797594529324,-2.4725096468421
1878,-367.88507552687366,-11.95502170868281,-159.14580269741649,-61.11759780610656,-3.5558492345106187
1879,-484.67317628557913,-30.403927737118412,-148.03537107459334,-59.99746266994466,-2.0465362092201342
1880,-391.0520403147898,-35.50610591261384,-139.61868937815777,-63.13373068765086,-1.9612676088381351
1881,-469.2556459129783,-28.889409974599175,-150.65405227479184,-62.3432414803738,-2.2954301015420238
1882,-381.23024535604543,-43.336464419451936,-144.61602711158687,-54.191943140615294,-3.2131311353627425
1883,-339.27566765485034,-31.324455236636624,-146.4869681256869,-52.68674930409815,-2.2541944312676496
1884,-466.7140813548089,-27.599021142683515,-146.46888501687883,-59.62313884785916,-2.2534853348629147
1885,-396.80439831819155,-33.987678511957256,-150.69297399617753,-54.71181974956023,-1.291902320837127
1886,-520.2526399471337,-42.26999043976691,-154.97961779482176,-59.28906968120646,-2.3181233927531606
1887,-382.57463711238995,-31.534115215420808,-151.73697178754543,-59.58343990134352,-2.3180353465752694
1888,-522.5072510509226,-41.001568317378435,-154.41410767786,-57.13632617027277,-0.6900791824778999
1889,-460.38059907741865,-19.61649163806342,-150.51304365661696,-64.25154166612369,-1.857047829304984
1890,-454.3482600874404,-16.44511296439708,-146.69470710704329,-57.05679605961518,-0.741443436392602
1891,-418.282073910485,-37.33612916595261,-151.3746878996666,-60.548262993793266,-0.8765835053111722
1892,-360.4779995786049,-30.01826793407205,-151.22393690139123,-60.38536065695671,-1.5012446901713163
1893,-372.00826011156295,-21.845702968964,-157.9862242797069,-60.40996749527617,-1.619998683327458
1894,-336.13387166855375,-25.773717303847892,-152.80789235177673,-61.7586259959123,-2.1826278065096196
1895,-353.95755104666296,-29.602210205931243,-149.06240318489535,-56.88029313794521,-2.2687763576810838
1896,-439.40320999888803,-18.60155095166993,-161.17912386552095,-60.259611168736306,-1.0266272781557795
1897,-432.74840976258025,-35.03189366840615,-153.8297984812765,-63.52968648726601,-1.2812798948542379
1898,-364.23539483041475,-31.642925987057648,-144.45290199901376,-55.70868219407527,-2.691024095486622
1899,-411.10072196718295,-25.02585843926965,-158.1433219645629,-59.34725543519715,-1.470169660603369
1900,-339.82577179745687,-22.511787055219838,-149.35810824559448,-60.19618029910952,-2.8005593460641633
1901,-357.4759825449032,-38.570196439605844,-149.84927231219044,-60.73163118256056,-2.596696119150895
1902,-342.36683748836174,-29.575565894785807,-152.56849222131592,-57.2870818605458,-1.9235985747921078
1903,-333.24929784367316,-35.50900097186574,-145.77932780465096,-58.69549944723736,-3.043032888952204
1904,-422.08356270424787,-16.54413762201075,-155.20241452416354,-59.02091995618938,-0.7618468116404326
1905,-438.49445970724156,-17.885273842531006,-158.5585903599804,-51.59786871079672,-1.805343783810624
1906,-439.26325545142754,-18.148493660268887,-156.42633395782815,-60.15580980540725,-2.4470637939485598
1907,-300.9327669485872,-37.49484154610635,-155.86942728658724,-57.56473157872702,-1.4522366694030286
1908,-510.00241175009205,-41.748905207985935,-150.64006405312577,-61.41574496598607,-1.9444421967618015
1909,-356.72454770841307,-19.628471345077678,-160.66616310669275,-56.98478104943487,-1.4635735624200825
1910,-347.37923776541226,-29.96765148012633,-151.56033541114152,-58.635332522599185,-1.9215118374794944
1911,-417.34164649492914,-36.672032110047404,-148.83802517978373,-57.1427071037159,-1.7046220599931694
1912,-307.87856225340056,-23.01286027192295,-146.20348745975522,-52.89836338312036,-0.9300716429178464
1913,-436.57784354636294,-15.389260337469574,-152.29352810250666,-60.70986546180145,-1.563754918239033
1914,-438.96531094912336,-21.99327083661695,-157.57285446209136,-57.50330403035078,-1.4110206091539492
1915,-526.6687338504752,-29.858958215008062,-161.73018451265537,-58.477945555180646,-0.532105174757866
1916,-388.83648743122757,-28.41404400523671,-147.27265560937056,-58.88686474260519,-3.0880086917905074
1917,-330.774492931408,-20.773604884510974,-145.81003832262093,-60.800450690056536,-3.2157553214647816
1918,-362.5645991390096,-37.841097310776,-149.83657597375168,-65.28168686589093,-2.618159645226157
1919,-315.5734011907409,-50.04602247364765,-134.29723915467778,-57.18690502071365,-2.4173891997014345
1920,-483.2833773589694,-40.63672614507829,-154.76737160792192,-59.82968223254967,-2.1107560681976416
1921,-300.21309957236804,-27.979788911538847,-145.40682978073653,-59.064854978198944,-2.392864703567088
1922,-357.76139183742276,-16.229489355200705,-155.96567227594318,-51.566287891651214,-1.2402754085053627
1923,-435.52539814948176,-23.29268801286098,-157.81219017431408,-58.352463160334324,-2.446713370390654
1924,-430.4132101099226,-21.66329860943671,-145.60763276673148,-62.07871613053407,-1.8775656395293914
1925,-464.2805438823937,-38.49162684919067,-148.01198440473792,-59.47273784039511,-1.9470388006345827
1926,-464.82733501106696,-21.697926047291045,-156.89865687509476,-61.939687582972056,-1.6345651668288592
1927,-376.9517831320351,-31.113855416168217,-169.6625720466698,-56.89235256638666,-1.092841399865414
1928,-417.5656496604204,-42.55209891811863,-154.30749012910252,-56.80308254939133,-1.7521351658439
1929,-293.17905933458593,-33.406787222266814,-178.95735020087855,-51.31431703652082,-1.217545861278265
1930,-343.119423296803,-28.859238117906035,-157.0752936203257,-55.2604239430308,-1.341178183691193
1931,-438.78108661234137,-44.94491616623226,-152.390649248763,-64.36742852825036,-1.1514105833073927
1932,-448.4743576785744,-41.23781394893642,-138.53876033425212,-55.4074175644543,-1.3805128407976697
1933,-432.05762713781206,-49.803263640153304,-162.28502691014273,-56.52700117474001,-1.755497672895416
1934,-451.39353832465974,-31.76797577566148,-154.12491068885888,-57.54825989390774,-2.401413773286399
1935,-394.45598353950527,-23.605583917928286,-157.59950679947366,-57.79097583686455,-2.024498911345587
1936,-392.0888983256564,-32.88286809420156,-156.08220522660554,-57.221328451660874,-2.6563873816848043
1937,-434.77263293429826,-43.2761436794153,-158.84633010586072,-56.561206806882,-2.8420910060631916
1938,-433.76467340633627,-28.973205334601847,-158.21941019359858,-64.58812088080921,-1.9514254073044566
1939,-532.0006858227487,-29.173912284202594,-150.98715685029921,-54.17302849201416,-1.930043375625742
1940,-436.39649375695944,-26.507405264202657,-153.30072671461886,-58.99456480385813,-2.342369322414707
1941,-360.7489363603182,-33.47940654001213,-153.50948766143577,-56.295978887443106,-0.6853061132905143
1942,-451.12792240853724,-20.776376942008635,-151.67893189737762,-62.03158037535488,-2.4892971389991385
1943,-388.7995804084002,-22.558320701199083,-159.92776861544536,-58.85664112971157,-2.4808780237720773
1944,-353.78559920590124,-38.26162929343601,-140.31845071420213,-55.766293107688064,-1.6509122226924464
1945,-333.02581185502123,-35.850589694650566,-153.68633940592892,-58.230240230453276,-1.306520934913707
1946,-425.57243114893225,-28.078254968830976,-167.04267890909,-57.21734052014312,-1.6268734426459452
1947,-347.88940389789406,-22.407407733926057,-140.42823286551672,-60.33477420246569,-2.041967656983572
1948,-433.18428746795485,-23.775655540293474,-151.51344893662923,-54.46466532214766,-1.5776255852169903
1949,-479.26198753604484,-30.905074982299194,-145.45050754901686,-60.365358889383394,-1.0843745808124476
1950,-412.3649577421142,-33.439269676398666,-147.37183797389542,-62.21179769743466,-1.1963747915430454
1951,-428.3482476043096,-23.848037088126603,-156.5736358846653,-55.97622197535688,-0.7361604613835536
1952,-470.10573862991674,-22.350092859744404,-152.01671749258912,-56.61306196177403,-1.5607170630115146
1953,-329.31970150976764,-33.486454010520966,-140.85734105114548,-60.48395862985829,-1.966073527967257
1954,-367.2477042029805,-39.957258425934,-158.401761680452,-57.30072554079111,-1.6976267978606707
1955,-340.67827909469645,-20.738020677250525,-157.3634112185168,-55.634752503734916,-1.1424643807200807
1956,-463.68490892462296,-11.954615157817138,-167.03125254191153,-65.35605464232036,-1.705440211380451
1957,-368.29610079800415,-32.09353650652986,-157.78016974710155,-62.328028759747376,-2.904762303758078
1958,-397.90368137240955,-17.437969138359712,-148.41227924058717,-63.02414345631732,-2.2787513817209613
1959,-282.1700934172353,-33.30792096819238,-164.0962289833681,-64.02956607443949,-2.9852575439411035
1960,-387.58455522235255,-39.50967169797527,-156.09593397279858,-51.616241506681156,-2.200723508058017
1961,-520.4458695267232,-37.99001192430516,-167.497119871883,-53.966839047561855,-2.508686455187886
1962,-399.88598650535596,-15.037892173707121,-155.1865345122963,-55.602005360716184,-2.7888478090548405
1963,-374.15332911222634,-40.313937076510875,-156.020932838794,-55.35529876067385,-0.7070189885183458
1964,-423.33359070217614,-29.47112436727464,-155.24993314852574,-61.34093481903199,-0.8803947492114702
1965,-357.21207844100945,-27.45971294433068,-142.01876768271893,-59.46416194873588,-1.2357661655704761
1966,-372.11959546945707,-41.92566095908124,-148.88733208787426,-58.67496465055585,-1.712552854796383
1967,-364.81703331845523,-37.84459198249186,-154.59036698582372,-59.57684861923576,-2.6147131029854367
1968,-389.1792206344168,-37.53420382287955,-157.86266898117174,-56.52077811032863,-1.7116805516937534
1969,-479.83321690246044,-35.547929762743124,-157.9085655877149,-53.598838572683526,-1.0567961077978505
1970,-351.62626911285685,-29.813891682889775,-137.5701862330316,-61.22289094715874,-1.9783921739938848
1971,-344.1091421872178,-43.740336786928324,-154.6646874964551,-57.83853536292495,-1.7546180086088792
1972,-445.1349543794293,-36.019540167386,-158.04647395132505,-58.07926056188072,-2.870758715188479
1973,-409.8846386892965,-26.854843066714185,-155.73090404275504,-57.73207906683632,-0.7569347963865739
1974,-441.8552943751049,-24.332143615110727,-143.9420798202346,-56.269011225011994,-1.278885191123667
1975,-340.97384698467636,-20.8391960332805,-151.5972663593644,-62.95591844662968,-2.1085120743244983
1976,-346.6052528469507,-24.505436379238603,-151.1885145536797,-60.25158444809764,-1.852420088433009
1977,-253.88558803495934,-28.481607935798987,-148.03068894893184,-57.569644357853655,-2.2751792017243866
1978,-394.84637526911126,-40.9122050710985,-148.87304488871524,-58.12553542728136,-1.2742325041799611
1979,-356.05632518510237,-26.954987254415645,-143.07119894370948,-59.5955717154094,-1.1929036916336784
1980,-319.4692757930468,-16.951253460107722,-153.07692855713086,-57.7853400681985,-2.507106783581502
1981,-438.64590419816983,-40.15504723013046,-159.60615591454456,-59.97395911979658,-0.7487522060288245
1982,-464.2328815916609,-31.441947661254332,-147.58183218322614,-58.12051938880296,-2.8184269729229183
1983,-419.4087161428869,-38.025141199242526,-145.4707336962678,-60.15543365424783,-2.052244576068757
1984,-365.5758823552033,-12.88388309918453,-160.2855658648085,-56.2436994045492,-0.9712899799964355
1985,-344.09653504005706,-23.25133141866239,-147.8634938253394,-58.809962061269395,-0.3239685323899182
1986,-375.3730665176802,-29.09522134775955,-147.42426905508563,-51.89549377358389,-1.45851199219151
1987,-282.05121594432103,-34.8369123632325,-159.70285573515304,-57.6676216898934,-1.2862566212744118
1988,-411.36011655391343,-30.10761090295581,-157.78945851264498,-60.59076357146099,-1.225015650833576
1989,-325.6426358554071,-30.673441743680524,-160.11316280499292,-63.706483118928325,-2.921169154430748
1990,-380.2478959527446,-28.043844917860937,-147.16890978963417,-59.59155060846173,-1.416587656741388
1991,-504.32157931216534,-24.60639538207934,-148.05531200950966,-52.25403915967478,-1.6498020312268962
1992,-358.4008814050528,-38.61490986731038,-155.29987643900398,-56.260307406822974,-2.0216992653156085
1993,-370.8030584886303,-34.07240975369459,-140.24994585336216,-56.79868862976277,-1.0706097490812134
1994,-376.62146474363726,-26.371893406199344,-157.89928105295047,-62.982525356467946,-0.9594950639942375
1995,-504.1329858570774,-34.223839178449175,-154.6272121486202,-60.139030543384756,-1.5185345489932025
1996,-420.7368863037921,-41.04975806903409,-145.84781476548258,-61.380658808276465,-2.72718996097683
1997,-385.85325132849806,-55.19408288655969,-151.02733467188472,-64.52383041501278,-0.9759658327306093
1998,-441.40474912766314,-28.93774495765793,-149.92809790803548,-59.93311716663833,-2.1248810552459187
1999,-421.419472923471,-48.550276591364394,-161.16083344146887,-60.2704573774706,-2.225544584180964
2000,-518.4236108779329,-42.80862949578218,-155.9581620086652,-56.012575080885,-1.719888321037696
