id,population_2021
1,1224.90157958865
2,1630.78982855007
3,1145.36819040775
4,1470.74244387448
5,1845.75383645296
6,2801.09854507446
7,1616.80768504739
8,1890.3977894187
9,3505.68110117316
10,1550.3982346803
11,2457.15798398852
12,1914.66351532936
13,1608.94215412402
14,2316.24671792984
15,1677.48775519431
16,2007.15948778391
17,1885.20748537779
18,1644.67322400957
19,2208.08539360762
20,1856.04625871778
21,1580.9457410574
22,3943.32194621116
23,1628.80538022518
24,1793.20040678978
25,2292.21201021756
26,1416.39137303084
27,2161.09864225984
28,2330.49223200977
29,2153.39224982329
30,1952.19367280602
31,1241.11749452353
32,1916.02320311013
33,1934.73695425037
34,1670.38644650381
35,1765.70717294514
36,1448.16289331764
37,1638.24401053266
38,1961.31690222025
39,1841.98021119833
40,2043.92569544166
41,1402.48228387535
42,2122.34503288567
43,1568.46024303837
44,1857.87230473431
45,711.563846230507
46,1647.00101427734
47,1939.53660130501
48,1257.61394274235
49,2323.52142824233
50,963.482382535934
51,1947.1585098505
52,1560.34006980062
53,1769.82515435293
54,1688.39105415344
55,2064.40042731166
56,1780.61919443309
57,2709.07108073394
58,1833.27577022936
59,2299.77382811904
60,1806.15624696016
61,2099.62191623449
62,2087.76419943944
63,2355.26384620368
64,2005.54803946614
65,1793.10082974844
66,2114.25481286645
67,2401.94437785819
68,2552.92317159474
69,2257.26365668889
70,2613.48889847659
71,1859.743067801
72,2288.4686746213
73,2119.59859758615
74,1685.49650336802
75,1822.37087398767
76,1740.64323711165
77,1744.50855743883
78,1998.15083223581
79,1812.14419323206
80,1865.61404949427
81,1533.11254970729
82,1775.54551380873
83,1479.45728485286
84,1693.79255675524
85,1624.30337768188
86,1932.17933105305
87,1876.94970044606
88,1735.24961660802
89,7247.68456429932
90,1736.72071442381
91,2347.88529280387
92,2652.56679826314
93,2134.59858775279
94,2035.04917186499
95,2224.80927091837
96,2745.89754211903
97,1835.15843358636
98,1627.37784940004
99,1939.30081408098
100,2134.42369262682
101,1414.51412248984
102,2314.55129835755
103,2439.37529686093
104,1877.61188431129
105,1872.39676482073
106,3341.98669493943
107,1314.2217239216
108,2279.57404758036
109,2139.8537774235
110,1823.80548989773
111,2253.7389620766
112,1662.76982365549
113,1567.50201278552
114,2017.74138441682
115,2004.09945909306
116,1942.91369960067
117,1342.46161365602
118,1295.10664922313
119,1516.30889058113
120,1725.15141959116
121,2030.50269334018
122,3162.56209126115
123,2103.16108930111
124,1361.6942633912
125,2199.78650331497
126,1672.0415379703
127,2047.935993433
128,2291.47781397006
129,1459.09086275846
130,1752.66235841811
131,2013.79910657555
132,2239.95078925788
133,1843.33865296375
134,1076.85934345424
135,1938.97745268047
136,1794.74675823376
137,1417.58935657144
138,1908.74989913777
139,2389.36394971609
140,1210.19996281713
141,1793.88882893324
142,1608.67445468903
143,1839.88945832849
144,2482.22465366125
145,2526.18899679184
146,2241.56467168778
147,2050.95831094682
148,2057.5096334517
149,2271.64911347628
150,1888.89712077379
151,4359.25349123776
152,2153.06592315435
153,1568.95406776667
154,1436.87730183918
155,2023.28157063108
156,2022.37127459794
157,2086.68876445293
158,1509.11238029599
159,1280.190980874
160,1736.28625146435
161,1822.8383911252
162,1587.17139017443
163,1499.27185636146
164,1531.87856183201
165,1656.18382266164
166,2127.41423556209
167,2385.46498389915
168,1756.20499849604
169,1419.80336436146
170,1623.65505233407
171,2246.10422588357
172,1702.35055670142
173,1858.69307512045
174,1711.37109336296
175,1814.75427061319
176,1309.83324086666
177,1902.55644738674
178,1444.76968791336
179,1591.5255613327
180,1767.40875464011
181,1303.84837949276
182,1784.25577437878
183,1686.66780689359
184,1849.83624238836
185,2256.42451046407
186,1723.03426763415
187,1678.68353399634
188,2109.36689299345
189,1816.29956813157
190,1973.44905985892
191,2085.99040275626
192,1711.61442680657
193,2024.34403206408
194,1826.39371757209
195,1675.96079938859
196,1903.43336906284
197,2042.44401240349
198,1646.66431984305
199,1601.75874051452
200,1779.12019156665
201,1474.63566071913
202,1826.89194489866
203,1494.73168821214
204,1461.64668743312
205,1266.94761155586
206,1937.92358720535
207,1856.48554209666
208,1446.93337776512
209,1374.98176808923
210,1534.09832960367
211,1974.04118680954
212,2350.72207587957
213,1944.87947008014
214,1644.47733098269
215,2194.50557687879
216,1988.28147293627
217,1417.80352734029
218,2049.30478324182
219,2028.72159190848
220,1611.66056913137
221,2069.57406413555
222,1731.55875624716
223,1894.44254571199
224,1666.95080834375
225,1640.35283269733
226,1891.86162400246
227,1579.31645885203
228,2127.29609720409
229,1971.8616053462
230,1628.42045119405
231,1777.95628902316
232,1942.89552214742
233,2202.62027534842
234,2185.42919628322
235,2087.74950711429
236,2215.09930070031
237,1807.18009553384
238,1554.22241479158
239,2022.35360780358
240,1604.4890409708
241,1918.76106956601
242,2235.28261570587
243,1514.40319577971
244,2009.73928719759
245,1556.85168880058
246,2334.90363697984
247,2187.54203158617
248,1433.52508980036
249,1937.92006914563
250,1608.04090385627
251,1801.15678845709
252,1844.0405434048
253,2234.98967852369
254,2126.30559939639
255,2971.29955088628
256,2537.06677714076
257,1583.41651449915
258,3665.66314279445
259,1798.00831279159
260,1570.4738086313
261,2008.59800195694
262,2008.34858402571
263,1435.21244688332
264,1732.5839766413
265,1519.32163576037
266,1873.50139430165
267,1628.72400246561
268,1992.71415835619
269,1363.04191794991
270,1636.27662615478
271,1581.08884482272
272,1452.04912029289
273,1744.44211646914
274,1478.98849043995
275,1760.41963592606
276,1334.74318611217
277,1918.27644737065
278,1767.88452053629
279,1349.7200262621
280,1884.19629027322
281,1529.17805333436
282,1713.81940881256
283,1746.2342912741
284,1432.45251066346
285,1420.60053994972
286,1467.61242263548
287,1332.96523774602
288,1628.65111798048
289,1938.93854033947
290,1707.13659718308
291,1727.45119675994
292,1771.99991182983
293,1517.98914310336
294,1548.28936138749
295,1971.15022321045
296,1820.16090813279
297,1905.83849132061
298,1571.55859088898
299,1525.36222200468
300,1352.59227833338
301,1835.54649644602
302,1585.1654612124
303,1878.81388162775
304,1635.93002569152
305,2385.89704853296
306,2128.9243888557
307,1720.55874592159
308,1406.56205390394
309,2435.82567635179
310,2015.12591993809
311,1706.74114295078
312,2112.74519045651
313,1660.67652064562
314,2054.32384300232
315,1522.23374053836
316,1464.45624881238
317,1905.94794817269
318,1952.48274502158
319,2114.15114456415
320,1856.71430160105
321,1787.23776227515
322,1272.55948284548
323,1691.24852242321
324,1581.24296218728
325,2017.21955508098
326,1577.20976030827
327,1397.18242630791
328,1501.24715150613
329,1936.13828323781
330,1637.05394512169
331,2982.21007607266
332,1931.38395562768
333,1859.71887200137
334,1705.66222932935
335,1633.00997424126
336,1459.47036033869
337,1477.61120269448
338,1616.26832041144
339,1632.38716932759
340,1663.6823502481
341,1404.14645501971
342,1672.46549698338
343,1489.58421298862
344,1594.7799577713
345,1787.11773035675
346,1351.80602081225
347,1492.65216344292
348,1683.8040625453
349,1711.7857324481
350,1267.42770892382
351,1507.88980068325
352,1736.97562533617
353,1540.2326284349
354,1540.4673230201
355,1335.84792727232
356,1837.77443261445
357,1612.14478758816
358,1804.39736942202
359,1830.34346838412
360,1618.56236696243
361,1844.220338732
362,1632.61361216381
363,2465.26537739486
364,1732.94431779755
365,1779.84849138185
366,1640.4595224075
367,1481.21290031075
368,1521.61939066648
369,1089.80927683413
370,1754.20994104988
371,2075.91633756058
372,2173.41937009072
373,1403.16269172047
374,2501.94651777657
375,2069.20549074747
376,1179.05643696338
377,1452.45278827801
378,1677.65540149278
379,1909.27080664464
380,1500.92463955283
381,1913.20376402674
382,1497.56616321614
383,1666.57849147706
384,1943.3905519384
385,1692.9039329848
386,1349.04410465802
387,1649.91628227286
388,1479.75591495633
389,1759.07674086094
390,1585.32927817106
391,1524.9702183133
392,1382.6565688327
393,1523.87003032386
394,1494.56968474761
395,1731.82679865323
396,1949.65590751171
397,1610.37162728608
398,3306.03228756413
399,1475.46784968954
400,1686.77008392755
401,2365.92361059987
402,2044.76125529408
403,1705.3352744974
404,1881.40499338508
405,1830.13133943971
406,1537.47045359015
407,1708.09802304208
408,1525.42393431067
409,1696.04212790728
410,1412.92888376117
411,1646.4663426578
412,1706.63142205282
413,1636.87367974838
414,1672.33686901629
415,1684.49556489289
416,1642.40271487832
417,1164.10994189978
418,1645.16723835468
419,1896.19373245537
420,1770.8853957504
421,1590.58443938289
422,2124.02405139245
423,1901.43119039791
424,1695.10984813049
425,2115.89913727404
426,1139.84917074442
427,3150.83961348236
428,1702.02335849404
429,1552.57151411358
430,1505.14933741093
431,1699.18548974395
432,1436.76440940425
433,1554.46237888932
434,1511.12167149037
435,1434.89221543074
436,1750.03428149223
437,1743.46812488884
438,1290.30864689499
439,1625.9363400683
440,1650.37153715047
441,1598.7431762889
442,1894.16775749073
443,1274.65537813133
444,1721.55589523166
445,1725.71782943606
446,1776.88245931268
447,1360.0707269907
448,1463.27629829943
449,1618.65951615572
450,1869.67380656302
451,1451.0593188107
452,1869.08491005562
453,1667.2052738741
454,1990.74968901277
455,1257.77425562918
456,1616.46459890297
457,2013.89608515427
458,1327.6780641675
459,1756.25810229778
460,1209.51405141503
461,2316.59095790951
462,1836.99466317333
463,2413.8020147811
464,2034.96150748758
465,1617.90323398284
466,1721.62752184272
467,1948.48243447207
468,1990.07337272167
469,2367.49240027368
470,1854.5056919679
471,2195.11314839125
472,2089.58049253374
473,3153.66639462113
474,1805.07664439082
475,1947.83424372226
476,1686.57846368344
477,2937.85922323167
478,1771.48682139069
479,1398.59708303958
480,1377.79985520244
481,1828.77017761744
482,2015.19652482867
483,1785.44251582026
484,1851.43657366931
485,1780.82433229685
486,2159.32463017106
487,1063.39870305359
488,1677.91930353642
489,1796.5631326735
490,1651.28654384613
491,1910.52234610915
492,1636.58962118115
493,2098.34967362745
494,1411.87956506014
495,1920.31574866513
496,2543.52953768086
497,1667.31589001417
498,1815.93124169111
499,1690.92753481865
500,1651.62509380095
501,2566.90851764381
502,1732.79463893175
503,1635.00782483816
504,1565.99405315518
505,1717.00136163831
506,1661.34813411534
507,1795.07848328352
508,1674.90027456844
509,2353.38517548144
510,1598.62476279587
511,2211.28052479042
512,2009.25670684493
513,1573.42867460102
514,2295.28634285927
515,1862.2587339282
516,2458.83719056845
517,2350.82388442755
518,1823.81944011152
519,1937.04943624139
520,2152.41911327839
521,1588.18952047825
522,2174.90483379364
523,1509.14197826385
524,1379.92567998171
525,2005.38923633099
526,1476.61482921243
527,2473.12105154991
528,1589.53990055621
529,1781.81645353604
530,1627.9819887951
531,1469.86055201292
532,1231.60495744273
533,1491.25121329725
534,1690.10772299767
535,1814.94391000271
536,1771.34510070086
537,1500.31703802943
538,1810.4628213346
539,1743.19642305374
540,2494.25172719359
541,2822.64979934692
542,1591.82526040077
543,2135.66543033719
544,1706.22316740453
545,2173.14085876942
546,1952.19667834044
547,1914.2697108984
548,1703.93912124634
549,1291.20143407583
550,1502.4183908999
551,1800.00576674938
552,1543.19914278388
553,1710.90030832805
554,1414.76531879604
555,1436.12880635262
556,1605.97007834911
557,1485.14845713973
558,2180.19777670836
559,1533.47521774709
560,1628.12962090969
561,2124.53472081572
562,1567.30588451028
563,1756.69802681357
564,1354.34084532782
565,2396.18449793011
566,1808.36313565075
567,2385.11323199049
568,2470.19892698526
569,1597.52096965909
570,2354.82592917606
571,1493.98876309395
572,2061.2432924509
573,2179.5472175777
574,1545.7350769043
575,1538.08394533396
576,2008.2458575666
577,2064.24850350618
578,2944.3091230914
579,2579.16679045558
580,1971.60788090527
581,2221.82661612704
582,2071.50249284506
583,1789.13656264544
584,1777.14521296322
585,2251.82189147174
586,2162.28922098875
587,1520.38193960488
588,4571.14423890645
589,2007.89822230488
590,971.387008592486
591,1279.48588335514
592,1269.10260764137
593,1601.52922081947
594,1626.73772598058
595,2381.302885741
596,2359.8676280533
597,2413.50940684974
598,2357.18659431988
599,2006.0622830987
600,2168.23250470951
601,1859.58775633574
602,3427.79500067234
603,1840.13482099771
604,2523.66509142518
605,1616.28693337739
606,1764.49828539044
607,2505.71251416206
608,1627.95934401825
609,1762.13424720019
610,1783.49439206719
611,2058.2256473368
612,1580.17254278064
613,1436.29111219943
614,2129.35778331757
615,1948.57425244153
616,1875.54702988267
617,2572.62223693728
618,2185.33139164746
619,2710.66361346096
620,2709.78833156824
621,2189.37785357237
622,3156.79448395967
623,2515.46822459996
624,1127.89123469591
625,2065.85563032888
626,1804.16122865677
627,2118.28693723679
628,2220.54242923856
629,1985.84810394049
630,2612.78065455356
631,2030.54112911224
632,1614.89080206514
633,1881.87125729024
634,1733.56204354763
635,1920.70030876994
636,2117.97801525891
637,1803.13450148635
638,1597.88607494533
639,1879.51801583734
640,1511.82741517201
641,1444.09885856008
642,1340.0160984016
643,1488.24593064973
644,1731.36079488322
645,1339.8576569794
646,1265.90661802246
647,2868.50543162717
648,1951.3990073021
649,1587.58224157803
650,1731.92385225835
651,1800.45238193208
652,1903.08028008829
653,1707.22670899415
654,2142.36263994912
655,1783.360760957
656,2299.61615800858
657,2008.41314276894
658,1766.54603341117
659,1440.23112870101
660,1743.47560742497
661,2944.27554190531
662,1707.63870947808
663,1860.53459286317
664,1804.83272156119
665,1743.17494001985
666,1641.98880671704
667,1666.89803045988
668,1673.16432771087
669,1634.70981402695
670,2107.59506854415
671,1405.23171831045
672,1636.90498319268
673,1646.6095508149
674,1409.35142854662
675,1592.86512203462
676,1444.88281676546
677,1431.69363694638
678,1761.92675722111
679,1680.25727971447
680,2355.89820948301
681,1561.61533525256
682,1691.90673449994
683,1476.5330546312
684,1492.4142671874
685,1371.66471254826
686,1409.29207292199
687,1479.82087188959
688,1579.51782342792
689,1649.12523636222
690,1513.90334806265
691,1449.86633694172
692,1392.82833739443
693,1555.44020861387
694,1853.85843548179
695,1375.26290287077
696,2538.63126340043
697,1713.81128751487
698,1798.13423165493
699,1917.23610977829
700,2041.02055102587
701,2001.10140216351
702,1709.58370283246
703,1632.31593810022
704,1751.29167257249
705,2227.39106270671
706,2064.1064914661
707,1558.70262825304
708,1873.43230885267
709,1497.8187059534
710,1786.77858355732
711,1590.50625591446
712,1442.65170828439
713,1776.31785824522
714,1536.44272879379
715,1756.79860530794
716,1794.38841557503
717,1399.98011764884
718,1537.15242595971
719,1827.40520533919
720,1074.28199316189
721,1377.49257417666
722,1300.13943530166
723,1541.16239659116
724,2052.64716841886
725,1591.92432612181
726,2700.16755884443
727,1666.77243673801
728,1796.10899113398
729,1962.15736394224
730,1541.85143013004
731,1746.08552877512
732,2030.1728952229
733,2044.0808080659
734,1692.01297242303
735,1608.72604034761
736,1419.25998462021
737,2256.87154179225
738,1752.61485589382
739,1806.72694650389
740,1878.72306856513
741,1713.8094734624
742,1745.59616366762
743,1688.66504616084
744,1459.41604745388
745,2056.20544507106
746,1473.27652722877
747,1534.27734346169
748,1627.75076007843
749,1593.80858446798
750,1897.68233635649
751,1792.40371086478
752,1662.12391918153
753,1716.92521215975
754,1668.48846835103
755,1348.51496659775
756,1499.73998559988
757,1704.12336027436
758,1648.95087017119
759,1605.37665219977
760,1563.617755068
761,2233.0348844098
762,1507.66645115614
763,1683.63624250889
764,1534.27974177007
765,1833.17720270157
766,1499.79522767663
767,1457.14322367538
768,1597.38619291782
769,1569.69820258021
770,1607.02073386585
771,1475.78731619245
772,1826.91872169822
773,1728.55449610204
774,1333.83643773943
775,1869.21090517938
776,1487.14104606956
777,1597.43307377212
778,1723.16103499942
779,1555.78789370693
780,1508.10010012984
781,1299.26456665993
782,1683.18092676438
783,1295.30869162083
784,1797.75668945909
785,2211.26292476058
786,1699.39695852995
787,2017.75403276086
788,1535.27793674916
789,2109.20377263613
790,1580.77323103696
791,1728.83197927475
792,1541.74714370035
793,1534.17826552689
794,1519.51849854955
795,1633.29279828072
796,1239.49541522411
797,1720.47775766253
798,1715.5788893137
799,1684.47741217911
800,1617.37205541367
801,1610.01487537473
802,1836.09165196565
803,1701.07781136114
804,1398.50321186093
805,1716.68275475502
806,1882.49187046289
807,1386.65361070633
808,1559.82897424698
809,1634.64853892475
810,1659.02276770771
811,1723.38128575683
812,1894.50086471438
813,1766.46947938949
814,1689.38398906589
815,1704.47631473041
816,1403.06735656038
817,1194.32932828367
818,1832.77879330516
819,1395.909532547
820,1568.93442589953
821,1664.9222981818
822,1646.86663013324
823,1471.4806683302
824,1701.55508887023
825,1348.49145358801
826,1172.13661319017
827,1712.35051441193
828,1473.14066231251
829,1068.4921015501
830,1863.24338978529
831,1607.80410701036
832,1374.00667715073
833,1030.02610391378
834,1649.83480155468
835,951.740772679448
836,1205.77912855148
837,1420.30925305188
838,1481.04283259809
839,1556.59080113471
840,1070.52743819356
841,1950.2993606925
842,1459.25623774529
843,1124.502688854
844,1571.37681138515
845,1879.30537259579
846,1433.41614253074
847,1400.84517198801
848,1106.68225318193
849,2036.34624356031
850,1715.339433074
851,1566.58033770323
852,1873.93314152956
853,1669.17060530186
854,1871.45983345434
855,1961.72130686045
856,1235.5940605104
857,1443.56053930521
858,1598.75805401802
859,1945.39852136374
860,1434.02841570973
861,1678.69776010513
862,1242.36805951595
863,1401.12159061432
864,1479.20217376947
865,1324.43282359838
866,1256.79351258278
867,1492.85487382859
868,1399.78523798287
869,1472.34738686681
870,1388.14352682233
871,1637.25024864078
872,1780.489174366
873,1009.61719638109
874,1488.37977457047
875,1838.92597329617
876,1374.69315116832
877,1565.69517060334
878,1354.2759335041
879,1395.26885077357
880,1614.15617525578
881,1550.21294094622
882,1715.87760148496
883,1994.96987891197
884,1705.83705627918
885,1287.27739357948
886,1631.05547267199
887,2103.537348032
888,1559.7435888648
889,1699.81877303123
890,1181.49665524001
891,1164.14641817048
892,1621.36835643044
893,1599.83075025678
894,1420.75915169716
895,1642.48380168795
896,1837.99880957525
897,2211.46633844823
898,1242.16784620285
899,1608.96905703843
900,1691.99794188142
901,1481.67113558948
902,1487.60753808916
903,1653.57004566491
904,1605.47994259
905,1759.33702787012
906,1133.2647857666
907,1683.28631162643
908,1516.53620278835
909,1533.72678542137
910,1698.12757390738
911,2119.20881853253
912,2127.94118130207
913,1563.68353506923
914,2363.86478322744
915,1493.07179689407
916,2065.6493678093
917,1539.46194171906
918,1235.04771095514
919,1393.88070863485
920,1271.9709853828
921,1536.06393128633
922,1340.99402284622
923,964.201827824116
924,1036.84165179729
925,1165.97019040585
926,1247.12850981951
927,1378.14793688059
928,2396.29396694992
929,1976.00456188811
930,2055.69230908155
931,1575.25261574425
932,1118.08324277401
933,917.956994086504
934,1390.1493639946
935,1436.46379041672
936,3964.06671150401
937,867.455927491188
938,1222.96561641991
939,1829.34416715801
940,1261.57178944349
941,2640.18222984672
942,1738.37286841869
943,1897.64672654867
944,1902.87300342321
945,1388.14151537418
946,1992.33869415522
947,1696.59575480223
948,1872.9265794158
949,1847.19845867157
950,1598.45204024011
951,1537.21481657028
952,1967.39084136486
953,1441.8479950428
954,1389.15944305062
955,1592.195748806
956,2823.43760511279
957,1480.5103443861
958,2040.13043388724
959,2063.04771834612
960,1628.22770944238
961,1666.90366870165
962,1787.27190196514
963,1716.76645821333
964,1587.31820267439
965,1928.13059771061
966,2046.05336815119
967,1997.1604244709
968,1450.21454938338
969,1794.4737348929
970,1461.85128051043
971,1813.98082104325
972,1466.80519859493
973,1924.46882329136
974,1984.27468633302
975,1539.68053513765
976,1557.18766109645
977,1872.75612938404
978,1219.00868612528
979,1602.49729073048
980,1476.04442614317
981,1370.71367013454
982,1491.9644216001
983,1393.73295801878
984,1314.70806670189
985,1564.57863634825
986,2167.50426337123
987,1936.46574902534
988,1521.51333218068
989,1551.06432515383
990,1660.53562500328
991,2250.26494818926
992,1795.30594053306
993,2052.15933227539
994,2285.66051954031
995,2361.99386319518
996,4290.03281470016
997,1275.99429123662
998,2116.58317858945
999,1628.14280902918
1000,1702.96014661673
1001,1395.4014666214
1002,1738.63927580975
1003,1320.81230427839
1004,1581.343572017
1005,2538.7191895172
1006,1274.11928698421
1007,1416.1216404438
1008,1870.12253408134
1009,2882.63068720503
1010,1788.43810971323
1011,1770.78594575077
1012,1441.6226606369
1013,1465.95149079631
1014,1589.62777882385
1015,1686.99207521975
1016,1592.87392555177
1017,1949.61735072732
1018,1588.49691495291
1019,1576.62451916933
1020,1730.65889456868
1021,1666.71174296104
1022,1744.44387874007
1023,1621.98433107138
1024,2584.63447293639
1025,3434.5185772106
1026,2406.09745292366
1027,4399.9334718287
1028,1734.65224175155
1029,2300.15706983209
1030,4299.89190838486
1031,1746.27398102847
1032,1373.5297743082
1033,1518.97907839957
1034,1076.9715308681
1035,1715.32207174599
1036,1779.80142913444
1037,1744.5928715892
1038,1829.7680580914
1039,1517.15671443939
1040,1366.29035332054
1041,1450.52033093572
1042,1690.03038063528
1043,1539.33642403485
1044,1739.21534849135
1045,1201.08704199269
1046,1969.09235304952
1047,1617.56549774751
1048,1400.05920642614
1049,1650.59228486801
1050,1854.98308580404
1051,1473.17849771399
1052,1865.61613380187
1053,1964.1293622584
1054,1670.51363520607
1055,1229.64006295055
1056,1958.27510684729
1057,1583.48069652985
1058,1704.78286935389
1059,1403.92245006561
1060,1379.48094320524
1061,1507.5817829892
1062,1557.62428070605
1063,1507.27182903197
1064,1466.04096696721
1065,1589.67364561092
1066,1988.56818082911
1067,1550.02219579369
1068,1923.21798662841
1069,2749.59808060341
1070,1687.3623258844
1071,1943.88168027997
1072,2287.74783806503
1073,1705.97939158231
1074,2028.2853010986
1075,1904.48820666829
1076,1785.16528892331
1077,1534.67564037442
1078,1505.1044151932
1079,2283.58794285357
1080,1907.03199641407
1081,1298.67426092923
1082,1539.48389056325
1083,1401.51354332771
1084,1523.75034587458
1085,1650.48296756446
1086,1658.5665246502
1087,1697.33640731414
1088,1491.98475891044
1089,1866.48248407502
1090,1670.94847843796
1091,2760.72559573501
1092,2310.93648993969
1093,1981.92429706454
1094,2057.00450636446
1095,2116.3075325489
1096,1977.09377677739
1097,1866.43546876311
1098,1084.23308365047
1099,2992.21600610018
1100,1945.37112745643
1101,1445.19362606701
1102,1299.34065560158
1103,1369.53692990889
1104,1451.73218862046
1105,1705.47307286336
1106,1582.13107622251
1107,1644.23481123708
1108,1537.89078569412
1109,1727.13717451133
1110,1428.64814899862
1111,1392.15928697865
1112,1158.05147288041
1113,1350.76267504692
1114,1692.96348362416
1115,1685.07250834256
1116,1524.07853958756
1117,1812.95592810586
1118,2046.5222133249
1119,2174.17630071938
1120,1767.25224966917
1121,1721.13595360518
1122,1460.21326394819
1123,1164.43037655205
1124,2175.24536716181
1125,2083.26398923993
1126,1895.05293470621
1127,1655.0790143311
1128,1810.79595685005
1129,1916.29691141844
1130,1738.46055579185
1131,1462.87140765786
1132,1643.48881444335
1133,1696.03015869856
1134,2306.14753127098
1135,1590.29147487879
1136,1892.0453908667
1137,1367.5349252224
1138,1647.92939705402
1139,1805.87877918407
1140,1579.66116496176
1141,2007.33307593316
1142,1972.07140491903
1143,1614.55850118399
1144,1778.74331075326
1145,1916.82674528286
1146,1987.23663714528
1147,1811.80389021337
1148,1715.57199925184
1149,2374.21468403377
1150,1987.44229093194
1151,1791.40624475479
1152,1787.12362003326
1153,2070.01604473591
1154,2134.32673735364
1155,2613.75007234013
1156,1632.5818919288
1157,1798.35517022014
1158,1956.5015183324
1159,1774.45419659372
1160,1915.96031779051
1161,1639.19386851788
1162,2236.87549877167
1163,1832.73803752661
1164,1328.12381827831
1165,1514.87233734131
1166,1365.56746573374
1167,1657.2404871285
1168,1796.46659821272
1169,1766.15569764376
1170,1989.73697927594
1171,1091.81647668779
1172,1333.97170596132
1173,2048.87712213397
1174,1844.98772966687
1175,1656.99299021065
1176,1696.84227170111
1177,1911.71309735626
1178,1829.15879972279
1179,1978.68593330495
1180,1347.84879428148
1181,1510.87679293752
1182,1537.50310185552
1183,2006.28543931246
1184,2043.72685849667
1185,1615.59476184845
1186,1450.85373461992
1187,1822.67020490766
1188,1438.36193135381
1189,2048.42866510153
1190,1779.21734509828
1191,1676.10615130618
1192,1493.92104619276
1193,1856.63081216812
1194,1730.34073420241
1195,2029.08328807354
1196,2092.25015828758
1197,1895.3489587903
1198,1690.0455442071
1199,1767.65799728036
1200,1915.17042365856
1201,1581.82942710072
1202,1975.29046304604
1203,3016.04467852414
1204,2465.80508987606
1205,1569.18089455366
1206,1692.1085857451
1207,1641.82162120938
1208,1603.84499639273
1209,1682.91675132513
1210,2131.36466543376
1211,1545.05647732317
1212,1419.07437042892
1213,2060.03790506721
1214,1578.9330085367
1215,1538.2771076262
1216,1423.9154973729
1217,1685.19009565562
1218,1485.11079493165
1219,1540.15052111447
1220,3347.90103142709
1221,2595.08992215991
1222,1923.80246198177
1223,2338.66124338843
1224,1556.49640461802
1225,1919.79122769833
1226,2105.63180724531
1227,2323.7021946311
1228,1872.85668976395
1229,2349.38564871252
1230,1818.52854830388
1231,2305.33446124196
1232,1934.28303031623
1233,1709.34784708731
1234,2430.56512954831
1235,1941.57568413019
1236,1703.16866019368
1237,1940.39168339968
1238,2117.12280786037
1239,1781.63735321164
1240,1665.21190423705
1241,2284.69461401924
1242,1964.29839061014
1243,1511.92721020197
1244,2037.81810970977
1245,1782.25284452317
1246,1531.54384652525
1247,2155.53163255396
1248,1923.32567790896
1249,2114.64886254817
1250,2171.80602148175
1251,1952.48608391732
1252,2020.74032977968
1253,1977.02362959832
1254,1889.06490468979
1255,1468.10297515243
1256,1766.97514944957
1257,1582.25215367228
1258,2448.41921443306
1259,2628.22955908999
1260,1501.733602494
1261,1608.17736972123
1262,1622.29458456626
1263,1650.72770100832
1264,1914.07234570011
1265,1919.90470978545
1266,1970.99908327745
1267,1478.91421288252
1268,1145.32774394751
1269,1428.59277465631
1270,1479.85593813658
1271,2088.16576209301
1272,1832.39288920164
1273,1687.27400115132
1274,1774.37227541208
1275,2210.85489848629
1276,1808.7861059159
1277,1595.72867110372
1278,1717.84708345588
1279,2188.15910518169
1280,1844.53831592202
1281,1468.47477334738
1282,2184.898369506
1283,1649.45647493005
1284,1667.79267609119
1285,1675.3097833395
1286,1861.50906068087
1287,1893.5953168273
1288,1993.35484531628
1289,2369.5665280922
1290,2245.52464081347
1291,2074.26464700699
1292,2280.30693897139
1293,1988.10777539015
1294,1704.34517151862
1295,1621.43057382088
1296,1491.07808941603
1297,1554.68000894785
1298,2329.61136728525
1299,1941.7741048485
1300,1467.11293581128
1301,1498.76693729788
1302,2285.51172962785
1303,2169.0706528388
1304,1857.30421090499
1305,1644.01765904413
1306,1975.09161370567
1307,2022.95218719087
1308,2161.45808278609
1309,2002.61094634538
1310,2095.94041987625
1311,1726.6141703492
1312,1407.43380185962
1313,1579.19354733825
1314,2608.06149460375
1315,1495.85666146874
1316,1867.68511289939
1317,1683.69422550499
1318,2382.27686321086
1319,1935.25310497358
1320,2423.6108594022
1321,1051.20463015139
1322,1860.05924247205
1323,1794.57691666484
1324,1337.57339011133
1325,2330.46726909182
1326,1804.50114151835
1327,1588.73933015764
1328,2061.91163645032
1329,1629.6842625267
1330,1663.33531026398
1331,1328.33622408938
1332,2040.02938893437
1333,1630.42435276508
1334,1509.42742419243
1335,2218.43263944238
1336,2150.94816207886
1337,1671.31930750608
1338,2241.54599267244
1339,2342.5941055268
1340,2638.468580544
1341,2310.25203636289
1342,2308.17535793036
1343,2309.61790636182
1344,1843.82683882117
1345,1737.98577699065
1346,2680.51819158345
1347,1928.65875208378
1348,2046.94549228251
1349,1721.16274172068
1350,2183.63817387819
1351,2405.441900976
1352,2293.17525726557
1353,2766.32017415762
1354,2606.1987438798
1355,1945.84050744772
1356,1767.1147840023
1357,1708.8324790895
1358,1754.05808487535
1359,1646.39889115095
1360,1980.54148155451
1361,2369.2831119895
1362,1615.5661002323
1363,1758.89179682732
1364,1599.09522658587
1365,1638.15284378827
1366,1777.35957290791
1367,1439.56332181022
1368,1402.80244004726
1369,1802.57101118565
1370,1836.33009260893
1371,1644.09353804588
1372,1839.48387384415
1373,1732.57639765739
1374,2100.57006564736
1375,1592.32020648755
1376,1625.35720339417
1377,2401.0989883244
1378,1344.74244570732
1379,1396.02263438702
1380,1684.04136922956
1381,1388.38270297647
1382,1944.19408656284
1383,1574.21887779422
1384,1610.97082689871
1385,1740.95948210359
1386,1768.18637177348
1387,1858.9066416158
1388,1728.29283630848
1389,2105.49866762757
1390,1820.15842549503
1391,1843.99557858706
1392,2147.45003563625
1393,2002.68667528114
1394,1211.68897978379
1395,1748.39091213937
1396,1720.36233749986
1397,1843.02356887572
1398,1948.64090812279
1399,1921.09926696558
1400,1823.78655001335
1401,1664.14587235451
1402,1724.62006779287
1403,2058.8568520546
1404,965.657965540886
1405,2629.25204778323
1406,2370.14862557268
1407,2147.80409181348
1408,1820.41382884979
1409,2234.84578707814
1410,1823.63272964954
1411,1386.94928850234
1412,2056.05502328277
1413,1839.1884576655
1414,1506.69684875011
1415,1597.88662004471
1416,2013.29462897778
1417,3211.85873159662
1418,1214.97137124836
1419,1860.07060828805
1420,1852.37983308727
1421,1905.25668396708
1422,1375.33619686961
1423,1972.1807615757
1424,3515.95706976387
1425,1935.40082347393
1426,1902.5847389698
1427,1863.05066779256
1428,1299.88992613368
1429,2410.5182364136
1430,1995.28695007372
1431,1473.84260675708
1432,1639.11892900174
1433,1705.31895533204
1434,1328.10910512507
1435,1400.92165537179
1436,1638.49422694556
1437,1647.39504772425
1438,1837.97254480422
1439,1965.05627560616
1440,1320.09393589199
1441,1729.69957089424
1442,1695.66585994046
1443,1299.69123876095
1444,1427.80718880892
1445,1715.18518793583
1446,2022.44268101454
1447,1618.98724307361
1448,1549.97592043877
1449,1620.47178005093
1450,1758.68315392991
1451,1661.36123332381
1452,1932.92008186843
1453,2026.63418937233
1454,1735.13629481196
1455,1686.05017933249
1456,1954.33025573122
1457,1613.17304421961
1458,1854.45731505379
1459,1392.21730092168
1460,1818.62101358175
1461,1862.46391415596
1462,1138.59685828578
1463,1929.76319949329
1464,2059.15009880066
1465,1754.88969665207
1466,2061.02411288023
1467,1771.22455978394
1468,2195.50852903724
1469,1956.3209670186
1470,2335.7311950326
1471,1754.23050639033
1472,1545.2033379674
1473,1946.11388522387
1474,1791.97845123708
1475,1537.80405671895
1476,1693.6144117415
1477,1609.19042895734
1478,1564.75220182538
1479,2231.64634135365
1480,1918.07237944752
1481,1977.86929190159
1482,1975.09430888295
1483,2061.6719570905
1484,1850.6230297841
1485,2014.4384085983
1486,1951.3770186007
1487,2046.33323961496
1488,903.153424549848
1489,2382.99403088912
1490,1731.24394726753
1491,2212.61369850389
1492,1894.81840503216
1493,1980.50229665637
1494,2206.67886158451
1495,1915.36362823844
1496,1976.04430210725
1497,2659.30326595157
1498,1797.14208169235
1499,1702.47601751238
1500,1642.27800126374
1501,1894.7877513659
1502,1570.98725958914
1503,2191.66056877375
1504,1471.48984799534
1505,2083.31142405374
1506,1473.6205792129
1507,1833.4954174757
1508,1691.16414883733
1509,1555.78284843266
1510,1873.89317733049
1511,1751.35345237702
1512,2048.02203189954
1513,1541.70414738823
1514,2120.86916982383
1515,1565.0749501586
1516,1748.2889007926
1517,1707.80476018786
1518,1846.26621340215
1519,1572.90501010418
1520,1389.11194300652
1521,1513.73410022259
1522,2029.28090553358
1523,1742.44198344642
1524,1889.88320129691
1525,2210.23433503509
1526,1994.64354585949
1527,2121.52859701496
1528,1991.11100538075
1529,1837.0730224587
1530,1901.73178443964
1531,1416.21387338638
1532,1686.12809047103
1533,1979.35696879029
1534,1546.4599096179
1535,1426.63466578722
1536,1998.44328299165
1537,2773.48050373234
1538,1676.75742383488
1539,1949.33002591133
1540,1612.99314269423
1541,1724.08771526814
1542,1613.68839609623
1543,1815.29673671722
1544,1568.61948680878
1545,2135.50482022947
1546,1759.10948844254
1547,2127.6405820614
1548,1975.09759902954
1549,1830.7218657732
1550,1562.7463439703
1551,1808.85511299169
1552,1938.06781449914
1553,2115.06701862812
1554,1711.52985554934
1555,2461.57732912898
1556,1685.83650246263
1557,1695.58640934946
1558,1587.4257248342
1559,1519.28351541609
1560,1487.97283236822
1561,1575.04110047221
1562,1494.20210269094
1563,1357.73345732689
1564,1976.799873285
1565,1829.44483717531
1566,1820.5952985175
1567,1689.04765091836
1568,2161.5587548092
1569,2005.60478127003
1570,1850.75468456745
1571,2128.96721291542
1572,2482.85825126618
1573,1825.97747677565
1574,1622.87397068739
1575,1620.93752032425
1576,1849.89787859097
1577,1593.85171379894
1578,1573.66517144442
1579,2017.39282776415
1580,1675.69804775715
1581,1725.96637174487
1582,1577.40786368989
1583,1746.94622212648
1584,1640.88855081797
1585,1515.0273815471
1586,1608.76175349951
1587,1534.22343143821
1588,1540.08743095398
1589,1727.41618120168
1590,1526.25563280206
1591,1999.35967129376
1592,1643.3169341619
1593,2025.9756982848
1594,1859.384150967
1595,1638.46190242097
1596,1769.77227950096
1597,1766.01688847691
1598,1615.48962888122
1599,1738.58206367493
1600,2310.63559865952
1601,1981.51187004149
1602,2218.88264489174
1603,1830.53721404076
1604,2051.0513485074
1605,1816.61823883653
1606,1656.95661231875
1607,1994.8643334806
1608,1492.97430759668
1609,2822.44677895308
1610,2541.51980572427
1611,1918.99644375803
1612,2937.09445473552
1613,1722.26351783425
1614,1970.28258789331
1615,1624.58821039647
1616,2017.01382934023
1617,1603.16706863046
1618,1818.62623549998
1619,2159.51597183198
1620,1812.26743379235
1621,1653.37175461324
1622,1476.57831344008
1623,1320.14358210447
1624,1282.64565694146
1625,1511.80069109704
1626,1778.02508190181
1627,1720.86405119672
1628,1669.28364056558
1629,1836.33771145716
1630,3718.61678293347
1631,1669.03965640068
1632,1883.90487164259
1633,1609.82331946865
1634,6303.98835089203
1635,4083.49478769675
1636,2377.75786240688
1637,1676.00940529257
1638,2170.26278933883
1639,2523.40903320909
1640,2156.45027929544
1641,2345.66992990673
1642,1701.64008030295
1643,2225.32709216699
1644,1844.44075275213
1645,1263.83257494867
1646,1680.83979431468
1647,1262.03657039255
1648,1600.71209862572
1649,1590.13160136342
1650,1495.92341253138
1651,1375.92844089866
1652,1894.9323323667
1653,1903.59317097068
1654,2733.39210296888
1655,1458.80404394865
1656,1419.78425177932
1657,1545.32532355189
1658,1665.77473001723
1659,1462.98469996452
1660,1886.25091052055
1661,2891.13513341546
1662,2018.8742223382
1663,2337.78054686938
1664,2349.55236417055
1665,2322.74591822756
1666,1420.99645578861
1667,1445.39532357454
1668,2064.85747081041
1669,1953.52174374461
1670,1408.67939791083
1671,1636.63358485978
1672,1392.11425043154
1673,1475.6928986311
1674,1352.11564098269
1675,2004.18768942915
1676,707.284964621067
1677,1692.45036849182
1678,1357.25873672962
1679,1671.16534054279
1680,1540.96895116568
1681,1692.35498487949
1682,1398.80700170994
1683,1677.18088531494
1684,2171.882117033
1685,2243.68608236313
1686,2559.65090978146
1687,1810.86944526434
1688,1252.22945249081
1689,1995.73958951235
1690,2042.21176612377
1691,2230.30299568176
1692,2285.86811023951
1693,2903.97816747427
1694,1670.86274528503
1695,1903.44982773066
1696,2035.58912184834
1697,1623.12641426921
1698,1738.18064814806
1699,1363.47625869513
1700,1687.99754428864
1701,2283.87541127205
1702,1156.0605456233
1703,1248.23507964611
1704,1671.27440197766
1705,2429.85645699501
1706,1752.29714095592
1707,1059.92949828506
1708,2820.1465139091
1709,2876.47924348712
1710,1272.68014925718
1711,2441.97050613165
1712,1859.64869773388
1713,2385.74583739042
1714,1493.07802903652
1715,2592.39149594307
1716,1676.71263688803
1717,2077.51582926512
1718,1565.05310291052
1719,2197.87177020311
1720,1942.91283172369
1721,2056.24276179075
1722,1876.46793884039
1723,1649.5913117528
1724,1512.22353249788
1725,1661.32905948162
1726,1851.22627013922
1727,1860.62278717756
1728,1930.73161756992
1729,1551.56868460774
1730,1530.93505546451
1731,1563.07064819336
1732,2277.28055357933
1733,2449.49610696733
1734,1899.20811422169
1735,1793.21211075783
1736,2533.85316717625
1737,3218.45365208387
1738,1750.48522120714
1739,1686.28293532133
1740,2469.43939691782
1741,1615.06208109856
1742,1997.24326527119
1743,1734.54987037182
1744,2147.51590912218
1745,1397.90005273558
1746,1602.17639255524
1747,1939.88177901506
1748,1266.4650297761
1749,1526.00490370393
1750,2094.76521491632
1751,1660.76761045307
1752,1866.93347662687
1753,1393.42680707574
1754,1514.38352066278
1755,1783.78967908025
1756,1571.11466819048
1757,1719.11011266708
1758,1617.18713755906
1759,1432.19334888458
1760,1890.62945595197
1761,1747.48521308601
1762,1537.03915412724
1763,1955.44534869678
1764,1792.4701372385
1765,1446.94292904437
1766,2300.52794122696
1767,1857.11266899109
1768,2075.21064955182
1769,1288.02640336752
1770,1592.56376940012
1771,1442.89184597135
1772,1687.00843703747
1773,1580.0775757432
1774,1595.13345754147
1775,1340.91554045677
1776,2300.89054894447
1777,1559.19872920495
1778,1582.18688698951
1779,1562.72749447823
1780,1394.55982485414
1781,1865.88179208338
1782,1859.88252419978
1783,2166.81977581978
1784,1599.42667245865
1785,1542.5166927278
1786,1991.19095790386
1787,2216.28149074316
1788,1600.20902812481
1789,1394.88155049086
1790,1953.59039306641
1791,1610.17525488138
1792,1608.59028482437
1793,2355.13357418776
1794,1759.91271185875
1795,1069.61054679006
1796,1544.25729060173
1797,1174.4056994915
1798,1819.38601066917
1799,1655.64522276819
1800,1478.07957663666
1801,1189.94875415042
1802,2273.89493849874
1803,2609.89002062008
1804,1641.30423176289
1805,1818.09000462294
1806,1654.78775179386
1807,1528.05525413156
1808,1598.13701319695
1809,1562.47803336382
1810,1166.66678032279
1811,1307.56571763754
1812,1707.69519004226
1813,2433.69007989764
1814,1636.77144503593
1815,1555.33201730251
1816,1628.92697644234
1817,1460.69556343555
1818,1485.92713558674
1819,1491.36337077618
1820,1879.72326374054
1821,996.119297027588
1822,1266.79693675041
1823,1794.10657414794
1824,1660.06776696444
1825,1543.50261384249
1826,1592.08543002605
1827,927.380039930344
1828,3190.0162804365
1829,1792.79434269667
1830,2814.31983026699
1831,1687.88940133154
1832,1262.20239184797
1833,1415.07117706537
1834,1230.28873640299
1835,2073.92049241066
1836,1730.91586613655
1837,1913.06627863646
1838,2038.43909645081
1839,1023.3394318819
1840,1566.62559488416
1841,1386.80376596749
1842,1760.1580760479
1843,1413.9642175138
1844,1632.54195666313
1845,2497.07523369789
1846,1313.73320390284
1847,1366.49084204435
1848,1349.09348472208
1849,1532.22931599617
1850,1304.21423092484
1851,1442.01373010874
1852,2111.97383239865
1853,1660.59846490622
1854,1817.56190615892
1855,1795.54798102379
1856,1465.35688829422
1857,1567.84889051318
1858,1682.96280936152
1859,1554.25701534748
1860,1470.2302955389
1861,1263.22930955887
1862,1285.8225736618
1863,1662.22236812115
1864,1186.59301620722
1865,1774.62703438103
1866,1423.39057648182
1867,1483.39793598652
1868,1515.78991127014
1869,1679.52389670198
1870,1173.97643984621
1871,1263.8880957393
1872,1509.8553969264
1873,1596.38626663107
1874,1505.06385242939
1875,1257.01571279764
1876,1895.41139063239
1877,1543.12603619695
1878,1369.43934327364
1879,1588.47547620535
1880,1210.83592405915
1881,1474.66108289361
1882,1884.06487900391
1883,1328.62100255489
1884,2116.00366535783
1885,1192.3290566206
1886,1506.26962409914
1887,1617.53259196132
1888,1764.09811082482
1889,1942.53895926476
1890,2015.89184896648
1891,1606.79666413367
1892,3190.87066814862
1893,1585.73081290722
1894,1586.46851080656
1895,1914.51548290253
1896,2410.50070443749
1897,1535.81412068009
1898,1905.33475720882
1899,1857.57867668569
1900,1399.5943056941
1901,1868.4988656044
1902,1561.24250984192
1903,1780.213801682
1904,1633.51525342464
1905,1487.99395245314
1906,1368.60739499331
1907,1449.67540717125
1908,2365.55794093013
1909,1625.95351654291
1910,1361.94721120596
1911,1616.02724659443
1912,2052.13322901726
1913,1670.66706895828
1914,1333.40531158447
1915,1938.47561913361
1916,1727.1514912887
1917,2157.43548165698
1918,1492.17968142033
1919,1723.32515608939
1920,1644.60747498274
1921,1806.14642864466
1922,1959.01021528244
1923,1874.39705756307
1924,1763.43054789305
1925,1660.45573294163
1926,2644.97926931083
1927,2102.13340348005
1928,1939.55590778589
1929,1621.89269483089
1930,1370.42135542631
1931,2129.38953363895
1932,2381.01968833804
1933,2106.39015996456
1934,1703.29414248466
1935,1956.11988425255
1936,1599.23710602522
1937,1638.50720222294
1938,1831.49474270642
1939,1631.5299859643
1940,1868.1706095282
1941,1702.62518745661
1942,1695.724171957
1943,1712.24926760793
1944,1375.59139087796
1945,2187.19308081406
1946,1756.52460817248
1947,1807.35899340361
1948,2536.29110293903
1949,1688.0010676356
1950,1668.25543770194
1951,2327.89212182164
1952,2631.52929139137
1953,1978.43273542821
1954,1722.46820366383
1955,2702.70784132415
1956,2226.34352555871
1957,1720.14891189337
1958,1457.18206471205
1959,1420.67077481747
1960,1483.0658441484
1961,1243.52088657446
1962,1368.32243959606
1963,1680.09748987117
1964,1919.376864379
1965,1563.47826139629
1966,1863.09566497803
1967,1215.88310968876
1968,1821.27109291707
1969,1913.95942831039
1970,1709.33855780959
1971,1290.11874352954
1972,1509.01700820029
1973,1385.10253408365
1974,1701.39403308928
1975,1673.11566239595
1976,1311.44591896236
1977,1378.50732219414
1978,1718.21403166652
1979,1539.01670920849
1980,1452.7352321744
1981,1372.90797794983
1982,2226.16409942135
1983,1838.55361622572
1984,1935.59165430069
1985,2097.99162185192
1986,2582.58426982909
1987,1712.6700091362
1988,2227.87633395634
1989,1754.4298915863
1990,1550.53839051723
1991,2328.38854086399
1992,1385.59710778296
1993,2038.59063198564
1994,1652.85002229456
1995,1753.62503123283
1996,1855.05521917343
1997,1757.5959033668
1998,1431.20619362593
1999,1862.27212405205
2000,1833.48640567064
2001,2100.63753348589
2002,2032.21331930161
2003,2592.32905269694
2004,2101.39724706113
2005,1350.7703332901
2006,2000.41095030308
2007,3142.70763844252
2008,1752.39983484149
2009,1560.46141067147
2010,1569.82172289491
2011,1687.75105363131
2012,1449.89725776017
2013,1766.06124833226
2014,1506.65511763096
2015,1493.99392682314
2016,1610.0371311903
2017,2402.05725085735
2018,2073.93201327324
2019,2831.74253918231
2020,2125.38012129068
2021,2452.2090177536
2022,1478.79965567589
2023,1892.98571115732
2024,1775.79256755114
2025,2125.58453071117
2026,1983.14052751451
2027,1622.53823426366
2028,2104.86981284618
2029,2624.84569574799
2030,1897.80890876055
2031,5044.58947121957
2032,1890.11631926894
2033,1561.97099911561
2034,1534.74251523614
2035,1810.45156582686
2036,2204.71775195003
2037,1448.2926489808
2038,1760.22369474173
2039,1688.54260347778
2040,1058.82901746035
2041,1576.23408482969
2042,1962.9356892705
2043,1623.48395858705
2044,2038.02046713233
2045,1401.68121048622
2046,1708.3803856615
2047,1689.70107012987
2048,1679.95376610756
2049,1933.52246113122
2050,1775.36028454453
2051,1581.33193045855
2052,1637.09802434221
2053,2426.43877663091
2054,2300.22486817837
2055,1514.31302583218
2056,1566.25910232961
2057,2106.91539205611
2058,1810.4231922375
2059,1836.7551472187
2060,1960.39707966149
2061,1758.29979567137
2062,2147.62218075991
2063,2138.8688544437
2064,1504.58793715999
2065,2074.37000542983
2066,1586.28715142282
2067,1793.61984498426
2068,3114.81998549402
2069,1770.83946263464
2070,2573.82059621811
2071,1317.4171144329
2072,1710.64606748521
2073,2005.50876569748
2074,1736.55730986595
2075,1890.18550944328
2076,1866.35660904646
2077,4746.37247221917
2078,1863.43273156881
2079,2337.90512542427
2080,2833.93636088446
2081,3147.44215227664
2082,1784.25119614601
2083,2046.929055796
2084,2154.70622910291
2085,1643.74784101048
2086,1810.22171063162
2087,1881.28616422974
2088,1908.73769001873
2089,1859.34698462486
2090,1563.60568320751
2091,1713.14555310458
2092,1898.51735532284
2093,1764.58740248159
2094,1664.49176120758
2095,1573.90773548253
2096,1736.49870362319
2097,1594.72355882141
2098,1379.06320414994
2099,1246.41552521661
2100,1361.07636368275
2101,2352.44190030545
2102,1640.47179253772
2103,1526.16572134153
2104,1825.44463193417
2105,3249.45341358212
2106,1717.21448037629
2107,1510.92281848565
2108,1713.18687492609
2109,1511.82732145488
2110,1822.51880350709
2111,2355.5217599757
2112,2077.08003550768
2113,1906.36401776969
2114,1713.13602579385
2115,1917.43930067867
2116,1831.38639648259
2117,1636.76739227772
2118,1793.87863045931
2119,1641.38591367006
2120,1634.55563005805
2121,1342.61515945196
2122,1641.79801189899
2123,1840.62810056086
2124,1817.36826273799
2125,1702.79730042815
2126,1561.68823829293
2127,1668.62068218361
2128,1467.26700563729
2129,1613.50577309728
2130,2390.59744668007
2131,2562.37291491777
2132,2590.93595357984
2133,2250.59654176235
2134,2039.25105643272
2135,2121.56007225811
2136,1629.98375457525
2137,2103.93603822403
2138,1873.68005323783
2139,1690.69403234869
2140,1804.81928497553
2141,1814.75559194396
2142,2107.77716768999
2143,1829.58734980226
2144,1799.45011122525
2145,1811.77642689645
2146,1798.07230655104
2147,1958.7758154273
2148,1421.84810709953
2149,1759.18229848146
2150,1515.52711927891
2151,2188.47594838031
2152,1856.29759289324
2153,2207.02226734161
2154,1864.86847703904
2155,1672.93865461648
2156,1622.05246117711
2157,1728.19151765108
2158,1436.4091142267
2159,1905.78602647781
2160,1581.51839137636
2161,1375.50157737732
2162,1976.8918844033
2163,3545.28416776657
2164,1908.25829100609
2165,1675.04679298401
2166,1940.89671969507
2167,2115.6713039875
2168,2053.73659561574
2169,1773.07023628149
2170,1441.8050442934
2171,1551.05237942934
2172,1659.57701778412
2173,1821.18752667308
2174,1671.30601739883
2175,1765.72088954008
2176,2482.30019688606
2177,1802.21723129554
2178,2456.93293188419
2179,1967.32985354302
2180,2137.85518139823
2181,1953.97892186046
2182,2498.09204253554
2183,2756.70103216171
2184,1899.88109520078
2185,1856.03361690044
2186,2128.09864974022
2187,1984.55300021172
2188,1794.05264152726
2189,2227.31359573454
2190,2149.01096713543
2191,1791.16354715824
2192,2091.02560719848
2193,1990.95526786149
2194,1860.70868020435
2195,1731.52057488263
2196,1868.65329704408
2197,1968.78765197098
2198,1945.34741687588
2199,4606.99885540828
2200,2153.06670330992
2201,1507.36932056621
2202,1650.17015494586
2203,1587.86267239908
2204,1649.1653747065
2205,1560.61847823205
2206,1602.74520680329
2207,1852.92315062035
2208,1689.11522893049
2209,1536.29407725923
2210,1739.1701910251
2211,1907.78630876541
2212,1840.951511994
2213,1667.38729420395
2214,1830.14022797346
2215,1437.7797432184
2216,1517.41482378967
2217,1788.29458153248
2218,1841.09996052586
2219,1725.62217873036
2220,1756.20622412115
2221,1576.87284471467
2222,1390.39117312431
2223,1495.6143137778
2224,1663.22858603299
2225,1357.3501868695
2226,2130.73916706202
2227,1810.61208716726
2228,1676.46352593601
2229,1799.71919356885
2230,1805.72554045916
2231,2194.21659564553
2232,2114.52442922816
2233,1729.144886747
2234,2182.50872606039
2235,1559.64885573077
2236,1657.46584644914
2237,1538.47870153189
2238,1589.01758946755
2239,1613.09912186861
2240,1557.21282368898
2241,1392.22120645642
2242,1667.01200546941
2243,3146.01079694927
2244,1537.86557594324
2245,1923.04089251161
2246,1664.35715504345
2247,1526.56889051199
2248,1764.65889151208
2249,1814.93395689875
2250,2044.31356997788
2251,1723.90799590945
2252,1741.17581138015
2253,2131.0725620091
2254,1759.05868971346
2255,1753.77091340149
2256,1596.67064104229
2257,1984.27183660865
2258,1899.33075192677
2259,1924.72969537636
2260,1903.4857602343
2261,1850.85709125645
2262,1745.27393764052
2263,2168.8414345755
2264,1734.2458062768
2265,1780.56247079372
2266,2054.45211484283
2267,1682.79973554239
2268,1520.148478508
2269,1932.71952919662
2270,1515.24155566096
2271,1802.9453834109
2272,1929.55483173409
2273,1610.96016778052
2274,1743.28502529953
2275,2035.63824900406
2276,1830.01119619608
2277,1587.19592071325
2278,1734.53044530749
2279,1979.03193563968
2280,1690.02553494547
2281,1568.21023174748
2282,1659.45882557333
2283,1266.83868056536
2284,1884.80348653942
2285,1483.44807621837
2286,1714.74294957519
2287,1423.61580295852
2288,1528.229529351
2289,1596.11505096406
2290,1568.31761747599
2291,1334.32744999416
2292,1645.07777380943
2293,1820.29674142729
2294,1963.44020594125
2295,1898.16841998827
2296,1676.64828634728
2297,1588.83188268517
2298,1534.32309385567
2299,1553.31876282113
2300,1722.10930177569
2301,1665.7977322042
2302,2140.51277083904
2303,2035.94547668844
2304,1387.52719178796
2305,1516.95866918564
2306,2154.73519676924
2307,1935.83404135704
2308,1258.25348724425
2309,1644.00169722736
2310,1894.53549046442
2311,1670.69990620017
2312,1492.47267064638
2313,1298.35628834367
2314,1320.91655008961
2315,1562.51370388269
2316,1700.8171810396
2317,2455.41625819189
2318,1981.34573930191
2319,2422.12721408247
2320,1969.89883583784
2321,1547.10563177057
2322,1875.55316519737
2323,1771.30248894444
2324,1682.68845766783
2325,1745.67830477655
2326,2148.4999165982
2327,1611.15971681476
2328,1542.32106170058
2329,1757.53876458574
2330,1578.52527171466
2331,1778.76777251065
2332,1570.49585390091
2333,1758.84800372459
2334,1585.54117198709
2335,1833.02432663552
2336,1743.53396683833
2337,1454.782085713
2338,1714.95170440273
2339,1430.15662282788
2340,1703.38741827042
2341,1780.87845360254
2342,2181.07246312499
2343,1565.03276556536
2344,1475.23511271179
2345,1877.39831795171
2346,2016.7498666048
2347,1885.53210690618
2348,1753.3625715673
2349,2101.48583425816
2350,2376.04653614946
2351,1621.83164331771
2352,2636.03927516937
2353,2007.66940072179
2354,2051.00499735558
2355,3272.89923353594
2356,3417.8040093407
2357,1471.65030792356
2358,1851.89695630968
2359,2082.48799249902
2360,1990.46125066157
2361,2707.43685933971
2362,1687.62668950483
2363,2839.01188084611
2364,1834.93534936756
2365,1647.6711409986
2366,1961.44321814179
2367,1692.77405082807
2368,1561.74989229068
2369,1646.18045488372
2370,1805.18738541752
2371,1663.35299775004
2372,1817.3264697822
2373,1676.26866573313
2374,1738.45154614741
2375,2041.78413626552
2376,1584.00031590462
2377,1569.08617756521
2378,1474.78226072731
2379,1447.10469996409
2380,1438.26008261368
2381,1431.91572833434
2382,2346.36608695146
2383,1336.20868155133
2384,1611.23605170846
2385,1730.25353694987
2386,1382.45452740788
2387,1438.0178905783
2388,1440.10293302538
2389,1709.56583465877
2390,1643.75551872741
2391,1599.13327879253
2392,2029.88453687602
2393,3375.15786391511
2394,1820.48884832859
2395,1958.03485591024
2396,2136.2365433829
2397,2093.56847518406
2398,2170.04649342806
2399,1454.55368056754
2400,1529.13218057156
2401,1485.94270139271
2402,1810.77955973893
2403,2018.66940862808
2404,2028.55990904011
2405,1807.9274687171
2406,1417.87840691954
2407,1696.36362082236
2408,1818.85654490239
2409,1354.9635699275
2410,1527.20877744518
2411,1390.9943505507
2412,1464.22944584162
2413,1619.54032841333
2414,1673.24377979711
2415,1611.17384903878
2416,1569.57982624695
2417,1842.26981696486
2418,1660.1984805949
2419,2118.91420277953
2420,1712.94201782346
2421,1542.65658368326
2422,1693.01323179905
2423,1782.93727522432
2424,1572.31584238667
2425,1785.175041985
2426,1292.11596621946
2427,1803.02401036024
2428,1942.46729051913
2429,2063.50234897854
2430,1332.31291193422
2431,1628.8647035677
2432,2076.98794138432
2433,1461.45439006388
2434,1800.18302965537
2435,2244.02588943909
2436,1868.19865773618
2437,1811.78265152866
2438,2254.71123683453
2439,2454.63661752269
2440,1750.62938228995
2441,1624.32724982593
2442,1635.41413703561
2443,1813.39463707285
2444,1859.23294487596
2445,2060.04844360064
2446,2422.64824731936
2447,1675.9311202839
2448,2108.59660572553
2449,1755.86554026604
2450,1914.0075481534
2451,1895.43199014664
2452,2945.89329266548
2453,2607.95903265313
2454,1952.24458415806
2455,2176.72865804649
2456,2478.96014277637
2457,1510.34481045045
2458,1669.53441405296
2459,2108.34466021114
2460,1594.0371552844
2461,1773.94538323581
2462,2600.17066588858
2463,1642.94202528457
2464,1789.66938728839
2465,1895.54867236704
2466,1645.87388897687
2467,1918.50464953948
2468,1438.0166516602
2469,2308.83253306791
2470,2773.37536274642
2471,1608.93201381252
2472,1843.50213491265
2473,2432.78315734863
2474,1277.58271623682
2475,1694.09563719109
2476,4320.46832414554
2477,1481.14759978178
2478,1645.13692465529
2479,1942.83793332428
2480,1228.55052550047
2481,2370.70324619487
2482,1694.01940695657
2483,1579.6781360209
2484,1964.71053230762
2485,2154.97880818718
2486,2103.13054802269
2487,1926.8395187743
2488,1763.73059133395
2489,1638.44778131228
2490,1353.79338775203
2491,1613.58863263577
2492,2530.51578367416
2493,2020.21561473678
2494,1679.0046016844
2495,2024.55716827512
2496,1773.53867807239
2497,1506.33877853304
2498,4647.82759565855
2499,1441.22001239346
2500,1866.21182131767
2501,1675.65341892328
2502,1853.23370946199
2503,2804.83230774832
2504,2277.38156594042
2505,1416.90100096572
2506,1511.16716111662
2507,1726.96549926438
2508,2237.53165084124
2509,2693.16766617919
2510,3994.95331133553
2511,1950.64788410068
2512,3424.45612803102
2513,2215.17564554699
2514,1465.94859200716
2515,1008.31714550033
2516,1286.98951529319
2517,1553.41666927934
2518,1689.71655651927
2519,1468.7176200524
2520,1828.15001133084
2521,1889.60940083175
2522,1770.59197672793
2523,1648.69627726334
2524,1343.38410331309
2525,1754.55463286862
2526,1622.82133564353
2527,1867.09369408754
2528,2174.82851451199
2529,1694.28200884163
2530,1922.13868439423
2531,2416.28808926046
2532,1940.40710024536
2533,2737.35817791858
2534,2520.30565306311
2535,1859.54561521113
2536,2718.24378305631
2537,2504.17804263871
2538,2126.18169111013
2539,1900.82474836195
2540,2025.92661271632
2541,2334.17072327435
2542,1590.3940820992
2543,1596.77951744199
2544,2121.48068177587
2545,1501.21249940991
2546,2050.14850750566
2547,1344.0885829865
2548,2373.84841053188
2549,1633.962870121
2550,2372.37050823495
2551,1813.42427448928
2552,1935.90783889592
2553,1822.31793545764
2554,2259.38317876083
2555,1764.28980752081
2556,1877.21511633694
2557,2426.11951611281
2558,1811.90437266572
2559,1680.1697306186
2560,1718.82752487742
2561,2106.16702964902
2562,2198.92824685574
2563,2621.6895583421
2564,1870.60428790748
2565,2093.48531168699
2566,1919.73506331444
2567,1615.98941794038
2568,1678.59227335453
2569,2307.76081025155
2570,1446.48981567845
2571,2288.93048229494
2572,2827.13157578537
2573,2003.88215717673
2574,1901.45689064264
2575,1964.4193849368
2576,2203.75928324614
2577,1685.00068949535
2578,2032.23328731211
2579,2127.12077401578
2580,1719.39707966055
2581,2340.8815828771
2582,1884.20287156105
2583,2560.40200656652
2584,2656.34691232443
2585,3899.6932015121
2586,2808.20557750762
2587,2387.35828831792
2588,2130.91678351164
2589,2377.3953191638
2590,3071.65824872255
2591,2221.67575192451
2592,3019.97386648468
2593,1843.13262677193
2594,1932.32044258714
2595,2082.84633417428
2596,1970.35303342342
2597,1950.19211293757
2598,1151.01587817073
2599,1955.45338964462
2600,1593.1419377923
2601,1499.98226420581
2602,2285.35944750905
2603,2377.44043201208
2604,2466.435569942
2605,1948.79645603895
2606,3431.91635471582
2607,1826.3666857183
2608,1824.59014073014
2609,1898.69680033997
2610,2166.36757627502
2611,1918.00111441314
2612,1972.76720501482
2613,1938.41551710665
2614,1665.79199109972
2615,1652.07912060618
2616,1843.28917760402
2617,2536.11275753379
2618,1811.85451291057
2619,1887.97871850431
2620,2121.76023823494
2621,2105.35212947056
2622,2430.61080902815
2623,2368.60033753514
2624,2555.21481253358
2625,3072.95961692929
2626,3410.35512681305
2627,2103.8458830227
2628,1811.40640714765
2629,1636.12499162555
2630,1444.91864770651
2631,2072.08737173676
2632,1754.03619035333
2633,1668.36659413576
2634,1291.63267254829
2635,1593.36454278231
2636,1701.50630700588
2637,1978.32316756248
2638,1863.532992661
2639,1453.99000740051
2640,1821.15413045883
2641,1719.5945366621
2642,2361.92160344124
2643,2198.30696427822
2644,2466.53097865731
2645,2078.01522523165
2646,1798.32816144824
2647,2461.21520423889
2648,1686.59437447786
2649,1881.99840706587
2650,1877.53893369436
2651,1704.30825555325
2652,2447.54129523039
2653,1459.29234683514
2654,1369.87459093332
2655,2373.09765762091
2656,1218.67207819223
2657,1583.41018140316
2658,1562.15874099731
2659,2157.14835625887
2660,1757.26231974363
2661,1426.09688067436
2662,1761.17320305109
2663,1648.81397682428
2664,1506.0810239315
2665,1699.52204054594
2666,1503.9245325923
2667,1462.43255752325
2668,1681.5447087884
2669,1794.4814094305
2670,2785.54411417246
2671,1813.54627680779
2672,1908.12481951714
2673,2127.63204467297
2674,2412.6327534914
2675,1627.71076834202
2676,1887.24571502209
2677,2265.30501785874
2678,1964.40410783887
2679,1936.08531405032
2680,1478.85611173511
2681,2120.03110289574
2682,1286.72005170584
2683,1491.57061886787
2684,1584.78274786472
2685,1823.95618265867
2686,1656.39325264096
2687,1474.44547450542
2688,1561.9766189158
2689,1610.32844674587
2690,1560.13195896149
2691,1513.994340837
2692,1100.86544242501
2693,1668.48302417994
2694,1404.0319840908
2695,1655.50763839483
2696,1549.41514253616
2697,1695.72798484564
2698,2098.7205999149
2699,1219.11543995142
2700,1825.42233967781
2701,2637.57066717744
2702,2286.59632784128
2703,2122.15564984083
2704,1396.30975627899
2705,1980.11734396219
2706,2297.93094006839
2707,1511.57103994489
2708,1633.75341427326
2709,1413.83942906559
2710,2402.35139909387
2711,1244.51697486639
2712,1670.10193765163
2713,1901.52658295631
2714,1724.16476720572
2715,1803.94088315964
2716,1271.97724300623
2717,1553.33746278286
2718,1505.66310828924
2719,1360.02141422033
2720,1969.41040503979
2721,2131.41949653625
2722,1842.90765464306
2723,1531.59325760603
2724,1751.68969935179
2725,2174.958786726
2726,1395.52012228966
2727,1934.47425091267
2728,1779.99587160349
2729,2037.39321124554
2730,2097.78747075796
2731,2192.14665904641
2732,1202.46963727474
2733,1672.10538709164
2734,2377.57516741753
2735,1528.45643621683
2736,1909.90676540136
2737,1474.98291024566
2738,2202.16522097588
2739,2808.88894101977
2740,1515.02861893177
2741,1742.17515534163
2742,1575.74573475122
2743,1640.01006180048
2744,1843.10336530209
2745,1687.12669026852
2746,1777.91311860085
2747,1453.13445925713
2748,1255.56245064735
2749,1750.1399140954
2750,1985.06465473771
2751,1150.43930184841
2752,988.807624459267
2753,1294.89563080668
2754,1122.62543566525
2755,1518.83195620428
2756,910.140642851591
2757,1194.80443141144
2758,903.849321752787
2759,1250.3766002655
2760,1271.03798735794
2761,1784.33926745504
2762,1278.06244016625
2763,2075.5756121641
2764,1280.42281779647
2765,1705.01806890965
2766,1587.72534894943
2767,1633.00886714458
2768,1515.02001190186
2769,1163.77671271563
2770,1335.8106855154
2771,1549.37567180395
2772,1238.07920736074
2773,1036.05390673876
2774,922.622420221567
2775,1221.35593932867
2776,1421.68668678403
2777,1376.97359991074
2778,634.761508345604
2779,1128.28671059012
2780,1133.16748300195
2781,1003.48149529472
2782,1143.47003656626
2783,1423.80425405502
2784,1252.95109149814
2785,1574.559019804
2786,1442.05356311798
2787,1194.43696975708
2788,2880.13570969645
2789,1242.24493455887
2790,1613.92512133718
2791,1906.39269667864
2792,1163.78873956203
2793,1578.84957170486
2794,1323.70584720373
2795,1249.76516413689
2796,1333.70573681593
2797,1341.63058131933
2798,1024.18002310395
2799,1075.72240316868
2800,1545.14995914605
2801,1388.83017289639
2802,1852.15219894052
2803,2030.34230220318
2804,1447.77106653433
2805,1724.10910046101
2806,1417.96683114767
2807,1456.54951578379
2808,1336.62752223015
2809,1692.13854044676
2810,1230.53360742331
2811,1244.09682518244
2812,1829.46236872673
2813,2140.06417436898
2814,1768.95677286386
2815,2011.98139834404
2816,917.81543803215
2817,1123.85418486595
2818,1209.80214729905
2819,1441.53970968723
2820,1170.80670821667
2821,984.453117847443
2822,1401.97504162788
2823,950.903174996376
2824,1639.75926709175
2825,1359.68238312006
2826,1823.67175215483
2827,1068.50253528357
2828,1151.43641164899
2829,1511.28812918067
2830,1351.6225809902
2831,1315.89934641123
2832,1707.63080573082
2833,1417.68361541629
2834,1539.36731237173
2835,1150.53074815869
2836,1035.90277219191
2837,1718.14215839468
2838,1252.34935703874
2839,1357.9537319839
2840,1036.45167918503
2841,1791.81016483903
2842,1729.4905487895
2843,1065.3956129849
2844,1347.43247577548
2845,2110.40479433537
2846,1357.11668542027
2847,1399.78529071808
2848,1422.5588401556
2849,1816.19716221094
2850,1169.72281447053
2851,1517.47585270554
2852,1581.44241630612
2853,1616.05355203152
2854,1570.56791300357
2855,2128.10249838531
2856,1499.92586044362
2857,1654.07816565037
2858,1791.04505833983
2859,1646.49570047855
2860,1570.85810947418
2861,1568.848992974
2862,1388.85173282819
2863,1703.86304887896
2864,1732.72630620003
2865,1698.89624170851
2866,1873.89211823046
2867,2233.1862284597
2868,2049.31718726316
2869,2212.35375785828
2870,1984.69677612185
2871,2002.48246338964
2872,1918.5910397172
2873,1986.86998575926
2874,1712.55717407167
2875,1805.54772552848
2876,1660.72481445147
2877,1331.67044520378
2878,1368.80984607246
2879,1038.38802367076
2880,1694.81787237525
2881,1928.33335570199
2882,1616.33595092408
2883,2458.67686172209
2884,1952.24273444712
2885,1397.01237334404
2886,1581.07000049343
2887,2015.9596186468
2888,1321.20458321207
2889,1313.02201847732
2890,1466.1319604693
2891,1458.70822868869
2892,998.413679304591
2893,1585.6715876013
2894,1434.51954095066
2895,1460.46481618285
2896,1824.3932441771
2897,1729.01807782054
2898,1841.17363137007
2899,2539.59019912034
2900,2712.80124381416
2901,2219.55582925305
2902,1899.60998494978
2903,2853.78116055842
2904,1603.23611432314
2905,1919.17207621969
2906,2044.92156220227
2907,1890.51310414076
2908,1577.37467042345
2909,2149.65193253756
2910,1622.24690629519
2911,1585.6387536265
2912,1559.99896035995
2913,1858.06606923044
2914,1388.35202085227
2915,1420.73647305369
2916,1691.22895330121
2917,1583.94762162864
2918,2126.52510110661
2919,1745.29069620371
2920,1444.45264135301
2921,1411.882350914
2922,1855.5412081182
2923,1732.96776300739
2924,1907.59139543399
2925,1619.09475591779
2926,1800.44293358922
2927,1368.81613121554
2928,1520.51389557123
2929,1483.32547545433
2930,1724.09371201694
2931,1649.2731706202
2932,1547.56216414273
2933,1532.40790235996
2934,1379.42190398276
2935,2180.90849143959
2936,1880.29573977599
2937,1789.94020880753
2938,1616.62188069522
2939,1920.39439015836
2940,1392.38053381443
2941,1367.71779171214
2942,1567.60010330379
2943,1351.14874298871
2944,1843.8037282899
2945,1708.07454942251
2946,1740.30017770338
2947,2138.64800787997
2948,1644.6241465956
2949,1258.38192743063
2950,1043.34346722811
2951,1691.69648870826
2952,1943.13445171714
2953,1791.68571609259
2954,1838.00598227978
2955,2377.35301536322
2956,1609.27750256658
2957,2264.33083236217
2958,2002.59575256705
2959,2126.32193219662
2960,1686.91563596379
2961,1693.00461387634
2962,1647.76765137911
2963,1752.82898280025
2964,1750.41437871451
2965,1362.68619638681
2966,1882.53978855908
2967,1465.31280478835
2968,1955.99897903204
2969,1846.8005990386
2970,1530.18211483955
2971,1747.01195389032
2972,1760.05308735371
2973,2040.47715008259
2974,1242.48678001016
2975,1420.23247534037
2976,1160.8755774498
2977,1649.85456001759
2978,1456.13866215944
2979,1786.39770019054
2980,1603.06082653999
2981,2250.12416008115
2982,1939.33975231647
2983,1828.75604277849
2984,1536.6404042244
2985,1621.27878013253
2986,2188.05989551544
2987,1363.26680654287
2988,1956.80486643314
2989,1511.34225636721
2990,2015.06274241209
2991,2051.38033634424
2992,1643.6322556138
2993,2054.13112282753
2994,1703.87642127275
2995,1312.27539640665
2996,1777.78854852915
2997,1341.10635250807
2998,1667.83784097433
2999,1487.55402708054
3000,1996.3106691055
3001,1436.82008326054
3002,1550.01248509437
3003,1355.11241826043
3004,1667.10475164652
3005,2066.86242467165
3006,2238.02330422401
3007,1718.73435342312
3008,2910.3052806164
3009,1886.04705786705
3010,2789.60234555602
3011,1633.94126296043
3012,1576.29617342353
3013,2003.12602049112
3014,1488.86772215366
3015,1825.06066679955
3016,1476.0159163475
3017,1515.27115160227
3018,1667.85231545568
3019,2176.27562701702
3020,1629.40116524696
3021,1119.87310042977
3022,1743.10418093204
3023,1590.14923173934
3024,2352.74587005377
3025,1095.66120890528
3026,2545.57339632511
3027,2089.19006931782
3028,1864.52966201305
3029,1977.3998451829
3030,2243.64331531525
3031,1600.93032705784
3032,1675.09253907204
3033,2342.23339320719
3034,1639.26464530826
3035,1475.26384037733
3036,1568.32625451684
3037,1536.80987071991
3038,1826.66640508175
3039,2399.19856768847
3040,1748.68393352628
3041,1343.68268704414
3042,2519.32682218909
3043,2106.98406124115
3044,1621.94245147705
3045,1858.62549765408
3046,2103.98902648687
3047,2696.9201233983
3048,1511.77559393644
3049,1816.94488212094
3050,1920.76775115728
3051,2117.01314838231
3052,2234.48353222013
3053,2115.17955589294
3054,1613.97551167011
3055,2109.12527370453
3056,2006.15830790997
3057,1425.7329454422
3058,1673.04951572418
3059,1442.48394024372
3060,2012.33411508799
3061,1666.69728934765
3062,1837.66739141941
3063,1940.9124058485
3064,1980.05102926493
3065,1498.82123303413
3066,1610.43432050943
3067,1563.51754897833
3068,2087.11520248652
3069,1586.80327099562
3070,1543.61557638645
3071,1459.78105974197
3072,1676.56057059765
3073,1460.38268779218
3074,1875.42899253964
3075,1310.27964535356
3076,1992.69652527571
3077,1907.58947642794
3078,1531.43067723513
3079,1268.97039812803
3080,1899.63214096427
3081,1860.16060191393
3082,1675.3095241636
3083,1644.04299768806
3084,1967.21307700872
3085,2204.72408652306
3086,1616.74008476734
3087,1911.880197227
3088,1751.71363598108
3089,1356.05188584328
3090,1547.07958036661
3091,1493.89941877127
3092,1782.34549745917
3093,1194.30032116175
3094,1477.77406477928
3095,1802.37222713232
3096,1903.10055166483
3097,1926.1421905458
3098,1570.77558672428
3099,2571.37117323279
3100,1837.58146235347
3101,1428.12510295212
3102,2268.17311741412
3103,2142.12208898365
3104,1760.99817365408
3105,1665.829219684
3106,1811.6171400547
3107,2120.34855437279
3108,1527.29378676414
3109,2133.32030040026
3110,1571.95885118842
3111,1627.43618398905
3112,1473.71322762966
3113,1655.05213662982
3114,1806.80338412523
3115,1974.08646547794
3116,1783.07054334879
3117,1262.95757746696
3118,1884.35982513428
3119,2957.39692938328
3120,2168.57810711861
3121,1295.77123963833
3122,1881.25803744793
3123,1753.11889544874
3124,1479.2504439652
3125,1931.04400755027
3126,2080.22257764637
3127,1844.62533301301
3128,1489.79467728548
3129,2143.76499800384
3130,1627.31423709169
3131,1235.45038503408
3132,2049.84540885687
3133,1540.3263597414
3134,1989.51803708076
3135,1614.98346400261
3136,1667.74621462822
3137,1528.17273905835
3138,2005.87131363153
3139,1559.6596910283
3140,2144.99265766144
3141,1823.49193543196
3142,1970.10068160295
3143,1683.40504805744
3144,1969.75176420808
3145,2066.63522189856
3146,1723.31095030904
3147,2283.68009459972
3148,2011.50591105223
3149,1758.09452819824
3150,1499.28956788778
3151,1627.15850734711
3152,1793.051856637
3153,2064.44377267361
3154,1471.49193012714
3155,1777.57197673619
3156,2001.62933844328
3157,1695.68250183202
3158,1724.93497154117
3159,1603.58690445311
3160,1712.86256811023
3161,1628.23287886381
3162,2006.13428273797
3163,1600.17463164032
3164,1907.35741171241
3165,1907.1282197237
3166,1650.7974882733
3167,1686.02012380958
3168,1850.03736040741
3169,1532.25634548068
3170,1615.29395407438
3171,1859.54851272702
3172,1657.42392289061
3173,1351.38409620611
3174,1332.78905498981
3175,1862.42595044523
3176,2493.35033765435
3177,2024.8954577148
3178,1967.66116136994
3179,1643.02265577763
3180,4882.32946902514
3181,2335.49594053626
3182,1546.45768517256
3183,1336.44315245748
3184,1711.81599983573
3185,1990.59811291099
3186,2185.27391687036
3187,1581.28447604179
3188,1440.04055652022
3189,1771.40321069706
3190,1676.00004991889
3191,1484.63610315323
3192,1402.24291539192
3193,1971.27809553966
3194,1482.61962760985
3195,1649.9706338942
3196,1744.52994403243
3197,1544.23448258809
3198,1750.54320820421
3199,1515.09630912542
3200,1799.88208011538
3201,1817.57928158343
3202,1938.40419024229
3203,1557.64293551681
3204,1509.22560161352
3205,1769.41273423284
3206,2103.33818426332
3207,1392.22848713398
3208,2024.15201568604
3209,1533.39725238085
3210,1681.07551626861
3211,2035.91778697073
3212,2442.79836821556
3213,2057.8902259022
3214,1849.097202003
3215,1578.78186137974
3216,1651.08376052976
3217,2236.48059725761
3218,2195.90124580264
3219,1857.00427937508
3220,1640.81491568685
3221,1829.31351071596
3222,1686.43713188171
3223,1563.11908495426
3224,4019.87526915967
3225,2153.68331745267
3226,1278.12279853225
3227,1745.76070402563
3228,1435.32731691003
3229,2331.03688137233
3230,1818.65275487304
3231,2011.31323230267
3232,1966.63613370061
3233,2321.59015268087
3234,1665.49501973391
3235,1581.05628108978
3236,1541.7670378089
3237,1455.61617001891
3238,1677.86793762445
3239,1708.88007849455
3240,1754.57876138389
3241,1702.60055577755
3242,1448.79411101341
3243,1545.21822166443
3244,3039.29532183707
3245,2367.76530127972
3246,1793.82691019773
3247,1524.96143884771
3248,1871.91779543459
3249,1407.55646510422
3250,1590.26884406805
3251,1449.71256583929
3252,1626.50424687564
3253,1753.99894851446
3254,1521.86339241266
3255,1775.86185508966
3256,1819.5208248198
3257,1595.3123775823
3258,1632.36763879657
3259,1679.96965020336
3260,1464.62809726596
3261,1661.27466890216
3262,1565.02741956711
3263,1527.34630137682
3264,1452.68013650179
3265,2115.06247359514
3266,1743.81794452667
3267,2119.83987732232
3268,1455.19470250607
3269,1891.38143670559
3270,1343.12000536919
3271,1495.89177324506
3272,1955.91444534063
3273,1789.20415429154
3274,1660.99834653735
3275,1478.03293674262
3276,1536.07981713116
3277,1445.62725568429
3278,1629.04062397406
3279,2331.75346496701
3280,1699.18769752979
3281,2109.38505709125
3282,1849.35574698448
3283,1881.08009713702
3284,2138.42041633278
3285,1782.28750932217
3286,1883.28238704801
3287,1869.26403081417
3288,1638.59249314666
3289,1349.97816319231
3290,1776.7127811539
3291,1661.45227852464
3292,1432.95231485142
3293,1854.0776385546
3294,2800.92420889437
3295,1662.78768461943
3296,1613.54980963469
3297,1998.19198048115
3298,1698.80249422789
3299,1762.24394130707
3300,1502.66914188862
3301,1880.04927846789
3302,1991.44349419103
3303,1671.20303661935
3304,1523.76235505939
3305,2469.5693860054
3306,1689.08288359642
3307,1950.52737605572
3308,1566.11065363884
3309,1793.37414014339
3310,1931.4630305022
3311,1594.06171694398
3312,1339.62505283952
3313,2161.68429839611
3314,2329.24934853613
3315,2063.5154851526
3316,1981.6543451004
3317,1213.0949228704
3318,818.601326704025
3319,1624.87436976284
3320,1164.60376805067
3321,2132.4900124073
3322,1876.63926419616
3323,1653.14453703165
3324,1645.84245151281
3325,1855.77970458567
3326,1423.05921262503
3327,1297.01356501877
3328,1209.92220708728
3329,1540.1264000386
3330,1650.48516339064
3331,1540.24170315266
3332,2549.42103490233
3333,1667.42739024758
3334,1899.99339440465
3335,1819.86847326159
3336,1840.02702617645
3337,1680.20183598995
3338,1830.42262484878
3339,1710.26716539264
3340,2178.85070825368
3341,1777.47383945435
3342,2182.8659638688
3343,1864.50949326064
3344,1417.02982940339
3345,1583.5882769227
3346,1825.61677084162
3347,1503.0210288465
3348,1291.23121510353
3349,1556.75112736691
3350,1682.88869792968
3351,1567.600298509
3352,1453.79202419519
3353,1820.25070220639
3354,2019.73324351013
3355,1549.7782111913
3356,1458.00149014592
3357,1485.03119307756
3358,1602.69902294874
3359,1856.09272289713
3360,2001.85250730813
3361,1724.02233117819
3362,2015.10106758132
3363,1801.34988325834
3364,2083.25287903845
3365,1791.28994438052
3366,1643.13565281752
3367,1736.00439391005
3368,1835.59919600561
3369,1614.04076910019
3370,1936.44786131382
3371,1673.47642758489
3372,1979.43986080633
3373,1703.70874345303
3374,1494.21831322508
3375,2074.60313293338
3376,2054.52648696303
3377,1871.27738261223
3378,2195.22203357679
3379,2021.68603987251
3380,1736.05941256881
3381,1134.0944378078
3382,1785.00701538218
3383,1738.16759686172
3384,1555.49611938
3385,1812.85961276293
3386,1947.8339998275
3387,1455.88965763568
3388,1451.36863543093
3389,1325.56645449919
3390,1512.02124748984
3391,1886.51704249702
3392,1596.24726437777
3393,1788.03066408634
3394,1934.59547841322
3395,1665.49944867862
3396,1431.10540381446
3397,2115.79288837872
3398,1894.18698367104
3399,1227.68029177934
3400,1387.85943010381
3401,1374.39439977083
3402,3239.4889735317
3403,1240.73486217856
3404,1575.45884887874
3405,1896.92207222059
3406,1476.49358454696
3407,2498.43385202624
3408,1712.15227665752
3409,4371.63231833992
3410,1984.56475719686
3411,1461.95001789927
3412,1750.73974770308
3413,1136.37573632598
3414,1070.54013158567
3415,2390.42586457729
3416,2655.55854398012
3417,2082.49700641632
3418,2012.38816827536
3419,2080.32193553448
3420,3427.07327163219
3421,2091.31905019283
3422,2020.25291021168
3423,1230.84652217664
3424,2040.76442210315
3425,1827.92068811506
3426,2469.57619222999
3427,2097.30078167072
3428,2556.55961030722
3429,2767.28282725811
3430,2268.4859136939
3431,1838.19658255577
3432,2066.24682536721
3433,2684.68201631308
3434,2001.67096835375
3435,1733.07074934244
3436,1806.02243047953
3437,1521.84338719264
3438,1864.35513084382
3439,2403.91942144713
3440,1839.32876238227
3441,1894.36741969083
3442,1611.41427845508
3443,1436.18927550316
3444,2253.65446424484
3445,1878.3497030139
3446,1812.46475362778
3447,2612.03433004022
3448,1853.86903321743
3449,2371.3524350524
3450,1755.52877216786
3451,1712.6240824014
3452,1431.70332504809
3453,1928.58992248774
3454,1933.37214368582
3455,2440.04709457606
3456,2190.03680932522
3457,2336.92057752609
3458,2400.4034819603
3459,2179.3438158296
3460,2135.27576312795
3461,2253.03048244119
3462,2748.531568259
3463,2299.54955500498
3464,1761.2151941061
3465,1625.48311665654
3466,2285.15999186039
3467,2251.157431826
3468,2061.58961955644
3469,1641.03851201385
3470,1873.69975495338
3471,1917.09615834057
3472,2832.17185100913
3473,2046.90609848499
3474,1628.41784460843
3475,1745.03750538826
3476,1339.43374103308
3477,1878.61862540245
3478,1863.35347753763
3479,1949.94602906704
3480,1968.24998819828
3481,2219.35732364655
3482,1821.70260733366
3483,2451.49204879999
3484,1686.68392467499
3485,1710.14674884081
3486,2196.89806556702
3487,2573.91033887863
3488,2472.13912653923
3489,1847.35386776924
3490,2093.42772197723
3491,1975.2804261446
3492,2485.3940962553
3493,1997.18671834469
3494,1781.33605736494
3495,2386.77838599682
3496,1608.61152464151
3497,2427.26041162014
3498,2867.23782257736
3499,2082.05925869942
3500,1450.60237674415
3501,2332.27794329077
3502,1969.35844545716
3503,2062.52245682478
3504,2096.27777513862
3505,1974.10806781054
3506,1553.61637604237
3507,2009.71749651432
3508,2013.8406287767
3509,1615.51149314642
3510,1950.07640078664
3511,2303.55924896896
3512,1636.90875267982
3513,2106.79663801193
3514,1579.32950421414
3515,2238.40348401666
3516,2137.47765445709
3517,1541.6977199614
3518,1663.97834706306
3519,1318.35158967972
3520,1855.25351065397
3521,2110.52944743633
3522,1882.73386871815
3523,1982.64479270577
3524,1963.27848672867
3525,2392.52157927305
3526,1840.42024207115
3527,2350.10428236425
3528,2209.58804433048
3529,2479.46478319168
3530,2681.048181355
3531,2387.76459050179
3532,1599.57636168599
3533,5576.70792503293
3534,1815.25739471614
3535,1728.30944240093
3536,2172.46435874701
3537,3283.72675472498
3538,2263.21334284544
3539,2511.06805217266
3540,1534.78043043613
3541,1840.93347629905
3542,1682.33093345165
3543,1747.97009217739
3544,2084.96285570413
3545,1323.0850456357
3546,1496.40439510345
3547,1837.20916444063
3548,1838.21188282967
3549,1800.34360659122
3550,1618.23235404491
3551,2513.45550644398
3552,2166.52226686478
3553,1830.45735830069
3554,1931.74107371923
3555,2263.97003796697
3556,1834.56799721718
3557,1956.92515780684
3558,2428.37286452955
3559,2153.0171455497
3560,1906.16974878311
3561,1490.92342879089
3562,2310.72688615322
3563,1694.89529597759
3564,2847.29401147366
3565,1869.92679440975
3566,1782.02342325449
3567,1484.63651511818
3568,1590.02143937349
3569,1956.43004065752
3570,1561.12149831653
3571,1805.81775015593
3572,2435.84905678034
3573,1695.70759564638
3574,1509.02791386843
3575,1743.49950659838
3576,2241.51858731778
3577,1560.53997427505
3578,1763.33163287654
3579,1910.6378522774
3580,2478.49804991484
3581,2000.80795904994
3582,2092.05683373287
3583,1759.8576541543
3584,1862.19242165983
3585,2699.01349851489
3586,1611.43957996368
3587,1777.69295366108
3588,1513.55765058473
3589,1736.91907668114
3590,1646.05930358171
3591,1884.60536454618
3592,2310.68322856724
3593,1721.31885838509
3594,1952.29728347063
3595,1822.51297200751
3596,1665.16708234779
3597,1781.02919557691
3598,1782.76087939739
3599,1886.40683186601
3600,1830.47010469031
3601,2154.77985227108
3602,1845.90990945697
3603,2048.4725291729
3604,2250.54275661707
3605,1892.84213155508
3606,3169.94206082821
3607,3083.62665390531
3608,1540.90378633261
3609,1616.74517171085
3610,1835.35940001679
3611,1539.2905100435
3612,1725.03745436668
3613,1565.60005450249
3614,1817.75228487578
3615,1763.36590099335
3616,1611.83914988774
3617,2578.79259013659
3618,2137.66862976765
3619,2548.87715268135
3620,2709.33649228909
3621,2057.06279936805
3622,2482.11555865407
3623,1604.43643829226
3624,1710.1318635121
3625,1905.13599779657
3626,1819.87999430299
3627,1422.78501633555
3628,1969.06635387533
3629,1252.65189491212
3630,1921.78298306465
3631,2567.02479237318
3632,2319.63411492109
3633,2070.81846418045
3634,1646.31279413402
3635,2472.08366198465
3636,2070.56279375334
3637,1692.78350436687
3638,2346.7736035157
3639,1938.08382174
3640,1474.9207662344
3641,1596.87526768446
3642,2530.61382619236
3643,1825.48988419771
3644,3826.07565808296
3645,1814.30806648731
3646,1703.04238331318
3647,1458.84914875031
3648,1504.1742207557
3649,1876.59915263951
3650,2161.72917824984
3651,1675.98762011994
3652,2200.99279081821
3653,2747.0325627625
3654,2544.69146840274
3655,2517.30180650856
3656,2277.12819224782
3657,2102.2151138112
3658,2085.95798820257
3659,1912.00360588299
3660,1430.25367098838
3661,1420.59758272158
3662,1606.42841234357
3663,1476.54344588518
3664,1637.15196009725
3665,1696.16300222278
3666,1856.53725494072
3667,2481.54699752022
3668,2263.02886421978
3669,1746.20994758606
3670,1959.69866645336
3671,2296.48674118519
3672,2361.27211302519
3673,2497.18950209022
3674,2648.62054783106
3675,1669.35058543086
3676,2114.21481893957
3677,1317.04686796665
3678,1753.90935397148
3679,2331.07611647239
3680,1924.62901132723
3681,2035.78913281113
3682,2085.59100729227
3683,2085.06032073498
3684,2278.8497415185
3685,1741.47574916482
3686,2893.17914226461
3687,2000.14474382684
3688,1660.36628179997
3689,1891.96414017677
3690,1931.2905831039
3691,1853.60144800693
3692,1444.59160866868
3693,2161.67440119386
3694,1737.07802209258
3695,1487.61119583249
3696,1910.84765331447
3697,1698.07400137186
3698,2185.94403344393
3699,2478.1202775836
3700,1961.081698291
3701,2340.6691048968
3702,1544.08533014357
3703,1673.39401438832
3704,1820.93931558728
3705,1651.71875976771
3706,1533.68088799688
3707,2251.89981117082
3708,1427.85692606723
3709,1416.67450059189
3710,1576.00245778821
3711,1330.72159980125
3712,1245.03736087165
3713,1719.85694572795
3714,1199.84750774503
3715,1845.01036048375
3716,1626.43862758577
3717,1156.90581935029
3718,1492.63654816187
3719,1299.8305175351
3720,1867.0419036448
3721,1733.03351518087
3722,1952.14846180429
3723,1894.43059998751
3724,1915.25231152773
3725,1805.03790552303
3726,1555.47331087291
3727,1755.85454395413
3728,1948.79044853151
3729,1684.65019789338
3730,1611.02955690421
3731,1887.49675990984
3732,1868.90092008862
3733,2509.89131307618
3734,1611.61673790861
3735,1804.49901835353
3736,2005.2878638217
3737,1169.72138667345
3738,1612.11240395159
3739,1826.27170513911
3740,1807.55325157195
3741,1654.6331537575
3742,1737.21342466763
3743,1857.30968985624
3744,1713.07481416687
3745,1695.18401122652
3746,1888.56034021825
3747,1859.11228441074
3748,1451.82390256412
3749,1210.31736792624
3750,1837.78099579227
3751,1704.0021260022
3752,1324.47241917625
3753,1941.74583526536
3754,1854.84905101359
3755,2166.10109114647
3756,1820.01122790575
3757,1579.92602044335
3758,1717.74892775252
3759,2578.0459163934
3760,1531.87604810297
3761,1936.7496644035
3762,1824.98147788644
3763,1765.19161851926
3764,1701.60813695192
3765,1511.45125953853
3766,1603.20415420551
3767,1320.8949829274
3768,1575.15446226276
3769,1457.64058406551
3770,1768.42170138657
3771,1727.26010048389
3772,1606.55081471801
3773,1809.91848909855
3774,1625.01513242722
3775,1777.3005387534
3776,1917.99486142397
3777,1807.71276333928
3778,1648.7401009798
3779,1446.49207544027
3780,1369.69961546361
3781,1604.52736499906
3782,1829.01620784029
3783,1389.77791178226
3784,1911.33696781099
3785,1933.94989435282
3786,1677.08432311006
3787,1615.41612556798
3788,1749.63785088062
3789,1562.22151815891
3790,1735.60379869991
3791,1776.02405054215
3792,1716.84096759558
3793,1338.34410736344
3794,1716.73020640016
3795,1764.28415263258
3796,1529.34200394154
3797,1883.40231072903
3798,1971.52724091709
3799,1911.03795483708
3800,1644.51233344013
3801,1656.28968656063
3802,1808.16142874956
3803,2080.54065156738
3804,1780.96928172703
3805,1607.1999655962
3806,1844.60208235262
3807,2213.677725795
3808,1529.15905452147
3809,1589.93811058998
3810,1908.97256719228
3811,1469.9332885021
3812,1991.16941186786
3813,1812.86479862034
3814,1345.61905032396
3815,1831.69805240638
3816,1747.0599508211
3817,1365.66905583814
3818,1705.30195137377
3819,1604.39214450121
3820,1442.93788972311
3821,1588.07737204432
3822,1595.9529298842
3823,2017.71108520031
3824,1588.52836045623
3825,1643.57927985489
3826,2000.80839163065
3827,1993.39764928818
3828,2337.86963236332
3829,1976.0305672884
3830,1370.9208612442
3831,2205.38404136896
3832,2091.38473546505
3833,1733.54640197754
3834,1954.21923947334
3835,2152.97408008575
3836,1955.38651108742
3837,2164.84094083309
3838,1722.11418735981
3839,1321.79342901707
3840,1553.50421136618
3841,1634.3354741931
3842,2390.06337893009
3843,2082.03265567247
3844,2165.45731556416
3845,1771.63570266962
3846,2678.04556074739
3847,1731.68431190425
3848,1256.26474496629
3849,1850.24107539654
3850,1374.12191855907
3851,1351.53161418438
3852,2135.88283652067
3853,1630.36801099777
3854,1949.1193806529
3855,1940.12924772501
3856,1375.34398055077
3857,1870.64991504609
3858,2235.03735483438
3859,1312.39167679101
3860,1684.21726245433
3861,1934.45370846987
3862,1874.90655760156
3863,1588.15997492816
3864,1617.16408127546
3865,2079.2051666081
3866,1526.81013870239
3867,1907.51493060589
3868,1636.64832317829
3869,1910.24835324287
3870,1853.04750883579
3871,1983.45038187504
3872,2388.29064440727
3873,1440.47682380676
3874,3739.45558562763
3875,2124.28392523527
3876,900.49740973115
3877,956.6144143641
3878,2819.57991891354
3879,1873.56469143648
3880,1457.1296133399
3881,1664.41473066807
3882,1453.04849264026
3883,1278.0873196125
3884,1917.941670537
3885,2399.91460454464
3886,2054.52964711189
3887,2566.95860922337
3888,2481.18188399076
3889,1402.82191076875
3890,2026.61301401258
3891,1836.86864578724
3892,2362.37351414561
3893,1966.35546393692
3894,1510.05548065901
3895,2613.56516785361
3896,2433.89754143357
3897,2053.35520738363
3898,1595.12374901772
3899,1481.00363266468
3900,1560.90275007486
3901,1770.27086773515
3902,1257.86153841019
3903,1203.64365631342
3904,1380.24049651623
3905,1567.87758880854
3906,1785.99686977267
3907,1758.74787312074
3908,1709.01289845191
3909,1638.5667168498
3910,2739.91999590397
3911,2033.34516298771
3912,2064.83477157354
3913,1440.07858800888
3914,1915.67123347521
3915,1561.66902863979
3916,2118.83099615574
3917,2343.49181440473
3918,1669.9216376543
3919,1657.05670678616
3920,1938.65733549248
3921,2654.25202939761
3922,1719.09675921129
3923,1858.25206269929
3924,2106.17021934688
3925,1403.52756670071
3926,2035.31030578911
3927,3477.54077935964
3928,1921.1612983346
3929,1601.91716656089
3930,2554.20339742538
3931,2145.65161961317
3932,1455.69337466359
3933,1501.78816591948
3934,2876.885277831
3935,1513.39024999272
3936,2281.02080743015
3937,1380.09099687636
3938,1732.6272854954
3939,1894.42108130455
3940,2263.58386716247
3941,2247.63160544634
3942,1556.27108389139
3943,2040.06550994515
3944,1494.31878489256
3945,1844.98368859291
3946,1529.67838692665
3947,1212.68250983953
3948,1031.81364160776
3949,1979.8269340992
3950,1190.46763190627
3951,2027.02414290607
3952,1407.40849110484
3953,1641.49130177498
3954,1216.39543506503
3955,1988.62348169088
3956,1618.91700296849
3957,1360.18646224961
3958,1477.15271624923
3959,2468.50743572414
3960,2344.36603890359
3961,2050.68383681774
3962,1957.15894693664
3963,1443.27156788111
3964,1706.51920580864
3965,1912.86331799626
3966,2038.22057959437
3967,1902.18517538905
3968,1395.0737196207
3969,2119.70342123508
3970,2382.84866660833
3971,2061.80183643103
3972,1406.95421780369
3973,1851.10886383057
3974,1520.80982632935
3975,1664.99094180763
3976,1735.26784266531
3977,1875.24791226536
3978,1720.59442856372
3979,2662.45118723058
3980,1755.74256663024
3981,1330.83007136639
3982,1687.88034473732
3983,1455.52984438837
3984,1147.88096298277
3985,1390.06441149116
3986,1301.2048873048
3987,1356.92164696753
3988,1825.59419193709
3989,2640.59999745339
3990,1939.44744244218
3991,1323.54148458114
3992,1451.52446779236
3993,1058.99032798409
3994,1227.11625299975
3995,1895.60047813505
3996,1944.95566936582
3997,1526.78361672163
3998,1473.58896496892
3999,1624.84062533081
4000,1910.88510635495
4001,1200.57777011395
4002,1672.28511016816
4003,1688.92796093225
4004,1548.99461233616
4005,1608.50115943636
4006,1665.79824501276
4007,1485.58793336153
4008,1957.8346792385
4009,1687.6528443016
4010,1460.72086203098
4011,2187.45897306057
4012,1702.56993618944
4013,1780.7698905319
4014,1757.05658576242
4015,1658.73126165941
4016,1799.17623879756
4017,1851.36935807765
4018,1509.23726867139
4019,1362.24655020237
4020,1851.9386562109
4021,1499.75565829873
4022,1483.57768981904
4023,1454.52777929604
4024,1494.5246180892
4025,2155.36310063116
4026,2095.43543018401
4027,1729.95226430893
4028,1556.05705532432
4029,1622.6923212409
4030,1330.26788717508
4031,2080.99879178405
4032,1940.82628176361
4033,1773.66268801689
4034,1477.56789064407
4035,1537.90736067295
4036,1628.39926639199
4037,1415.39745069295
4038,1819.97002874315
4039,2091.44890677929
4040,1646.56018713117
4041,1735.19435808063
4042,1823.68754413724
4043,1866.128028512
4044,2864.5340584442
4045,1657.07675504684
4046,1801.05998708401
4047,2261.18147094827
4048,2115.22604084015
4049,1709.81402568519
4050,1869.49023556709
4051,2045.10096174479
4052,1999.70599240065
4053,1571.47196958959
4054,2025.40510639548
4055,1651.39527964592
4056,1809.02510203421
4057,1898.01415252686
4058,2123.52716743946
4059,1315.28598070145
4060,1563.97631588578
4061,1748.25994414836
4062,1786.41396939754
4063,1577.17344397679
4064,1848.66844341159
4065,1829.99333116412
4066,1637.71725058556
4067,1473.97531889379
4068,1708.57529458404
4069,1546.09235936403
4070,1689.5944019258
4071,1488.73147332668
4072,2153.75437572598
4073,1733.51902236059
4074,1983.62994921207
4075,1613.27308130264
4076,1607.82977443933
4077,1741.57424987581
4078,1483.97380197048
4079,1827.76778197289
4080,2127.65220484138
4081,1800.36524620652
4082,1920.10442048684
4083,1529.37116955966
4084,1551.92778638005
4085,1604.37656400353
4086,1865.83543480048
4087,1591.95148811182
4088,2191.25341828788
4089,1977.8307569623
4090,2760.84601073712
4091,2173.93606145307
4092,1587.44606989622
4093,1630.49194817245
4094,1863.04895272084
4095,2731.12397856265
4096,1679.61103060842
4097,1675.94461347163
4098,1805.2261621505
4099,2478.81931430101
4100,2088.09011632204
4101,1687.77862501144
4102,1547.37742829323
4103,1590.53539067507
4104,1471.40403625369
4105,1900.661585778
4106,1860.78113996983
4107,2187.61441957951
4108,1590.75306236744
4109,1482.03883671761
4110,2095.02610999346
4111,1449.58471888304
4112,1920.46049141884
4113,1671.75838661194
4114,1587.66912001371
4115,5370.72731662344
4116,1316.90761150335
4117,2725.09460374434
4118,1838.10902666673
4119,2784.37117275596
4120,2107.19757081568
4121,2645.69526331127
4122,2270.09138401884
4123,3297.86418215558
4124,2169.22313535213
4125,2346.57200169563
4126,2057.85629916191
4127,1635.99342489243
4128,2070.56903395057
4129,1465.82993847132
4130,1920.35064736009
4131,1418.9337445274
4132,3878.91033760435
4133,1055.13012218475
4134,1805.8141617775
4135,1133.60438019037
4136,5642.23289150372
4137,2341.02480751276
4138,1361.88302561641
4139,1745.8831987381
4140,6520.94973957539
4141,2059.71364277601
4142,1931.27672964334
4143,2585.66203646641
4144,4305.07100737095
4145,2295.29139971733
4146,1583.46774154529
4147,1962.16399279237
4148,2970.63134872913
4149,2654.21045809984
4150,3552.71774327755
4151,2951.93192952871
4152,3476.62048757076
4153,1578.14045637846
4154,1529.3575194031
4155,2453.12402889132
4156,1287.11141292751
4157,1878.35314279795
4158,1760.71426290274
4159,2027.8583933115
4160,2259.34123715758
4161,1359.75175720453
4162,1485.69669789076
4163,1749.90116047859
4164,2362.74238621676
4165,1620.84097802639
4166,2627.33296893165
4167,3247.70526297484
4168,2437.72198483348
4169,2419.35936266184
4170,3470.6018306911
4171,1871.93123483658
4172,2504.11095112562
4173,1679.6991908215
4174,2268.90721639991
4175,1751.36595927179
4176,1747.29214279562
4177,1759.27884803712
4178,3749.03980740905
4179,3016.5582651794
4180,2787.24917009473
4181,2165.48029589653
4182,1420.90730232
4183,2553.04767775536
4184,1665.69738823175
4185,1455.26484054327
4186,1989.4032265842
4187,2461.32366382028
4188,2678.85915660858
4189,1617.96366786957
4190,2046.91900658607
4191,1856.49407382862
4192,1531.37851732969
4193,1382.84339940548
4194,1755.36375159025
4195,1507.81780946255
4196,3178.56807432545
4197,1996.13072538376
4198,1948.19194543362
4199,1836.74753588438
4200,1644.73663239181
4201,1718.54679369926
4202,2781.17556220293
4203,1882.55773198605
4204,1664.5051047802
4205,1322.72042560577
4206,1712.6475288868
4207,1332.80203396082
4208,1978.39402246475
4209,686.732418417931
4210,3885.34623175859
4211,1207.54474163055
4212,2685.70126271248
4213,2355.64043992758
4214,1677.94884046912
4215,1644.47029262781
4216,1852.67044132948
4217,2757.90355837345
4218,1068.88850158453
4219,1112.09735244513
4220,2053.72990804911
4221,1630.15854567289
4222,1864.32574731112
4223,1610.58775106072
4224,1660.36886072159
4225,1674.41845691204
4226,1690.66473168135
4227,1676.83178400993
4228,1611.25456482172
4229,1662.31599885225
4230,1791.76595270634
4231,1796.92580470443
4232,2223.73314061575
4233,2061.37039339542
4234,2290.93360550702
4235,2108.24458429404
4236,1930.3551389724
4237,1225.18067848682
4238,1741.33267253637
4239,2313.74343001097
4240,2745.18621382117
4241,1526.93462291018
4242,1745.53891829774
4243,1736.94150601241
4244,1910.53030254894
4245,1899.55538167923
4246,2015.00627323985
4247,1489.37049517035
4248,1645.34347746102
4249,1754.54686557688
4250,1754.11270672083
4251,1690.926900208
4252,1577.69441577792
4253,1281.14978117053
4254,1514.64422326511
4255,1671.77251214022
4256,2388.24212031066
4257,2311.28947597742
4258,2104.44775357551
4259,1693.66742438078
4260,2367.28254821897
4261,1765.36327844858
4262,1919.90533262491
4263,1626.51684331894
4264,1486.73514783382
4265,1707.75217485428
4266,2105.25787052512
4267,1884.54395782948
4268,1907.89970684052
4269,1830.75004264982
4270,2180.92302438617
4271,2020.58908602595
4272,1618.83790878917
4273,2041.48613253236
4274,1596.48319664598
4275,1828.99534072261
4276,2023.82766128518
4277,1430.69192015037
4278,1770.48256452839
4279,1459.03698047728
4280,1879.70209119073
4281,1760.92408900792
4282,1659.09812771209
4283,2649.13772708926
4284,2531.01922765374
4285,2131.85981723666
4286,2182.70545065403
4287,1430.52517774783
4288,2119.53195023537
4289,2540.96533542126
4290,1955.73969184587
4291,1752.37943714431
4292,2044.17230755091
4293,2849.48466185264
4294,1872.81105554104
4295,2652.14749034122
4296,2624.60784983635
4297,1570.69410157204
4298,1753.25267773867
4299,1187.32749277353
4300,1943.24312216043
4301,1929.15769031644
4302,2391.6235817878
4303,1683.59071657062
4304,1850.94179546833
4305,1386.74033351524
4306,1825.67613024265
4307,1604.55008922517
4308,1808.55431805784
4309,1965.16641136631
4310,2021.97970468551
4311,2521.66929799318
4312,2306.34664797783
4313,2344.7563906312
4314,3655.36586452188
4315,1946.93547725677
4316,1934.53082872182
4317,1907.10420101881
4318,2093.84424318373
4319,2155.53920080387
4320,1565.73029962182
4321,2497.10048791021
4322,2605.89094630629
4323,2366.7952824533
4324,2158.47104138092
4325,2257.20501738787
4326,1759.39485099912
4327,1947.50048816204
4328,2069.69010325521
4329,1576.32525035739
4330,2153.85919263959
4331,1694.14917437732
4332,1405.48966026306
4333,2428.89243400097
4334,2905.07054534554
4335,1892.8204869628
4336,2562.82733029127
4337,1718.64612805843
4338,2221.56285401923
4339,2150.71375787258
4340,1708.09643430368
4341,1641.61877627019
4342,1652.25162011385
4343,1635.47518441919
4344,2340.38671553135
4345,1900.6022981666
4346,1430.1315106824
4347,1770.62679231167
4348,2299.73807388544
4349,1676.71639281511
4350,2208.04758125544
4351,2750.48894898128
4352,2524.19572293758
4353,1928.91664290428
4354,1671.66592627764
4355,1796.55395558476
4356,1849.31143385172
4357,2195.75204825401
4358,1575.07254644415
4359,1682.71770414534
4360,1706.62683802843
4361,1921.59190297127
4362,1887.55312365294
4363,1619.58758687973
4364,2028.50231650472
4365,1646.49115604162
4366,1689.41327338546
4367,1977.47052533366
4368,1559.58464542031
4369,1423.78434294462
4370,1611.46611523628
4371,1679.40314233303
4372,1743.79721364379
4373,1906.63130221419
4374,1705.21450524847
4375,2009.48495602608
4376,1223.09195079206
4377,1288.05736446381
4378,1407.89062339067
4379,1354.18768298405
4380,1792.10725334287
4381,1909.23698234186
4382,1935.35507093091
4383,1945.48998883367
4384,1664.18201509118
4385,1634.25988395512
4386,1673.17535379529
4387,1579.87620078027
4388,1830.68716490269
4389,1545.37761944532
4390,1674.59639975219
4391,1502.97626492381
4392,1753.22653573751
4393,1660.91354084015
4394,1650.71949768066
4395,1783.51772605069
4396,2440.17698049545
4397,2392.06091594696
4398,2062.69246506691
4399,2758.37453444395
4400,1616.00544089079
4401,1792.9968932569
4402,1552.5328207016
4403,1819.89307415485
4404,2188.87523263693
4405,1578.98866957426
4406,1735.54209302366
4407,1884.05700844526
4408,1969.03702419996
4409,1818.32592833042
4410,1461.03441917896
4411,2227.34334003925
4412,1792.94137406349
4413,1856.58973352239
4414,1564.1569160223
4415,1785.63529187441
4416,1814.22021758556
4417,1485.52754998207
4418,1737.61342942715
4419,2192.75211805105
4420,1695.0141581893
4421,1614.02455568314
4422,1535.17737418413
4423,1639.71762692928
4424,2393.58003719151
4425,1579.96040558815
4426,2454.6674830094
4427,2015.02180111408
4428,2546.25785082579
4429,1834.87377721071
4430,2154.38411319256
4431,1760.90769588947
4432,1504.63382139802
4433,1662.80493102968
4434,1581.79782983661
4435,1880.7612029314
4436,1501.31480789185
4437,1503.50636440516
4438,1932.46591764688
4439,1735.36755055189
4440,1291.76576507092
4441,1814.9522202611
4442,1960.50989085436
4443,1695.96891763061
4444,1745.88348357279
4445,1710.33895611018
4446,1776.9624876976
4447,1751.63371953368
4448,1901.98711763322
4449,1419.60824073665
4450,2569.11134491875
4451,5216.08396777883
4452,2233.38908931613
4453,2066.54198215902
4454,1786.22119277716
4455,1181.69100951776
4456,1764.28843790293
4457,1575.27103246842
4458,2665.85287312977
4459,1258.99467317015
4460,2165.50274159759
4461,1413.68176442
4462,1920.959829965
4463,1970.75484885727
4464,2031.10370859599
4465,1632.5227311952
4466,2315.88795816898
4467,2092.15925097466
4468,1764.89419925213
4469,2078.68883177638
4470,1951.78599185497
4471,1580.11071777344
4472,1428.85684812069
4473,1469.87345953286
4474,1987.20578819513
4475,1533.84751683474
4476,2105.08630764484
4477,1787.46394625306
4478,2096.50349906087
4479,2158.71518814564
4480,1671.97834026814
4481,1890.863302432
4482,1781.39776241779
4483,1926.10056700557
4484,1506.6171592474
4485,1869.13382514566
4486,2320.97151011229
4487,1536.74290567636
4488,2434.19376015663
4489,2782.48182709515
4490,2264.66452917457
4491,2014.58687866839
4492,1275.12784482373
4493,1498.07664993778
4494,2076.62744921446
4495,1486.72467171401
4496,1745.72293566167
4497,2165.37382741342
4498,1712.96345883608
4499,1540.88725268841
4500,1441.58631551266
4501,2097.3324354589
4502,1258.61797742546
4503,1994.09477871656
4504,1922.46538526553
4505,1754.016068995
4506,1614.90993906728
4507,1723.45035755634
4508,2188.21994329989
4509,1605.70564414561
4510,1593.9751105085
4511,2032.36401863117
4512,1319.49125171732
4513,1961.32567877509
4514,1573.35003648698
4515,2118.63654786348
4516,1926.44808572531
4517,1752.64333111048
4518,1887.70644964278
4519,1633.19211953273
4520,1421.45608896017
4521,1533.54839426279
4522,1671.99059435725
4523,1497.84921637923
4524,1144.78845067322
4525,1516.89207333326
4526,1603.84008769691
4527,1555.24558794498
4528,1924.78797590733
4529,2117.06548801064
4530,2364.86978890002
4531,2530.52374188602
4532,2117.24604525417
4533,2099.71991035342
4534,1427.00636491179
4535,2689.50965309143
4536,1318.22657588124
4537,2524.7917406559
4538,1483.81917834282
4539,1355.58153188229
4540,2001.77720850706
4541,2411.13746380806
4542,2269.05710893869
4543,1250.43181063235
4544,1406.65878967941
4545,1794.39367341995
4546,1472.35376361012
4547,1795.6636274159
4548,1761.15379537642
4549,1449.8348184824
4550,1487.98867219687
4551,952.651121199131
4552,1328.59861987829
4553,1312.53332161903
4554,1709.29694358818
4555,2331.27109140158
4556,1788.2298078537
4557,2180.7097774744
4558,1454.01642251015
4559,1463.18048024178
4560,2227.61197304726
4561,1670.85343134403
4562,1218.0659429431
4563,1822.34395477176
4564,1457.1473139748
4565,1475.42703341693
4566,1381.72077786922
4567,1440.97165572643
4568,1348.52198204398
4569,1601.14030184906
4570,1393.58385235261
4571,1121.55375065655
4572,1178.08801342745
4573,803.239475470036
4574,1399.01037687063
4575,1352.35219763219
4576,795.678052842617
4577,1282.56121951342
4578,1446.42387497425
4579,1263.38786908984
4580,2001.92027711868
4581,1452.00517141819
4582,1586.37341952324
4583,2903.22584092617
4584,2380.83840411901
4585,991.624630689621
4586,1714.14394550025
4587,2083.65454846621
4588,1362.68185335398
4589,1607.95613652468
4590,1588.8250785619
4591,1294.33037246764
4592,1073.55825972557
4593,1353.58906502277
4594,1850.9663592577
4595,1709.68423447013
4596,1164.43370183557
4597,1207.46851819754
4598,1903.77941823006
4599,2066.37195849419
4600,1921.91055315733
4601,2021.73895096779
4602,2577.09701454639
4603,2179.45791506767
4604,1709.69497936964
4605,1982.79596313345
4606,1966.10646031797
4607,1946.4709313012
4608,1428.42597666383
4609,940.29836666584
4610,1288.1240126794
4611,2422.7930688907
4612,632.119558766484
4613,2588.48443526724
4614,1649.98503036797
4615,1905.35275057121
4616,1773.59240043453
4617,1312.5141813457
4618,1678.8613217026
4619,597.442624211311
4620,1219.47907495499
4621,1131.5852817297
4622,1223.32397639751
4623,1343.59930956364
4624,1935.40703123808
4625,2234.89007347077
4626,1022.87097418308
4627,1849.59162414074
4628,1267.51355311275
4629,1757.69552397728
4630,1884.04796417058
4631,1840.57058495283
4632,1214.07027637959
4633,1754.56838417053
4634,1782.51855838299
4635,1881.5514459312
4636,1666.80270826817
4637,1289.77645525336
4638,1729.99439740181
4639,1344.93357416615
4640,1431.53724793345
4641,2339.63093227148
4642,1369.79034471512
4643,2395.14929354191
4644,883.593503117561
4645,1616.73562368751
4646,1614.93434241414
4647,1168.87805663049
4648,1674.5861710012
4649,1825.42645746507
4650,1854.67934199222
4651,1517.01667892933
4652,1784.67426467128
4653,1713.02906220965
4654,1800.03050500154
4655,1647.23176214099
4656,2491.55397987738
4657,2115.50563192368
4658,1582.56126755476
4659,1654.89255787549
4660,2142.11533817649
4661,1462.16459217668
4662,2008.25014711916
4663,2492.57110595517
4664,1879.6329985857
4665,1492.7251341939
4666,2015.89383726567
4667,1010.88578444719
4668,998.244436101755
4669,1997.998285532
4670,684.210961282253
4671,1573.85649755597
4672,869.67333984375
4673,3306.15430223942
4674,3976.30621683598
4675,1907.3843139419
4676,1503.46532300208
4677,1655.37189155817
4678,1587.16478659213
4679,1895.73798531294
4680,1872.98472464085
4681,2710.87786817923
4682,1783.1105170846
4683,2511.52495574951
4684,1769.11231228709
4685,1059.99613106251
4686,1355.75379233062
4687,1467.99937713146
4688,2334.93229904663
4689,2275.1270455718
4690,1840.48343539238
4691,1991.73794114817
4692,689.474177598953
4693,1027.92200332135
4694,1001.33143845201
4695,3538.34719013795
4696,974.56372835394
4697,2969.62818291143
4698,1452.08406549692
4699,1880.74313918874
4700,1811.42035926343
4701,1796.80432534218
4702,1902.2066141963
4703,1365.71278810501
4704,2283.1950429678
4705,1869.54721598327
4706,1005.73889380693
4707,870.705355631188
4708,1020.45764070749
4709,3117.42413783073
4710,661.510531723499
4711,1569.39685952663
4712,1585.68147653341
4713,1138.70401448011
4714,1476.08926439472
4715,1351.63486781716
4716,1834.09044122696
4717,1630.74192348123
4718,1018.45577996969
4719,3042.46469754524
4720,1688.43060589313
4721,1978.16633111238
4722,1753.19576147199
4723,2259.81302963197
4724,1997.16970100999
4725,1260.02183049917
4726,1107.67387717962
4727,1197.14314261079
4728,1727.96529876691
4729,1070.10296160728
4730,1857.06749743583
4731,2936.84976947308
4732,4504.38750207424
4733,1242.94745503366
4734,1491.45602035522
4735,1171.69461756945
4736,1816.97460731864
4737,1325.66374260187
4738,2916.33112342656
4739,1288.22469991446
4740,4917.70782285929
4741,950.010943174362
4742,2581.01052001119
4743,2322.98588955402
4744,3693.48441588134
4745,3482.64006796479
4746,1601.39844426513
4747,954.35207682848
4748,624.941017389297
4749,1915.06418865919
4750,1311.23631137609
4751,1356.62874129415
4752,2686.37899661064
4753,2045.28750547767
4754,963.51341933012
4755,1778.27791696787
4756,2318.68039119616
4757,1610.90089659393
4758,1802.52673942316
4759,1715.07926296443
4760,5720.69354235195
4761,2760.6174514275
4762,633.18502491503
4763,1370.98138666933
4764,2763.27677425975
4765,5695.64372056327
4766,3530.47825900838
4767,1748.5356125012
4768,696.832614779472
4769,2462.54515287732
4770,1473.06698333635
4771,14972.6297798753
4772,1824.59054502845
4773,3594.99640351906
4774,2042.36958493642
4775,2276.04586131126
4776,1487.18824511394
4777,1168.99843265116
4778,1274.88406223059
4779,2860.79906016588
4780,2029.36014238
4781,1250.2943020463
4782,1587.83047512919
4783,1004.27317477018
4784,1086.6203192845
4785,1048.04705372173
4786,1290.57585430145
4787,1108.0839355588
4788,855.139981925488
4789,1784.52652525902
4790,1682.22138559818
4791,807.433784484863
4792,1381.58771574497
4793,1565.5107063055
4794,706.04096019268
4795,1334.63660520315
4796,1566.25479626656
4797,941.448493659496
4798,1103.99772337079
4799,2490.22591114044
4800,3323.29712788091
4801,1195.80147884041
4802,1607.66460692883
4803,2102.24044618756
4804,1470.09026571177
4805,1282.16099703312
4806,1003.41756337881
4807,2220.51410217583
4808,2021.88645327091
4809,729.768702507019
4810,1504.73495650291
4811,1836.35349398851
4812,1898.86225086264
4813,4427.09710687771
4814,4806.88124649937
4815,6136.33769058628
4816,2894.48417618871
4817,1479.20229261369
4818,2368.90171610239
4819,2184.92424440384
4820,2416.80011790991
4821,386.162861026824
4822,4166.70848530438
4823,1482.79818734527
4824,1310.0365485549
4825,1943.85457260607
4826,2171.25707012415
4827,1855.04104684293
4828,1532.23871378021
4829,1438.78419596329
4830,2744.21029612049
4831,1252.49692000821
4832,1995.17928464065
4833,1918.58884644508
4834,2033.19540918246
4835,1745.60644239187
