LSOA11CD,LSOA11NM,population_2021
E01000001,City of London 001A,1224.90157958865
E01000002,City of London 001B,1630.78982855007
E01000003,City of London 001C,1145.36819040775
E01000005,City of London 001E,1470.74244387448
E01000006,Barking and Dagenham 016A,1845.75383645296
E01000007,Barking and Dagenham 015A,2801.09854507446
E01000008,Barking and Dagenham 015B,1616.80768504739
E01000009,Barking and Dagenham 016B,1890.3977894187
E01000010,Barking and Dagenham 015C,3505.68110117316
E01000011,Barking and Dagenham 016C,1550.3982346803
E01000012,Barking and Dagenham 015D,2457.15798398852
E01000013,Barking and Dagenham 013A,1914.66351532936
E01000014,Barking and Dagenham 013B,1608.94215412402
E01000015,Barking and Dagenham 009A,2316.24671792984
E01000016,Barking and Dagenham 009B,1677.48775519431
E01000017,Barking and Dagenham 009C,2007.15948778391
E01000018,Barking and Dagenham 009D,1885.20748537779
E01000019,Barking and Dagenham 023A,1644.67322400957
E01000020,Barking and Dagenham 023B,2208.08539360762
E01000021,Barking and Dagenham 008A,1856.04625871778
E01000022,Barking and Dagenham 008B,1580.9457410574
E01000023,Barking and Dagenham 008C,3943.32194621116
E01000024,Barking and Dagenham 008D,1628.80538022518
E01000025,Barking and Dagenham 008E,1793.20040678978
E01000027,Barking and Dagenham 001A,2292.21201021756
E01000028,Barking and Dagenham 001B,1416.39137303084
E01000029,Barking and Dagenham 001C,2161.09864225984
E01000030,Barking and Dagenham 001D,2330.49223200977
E01000031,Barking and Dagenham 002A,2153.39224982329
E01000032,Barking and Dagenham 002B,1952.19367280602
E01000033,Barking and Dagenham 006A,1241.11749452353
E01000034,Barking and Dagenham 003A,1916.02320311013
E01000035,Barking and Dagenham 010A,1934.73695425037
E01000036,Barking and Dagenham 010B,1670.38644650381
E01000037,Barking and Dagenham 003B,1765.70717294514
E01000038,Barking and Dagenham 003C,1448.16289331764
E01000039,Barking and Dagenham 003D,1638.24401053266
E01000040,Barking and Dagenham 019A,1961.31690222025
E01000041,Barking and Dagenham 017A,1841.98021119833
E01000042,Barking and Dagenham 017B,2043.92569544166
E01000043,Barking and Dagenham 019B,1402.48228387535
E01000044,Barking and Dagenham 016D,2122.34503288567
E01000045,Barking and Dagenham 017C,1568.46024303837
E01000046,Barking and Dagenham 017D,1857.87230473431
E01000048,Barking and Dagenham 021B,711.563846230507
E01000049,Barking and Dagenham 021C,1647.00101427734
E01000050,Barking and Dagenham 019C,1939.53660130501
E01000051,Barking and Dagenham 021D,1257.61394274235
E01000052,Barking and Dagenham 019D,2323.52142824233
E01000053,Barking and Dagenham 020A,963.482382535934
E01000054,Barking and Dagenham 018A,1947.1585098505
E01000055,Barking and Dagenham 018B,1560.34006980062
E01000056,Barking and Dagenham 018C,1769.82515435293
E01000057,Barking and Dagenham 012A,1688.39105415344
E01000058,Barking and Dagenham 018D,2064.40042731166
E01000059,Barking and Dagenham 013C,1780.61919443309
E01000060,Barking and Dagenham 006B,2709.07108073394
E01000061,Barking and Dagenham 006C,1833.27577022936
E01000062,Barking and Dagenham 006D,2299.77382811904
E01000063,Barking and Dagenham 004A,1806.15624696016
E01000064,Barking and Dagenham 006E,2099.62191623449
E01000065,Barking and Dagenham 007A,2087.76419943944
E01000066,Barking and Dagenham 011A,2355.26384620368
E01000067,Barking and Dagenham 011B,2005.54803946614
E01000068,Barking and Dagenham 016E,1793.10082974844
E01000069,Barking and Dagenham 011C,2114.25481286645
E01000070,Barking and Dagenham 011D,2401.94437785819
E01000071,Barking and Dagenham 011E,2552.92317159474
E01000072,Barking and Dagenham 017E,2257.26365668889
E01000073,Barking and Dagenham 012B,2613.48889847659
E01000074,Barking and Dagenham 012C,1859.743067801
E01000075,Barking and Dagenham 012D,2288.4686746213
E01000076,Barking and Dagenham 012E,2119.59859758615
E01000077,Barking and Dagenham 008F,1685.49650336802
E01000078,Barking and Dagenham 007B,1822.37087398767
E01000079,Barking and Dagenham 009E,1740.64323711165
E01000080,Barking and Dagenham 007C,1744.50855743883
E01000081,Barking and Dagenham 007D,1998.15083223581
E01000082,Barking and Dagenham 007E,1812.14419323206
E01000083,Barking and Dagenham 007F,1865.61404949427
E01000084,Barking and Dagenham 013D,1533.11254970729
E01000085,Barking and Dagenham 013E,1775.54551380873
E01000086,Barking and Dagenham 013F,1479.45728485286
E01000087,Barking and Dagenham 020B,1693.79255675524
E01000088,Barking and Dagenham 020C,1624.30337768188
E01000089,Barking and Dagenham 020D,1932.17933105305
E01000090,Barking and Dagenham 020E,1876.94970044606
E01000091,Barking and Dagenham 022A,1735.24961660802
E01000092,Barking and Dagenham 019E,7247.68456429932
E01000093,Barking and Dagenham 022B,1736.72071442381
E01000094,Barking and Dagenham 022C,2347.88529280387
E01000095,Barking and Dagenham 018E,2652.56679826314
E01000096,Barking and Dagenham 022D,2134.59858775279
E01000097,Barking and Dagenham 023C,2035.04917186499
E01000098,Barking and Dagenham 023D,2224.80927091837
E01000099,Barking and Dagenham 023E,2745.89754211903
E01000100,Barking and Dagenham 004B,1835.15843358636
E01000101,Barking and Dagenham 004C,1627.37784940004
E01000102,Barking and Dagenham 007G,1939.30081408098
E01000103,Barking and Dagenham 014A,2134.42369262682
E01000104,Barking and Dagenham 014B,1414.51412248984
E01000105,Barking and Dagenham 014C,2314.55129835755
E01000106,Barking and Dagenham 014D,2439.37529686093
E01000107,Barking and Dagenham 010C,1877.61188431129
E01000108,Barking and Dagenham 010D,1872.39676482073
E01000109,Barking and Dagenham 004D,3341.98669493943
E01000110,Barking and Dagenham 002C,1314.2217239216
E01000111,Barking and Dagenham 002D,2279.57404758036
E01000112,Barking and Dagenham 002E,2139.8537774235
E01000113,Barking and Dagenham 002F,1823.80548989773
E01000114,Barking and Dagenham 004E,2253.7389620766
E01000115,Barnet 009A,1662.76982365549
E01000116,Barnet 009B,1567.50201278552
E01000117,Barnet 010A,2017.74138441682
E01000118,Barnet 010B,2004.09945909306
E01000119,Barnet 009C,1942.91369960067
E01000120,Barnet 009D,1342.46161365602
E01000121,Barnet 010C,1295.10664922313
E01000122,Barnet 009E,1516.30889058113
E01000123,Barnet 010D,1725.15141959116
E01000124,Barnet 010E,2030.50269334018
E01000125,Barnet 024A,3162.56209126115
E01000126,Barnet 026A,2103.16108930111
E01000127,Barnet 024B,1361.6942633912
E01000128,Barnet 024C,2199.78650331497
E01000129,Barnet 024D,1672.0415379703
E01000130,Barnet 021A,2047.935993433
E01000131,Barnet 024E,2291.47781397006
E01000132,Barnet 021B,1459.09086275846
E01000133,Barnet 021C,1752.66235841811
E01000134,Barnet 024F,2013.79910657555
E01000135,Barnet 038A,2239.95078925788
E01000136,Barnet 038B,1843.33865296375
E01000137,Barnet 041A,1076.85934345424
E01000138,Barnet 040A,1938.97745268047
E01000139,Barnet 041B,1794.74675823376
E01000140,Barnet 041C,1417.58935657144
E01000141,Barnet 039A,1908.74989913777
E01000142,Barnet 040B,2389.36394971609
E01000143,Barnet 041D,1210.19996281713
E01000144,Barnet 038C,1793.88882893324
E01000145,Barnet 037A,1608.67445468903
E01000146,Barnet 038D,1839.88945832849
E01000147,Barnet 030A,2482.22465366125
E01000148,Barnet 030B,2526.18899679184
E01000150,Barnet 036A,2241.56467168778
E01000151,Barnet 026B,2050.95831094682
E01000152,Barnet 026C,2057.5096334517
E01000153,Barnet 026D,2271.64911347628
E01000154,Barnet 026E,1888.89712077379
E01000155,Barnet 030D,4359.25349123776
E01000156,Barnet 022A,2153.06592315435
E01000157,Barnet 022B,1568.95406776667
E01000158,Barnet 015A,1436.87730183918
E01000159,Barnet 015B,2023.28157063108
E01000160,Barnet 015C,2022.37127459794
E01000161,Barnet 015D,2086.68876445293
E01000162,Barnet 015E,1509.11238029599
E01000163,Barnet 022C,1280.190980874
E01000164,Barnet 022D,1736.28625146435
E01000165,Barnet 022E,1822.8383911252
E01000166,Barnet 003A,1587.17139017443
E01000167,Barnet 002A,1499.27185636146
E01000168,Barnet 003B,1531.87856183201
E01000169,Barnet 003C,1656.18382266164
E01000170,Barnet 006A,2127.41423556209
E01000171,Barnet 006B,2385.46498389915
E01000172,Barnet 003D,1756.20499849604
E01000173,Barnet 006C,1419.80336436146
E01000174,Barnet 006D,1623.65505233407
E01000175,Barnet 006E,2246.10422588357
E01000176,Barnet 027A,1702.35055670142
E01000177,Barnet 029A,1858.69307512045
E01000178,Barnet 027B,1711.37109336296
E01000179,Barnet 029B,1814.75427061319
E01000180,Barnet 029C,1309.83324086666
E01000181,Barnet 029D,1902.55644738674
E01000182,Barnet 029E,1444.76968791336
E01000183,Barnet 033A,1591.5255613327
E01000184,Barnet 027C,1767.40875464011
E01000185,Barnet 029F,1303.84837949276
E01000186,Barnet 014A,1784.25577437878
E01000187,Barnet 014B,1686.66780689359
E01000188,Barnet 014C,1849.83624238836
E01000189,Barnet 014D,2256.42451046407
E01000190,Barnet 014E,1723.03426763415
E01000191,Barnet 014F,1678.68353399634
E01000192,Barnet 018A,2109.36689299345
E01000193,Barnet 018B,1816.29956813157
E01000194,Barnet 018C,1973.44905985892
E01000195,Barnet 013A,2085.99040275626
E01000196,Barnet 028A,1711.61442680657
E01000197,Barnet 023A,2024.34403206408
E01000198,Barnet 025A,1826.39371757209
E01000199,Barnet 025B,1675.96079938859
E01000200,Barnet 028B,1903.43336906284
E01000201,Barnet 028C,2042.44401240349
E01000202,Barnet 028D,1646.66431984305
E01000203,Barnet 028E,1601.75874051452
E01000204,Barnet 025C,1779.12019156665
E01000205,Barnet 035A,1474.63566071913
E01000206,Barnet 033B,1826.89194489866
E01000207,Barnet 033C,1494.73168821214
E01000208,Barnet 033D,1461.64668743312
E01000209,Barnet 035B,1266.94761155586
E01000210,Barnet 033E,1937.92358720535
E01000211,Barnet 035C,1856.48554209666
E01000212,Barnet 035D,1446.93337776512
E01000213,Barnet 033F,1374.98176808923
E01000214,Barnet 038E,1534.09832960367
E01000215,Barnet 037B,1974.04118680954
E01000216,Barnet 035E,2350.72207587957
E01000217,Barnet 035F,1944.87947008014
E01000218,Barnet 037C,1644.47733098269
E01000219,Barnet 037D,2194.50557687879
E01000220,Barnet 037E,1988.28147293627
E01000221,Barnet 039B,1417.80352734029
E01000222,Barnet 040C,2049.30478324182
E01000223,Barnet 039C,2028.72159190848
E01000224,Barnet 040D,1611.66056913137
E01000225,Barnet 037F,2069.57406413555
E01000226,Barnet 018D,1731.55875624716
E01000227,Barnet 018E,1894.44254571199
E01000228,Barnet 007A,1666.95080834375
E01000229,Barnet 013B,1640.35283269733
E01000230,Barnet 013C,1891.86162400246
E01000231,Barnet 013D,1579.31645885203
E01000232,Barnet 013E,2127.29609720409
E01000233,Barnet 013F,1971.8616053462
E01000234,Barnet 021D,1628.42045119405
E01000235,Barnet 021E,1777.95628902316
E01000236,Barnet 034A,1942.89552214742
E01000237,Barnet 032A,2202.62027534842
E01000238,Barnet 034B,2185.42919628322
E01000239,Barnet 031A,2087.74950711429
E01000240,Barnet 031B,2215.09930070031
E01000241,Barnet 031C,1807.18009553384
E01000242,Barnet 032B,1554.22241479158
E01000243,Barnet 032C,2022.35360780358
E01000244,Barnet 032D,1604.4890409708
E01000245,Barnet 032E,1918.76106956601
E01000246,Barnet 002B,2235.28261570587
E01000247,Barnet 002C,1514.40319577971
E01000248,Barnet 001A,2009.73928719759
E01000249,Barnet 001B,1556.85168880058
E01000250,Barnet 001C,2334.90363697984
E01000251,Barnet 002D,2187.54203158617
E01000252,Barnet 002E,1433.52508980036
E01000253,Barnet 007B,1937.92006914563
E01000254,Barnet 001D,1608.04090385627
E01000255,Barnet 017A,1801.15678845709
E01000256,Barnet 016A,1844.0405434048
E01000257,Barnet 017B,2234.98967852369
E01000258,Barnet 016B,2126.30559939639
E01000259,Barnet 025D,2971.29955088628
E01000260,Barnet 025E,2537.06677714076
E01000261,Barnet 017C,1583.41651449915
E01000262,Barnet 017D,3665.66314279445
E01000263,Barnet 016C,1798.00831279159
E01000264,Barnet 016D,1570.4738086313
E01000265,Barnet 011A,2008.59800195694
E01000266,Barnet 011B,2008.34858402571
E01000267,Barnet 005A,1435.21244688332
E01000268,Barnet 005B,1732.5839766413
E01000269,Barnet 005C,1519.32163576037
E01000270,Barnet 005D,1873.50139430165
E01000271,Barnet 008A,1628.72400246561
E01000272,Barnet 008B,1992.71415835619
E01000273,Barnet 008C,1363.04191794991
E01000274,Barnet 011C,1636.27662615478
E01000275,Barnet 012A,1581.08884482272
E01000276,Barnet 020A,1452.04912029289
E01000277,Barnet 012B,1744.44211646914
E01000278,Barnet 020B,1478.98849043995
E01000279,Barnet 007C,1760.41963592606
E01000280,Barnet 007D,1334.74318611217
E01000281,Barnet 008D,1918.27644737065
E01000282,Barnet 008E,1767.88452053629
E01000283,Barnet 012C,1349.7200262621
E01000284,Barnet 012D,1884.19629027322
E01000285,Barnet 004A,1529.17805333436
E01000286,Barnet 007E,1713.81940881256
E01000287,Barnet 004B,1746.2342912741
E01000288,Barnet 004C,1432.45251066346
E01000289,Barnet 004D,1420.60053994972
E01000290,Barnet 007F,1467.61242263548
E01000291,Barnet 004E,1332.96523774602
E01000292,Barnet 001E,1628.65111798048
E01000293,Barnet 001F,1938.93854033947
E01000294,Barnet 004F,1707.13659718308
E01000295,Barnet 023B,1727.45119675994
E01000296,Barnet 023C,1771.99991182983
E01000297,Barnet 027D,1517.98914310336
E01000298,Barnet 023D,1548.28936138749
E01000299,Barnet 019A,1971.15022321045
E01000300,Barnet 019B,1820.16090813279
E01000301,Barnet 020C,1905.83849132061
E01000302,Barnet 019C,1571.55859088898
E01000303,Barnet 020D,1525.36222200468
E01000304,Barnet 020E,1352.59227833338
E01000305,Barnet 036B,1835.54649644602
E01000306,Barnet 036C,1585.1654612124
E01000307,Barnet 039D,1878.81388162775
E01000308,Barnet 036D,1635.93002569152
E01000309,Barnet 031D,2385.89704853296
E01000310,Barnet 034C,2128.9243888557
E01000311,Barnet 034D,1720.55874592159
E01000312,Barnet 036E,1406.56205390394
E01000313,Barnet 036F,2435.82567635179
E01000314,Barnet 032F,2015.12591993809
E01000315,Barnet 022F,1706.74114295078
E01000316,Barnet 027E,2112.74519045651
E01000317,Barnet 019D,1660.67652064562
E01000318,Barnet 019E,2054.32384300232
E01000319,Barnet 027F,1522.23374053836
E01000320,Barnet 011D,1464.45624881238
E01000321,Barnet 012E,1905.94794817269
E01000322,Barnet 011E,1952.48274502158
E01000323,Barnet 019F,2114.15114456415
E01000324,Barnet 015F,1856.71430160105
E01000325,Bexley 014A,1787.23776227515
E01000326,Bexley 014B,1272.55948284548
E01000327,Bexley 017A,1691.24852242321
E01000328,Bexley 017B,1581.24296218728
E01000329,Bexley 017C,2017.21955508098
E01000330,Bexley 017D,1577.20976030827
E01000331,Bexley 017E,1397.18242630791
E01000332,Bexley 005A,1501.24715150613
E01000333,Bexley 003A,1936.13828323781
E01000334,Bexley 006A,1637.05394512169
E01000335,Bexley 003B,2982.21007607266
E01000336,Bexley 003C,1931.38395562768
E01000337,Bexley 003D,1859.71887200137
E01000338,Bexley 003E,1705.66222932935
E01000339,Bexley 025A,1633.00997424126
E01000340,Bexley 018A,1459.47036033869
E01000341,Bexley 022A,1477.61120269448
E01000342,Bexley 022B,1616.26832041144
E01000343,Bexley 022C,1632.38716932759
E01000344,Bexley 025B,1663.6823502481
E01000345,Bexley 022D,1404.14645501971
E01000346,Bexley 021A,1672.46549698338
E01000347,Bexley 021B,1489.58421298862
E01000348,Bexley 020A,1594.7799577713
E01000349,Bexley 020B,1787.11773035675
E01000350,Bexley 021C,1351.80602081225
E01000351,Bexley 024A,1492.65216344292
E01000352,Bexley 021D,1683.8040625453
E01000353,Bexley 011A,1711.7857324481
E01000354,Bexley 011B,1267.42770892382
E01000355,Bexley 011C,1507.88980068325
E01000356,Bexley 009A,1736.97562533617
E01000357,Bexley 009B,1540.2326284349
E01000358,Bexley 011D,1540.4673230201
E01000359,Bexley 009C,1335.84792727232
E01000360,Bexley 015A,1837.77443261445
E01000361,Bexley 020C,1612.14478758816
E01000362,Bexley 015B,1804.39736942202
E01000363,Bexley 020D,1830.34346838412
E01000364,Bexley 023A,1618.56236696243
E01000365,Bexley 015C,1844.220338732
E01000366,Bexley 015D,1632.61361216381
E01000367,Bexley 010A,2465.26537739486
E01000368,Bexley 010B,1732.94431779755
E01000369,Bexley 014C,1779.84849138185
E01000370,Bexley 014D,1640.4595224075
E01000371,Bexley 014E,1481.21290031075
E01000372,Bexley 010C,1521.61939066648
E01000373,Bexley 008A,1089.80927683413
E01000374,Bexley 019A,1754.20994104988
E01000375,Bexley 019B,2075.91633756058
E01000376,Bexley 019C,2173.41937009072
E01000377,Bexley 019D,1403.16269172047
E01000378,Bexley 019E,2501.94651777657
E01000379,Bexley 019F,2069.20549074747
E01000380,Bexley 010D,1179.05643696338
E01000381,Bexley 028A,1452.45278827801
E01000382,Bexley 027A,1677.65540149278
E01000383,Bexley 028B,1909.27080664464
E01000384,Bexley 027B,1500.92463955283
E01000385,Bexley 028C,1913.20376402674
E01000386,Bexley 028D,1497.56616321614
E01000387,Bexley 027C,1666.57849147706
E01000388,Bexley 016A,1943.3905519384
E01000389,Bexley 020E,1692.9039329848
E01000390,Bexley 020F,1349.04410465802
E01000391,Bexley 021E,1649.91628227286
E01000392,Bexley 016B,1479.75591495633
E01000393,Bexley 020G,1759.07674086094
E01000394,Bexley 015E,1585.32927817106
E01000395,Bexley 018B,1524.9702183133
E01000396,Bexley 018C,1382.6565688327
E01000398,Bexley 029A,1523.87003032386
E01000399,Bexley 029B,1494.56968474761
E01000400,Bexley 029C,1731.82679865323
E01000401,Bexley 013A,1949.65590751171
E01000402,Bexley 005B,1610.37162728608
E01000403,Bexley 004A,3306.03228756413
E01000404,Bexley 004B,1475.46784968954
E01000405,Bexley 004C,1686.77008392755
E01000406,Bexley 005C,2365.92361059987
E01000407,Bexley 005D,2044.76125529408
E01000408,Bexley 004D,1705.3352744974
E01000409,Bexley 016C,1881.40499338508
E01000410,Bexley 018D,1830.13133943971
E01000411,Bexley 016D,1537.47045359015
E01000412,Bexley 018E,1708.09802304208
E01000413,Bexley 018F,1525.42393431067
E01000414,Bexley 016E,1696.04212790728
E01000415,Bexley 016F,1412.92888376117
E01000416,Bexley 002A,1646.4663426578
E01000417,Bexley 006B,1706.63142205282
E01000418,Bexley 002B,1636.87367974838
E01000419,Bexley 006C,1672.33686901629
E01000420,Bexley 006D,1684.49556489289
E01000421,Bexley 009D,1642.40271487832
E01000422,Bexley 002C,1164.10994189978
E01000423,Bexley 025C,1645.16723835468
E01000424,Bexley 026A,1896.19373245537
E01000425,Bexley 025D,1770.8853957504
E01000426,Bexley 026B,1590.58443938289
E01000427,Bexley 026C,2124.02405139245
E01000428,Bexley 027D,1901.43119039791
E01000429,Bexley 008B,1695.10984813049
E01000430,Bexley 008C,2115.89913727404
E01000431,Bexley 008D,1139.84917074442
E01000432,Bexley 008E,3150.83961348236
E01000433,Bexley 008F,1702.02335849404
E01000434,Bexley 008G,1552.57151411358
E01000435,Bexley 010E,1505.14933741093
E01000436,Bexley 011E,1699.18548974395
E01000437,Bexley 007A,1436.76440940425
E01000438,Bexley 007B,1554.46237888932
E01000439,Bexley 007C,1511.12167149037
E01000440,Bexley 007D,1434.89221543074
E01000441,Bexley 007E,1750.03428149223
E01000442,Bexley 006E,1743.46812488884
E01000443,Bexley 024B,1290.30864689499
E01000444,Bexley 023B,1625.9363400683
E01000445,Bexley 024C,1650.37153715047
E01000446,Bexley 024D,1598.7431762889
E01000447,Bexley 023C,1894.16775749073
E01000448,Bexley 023D,1274.65537813133
E01000449,Bexley 023E,1721.55589523166
E01000450,Bexley 009E,1725.71782943606
E01000451,Bexley 009F,1776.88245931268
E01000452,Bexley 009G,1360.0707269907
E01000453,Bexley 013B,1463.27629829943
E01000454,Bexley 013C,1618.65951615572
E01000455,Bexley 013D,1869.67380656302
E01000456,Bexley 013E,1451.0593188107
E01000457,Bexley 026D,1869.08491005562
E01000458,Bexley 027E,1667.2052738741
E01000459,Bexley 027F,1990.74968901277
E01000460,Bexley 022E,1257.77425562918
E01000461,Bexley 024E,1616.46459890297
E01000462,Bexley 026E,2013.89608515427
E01000463,Bexley 025E,1327.6780641675
E01000464,Bexley 002D,1756.25810229778
E01000465,Bexley 002E,1209.51405141503
E01000466,Bexley 001A,2316.59095790951
E01000467,Bexley 001B,1836.99466317333
E01000468,Bexley 001C,2413.8020147811
E01000469,Bexley 001D,2034.96150748758
E01000470,Bexley 002F,1617.90323398284
E01000471,Brent 026A,1721.62752184272
E01000472,Brent 029A,1948.48243447207
E01000473,Brent 029B,1990.07337272167
E01000474,Brent 026B,2367.49240027368
E01000475,Brent 029C,1854.5056919679
E01000476,Brent 026C,2195.11314839125
E01000477,Brent 026D,2089.58049253374
E01000478,Brent 029D,3153.66639462113
E01000479,Brent 009A,1805.07664439082
E01000480,Brent 006A,1947.83424372226
E01000481,Brent 009B,1686.57846368344
E01000482,Brent 009C,2937.85922323167
E01000483,Brent 009D,1771.48682139069
E01000484,Brent 006B,1398.59708303958
E01000485,Brent 006C,1377.79985520244
E01000486,Brent 006D,1828.77017761744
E01000487,Brent 006E,2015.19652482867
E01000488,Brent 022A,1785.44251582026
E01000489,Brent 030A,1851.43657366931
E01000490,Brent 023A,1780.82433229685
E01000491,Brent 030B,2159.32463017106
E01000492,Brent 030C,1063.39870305359
E01000493,Brent 030D,1677.91930353642
E01000494,Brent 023B,1796.5631326735
E01000495,Brent 023C,1651.28654384613
E01000497,Brent 011A,1910.52234610915
E01000498,Brent 010B,1636.58962118115
E01000499,Brent 011B,2098.34967362745
E01000501,Brent 011C,1411.87956506014
E01000502,Brent 011D,1920.31574866513
E01000503,Brent 011E,2543.52953768086
E01000504,Brent 018A,1667.31589001417
E01000505,Brent 018B,1815.93124169111
E01000506,Brent 014A,1690.92753481865
E01000507,Brent 018C,1651.62509380095
E01000508,Brent 025A,2566.90851764381
E01000509,Brent 014B,1732.79463893175
E01000510,Brent 014C,1635.00782483816
E01000511,Brent 014D,1565.99405315518
E01000512,Brent 018D,1717.00136163831
E01000513,Brent 002A,1661.34813411534
E01000514,Brent 002B,1795.07848328352
E01000515,Brent 003A,1674.90027456844
E01000516,Brent 002C,2353.38517548144
E01000517,Brent 003B,1598.62476279587
E01000518,Brent 005A,2211.28052479042
E01000519,Brent 005B,2009.25670684493
E01000520,Brent 002D,1573.42867460102
E01000521,Brent 025B,2295.28634285927
E01000522,Brent 025C,1862.2587339282
E01000523,Brent 031A,2458.83719056845
E01000524,Brent 031B,2350.82388442755
E01000525,Brent 031C,1823.81944011152
E01000526,Brent 025D,1937.04943624139
E01000527,Brent 025E,2152.41911327839
E01000528,Brent 025F,1588.18952047825
E01000530,Brent 033A,2174.90483379364
E01000531,Brent 033B,1509.14197826385
E01000532,Brent 033C,1379.92567998171
E01000533,Brent 031E,2005.38923633099
E01000534,Brent 033D,1476.61482921243
E01000535,Brent 031F,2473.12105154991
E01000536,Brent 004A,1589.53990055621
E01000538,Brent 004B,1781.81645353604
E01000539,Brent 004C,1627.9819887951
E01000540,Brent 004D,1469.86055201292
E01000541,Brent 004E,1231.60495744273
E01000543,Brent 003E,1491.25121329725
E01000544,Brent 034A,1690.10772299767
E01000545,Brent 028A,1814.94391000271
E01000546,Brent 028B,1771.34510070086
E01000547,Brent 028C,1500.31703802943
E01000548,Brent 028D,1810.4628213346
E01000549,Brent 028E,1743.19642305374
E01000550,Brent 034B,2494.25172719359
E01000551,Brent 034C,2822.64979934692
E01000552,Brent 034D,1591.82526040077
E01000553,Brent 015A,2135.66543033719
E01000554,Brent 015B,1706.22316740453
E01000555,Brent 015C,2173.14085876942
E01000556,Brent 015D,1952.19667834044
E01000557,Brent 015E,1914.2697108984
E01000558,Brent 015F,1703.93912124634
E01000559,Brent 018E,1291.20143407583
E01000560,Brent 023D,1502.4183908999
E01000561,Brent 023E,1800.00576674938
E01000562,Brent 008A,1543.19914278388
E01000563,Brent 008B,1710.90030832805
E01000564,Brent 013A,1414.76531879604
E01000565,Brent 013B,1436.12880635262
E01000566,Brent 008C,1605.97007834911
E01000567,Brent 016A,1485.14845713973
E01000568,Brent 008D,2180.19777670836
E01000569,Brent 008E,1533.47521774709
E01000570,Brent 012A,1628.12962090969
E01000571,Brent 012B,2124.53472081572
E01000572,Brent 007A,1567.30588451028
E01000573,Brent 007B,1756.69802681357
E01000574,Brent 007C,1354.34084532782
E01000575,Brent 007D,2396.18449793011
E01000576,Brent 012C,1808.36313565075
E01000577,Brent 007E,2385.11323199049
E01000578,Brent 012D,2470.19892698526
E01000579,Brent 032A,1597.52096965909
E01000580,Brent 032B,2354.82592917606
E01000581,Brent 030E,1493.98876309395
E01000582,Brent 032C,2061.2432924509
E01000583,Brent 032D,2179.5472175777
E01000584,Brent 033E,1545.7350769043
E01000585,Brent 033F,1538.08394533396
E01000586,Brent 032E,2008.2458575666
E01000587,Brent 001A,2064.24850350618
E01000588,Brent 002E,2944.3091230914
E01000589,Brent 001B,2579.16679045558
E01000590,Brent 001C,1971.60788090527
E01000591,Brent 003F,2221.82661612704
E01000592,Brent 001D,2071.50249284506
E01000593,Brent 001E,1789.13656264544
E01000594,Brent 001F,1777.14521296322
E01000595,Brent 027A,2251.82189147174
E01000596,Brent 021A,2162.28922098875
E01000599,Brent 027D,1520.38193960488
E01000600,Brent 027E,4571.14423890645
E01000601,Brent 021B,2007.89822230488
E01000602,Brent 021C,971.387008592486
E01000603,Brent 021D,1279.48588335514
E01000604,Brent 021E,1269.10260764137
E01000605,Brent 021F,1601.52922081947
E01000606,Brent 016B,1626.73772598058
E01000607,Brent 013C,2381.302885741
E01000608,Brent 013D,2359.8676280533
E01000609,Brent 016C,2413.50940684974
E01000610,Brent 019A,2357.18659431988
E01000611,Brent 016D,2006.0622830987
E01000612,Brent 019B,2168.23250470951
E01000613,Brent 013E,1859.58775633574
E01000615,Brent 017B,3427.79500067234
E01000616,Brent 020A,1840.13482099771
E01000617,Brent 017C,2523.66509142518
E01000618,Brent 017D,1616.28693337739
E01000619,Brent 017E,1764.49828539044
E01000620,Brent 020B,2505.71251416206
E01000621,Brent 020C,1627.95934401825
E01000622,Brent 010D,1762.13424720019
E01000623,Brent 005C,1783.49439206719
E01000624,Brent 005D,2058.2256473368
E01000625,Brent 009E,1580.17254278064
E01000626,Brent 010E,1436.29111219943
E01000627,Brent 014E,2129.35778331757
E01000628,Brent 014F,1948.57425244153
E01000629,Brent 005E,1875.54702988267
E01000630,Brent 026E,2572.62223693728
E01000631,Brent 019C,2185.33139164746
E01000632,Brent 029E,2710.66361346096
E01000633,Brent 019D,2709.78833156824
E01000634,Brent 019E,2189.37785357237
E01000635,Brent 020D,3156.79448395967
E01000636,Brent 020E,2515.46822459996
E01000637,Brent 022B,1127.89123469591
E01000638,Brent 024A,2065.85563032888
E01000639,Brent 022C,1804.16122865677
E01000640,Brent 024B,2118.28693723679
E01000641,Brent 024C,2220.54242923856
E01000642,Brent 022D,1985.84810394049
E01000643,Brent 024D,2612.78065455356
E01000644,Brent 022E,2030.54112911224
E01000645,Bromley 007A,1614.89080206514
E01000646,Bromley 016A,1881.87125729024
E01000647,Bromley 016B,1733.56204354763
E01000648,Bromley 016C,1920.70030876994
E01000649,Bromley 007B,2117.97801525891
E01000650,Bromley 022A,1803.13450148635
E01000651,Bromley 020A,1597.88607494533
E01000652,Bromley 022B,1879.51801583734
E01000653,Bromley 016D,1511.82741517201
E01000654,Bromley 039A,1444.09885856008
E01000655,Bromley 039B,1340.0160984016
E01000656,Bromley 039C,1488.24593064973
E01000657,Bromley 039D,1731.36079488322
E01000658,Bromley 042A,1339.8576569794
E01000659,Bromley 039E,1265.90661802246
E01000661,Bromley 026A,2868.50543162717
E01000662,Bromley 026B,1951.3990073021
E01000663,Bromley 026C,1587.58224157803
E01000664,Bromley 026D,1731.92385225835
E01000665,Bromley 033A,1800.45238193208
E01000666,Bromley 033B,1903.08028008829
E01000667,Bromley 033C,1707.22670899415
E01000668,Bromley 020B,2142.36263994912
E01000669,Bromley 020C,1783.360760957
E01000670,Bromley 018A,2299.61615800858
E01000671,Bromley 020D,2008.41314276894
E01000672,Bromley 011A,1766.54603341117
E01000673,Bromley 011B,1440.23112870101
E01000674,Bromley 008A,1743.47560742497
E01000675,Bromley 018B,2944.27554190531
E01000676,Bromley 008B,1707.63870947808
E01000677,Bromley 018C,1860.53459286317
E01000678,Bromley 016E,1804.83272156119
E01000679,Bromley 020E,1743.17494001985
E01000680,Bromley 037A,1641.98880671704
E01000681,Bromley 035A,1666.89803045988
E01000682,Bromley 035B,1673.16432771087
E01000683,Bromley 035C,1634.70981402695
E01000684,Bromley 035D,2107.59506854415
E01000685,Bromley 037B,1405.23171831045
E01000686,Bromley 037C,1636.90498319268
E01000687,Bromley 037D,1646.6095508149
E01000688,Bromley 037E,1409.35142854662
E01000689,Bromley 002A,1592.86512203462
E01000690,Bromley 002B,1444.88281676546
E01000691,Bromley 002C,1431.69363694638
E01000692,Bromley 002D,1761.92675722111
E01000693,Bromley 010A,1680.25727971447
E01000694,Bromley 007C,2355.89820948301
E01000695,Bromley 007D,1561.61533525256
E01000696,Bromley 007E,1691.90673449994
E01000697,Bromley 007F,1476.5330546312
E01000698,Bromley 010B,1492.4142671874
E01000699,Bromley 015A,1371.66471254826
E01000700,Bromley 013A,1409.29207292199
E01000701,Bromley 015B,1479.82087188959
E01000702,Bromley 013B,1579.51782342792
E01000703,Bromley 013C,1649.12523636222
E01000704,Bromley 015C,1513.90334806265
E01000705,Bromley 015D,1449.86633694172
E01000706,Bromley 013D,1392.82833739443
E01000707,Bromley 041A,1555.44020861387
E01000708,Bromley 041B,1853.85843548179
E01000709,Bromley 006A,1375.26290287077
E01000710,Bromley 006B,2538.63126340043
E01000711,Bromley 006C,1713.81128751487
E01000712,Bromley 012A,1798.13423165493
E01000713,Bromley 012B,1917.23610977829
E01000714,Bromley 006D,2041.02055102587
E01000715,Bromley 012C,2001.10140216351
E01000716,Bromley 011C,1709.58370283246
E01000717,Bromley 011D,1632.31593810022
E01000718,Bromley 006E,1751.29167257249
E01000719,Bromley 019A,2227.39106270671
E01000720,Bromley 019B,2064.1064914661
E01000721,Bromley 019C,1558.70262825304
E01000722,Bromley 023A,1873.43230885267
E01000723,Bromley 029A,1497.8187059534
E01000724,Bromley 019D,1786.77858355732
E01000725,Bromley 023B,1590.50625591446
E01000726,Bromley 029B,1442.65170828439
E01000727,Bromley 028A,1776.31785824522
E01000728,Bromley 019E,1536.44272879379
E01000729,Bromley 014A,1756.79860530794
E01000730,Bromley 014B,1794.38841557503
E01000731,Bromley 023C,1399.98011764884
E01000732,Bromley 023D,1537.15242595971
E01000733,Bromley 023E,1827.40520533919
E01000734,Bromley 028B,1074.28199316189
E01000735,Bromley 014C,1377.49257417666
E01000736,Bromley 010C,1300.13943530166
E01000737,Bromley 010D,1541.16239659116
E01000738,Bromley 014D,2052.64716841886
E01000739,Bromley 014E,1591.92432612181
E01000740,Bromley 005A,2700.16755884443
E01000741,Bromley 005B,1666.77243673801
E01000742,Bromley 005C,1796.10899113398
E01000743,Bromley 009A,1962.15736394224
E01000744,Bromley 009B,1541.85143013004
E01000745,Bromley 005D,1746.08552877512
E01000746,Bromley 005E,2030.1728952229
E01000747,Bromley 042B,2044.0808080659
E01000748,Bromley 042C,1692.01297242303
E01000749,Bromley 036A,1608.72604034761
E01000750,Bromley 036B,1419.25998462021
E01000751,Bromley 036C,2256.87154179225
E01000752,Bromley 036D,1752.61485589382
E01000753,Bromley 031A,1806.72694650389
E01000754,Bromley 031B,1878.72306856513
E01000755,Bromley 031C,1713.8094734624
E01000756,Bromley 033D,1745.59616366762
E01000757,Bromley 031D,1688.66504616084
E01000758,Bromley 031E,1459.41604745388
E01000759,Bromley 034A,2056.20544507106
E01000760,Bromley 034B,1473.27652722877
E01000761,Bromley 034C,1534.27734346169
E01000762,Bromley 018D,1627.75076007843
E01000763,Bromley 027A,1593.80858446798
E01000764,Bromley 027B,1897.68233635649
E01000765,Bromley 034D,1792.40371086478
E01000766,Bromley 027C,1662.12391918153
E01000767,Bromley 027D,1716.92521215975
E01000768,Bromley 034E,1668.48846835103
E01000769,Bromley 024A,1348.51496659775
E01000770,Bromley 012D,1499.73998559988
E01000771,Bromley 041C,1704.12336027436
E01000772,Bromley 012E,1648.95087017119
E01000773,Bromley 024B,1605.37665219977
E01000774,Bromley 041D,1563.617755068
E01000775,Bromley 024C,2233.0348844098
E01000777,Bromley 024D,1507.66645115614
E01000778,Bromley 024E,1683.63624250889
E01000779,Bromley 001A,1534.27974177007
E01000780,Bromley 001B,1833.17720270157
E01000781,Bromley 001C,1499.79522767663
E01000782,Bromley 001D,1457.14322367538
E01000783,Bromley 001E,1597.38619291782
E01000784,Bromley 002E,1569.69820258021
E01000785,Bromley 001F,1607.02073386585
E01000786,Bromley 032A,1475.78731619245
E01000787,Bromley 029C,1826.91872169822
E01000788,Bromley 029D,1728.55449610204
E01000789,Bromley 032B,1333.83643773943
E01000790,Bromley 028C,1869.21090517938
E01000791,Bromley 029E,1487.14104606956
E01000792,Bromley 032C,1597.43307377212
E01000793,Bromley 032D,1723.16103499942
E01000794,Bromley 035E,1555.78789370693
E01000795,Bromley 032E,1508.10010012984
E01000796,Bromley 009C,1299.26456665993
E01000797,Bromley 013E,1683.18092676438
E01000798,Bromley 009D,1295.30869162083
E01000799,Bromley 004A,1797.75668945909
E01000800,Bromley 009E,2211.26292476058
E01000801,Bromley 015E,1699.39695852995
E01000802,Bromley 004B,2017.75403276086
E01000803,Bromley 004C,1535.27793674916
E01000804,Bromley 004D,2109.20377263613
E01000805,Bromley 004E,1580.77323103696
E01000806,Bromley 009F,1728.83197927475
E01000807,Bromley 022C,1541.74714370035
E01000808,Bromley 025A,1534.17826552689
E01000809,Bromley 022D,1519.51849854955
E01000810,Bromley 025B,1633.29279828072
E01000811,Bromley 025C,1239.49541522411
E01000812,Bromley 028D,1720.47775766253
E01000813,Bromley 025D,1715.5788893137
E01000814,Bromley 028E,1684.47741217911
E01000815,Bromley 025E,1617.37205541367
E01000816,Bromley 040A,1610.01487537473
E01000818,Bromley 040B,1836.09165196565
E01000819,Bromley 040C,1701.07781136114
E01000820,Bromley 008C,1398.50321186093
E01000822,Bromley 008D,1716.68275475502
E01000823,Bromley 008E,1882.49187046289
E01000824,Bromley 008F,1386.65361070633
E01000825,Bromley 008G,1559.82897424698
E01000826,Bromley 021A,1634.64853892475
E01000827,Bromley 021B,1659.02276770771
E01000828,Bromley 011E,1723.38128575683
E01000829,Bromley 018E,1894.50086471438
E01000830,Bromley 021C,1766.46947938949
E01000831,Bromley 021D,1689.38398906589
E01000832,Bromley 030A,1704.47631473041
E01000833,Bromley 021E,1403.06735656038
E01000834,Bromley 027E,1194.32932828367
E01000835,Bromley 030B,1832.77879330516
E01000836,Bromley 030C,1395.909532547
E01000837,Bromley 030D,1568.93442589953
E01000838,Bromley 030E,1664.9222981818
E01000839,Bromley 030F,1646.86663013324
E01000840,Bromley 030G,1471.4806683302
E01000841,Bromley 030H,1701.55508887023
E01000842,Camden 011A,1348.49145358801
E01000843,Camden 014A,1172.13661319017
E01000844,Camden 011B,1712.35051441193
E01000845,Camden 014B,1473.14066231251
E01000846,Camden 014C,1068.4921015501
E01000847,Camden 014D,1863.24338978529
E01000848,Camden 011C,1607.80410701036
E01000849,Camden 011D,1374.00667715073
E01000850,Camden 026A,1030.02610391378
E01000851,Camden 026B,1649.83480155468
E01000852,Camden 026C,951.740772679448
E01000853,Camden 025A,1205.77912855148
E01000854,Camden 026D,1420.30925305188
E01000855,Camden 028A,1481.04283259809
E01000856,Camden 019A,1556.59080113471
E01000857,Camden 018A,1070.52743819356
E01000858,Camden 018B,1950.2993606925
E01000859,Camden 018C,1459.25623774529
E01000860,Camden 018D,1124.502688854
E01000861,Camden 019B,1571.37681138515
E01000862,Camden 018E,1879.30537259579
E01000863,Camden 021A,1433.41614253074
E01000864,Camden 015A,1400.84517198801
E01000865,Camden 015B,1106.68225318193
E01000866,Camden 009A,2036.34624356031
E01000867,Camden 015C,1715.339433074
E01000868,Camden 015D,1566.58033770323
E01000869,Camden 015E,1873.93314152956
E01000870,Camden 009B,1669.17060530186
E01000871,Camden 005A,1871.45983345434
E01000872,Camden 005B,1961.72130686045
E01000873,Camden 005C,1235.5940605104
E01000874,Camden 005D,1443.56053930521
E01000875,Camden 013A,1598.75805401802
E01000876,Camden 013B,1945.39852136374
E01000877,Camden 005E,1434.02841570973
E01000878,Camden 004A,1678.69776010513
E01000879,Camden 004B,1242.36805951595
E01000880,Camden 004C,1401.12159061432
E01000881,Camden 008A,1479.20217376947
E01000882,Camden 008B,1324.43282359838
E01000883,Camden 008C,1256.79351258278
E01000884,Camden 004D,1492.85487382859
E01000885,Camden 004E,1399.78523798287
E01000886,Camden 006A,1472.34738686681
E01000887,Camden 006B,1388.14352682233
E01000888,Camden 006C,1637.25024864078
E01000889,Camden 007A,1780.489174366
E01000890,Camden 007B,1009.61719638109
E01000891,Camden 007C,1488.37977457047
E01000892,Camden 006D,1838.92597329617
E01000893,Camden 002A,1374.69315116832
E01000894,Camden 002B,1565.69517060334
E01000895,Camden 002C,1354.2759335041
E01000896,Camden 002D,1395.26885077357
E01000897,Camden 008D,1614.15617525578
E01000898,Camden 008E,1550.21294094622
E01000899,Camden 002E,1715.87760148496
E01000900,Camden 012A,1994.96987891197
E01000901,Camden 007D,1705.83705627918
E01000902,Camden 012B,1287.27739357948
E01000903,Camden 006E,1631.05547267199
E01000904,Camden 012C,2103.537348032
E01000905,Camden 012D,1559.7435888648
E01000906,Camden 012E,1699.81877303123
E01000907,Camden 001A,1181.49665524001
E01000908,Camden 001B,1164.14641817048
E01000909,Camden 001C,1621.36835643044
E01000910,Camden 003A,1599.83075025678
E01000911,Camden 003B,1420.75915169716
E01000912,Camden 001D,1642.48380168795
E01000913,Camden 001E,1837.99880957525
E01000914,Camden 028B,2211.46633844823
E01000915,Camden 027A,1242.16784620285
E01000916,Camden 027B,1608.96905703843
E01000917,Camden 027C,1691.99794188142
E01000918,Camden 028C,1481.67113558948
E01000919,Camden 028D,1487.60753808916
E01000920,Camden 027D,1653.57004566491
E01000921,Camden 003C,1605.47994259
E01000922,Camden 007E,1759.33702787012
E01000923,Camden 003D,1133.2647857666
E01000924,Camden 009C,1683.28631162643
E01000925,Camden 009D,1516.53620278835
E01000926,Camden 009E,1533.72678542137
E01000927,Camden 007F,1698.12757390738
E01000928,Camden 003E,2119.20881853253
E01000929,Camden 020A,2127.94118130207
E01000930,Camden 020B,1563.68353506923
E01000931,Camden 013C,2363.86478322744
E01000932,Camden 013D,1493.07179689407
E01000933,Camden 020C,2065.6493678093
E01000934,Camden 020D,1539.46194171906
E01000935,Camden 020E,1235.04771095514
E01000936,Camden 024A,1393.88070863485
E01000937,Camden 025B,1271.9709853828
E01000938,Camden 024B,1536.06393128633
E01000939,Camden 024C,1340.99402284622
E01000940,Camden 024D,964.201827824116
E01000941,Camden 025C,1036.84165179729
E01000942,Camden 025D,1165.97019040585
E01000943,Camden 025E,1247.12850981951
E01000944,Camden 023A,1378.14793688059
E01000945,Camden 023B,2396.29396694992
E01000946,Camden 021B,1976.00456188811
E01000947,Camden 021C,2055.69230908155
E01000948,Camden 021D,1575.25261574425
E01000949,Camden 023C,1118.08324277401
E01000950,Camden 023D,917.956994086504
E01000951,Camden 023E,1390.1493639946
E01000952,Camden 022A,1436.46379041672
E01000953,Camden 022B,3964.06671150401
E01000954,Camden 022C,867.455927491188
E01000955,Camden 022D,1222.96561641991
E01000956,Camden 022E,1829.34416715801
E01000957,Camden 019C,1261.57178944349
E01000958,Camden 019D,2640.18222984672
E01000959,Camden 019E,1738.37286841869
E01000960,Camden 017A,1897.64672654867
E01000961,Camden 017B,1902.87300342321
E01000962,Camden 016A,1388.14151537418
E01000963,Camden 017C,1992.33869415522
E01000964,Camden 016B,1696.59575480223
E01000965,Camden 016C,1872.9265794158
E01000966,Camden 016D,1847.19845867157
E01000967,Camden 017D,1598.45204024011
E01000968,Camden 016E,1537.21481657028
E01000969,Camden 010A,1967.39084136486
E01000970,Camden 010B,1441.8479950428
E01000971,Camden 010C,1389.15944305062
E01000972,Camden 010D,1592.195748806
E01000973,Camden 010E,2823.43760511279
E01000974,Camden 013E,1480.5103443861
E01000975,Croydon 022A,2040.13043388724
E01000976,Croydon 022B,2063.04771834612
E01000977,Croydon 022C,1628.22770944238
E01000978,Croydon 022D,1666.90366870165
E01000979,Croydon 022E,1787.27190196514
E01000980,Croydon 017A,1716.76645821333
E01000981,Croydon 017B,1587.31820267439
E01000982,Croydon 017C,1928.13059771061
E01000983,Croydon 017D,2046.05336815119
E01000984,Croydon 022F,1997.1604244709
E01000985,Croydon 021A,1450.21454938338
E01000986,Croydon 021B,1794.4737348929
E01000987,Croydon 021C,1461.85128051043
E01000989,Croydon 018A,1813.98082104325
E01000990,Croydon 045A,1466.80519859493
E01000991,Croydon 018B,1924.46882329136
E01000992,Croydon 014A,1984.27468633302
E01000993,Croydon 021D,1539.68053513765
E01000994,Croydon 009A,1557.18766109645
E01000995,Croydon 009B,1872.75612938404
E01000996,Croydon 009C,1219.00868612528
E01000997,Croydon 009D,1602.49729073048
E01000998,Croydon 010A,1476.04442614317
E01000999,Croydon 009E,1370.71367013454
E01001000,Croydon 010B,1491.9644216001
E01001001,Croydon 013A,1393.73295801878
E01001002,Croydon 009F,1314.70806670189
E01001003,Croydon 010C,1564.57863634825
E01001004,Croydon 015A,2167.50426337123
E01001005,Croydon 019A,1936.46574902534
E01001006,Croydon 016A,1521.51333218068
E01001007,Croydon 016B,1551.06432515383
E01001008,Croydon 019B,1660.53562500328
E01001009,Croydon 019C,2250.26494818926
E01001010,Croydon 019D,1795.30594053306
E01001011,Croydon 019E,2052.15933227539
E01001012,Croydon 020A,2285.66051954031
E01001013,Croydon 020B,2361.99386319518
E01001014,Croydon 024A,4290.03281470016
E01001015,Croydon 041A,1275.99429123662
E01001016,Croydon 041B,2116.58317858945
E01001017,Croydon 043A,1628.14280902918
E01001018,Croydon 044A,1702.96014661673
E01001019,Croydon 044B,1395.4014666214
E01001020,Croydon 044C,1738.63927580975
E01001021,Croydon 044D,1320.81230427839
E01001022,Croydon 044E,1581.343572017
E01001023,Croydon 041C,2538.7191895172
E01001024,Croydon 043B,1274.11928698421
E01001025,Croydon 043C,1416.1216404438
E01001026,Croydon 043D,1870.12253408134
E01001027,Croydon 043E,2882.63068720503
E01001028,Croydon 038A,1788.43810971323
E01001029,Croydon 038B,1770.78594575077
E01001030,Croydon 038C,1441.6226606369
E01001031,Croydon 038D,1465.95149079631
E01001032,Croydon 035A,1589.62777882385
E01001033,Croydon 031A,1686.99207521975
E01001034,Croydon 031B,1592.87392555177
E01001035,Croydon 027A,1949.61735072732
E01001036,Croydon 029A,1588.49691495291
E01001037,Croydon 029B,1576.62451916933
E01001038,Croydon 029C,1730.65889456868
E01001039,Croydon 029D,1666.71174296104
E01001040,Croydon 029E,1744.44387874007
E01001041,Croydon 031C,1621.98433107138
E01001042,Croydon 024B,2584.63447293639
E01001043,Croydon 027B,3434.5185772106
E01001044,Croydon 023A,2406.09745292366
E01001045,Croydon 027C,4399.9334718287
E01001046,Croydon 023B,1734.65224175155
E01001047,Croydon 027D,2300.15706983209
E01001048,Croydon 020C,4299.89190838486
E01001049,Croydon 023C,1746.27398102847
E01001050,Croydon 023D,1373.5297743082
E01001051,Croydon 030A,1518.97907839957
E01001052,Croydon 030B,1076.9715308681
E01001053,Croydon 032A,1715.32207174599
E01001054,Croydon 030C,1779.80142913444
E01001055,Croydon 032B,1744.5928715892
E01001056,Croydon 030D,1829.7680580914
E01001057,Croydon 030E,1517.15671443939
E01001058,Croydon 034A,1366.29035332054
E01001059,Croydon 034B,1450.52033093572
E01001060,Croydon 034C,1690.03038063528
E01001061,Croydon 034D,1539.33642403485
E01001062,Croydon 026A,1739.21534849135
E01001063,Croydon 026B,1201.08704199269
E01001064,Croydon 026C,1969.09235304952
E01001065,Croydon 034E,1617.56549774751
E01001066,Croydon 034F,1400.05920642614
E01001067,Croydon 041D,1650.59228486801
E01001068,Croydon 042A,1854.98308580404
E01001069,Croydon 040A,1473.17849771399
E01001070,Croydon 040B,1865.61613380187
E01001071,Croydon 042B,1964.1293622584
E01001072,Croydon 042C,1670.51363520607
E01001073,Croydon 037A,1229.64006295055
E01001074,Croydon 041E,1958.27510684729
E01001075,Croydon 040C,1583.48069652985
E01001076,Croydon 036A,1704.78286935389
E01001077,Croydon 032C,1403.92245006561
E01001078,Croydon 032D,1379.48094320524
E01001079,Croydon 036B,1507.5817829892
E01001080,Croydon 036C,1557.62428070605
E01001081,Croydon 036D,1507.27182903197
E01001082,Croydon 032E,1466.04096696721
E01001083,Croydon 003A,1589.67364561092
E01001084,Croydon 002A,1988.56818082911
E01001085,Croydon 004A,1550.02219579369
E01001086,Croydon 003B,1923.21798662841
E01001087,Croydon 003C,2749.59808060341
E01001088,Croydon 004B,1687.3623258844
E01001089,Croydon 004C,1943.88168027997
E01001090,Croydon 004D,2287.74783806503
E01001091,Croydon 004E,1705.97939158231
E01001092,Croydon 037B,2028.2853010986
E01001093,Croydon 037C,1904.48820666829
E01001094,Croydon 038E,1785.16528892331
E01001095,Croydon 031D,1534.67564037442
E01001096,Croydon 037D,1505.1044151932
E01001097,Croydon 037E,2283.58794285357
E01001098,Croydon 037F,1907.03199641407
E01001099,Croydon 040D,1298.67426092923
E01001100,Croydon 031E,1539.48389056325
E01001101,Croydon 035B,1401.51354332771
E01001102,Croydon 035C,1523.75034587458
E01001103,Croydon 039A,1650.48296756446
E01001104,Croydon 042D,1658.5665246502
E01001105,Croydon 039B,1697.33640731414
E01001106,Croydon 039C,1491.98475891044
E01001107,Croydon 035D,1866.48248407502
E01001108,Croydon 035E,1670.94847843796
E01001109,Croydon 013B,2760.72559573501
E01001110,Croydon 020D,2310.93648993969
E01001111,Croydon 010D,1981.92429706454
E01001112,Croydon 013C,2057.00450636446
E01001113,Croydon 013D,2116.3075325489
E01001114,Croydon 013E,1977.09377677739
E01001115,Croydon 015B,1866.43546876311
E01001116,Croydon 013F,1084.23308365047
E01001117,Croydon 015C,2992.21600610018
E01001118,Croydon 020E,1945.37112745643
E01001119,Croydon 034G,1445.19362606701
E01001120,Croydon 033A,1299.34065560158
E01001121,Croydon 039D,1369.53692990889
E01001122,Croydon 033B,1451.73218862046
E01001123,Croydon 033C,1705.47307286336
E01001124,Croydon 033D,1582.13107622251
E01001125,Croydon 033E,1644.23481123708
E01001126,Croydon 034H,1537.89078569412
E01001127,Croydon 025A,1727.13717451133
E01001128,Croydon 025B,1428.64814899862
E01001129,Croydon 026D,1392.15928697865
E01001130,Croydon 025C,1158.05147288041
E01001131,Croydon 018C,1350.76267504692
E01001132,Croydon 018D,1692.96348362416
E01001133,Croydon 026E,1685.07250834256
E01001134,Croydon 018E,1524.07853958756
E01001135,Croydon 025D,1812.95592810586
E01001136,Croydon 007A,2046.5222133249
E01001137,Croydon 001A,2174.17630071938
E01001138,Croydon 001B,1767.25224966917
E01001139,Croydon 007B,1721.13595360518
E01001140,Croydon 007C,1460.21326394819
E01001141,Croydon 008A,1164.43037655205
E01001142,Croydon 007D,2175.24536716181
E01001143,Croydon 008B,2083.26398923993
E01001144,Croydon 007E,1895.05293470621
E01001145,Croydon 008C,1655.0790143311
E01001146,Croydon 006A,1810.79595685005
E01001147,Croydon 005A,1916.29691141844
E01001148,Croydon 005B,1738.46055579185
E01001149,Croydon 006B,1462.87140765786
E01001150,Croydon 006C,1643.48881444335
E01001151,Croydon 005C,1696.03015869856
E01001152,Croydon 005D,2306.14753127098
E01001153,Croydon 006D,1590.29147487879
E01001154,Croydon 006E,1892.0453908667
E01001155,Croydon 010E,1367.5349252224
E01001156,Croydon 001C,1647.92939705402
E01001157,Croydon 002B,1805.87877918407
E01001158,Croydon 005E,1579.66116496176
E01001159,Croydon 002C,2007.33307593316
E01001160,Croydon 002D,1972.07140491903
E01001161,Croydon 003D,1614.55850118399
E01001162,Croydon 001D,1778.74331075326
E01001163,Croydon 002E,1916.82674528286
E01001164,Croydon 001E,1987.23663714528
E01001165,Croydon 024C,1811.80389021337
E01001166,Croydon 024D,1715.57199925184
E01001167,Croydon 028A,2374.21468403377
E01001168,Croydon 024E,1987.44229093194
E01001169,Croydon 028B,1791.40624475479
E01001170,Croydon 027E,1787.12362003326
E01001171,Croydon 028C,2070.01604473591
E01001172,Croydon 028D,2134.32673735364
E01001173,Croydon 028E,2613.75007234013
E01001174,Croydon 011A,1632.5818919288
E01001175,Croydon 011B,1798.35517022014
E01001176,Croydon 011C,1956.5015183324
E01001177,Croydon 016C,1774.45419659372
E01001178,Croydon 015D,1915.96031779051
E01001179,Croydon 016D,1639.19386851788
E01001180,Croydon 016E,2236.87549877167
E01001181,Croydon 015E,1832.73803752661
E01001182,Croydon 011D,1328.12381827831
E01001183,Croydon 011E,1514.87233734131
E01001184,Croydon 011F,1365.56746573374
E01001185,Croydon 014B,1657.2404871285
E01001186,Croydon 014C,1796.46659821272
E01001187,Croydon 017E,1766.15569764376
E01001188,Croydon 014D,1989.73697927594
E01001189,Croydon 045B,1091.81647668779
E01001190,Croydon 045C,1333.97170596132
E01001191,Croydon 008D,2048.87712213397
E01001192,Croydon 008E,1844.98772966687
E01001193,Croydon 014E,1656.99299021065
E01001194,Croydon 045D,1696.84227170111
E01001195,Ealing 021A,1911.71309735626
E01001196,Ealing 015A,1829.15879972279
E01001197,Ealing 021B,1978.68593330495
E01001198,Ealing 021C,1347.84879428148
E01001199,Ealing 021D,1510.87679293752
E01001200,Ealing 025A,1537.50310185552
E01001201,Ealing 025B,2006.28543931246
E01001202,Ealing 025C,2043.72685849667
E01001203,Ealing 025D,1615.59476184845
E01001204,Ealing 018A,1450.85373461992
E01001205,Ealing 018B,1822.67020490766
E01001206,Ealing 018C,1438.36193135381
E01001207,Ealing 018D,2048.42866510153
E01001208,Ealing 018E,1779.21734509828
E01001209,Ealing 013A,1676.10615130618
E01001210,Ealing 016A,1493.92104619276
E01001211,Ealing 013B,1856.63081216812
E01001212,Ealing 018F,1730.34073420241
E01001213,Ealing 023A,2029.08328807354
E01001214,Ealing 023B,2092.25015828758
E01001215,Ealing 023C,1895.3489587903
E01001216,Ealing 023D,1690.0455442071
E01001217,Ealing 014A,1767.65799728036
E01001218,Ealing 012A,1915.17042365856
E01001219,Ealing 029A,1581.82942710072
E01001220,Ealing 029B,1975.29046304604
E01001221,Ealing 020A,3016.04467852414
E01001222,Ealing 019A,2465.80508987606
E01001223,Ealing 020B,1569.18089455366
E01001224,Ealing 019B,1692.1085857451
E01001225,Ealing 020C,1641.82162120938
E01001226,Ealing 019C,1603.84499639273
E01001227,Ealing 019D,1682.91675132513
E01001228,Ealing 019E,2131.36466543376
E01001229,Ealing 031A,1545.05647732317
E01001230,Ealing 031B,1419.07437042892
E01001231,Ealing 027A,2060.03790506721
E01001232,Ealing 031C,1578.9330085367
E01001233,Ealing 031D,1538.2771076262
E01001234,Ealing 027B,1423.9154973729
E01001235,Ealing 020D,1685.19009565562
E01001236,Ealing 020E,1485.11079493165
E01001237,Ealing 031E,1540.15052111447
E01001238,Ealing 015B,3347.90103142709
E01001239,Ealing 015C,2595.08992215991
E01001240,Ealing 024A,1923.80246198177
E01001241,Ealing 024B,2338.66124338843
E01001242,Ealing 024C,1556.49640461802
E01001243,Ealing 024D,1919.79122769833
E01001244,Ealing 024E,2105.63180724531
E01001245,Ealing 024F,2323.7021946311
E01001246,Ealing 015D,1872.85668976395
E01001247,Ealing 015E,2349.38564871252
E01001248,Ealing 035A,1818.52854830388
E01001249,Ealing 028A,2305.33446124196
E01001250,Ealing 028B,1934.28303031623
E01001251,Ealing 030A,1709.34784708731
E01001252,Ealing 030B,2430.56512954831
E01001253,Ealing 030C,1941.57568413019
E01001254,Ealing 030D,1703.16866019368
E01001255,Ealing 028C,1940.39168339968
E01001257,Ealing 008A,2117.12280786037
E01001258,Ealing 010B,1781.63735321164
E01001259,Ealing 014B,1665.21190423705
E01001260,Ealing 012B,2284.69461401924
E01001261,Ealing 012C,1964.29839061014
E01001262,Ealing 010C,1511.92721020197
E01001263,Ealing 010D,2037.81810970977
E01001264,Ealing 010E,1782.25284452317
E01001265,Ealing 006A,1531.54384652525
E01001266,Ealing 006B,2155.53163255396
E01001267,Ealing 006C,1923.32567790896
E01001268,Ealing 012D,2114.64886254817
E01001269,Ealing 001A,2171.80602148175
E01001270,Ealing 004A,1952.48608391732
E01001271,Ealing 001B,2020.74032977968
E01001272,Ealing 006D,1977.02362959832
E01001273,Ealing 020F,1889.06490468979
E01001274,Ealing 020G,1468.10297515243
E01001275,Ealing 020H,1766.97514944957
E01001276,Ealing 011A,1582.25215367228
E01001277,Ealing 011B,2448.41921443306
E01001278,Ealing 011C,2628.22955908999
E01001279,Ealing 013C,1501.733602494
E01001280,Ealing 011D,1608.17736972123
E01001281,Ealing 013D,1622.29458456626
E01001282,Ealing 016B,1650.72770100832
E01001283,Ealing 016C,1914.07234570011
E01001284,Ealing 022A,1919.90470978545
E01001285,Ealing 016D,1970.99908327745
E01001286,Ealing 016E,1478.91421288252
E01001287,Ealing 016F,1145.32774394751
E01001288,Ealing 022B,1428.59277465631
E01001289,Ealing 022C,1479.85593813658
E01001290,Ealing 022D,2088.16576209301
E01001291,Ealing 014C,1832.39288920164
E01001292,Ealing 014D,1687.27400115132
E01001293,Ealing 014E,1774.37227541208
E01001294,Ealing 017A,2210.85489848629
E01001295,Ealing 017B,1808.7861059159
E01001296,Ealing 017C,1595.72867110372
E01001297,Ealing 017D,1717.84708345588
E01001298,Ealing 017E,2188.15910518169
E01001299,Ealing 035B,1844.53831592202
E01001300,Ealing 039A,1468.47477334738
E01001301,Ealing 039B,2184.898369506
E01001302,Ealing 039C,1649.45647493005
E01001303,Ealing 032A,1667.79267609119
E01001304,Ealing 039D,1675.3097833395
E01001305,Ealing 035C,1861.50906068087
E01001306,Ealing 035D,1893.5953168273
E01001307,Ealing 002A,1993.35484531628
E01001308,Ealing 002B,2369.5665280922
E01001309,Ealing 001C,2245.52464081347
E01001310,Ealing 001D,2074.26464700699
E01001311,Ealing 001E,2280.30693897139
E01001312,Ealing 002C,1988.10777539015
E01001313,Ealing 002D,1704.34517151862
E01001314,Ealing 002E,1621.43057382088
E01001315,Ealing 003A,1491.07808941603
E01001316,Ealing 003B,1554.68000894785
E01001317,Ealing 003C,2329.61136728525
E01001318,Ealing 003D,1941.7741048485
E01001319,Ealing 004B,1467.11293581128
E01001320,Ealing 003E,1498.76693729788
E01001321,Ealing 003F,2285.51172962785
E01001322,Ealing 004C,2169.0706528388
E01001323,Ealing 004D,1857.30421090499
E01001324,Ealing 008B,1644.01765904413
E01001325,Ealing 009A,1975.09161370567
E01001326,Ealing 008C,2022.95218719087
E01001327,Ealing 009B,2161.45808278609
E01001328,Ealing 009C,2002.61094634538
E01001329,Ealing 009D,2095.94041987625
E01001330,Ealing 008D,1726.6141703492
E01001331,Ealing 009E,1407.43380185962
E01001332,Ealing 008E,1579.19354733825
E01001333,Ealing 038A,2608.06149460375
E01001334,Ealing 029C,1495.85666146874
E01001335,Ealing 038B,1867.68511289939
E01001336,Ealing 038C,1683.69422550499
E01001337,Ealing 029D,2382.27686321086
E01001338,Ealing 029E,1935.25310497358
E01001339,Ealing 029F,2423.6108594022
E01001340,Ealing 029G,1051.20463015139
E01001341,Ealing 005A,1860.05924247205
E01001342,Ealing 005B,1794.57691666484
E01001343,Ealing 005C,1337.57339011133
E01001344,Ealing 007A,2330.46726909182
E01001345,Ealing 005D,1804.50114151835
E01001346,Ealing 007B,1588.73933015764
E01001347,Ealing 007C,2061.91163645032
E01001348,Ealing 007D,1629.6842625267
E01001349,Ealing 006E,1663.33531026398
E01001350,Ealing 027C,1328.33622408938
E01001351,Ealing 025E,2040.02938893437
E01001352,Ealing 027D,1630.42435276508
E01001353,Ealing 033A,1509.42742419243
E01001354,Ealing 027E,2218.43263944238
E01001355,Ealing 033B,2150.94816207886
E01001356,Ealing 033C,1671.31930750608
E01001357,Ealing 033D,2241.54599267244
E01001358,Ealing 033E,2342.5941055268
E01001359,Ealing 026A,2638.468580544
E01001360,Ealing 026B,2310.25203636289
E01001361,Ealing 023E,2308.17535793036
E01001362,Ealing 026C,2309.61790636182
E01001363,Ealing 026D,1843.82683882117
E01001364,Ealing 026E,1737.98577699065
E01001365,Ealing 026F,2680.51819158345
E01001366,Ealing 037A,1928.65875208378
E01001367,Ealing 037B,2046.94549228251
E01001368,Ealing 037C,1721.16274172068
E01001369,Ealing 038D,2183.63817387819
E01001370,Ealing 037D,2405.441900976
E01001371,Ealing 037E,2293.17525726557
E01001372,Ealing 037F,2766.32017415762
E01001373,Ealing 037G,2606.1987438798
E01001374,Ealing 040A,1945.84050744772
E01001375,Ealing 034A,1767.1147840023
E01001376,Ealing 040B,1708.8324790895
E01001377,Ealing 034B,1754.05808487535
E01001379,Ealing 034C,1646.39889115095
E01001380,Ealing 040C,1980.54148155451
E01001381,Ealing 034D,2369.2831119895
E01001382,Ealing 032B,1615.5661002323
E01001383,Ealing 028D,1758.89179682732
E01001384,Ealing 032C,1599.09522658587
E01001385,Ealing 032D,1638.15284378827
E01001386,Ealing 031F,1777.35957290791
E01001387,Ealing 032E,1439.56332181022
E01001388,Ealing 028E,1402.80244004726
E01001389,Ealing 028F,1802.57101118565
E01001390,Enfield 036A,1836.33009260893
E01001391,Enfield 036B,1644.09353804588
E01001392,Enfield 032A,1839.48387384415
E01001393,Enfield 036C,1732.57639765739
E01001394,Enfield 035A,2100.57006564736
E01001395,Enfield 035B,1592.32020648755
E01001396,Enfield 036D,1625.35720339417
E01001397,Enfield 035C,2401.0989883244
E01001398,Enfield 021A,1344.74244570732
E01001399,Enfield 021B,1396.02263438702
E01001400,Enfield 021C,1684.04136922956
E01001401,Enfield 016A,1388.38270297647
E01001402,Enfield 021D,1944.19408656284
E01001403,Enfield 021E,1574.21887779422
E01001404,Enfield 026A,1610.97082689871
E01001405,Enfield 015A,1740.95948210359
E01001406,Enfield 015B,1768.18637177348
E01001407,Enfield 005A,1858.9066416158
E01001408,Enfield 004A,1728.29283630848
E01001409,Enfield 005B,2105.49866762757
E01001410,Enfield 005C,1820.15842549503
E01001411,Enfield 004B,1843.99557858706
E01001412,Enfield 004C,2147.45003563625
E01001413,Enfield 004D,2002.68667528114
E01001414,Enfield 004E,1211.68897978379
E01001415,Enfield 011A,1748.39091213937
E01001416,Enfield 013A,1720.36233749986
E01001417,Enfield 011B,1843.02356887572
E01001418,Enfield 011C,1948.64090812279
E01001419,Enfield 020A,1921.09926696558
E01001420,Enfield 020B,1823.78655001335
E01001421,Enfield 020C,1664.14587235451
E01001422,Enfield 011D,1724.62006779287
E01001423,Enfield 027A,2058.8568520546
E01001424,Enfield 030A,965.657965540886
E01001425,Enfield 027B,2629.25204778323
E01001426,Enfield 030B,2370.14862557268
E01001427,Enfield 030C,2147.80409181348
E01001428,Enfield 027C,1820.41382884979
E01001429,Enfield 030D,2234.84578707814
E01001430,Enfield 030E,1823.63272964954
E01001431,Enfield 033A,1386.94928850234
E01001432,Enfield 033B,2056.05502328277
E01001433,Enfield 007A,1839.1884576655
E01001434,Enfield 007B,1506.69684875011
E01001435,Enfield 007C,1597.88662004471
E01001436,Enfield 007D,2013.29462897778
E01001437,Enfield 014A,3211.85873159662
E01001438,Enfield 007E,1214.97137124836
E01001439,Enfield 006A,1860.07060828805
E01001440,Enfield 012A,1852.37983308727
E01001441,Enfield 006B,1905.25668396708
E01001442,Enfield 002A,1375.33619686961
E01001444,Enfield 001A,1972.1807615757
E01001445,Enfield 003B,3515.95706976387
E01001446,Enfield 001B,1935.40082347393
E01001447,Enfield 003C,1902.5847389698
E01001448,Enfield 003D,1863.05066779256
E01001449,Enfield 003E,1299.88992613368
E01001450,Enfield 015C,2410.5182364136
E01001451,Enfield 017A,1995.28695007372
E01001452,Enfield 017B,1473.84260675708
E01001453,Enfield 017C,1639.11892900174
E01001454,Enfield 017D,1705.31895533204
E01001455,Enfield 021F,1328.10910512507
E01001456,Enfield 022A,1400.92165537179
E01001457,Enfield 010A,1638.49422694556
E01001458,Enfield 037A,1647.39504772425
E01001459,Enfield 024A,1837.97254480422
E01001460,Enfield 024B,1965.05627560616
E01001461,Enfield 027D,1320.09393589199
E01001462,Enfield 024C,1729.69957089424
E01001463,Enfield 031A,1695.66585994046
E01001464,Enfield 027E,1299.69123876095
E01001465,Enfield 031B,1427.80718880892
E01001466,Enfield 031C,1715.18518793583
E01001467,Enfield 031D,2022.44268101454
E01001468,Enfield 010B,1618.98724307361
E01001469,Enfield 008A,1549.97592043877
E01001470,Enfield 013B,1620.47178005093
E01001471,Enfield 010C,1758.68315392991
E01001472,Enfield 010D,1661.36123332381
E01001473,Enfield 013C,1932.92008186843
E01001474,Enfield 010E,2026.63418937233
E01001475,Enfield 013D,1735.13629481196
E01001476,Enfield 018A,1686.05017933249
E01001477,Enfield 018B,1954.33025573122
E01001478,Enfield 016B,1613.17304421961
E01001479,Enfield 023A,1854.45731505379
E01001480,Enfield 024D,1392.21730092168
E01001481,Enfield 018C,1818.62101358175
E01001482,Enfield 023B,1862.46391415596
E01001483,Enfield 025A,1138.59685828578
E01001484,Enfield 016C,1929.76319949329
E01001485,Enfield 025B,2059.15009880066
E01001486,Enfield 025C,1754.88969665207
E01001487,Enfield 023C,2061.02411288023
E01001488,Enfield 024E,1771.22455978394
E01001489,Enfield 023D,2195.50852903724
E01001491,Enfield 023E,1956.3209670186
E01001492,Enfield 025E,2335.7311950326
E01001493,Enfield 026B,1754.23050639033
E01001494,Enfield 026C,1545.2033379674
E01001495,Enfield 029A,1946.11388522387
E01001496,Enfield 026D,1791.97845123708
E01001497,Enfield 031E,1537.80405671895
E01001498,Enfield 029B,1693.6144117415
E01001499,Enfield 031F,1609.19042895734
E01001500,Enfield 035D,1564.75220182538
E01001501,Enfield 036E,2231.64634135365
E01001502,Enfield 018D,1918.07237944752
E01001503,Enfield 018E,1977.86929190159
E01001504,Enfield 012B,1975.09430888295
E01001505,Enfield 012C,2061.6719570905
E01001506,Enfield 014B,1850.6230297841
E01001507,Enfield 012D,2014.4384085983
E01001508,Enfield 012E,1951.3770186007
E01001509,Enfield 014C,2046.33323961496
E01001510,Enfield 014D,903.153424549848
E01001511,Enfield 016D,2382.99403088912
E01001512,Enfield 015D,1731.24394726753
E01001513,Enfield 012F,2212.61369850389
E01001514,Enfield 016E,1894.81840503216
E01001515,Enfield 015E,1980.50229665637
E01001516,Enfield 005D,2206.67886158451
E01001517,Enfield 006C,1915.36362823844
E01001518,Enfield 016F,1976.04430210725
E01001519,Enfield 020D,2659.30326595157
E01001520,Enfield 019A,1797.14208169235
E01001521,Enfield 028A,1702.47601751238
E01001522,Enfield 019B,1642.27800126374
E01001523,Enfield 019C,1894.7877513659
E01001524,Enfield 019D,1570.98725958914
E01001525,Enfield 020E,2191.66056877375
E01001526,Enfield 019E,1471.48984799534
E01001527,Enfield 036F,2083.31142405374
E01001528,Enfield 032B,1473.6205792129
E01001529,Enfield 032C,1833.4954174757
E01001530,Enfield 032D,1691.16414883733
E01001531,Enfield 028B,1555.78284843266
E01001532,Enfield 028C,1873.89317733049
E01001533,Enfield 028D,1751.35345237702
E01001534,Enfield 032E,2048.02203189954
E01001535,Enfield 028E,1541.70414738823
E01001536,Enfield 008B,2120.86916982383
E01001537,Enfield 005E,1565.0749501586
E01001538,Enfield 009A,1748.2889007926
E01001539,Enfield 009B,1707.80476018786
E01001540,Enfield 008C,1846.26621340215
E01001541,Enfield 008D,1572.90501010418
E01001542,Enfield 008E,1389.11194300652
E01001543,Enfield 009C,1513.73410022259
E01001544,Enfield 009D,2029.28090553358
E01001545,Enfield 002B,1742.44198344642
E01001546,Enfield 001C,1889.88320129691
E01001547,Enfield 002C,2210.23433503509
E01001548,Enfield 002D,1994.64354585949
E01001549,Enfield 006D,2121.52859701496
E01001550,Enfield 006E,1991.11100538075
E01001551,Enfield 002E,1837.0730224587
E01001552,Enfield 001D,1901.73178443964
E01001553,Enfield 037B,1416.21387338638
E01001554,Enfield 037C,1686.12809047103
E01001555,Enfield 033C,1979.35696879029
E01001556,Enfield 035E,1546.4599096179
E01001557,Enfield 033D,1426.63466578722
E01001558,Enfield 033E,1998.44328299165
E01001559,Enfield 033F,2773.48050373234
E01001560,Enfield 035F,1676.75742383488
E01001562,Enfield 037D,1949.33002591133
E01001563,Enfield 029C,1612.99314269423
E01001564,Enfield 022B,1724.08771526814
E01001565,Enfield 029D,1613.68839609623
E01001566,Enfield 029E,1815.29673671722
E01001567,Enfield 022C,1568.61948680878
E01001568,Enfield 022D,2135.50482022947
E01001569,Enfield 022E,1759.10948844254
E01001570,Enfield 026E,2127.6405820614
E01001571,Greenwich 008A,1975.09759902954
E01001572,Greenwich 008B,1830.7218657732
E01001573,Greenwich 008C,1562.7463439703
E01001574,Greenwich 008D,1808.85511299169
E01001575,Greenwich 003A,1938.06781449914
E01001576,Greenwich 003B,2115.06701862812
E01001577,Greenwich 003C,1711.52985554934
E01001578,Greenwich 003D,2461.57732912898
E01001579,Greenwich 003E,1685.83650246263
E01001580,Greenwich 021A,1695.58640934946
E01001581,Greenwich 016A,1587.4257248342
E01001582,Greenwich 021B,1519.28351541609
E01001583,Greenwich 021C,1487.97283236822
E01001584,Greenwich 021D,1575.04110047221
E01001585,Greenwich 016B,1494.20210269094
E01001586,Greenwich 016C,1357.73345732689
E01001587,Greenwich 016D,1976.799873285
E01001588,Greenwich 012A,1829.44483717531
E01001589,Greenwich 012B,1820.5952985175
E01001590,Greenwich 014A,1689.04765091836
E01001591,Greenwich 012C,2161.5587548092
E01001592,Greenwich 014B,2005.60478127003
E01001593,Greenwich 014C,1850.75468456745
E01001594,Greenwich 014D,2128.96721291542
E01001595,Greenwich 012D,2482.85825126618
E01001596,Greenwich 032A,1825.97747677565
E01001597,Greenwich 031A,1622.87397068739
E01001598,Greenwich 031B,1620.93752032425
E01001599,Greenwich 032B,1849.89787859097
E01001600,Greenwich 032C,1593.85171379894
E01001601,Greenwich 032D,1573.66517144442
E01001602,Greenwich 031C,2017.39282776415
E01001603,Greenwich 031D,1675.69804775715
E01001604,Greenwich 027A,1725.96637174487
E01001605,Greenwich 023A,1577.40786368989
E01001606,Greenwich 023B,1746.94622212648
E01001607,Greenwich 027B,1640.88855081797
E01001608,Greenwich 027C,1515.0273815471
E01001609,Greenwich 027D,1608.76175349951
E01001610,Greenwich 023C,1534.22343143821
E01001611,Greenwich 023D,1540.08743095398
E01001613,Greenwich 028A,1727.41618120168
E01001614,Greenwich 028B,1526.25563280206
E01001615,Greenwich 028C,1999.35967129376
E01001617,Greenwich 028D,1643.3169341619
E01001618,Greenwich 030C,2025.9756982848
E01001619,Greenwich 030D,1859.384150967
E01001620,Greenwich 025A,1638.46190242097
E01001621,Greenwich 025B,1769.77227950096
E01001623,Greenwich 025C,1766.01688847691
E01001624,Greenwich 025D,1615.48962888122
E01001625,Greenwich 025E,1738.58206367493
E01001629,Greenwich 009A,2310.63559865952
E01001631,Greenwich 007B,1981.51187004149
E01001632,Greenwich 007C,2218.88264489174
E01001633,Greenwich 009B,1830.53721404076
E01001634,Greenwich 009C,2051.0513485074
E01001635,Greenwich 007D,1816.61823883653
E01001636,Greenwich 007E,1656.95661231875
E01001637,Greenwich 009D,1994.8643334806
E01001638,Greenwich 038A,1492.97430759668
E01001640,Greenwich 035A,2822.44677895308
E01001641,Greenwich 038B,2541.51980572427
E01001642,Greenwich 038C,1918.99644375803
E01001644,Greenwich 038D,2937.09445473552
E01001645,Greenwich 022A,1722.26351783425
E01001646,Greenwich 019A,1970.28258789331
E01001647,Greenwich 022B,1624.58821039647
E01001648,Greenwich 022C,2017.01382934023
E01001649,Greenwich 022D,1603.16706863046
E01001650,Greenwich 019B,1818.62623549998
E01001651,Greenwich 019C,2159.51597183198
E01001652,Greenwich 019D,1812.26743379235
E01001653,Greenwich 029A,1653.37175461324
E01001654,Greenwich 029B,1476.57831344008
E01001655,Greenwich 029C,1320.14358210447
E01001656,Greenwich 034A,1282.64565694146
E01001657,Greenwich 034B,1511.80069109704
E01001658,Greenwich 034C,1778.02508190181
E01001659,Greenwich 034D,1720.86405119672
E01001660,Greenwich 029D,1669.28364056558
E01001661,Greenwich 029E,1836.33771145716
E01001662,Greenwich 037A,3718.61678293347
E01001664,Greenwich 037B,1669.03965640068
E01001665,Greenwich 037C,1883.90487164259
E01001666,Greenwich 036A,1609.82331946865
E01001667,Greenwich 036B,6303.98835089203
E01001668,Greenwich 036C,4083.49478769675
E01001669,Greenwich 033A,2377.75786240688
E01001671,Greenwich 033B,1676.00940529257
E01001672,Greenwich 006A,2170.26278933883
E01001673,Greenwich 006B,2523.40903320909
E01001674,Greenwich 006C,2156.45027929544
E01001675,Greenwich 006D,2345.66992990673
E01001676,Greenwich 033C,1701.64008030295
E01001677,Greenwich 006E,2225.32709216699
E01001678,Greenwich 017A,1844.44075275213
E01001679,Greenwich 020A,1263.83257494867
E01001680,Greenwich 020B,1680.83979431468
E01001681,Greenwich 020C,1262.03657039255
E01001682,Greenwich 020D,1600.71209862572
E01001683,Greenwich 017B,1590.13160136342
E01001684,Greenwich 017C,1495.92341253138
E01001685,Greenwich 017D,1375.92844089866
E01001686,Greenwich 020E,1894.9323323667
E01001687,Greenwich 002A,1903.59317097068
E01001688,Greenwich 002B,2733.39210296888
E01001690,Greenwich 001A,1458.80404394865
E01001692,Greenwich 001B,1419.78425177932
E01001693,Greenwich 001C,1545.32532355189
E01001694,Greenwich 001D,1665.77473001723
E01001695,Greenwich 011A,1462.98469996452
E01001696,Greenwich 011B,1886.25091052055
E01001697,Greenwich 011C,2891.13513341546
E01001698,Greenwich 015A,2018.8742223382
E01001699,Greenwich 015B,2337.78054686938
E01001700,Greenwich 011D,2349.55236417055
E01001701,Greenwich 015C,2322.74591822756
E01001702,Greenwich 015D,1420.99645578861
E01001703,Greenwich 011E,1445.39532357454
E01001704,Greenwich 011F,2064.85747081041
E01001705,Greenwich 005A,1953.52174374461
E01001706,Greenwich 005B,1408.67939791083
E01001708,Greenwich 005C,1636.63358485978
E01001709,Greenwich 004B,1392.11425043154
E01001710,Greenwich 005D,1475.6928986311
E01001711,Greenwich 004C,1352.11564098269
E01001712,Greenwich 004D,2004.18768942915
E01001713,Greenwich 005E,707.284964621067
E01001714,Hackney 002A,1692.45036849182
E01001715,Hackney 007A,1357.25873672962
E01001716,Hackney 007B,1671.16534054279
E01001717,Hackney 007C,1540.96895116568
E01001718,Hackney 007D,1692.35498487949
E01001719,Hackney 007E,1398.80700170994
E01001720,Hackney 007F,1677.18088531494
E01001722,Hackney 029A,2171.882117033
E01001723,Hackney 006A,2243.68608236313
E01001724,Hackney 006B,2559.65090978146
E01001725,Hackney 004A,1810.86944526434
E01001726,Hackney 004B,1252.22945249081
E01001727,Hackney 006C,1995.73958951235
E01001728,Hackney 029B,2042.21176612377
E01001729,Hackney 019A,2230.30299568176
E01001730,Hackney 019B,2285.86811023951
E01001731,Hackney 017A,2903.97816747427
E01001732,Hackney 019C,1670.86274528503
E01001733,Hackney 015A,1903.44982773066
E01001734,Hackney 017B,2035.58912184834
E01001735,Hackney 019D,1623.12641426921
E01001736,Hackney 012A,1738.18064814806
E01001737,Hackney 012B,1363.47625869513
E01001738,Hackney 012C,1687.99754428864
E01001739,Hackney 012D,2283.87541127205
E01001740,Hackney 014A,1156.0605456233
E01001741,Hackney 009A,1248.23507964611
E01001742,Hackney 008A,1671.27440197766
E01001744,Hackney 021B,2429.85645699501
E01001745,Hackney 016A,1752.29714095592
E01001746,Hackney 016B,1059.92949828506
E01001747,Hackney 014B,2820.1465139091
E01001748,Hackney 020A,2876.47924348712
E01001749,Hackney 020B,1272.68014925718
E01001750,Hackney 021C,2441.97050613165
E01001751,Hackney 021D,1859.64869773388
E01001752,Hackney 025A,2385.74583739042
E01001753,Hackney 025B,1493.07802903652
E01001754,Hackney 025C,2592.39149594307
E01001755,Hackney 025D,1676.71263688803
E01001756,Hackney 021E,2077.51582926512
E01001757,Hackney 016C,1565.05310291052
E01001758,Hackney 016D,2197.87177020311
E01001759,Hackney 016E,1942.91283172369
E01001760,Hackney 017C,2056.24276179075
E01001761,Hackney 016F,1876.46793884039
E01001762,Hackney 017D,1649.5913117528
E01001763,Hackney 020C,1512.22353249788
E01001764,Hackney 010A,1661.32905948162
E01001765,Hackney 010B,1851.22627013922
E01001767,Hackney 010D,1860.62278717756
E01001768,Hackney 006D,1930.73161756992
E01001769,Hackney 006E,1551.56868460774
E01001770,Hackney 010E,1530.93505546451
E01001772,Hackney 024A,1563.07064819336
E01001773,Hackney 025E,2277.28055357933
E01001774,Hackney 024B,2449.49610696733
E01001775,Hackney 024C,1899.20811422169
E01001776,Hackney 025F,1793.21211075783
E01001777,Hackney 027B,2533.85316717625
E01001779,Hackney 026A,3218.45365208387
E01001780,Hackney 027D,1750.48522120714
E01001781,Hackney 026B,1686.28293532133
E01001782,Hackney 026C,2469.43939691782
E01001783,Hackney 026D,1615.06208109856
E01001784,Hackney 027E,1997.24326527119
E01001785,Hackney 015B,1734.54987037182
E01001786,Hackney 013A,2147.51590912218
E01001787,Hackney 013B,1397.90005273558
E01001788,Hackney 013C,1602.17639255524
E01001789,Hackney 015C,1939.88177901506
E01001790,Hackney 013D,1266.4650297761
E01001791,Hackney 015D,1526.00490370393
E01001792,Hackney 011A,2094.76521491632
E01001793,Hackney 011B,1660.76761045307
E01001794,Hackney 011C,1866.93347662687
E01001795,Hackney 011D,1393.42680707574
E01001796,Hackney 011E,1514.38352066278
E01001798,Hackney 028A,1783.78967908025
E01001799,Hackney 003A,1571.11466819048
E01001800,Hackney 004C,1719.11011266708
E01001801,Hackney 008B,1617.18713755906
E01001802,Hackney 003B,1432.19334888458
E01001803,Hackney 008C,1890.62945595197
E01001804,Hackney 003C,1747.48521308601
E01001805,Hackney 009B,1537.03915412724
E01001806,Hackney 008D,1955.44534869678
E01001807,Hackney 003D,1792.4701372385
E01001808,Hackney 001A,1446.94292904437
E01001809,Hackney 001B,2300.52794122696
E01001811,Hackney 002D,1857.11266899109
E01001812,Hackney 003E,2075.21064955182
E01001813,Hackney 002E,1288.02640336752
E01001814,Hackney 001C,1592.56376940012
E01001815,Hackney 024D,1442.89184597135
E01001816,Hackney 020D,1687.00843703747
E01001819,Hackney 020E,1580.0775757432
E01001820,Hackney 024E,1595.13345754147
E01001821,Hackney 024F,1340.91554045677
E01001822,Hackney 029C,2300.89054894447
E01001823,Hackney 001D,1559.19872920495
E01001824,Hackney 004D,1582.18688698951
E01001825,Hackney 001E,1562.72749447823
E01001826,Hackney 004E,1394.55982485414
E01001827,Hackney 029D,1865.88179208338
E01001828,Hackney 028B,1859.88252419978
E01001829,Hackney 009C,2166.81977581978
E01001830,Hackney 014C,1599.42667245865
E01001831,Hackney 009D,1542.5166927278
E01001832,Hackney 009E,1991.19095790386
E01001833,Hackney 014D,2216.28149074316
E01001834,Hackney 014E,1600.20902812481
E01001835,Hackney 014F,1394.88155049086
E01001836,Hackney 022A,1953.59039306641
E01001837,Hackney 023B,1610.17525488138
E01001838,Hackney 019E,1608.59028482437
E01001839,Hackney 023C,2355.13357418776
E01001840,Hackney 022B,1759.91271185875
E01001841,Hackney 022C,1069.61054679006
E01001842,Hackney 023D,1544.25729060173
E01001843,Hackney 023E,1174.4056994915
E01001844,Hackney 022D,1819.38601066917
E01001845,Hackney 022E,1655.64522276819
E01001846,Hackney 018A,1478.07957663666
E01001847,Hackney 018B,1189.94875415042
E01001848,Hackney 018C,2273.89493849874
E01001849,Hackney 018D,2609.89002062008
E01001850,Hackney 019F,1641.30423176289
E01001851,Hammersmith and Fulham 010A,1818.09000462294
E01001852,Hammersmith and Fulham 007A,1654.78775179386
E01001853,Hammersmith and Fulham 007B,1528.05525413156
E01001854,Hammersmith and Fulham 007C,1598.13701319695
E01001855,Hammersmith and Fulham 010B,1562.47803336382
E01001856,Hammersmith and Fulham 010C,1166.66678032279
E01001857,Hammersmith and Fulham 007D,1307.56571763754
E01001858,Hammersmith and Fulham 006A,1707.69519004226
E01001859,Hammersmith and Fulham 008A,2433.69007989764
E01001860,Hammersmith and Fulham 006B,1636.77144503593
E01001861,Hammersmith and Fulham 006C,1555.33201730251
E01001862,Hammersmith and Fulham 005A,1628.92697644234
E01001863,Hammersmith and Fulham 006D,1460.69556343555
E01001864,Hammersmith and Fulham 006E,1485.92713558674
E01001865,Hammersmith and Fulham 008B,1491.36337077618
E01001866,Hammersmith and Fulham 012A,1879.72326374054
E01001867,Hammersmith and Fulham 012B,996.119297027588
E01001868,Hammersmith and Fulham 012C,1266.79693675041
E01001869,Hammersmith and Fulham 010D,1794.10657414794
E01001870,Hammersmith and Fulham 012D,1660.06776696444
E01001871,Hammersmith and Fulham 012E,1543.50261384249
E01001872,Hammersmith and Fulham 012F,1592.08543002605
E01001873,Hammersmith and Fulham 010E,927.380039930344
E01001874,Hammersmith and Fulham 001A,3190.0162804365
E01001875,Hammersmith and Fulham 001B,1792.79434269667
E01001876,Hammersmith and Fulham 001C,2814.31983026699
E01001877,Hammersmith and Fulham 001D,1687.88940133154
E01001878,Hammersmith and Fulham 001E,1262.20239184797
E01001879,Hammersmith and Fulham 019A,1415.07117706537
E01001880,Hammersmith and Fulham 017A,1230.28873640299
E01001881,Hammersmith and Fulham 017B,2073.92049241066
E01001882,Hammersmith and Fulham 017C,1730.91586613655
E01001883,Hammersmith and Fulham 017D,1913.06627863646
E01001884,Hammersmith and Fulham 017E,2038.43909645081
E01001885,Hammersmith and Fulham 015A,1023.3394318819
E01001886,Hammersmith and Fulham 016A,1566.62559488416
E01001887,Hammersmith and Fulham 016B,1386.80376596749
E01001888,Hammersmith and Fulham 018A,1760.1580760479
E01001889,Hammersmith and Fulham 014A,1413.9642175138
E01001890,Hammersmith and Fulham 016C,1632.54195666313
E01001891,Hammersmith and Fulham 018B,2497.07523369789
E01001892,Hammersmith and Fulham 016D,1313.73320390284
E01001893,Hammersmith and Fulham 013A,1366.49084204435
E01001894,Hammersmith and Fulham 013B,1349.09348472208
E01001895,Hammersmith and Fulham 009A,1532.22931599617
E01001896,Hammersmith and Fulham 009B,1304.21423092484
E01001897,Hammersmith and Fulham 009C,1442.01373010874
E01001898,Hammersmith and Fulham 013C,2111.97383239865
E01001899,Hammersmith and Fulham 013D,1660.59846490622
E01001900,Hammersmith and Fulham 013E,1817.56190615892
E01001901,Hammersmith and Fulham 019B,1795.54798102379
E01001902,Hammersmith and Fulham 019C,1465.35688829422
E01001903,Hammersmith and Fulham 019D,1567.84889051318
E01001904,Hammersmith and Fulham 022A,1682.96280936152
E01001905,Hammersmith and Fulham 022B,1554.25701534748
E01001906,Hammersmith and Fulham 022C,1470.2302955389
E01001907,Hammersmith and Fulham 022D,1263.22930955887
E01001908,Hammersmith and Fulham 015B,1285.8225736618
E01001909,Hammersmith and Fulham 015C,1662.22236812115
E01001910,Hammersmith and Fulham 014B,1186.59301620722
E01001911,Hammersmith and Fulham 015D,1774.62703438103
E01001912,Hammersmith and Fulham 015E,1423.39057648182
E01001913,Hammersmith and Fulham 014C,1483.39793598652
E01001914,Hammersmith and Fulham 014D,1515.78991127014
E01001915,Hammersmith and Fulham 024A,1679.52389670198
E01001916,Hammersmith and Fulham 024B,1173.97643984621
E01001917,Hammersmith and Fulham 018C,1263.8880957393
E01001918,Hammersmith and Fulham 018D,1509.8553969264
E01001919,Hammersmith and Fulham 018E,1596.38626663107
E01001920,Hammersmith and Fulham 020A,1505.06385242939
E01001921,Hammersmith and Fulham 020B,1257.01571279764
E01001922,Hammersmith and Fulham 020C,1895.41139063239
E01001923,Hammersmith and Fulham 020D,1543.12603619695
E01001924,Hammersmith and Fulham 020E,1369.43934327364
E01001925,Hammersmith and Fulham 025A,1588.47547620535
E01001926,Hammersmith and Fulham 024C,1210.83592405915
E01001927,Hammersmith and Fulham 008C,1474.66108289361
E01001928,Hammersmith and Fulham 011A,1884.06487900391
E01001929,Hammersmith and Fulham 009D,1328.62100255489
E01001930,Hammersmith and Fulham 008D,2116.00366535783
E01001931,Hammersmith and Fulham 011B,1192.3290566206
E01001932,Hammersmith and Fulham 011C,1506.26962409914
E01001933,Hammersmith and Fulham 011D,1617.53259196132
E01001934,Hammersmith and Fulham 025B,1764.09811082482
E01001935,Hammersmith and Fulham 023A,1942.53895926476
E01001937,Hammersmith and Fulham 025C,2015.89184896648
E01001938,Hammersmith and Fulham 025D,1606.79666413367
E01001939,Hammersmith and Fulham 023C,3190.87066814862
E01001940,Hammersmith and Fulham 005B,1585.73081290722
E01001941,Hammersmith and Fulham 005C,1586.46851080656
E01001942,Hammersmith and Fulham 005D,1914.51548290253
E01001943,Hammersmith and Fulham 004A,2410.50070443749
E01001944,Hammersmith and Fulham 004B,1535.81412068009
E01001945,Hammersmith and Fulham 004C,1905.33475720882
E01001946,Hammersmith and Fulham 004D,1857.57867668569
E01001947,Hammersmith and Fulham 021A,1399.5943056941
E01001948,Hammersmith and Fulham 021B,1868.4988656044
E01001949,Hammersmith and Fulham 021C,1561.24250984192
E01001950,Hammersmith and Fulham 021D,1780.213801682
E01001951,Hammersmith and Fulham 021E,1633.51525342464
E01001952,Hammersmith and Fulham 024D,1487.99395245314
E01001953,Hammersmith and Fulham 021F,1368.60739499331
E01001954,Hammersmith and Fulham 003A,1449.67540717125
E01001955,Hammersmith and Fulham 002A,2365.55794093013
E01001956,Hammersmith and Fulham 003B,1625.95351654291
E01001957,Hammersmith and Fulham 002B,1361.94721120596
E01001958,Hammersmith and Fulham 002C,1616.02724659443
E01001959,Hammersmith and Fulham 003C,2052.13322901726
E01001960,Hammersmith and Fulham 003D,1670.66706895828
E01001961,Hammersmith and Fulham 002D,1333.40531158447
E01001962,Haringey 004A,1938.47561913361
E01001963,Haringey 009A,1727.1514912887
E01001964,Haringey 009B,2157.43548165698
E01001965,Haringey 009C,1492.17968142033
E01001966,Haringey 009D,1723.32515608939
E01001967,Haringey 014A,1644.60747498274
E01001968,Haringey 014B,1806.14642864466
E01001969,Haringey 001A,1959.01021528244
E01001970,Haringey 004B,1874.39705756307
E01001971,Haringey 001B,1763.43054789305
E01001972,Haringey 004C,1660.45573294163
E01001973,Haringey 004D,2644.97926931083
E01001974,Haringey 001C,2102.13340348005
E01001975,Haringey 001D,1939.55590778589
E01001976,Haringey 011A,1621.89269483089
E01001977,Haringey 011B,1370.42135542631
E01001978,Haringey 011C,2129.38953363895
E01001979,Haringey 011D,2381.01968833804
E01001980,Haringey 018A,2106.39015996456
E01001981,Haringey 018B,1703.29414248466
E01001982,Haringey 018C,1956.11988425255
E01001983,Haringey 018D,1599.23710602522
E01001984,Haringey 033A,1638.50720222294
E01001985,Haringey 033B,1831.49474270642
E01001986,Haringey 034A,1631.5299859643
E01001987,Haringey 033C,1868.1706095282
E01001988,Haringey 034B,1702.62518745661
E01001989,Haringey 033D,1695.724171957
E01001990,Haringey 034C,1712.24926760793
E01001991,Haringey 017A,1375.59139087796
E01001992,Haringey 017B,2187.19308081406
E01001993,Haringey 017C,1756.52460817248
E01001994,Haringey 030A,1807.35899340361
E01001995,Haringey 017D,2536.29110293903
E01001996,Haringey 014C,1688.0010676356
E01001997,Haringey 014D,1668.25543770194
E01001998,Haringey 023A,2327.89212182164
E01001999,Haringey 023B,2631.52929139137
E01002000,Haringey 031A,1978.43273542821
E01002001,Haringey 031B,1722.46820366383
E01002002,Haringey 031C,2702.70784132415
E01002003,Haringey 023C,2226.34352555871
E01002004,Haringey 023D,1720.14891189337
E01002005,Haringey 035A,1457.18206471205
E01002006,Haringey 035B,1420.67077481747
E01002007,Haringey 035C,1483.0658441484
E01002008,Haringey 030B,1243.52088657446
E01002009,Haringey 035D,1368.32243959606
E01002010,Haringey 030C,1680.09748987117
E01002011,Haringey 030D,1919.376864379
E01002013,Haringey 022A,1563.47826139629
E01002014,Haringey 020B,1863.09566497803
E01002015,Haringey 020C,1215.88310968876
E01002016,Haringey 028A,1821.27109291707
E01002017,Haringey 028B,1913.95942831039
E01002018,Haringey 020D,1709.33855780959
E01002019,Haringey 022B,1290.11874352954
E01002020,Haringey 021A,1509.01700820029
E01002021,Haringey 022C,1385.10253408365
E01002022,Haringey 021B,1701.39403308928
E01002023,Haringey 021C,1673.11566239595
E01002024,Haringey 022D,1311.44591896236
E01002025,Haringey 021D,1378.50732219414
E01002026,Haringey 016A,1718.21403166652
E01002027,Haringey 010A,1539.01670920849
E01002028,Haringey 010B,1452.7352321744
E01002029,Haringey 016B,1372.90797794983
E01002030,Haringey 016C,2226.16409942135
E01002031,Haringey 016D,1838.55361622572
E01002032,Haringey 010C,1935.59165430069
E01002033,Haringey 010D,2097.99162185192
E01002034,Haringey 037A,2582.58426982909
E01002036,Haringey 002A,1712.6700091362
E01002037,Haringey 002B,2227.87633395634
E01002038,Haringey 037B,1754.4298915863
E01002039,Haringey 002C,1550.53839051723
E01002040,Haringey 002D,2328.38854086399
E01002041,Haringey 037C,1385.59710778296
E01002042,Haringey 027A,2038.59063198564
E01002043,Haringey 026A,1652.85002229456
E01002044,Haringey 027B,1753.62503123283
E01002045,Haringey 026B,1855.05521917343
E01002046,Haringey 026C,1757.5959033668
E01002047,Haringey 027C,1431.20619362593
E01002048,Haringey 027D,1862.27212405205
E01002049,Haringey 026D,1833.48640567064
E01002050,Haringey 029A,2100.63753348589
E01002051,Haringey 029B,2032.21331930161
E01002052,Haringey 029C,2592.32905269694
E01002053,Haringey 032A,2101.39724706113
E01002054,Haringey 032B,1350.7703332901
E01002055,Haringey 029D,2000.41095030308
E01002056,Haringey 032C,3142.70763844252
E01002057,Haringey 032D,1752.39983484149
E01002058,Haringey 031D,1560.46141067147
E01002059,Haringey 028C,1569.82172289491
E01002060,Haringey 028D,1687.75105363131
E01002061,Haringey 036A,1449.89725776017
E01002062,Haringey 034D,1766.06124833226
E01002063,Haringey 036B,1506.65511763096
E01002064,Haringey 036C,1493.99392682314
E01002065,Haringey 036D,1610.0371311903
E01002066,Haringey 025A,2402.05725085735
E01002067,Haringey 024A,2073.93201327324
E01002068,Haringey 025B,2831.74253918231
E01002069,Haringey 024B,2125.38012129068
E01002070,Haringey 024C,2452.2090177536
E01002071,Haringey 025C,1478.79965567589
E01002072,Haringey 025D,1892.98571115732
E01002073,Haringey 024D,1775.79256755114
E01002074,Haringey 012A,2125.58453071117
E01002075,Haringey 015A,1983.14052751451
E01002076,Haringey 015B,1622.53823426366
E01002077,Haringey 012B,2104.86981284618
E01002078,Haringey 015C,2624.84569574799
E01002079,Haringey 012C,1897.80890876055
E01002080,Haringey 015D,5044.58947121957
E01002081,Haringey 012D,1890.11631926894
E01002082,Haringey 013A,1561.97099911561
E01002083,Haringey 019A,1534.74251523614
E01002084,Haringey 019B,1810.45156582686
E01002085,Haringey 019C,2204.71775195003
E01002086,Haringey 013B,1448.2926489808
E01002087,Haringey 019D,1760.22369474173
E01002088,Haringey 013C,1688.54260347778
E01002089,Haringey 013D,1058.82901746035
E01002090,Haringey 005A,1576.23408482969
E01002091,Haringey 006A,1962.9356892705
E01002092,Haringey 006B,1623.48395858705
E01002093,Haringey 005B,2038.02046713233
E01002094,Haringey 006C,1401.68121048622
E01002095,Haringey 006D,1708.3803856615
E01002096,Haringey 005C,1689.70107012987
E01002097,Haringey 005D,1679.95376610756
E01002098,Haringey 007A,1933.52246113122
E01002099,Haringey 008A,1775.36028454453
E01002100,Haringey 008B,1581.33193045855
E01002101,Haringey 007B,1637.09802434221
E01002102,Haringey 007C,2426.43877663091
E01002103,Haringey 008C,2300.22486817837
E01002104,Haringey 008D,1514.31302583218
E01002105,Haringey 007D,1566.25910232961
E01002106,Harrow 008A,2106.91539205611
E01002107,Harrow 012A,1810.4231922375
E01002108,Harrow 008B,1836.7551472187
E01002109,Harrow 008C,1960.39707966149
E01002110,Harrow 008D,1758.29979567137
E01002111,Harrow 008E,2147.62218075991
E01002112,Harrow 001A,2138.8688544437
E01002113,Harrow 002A,1504.58793715999
E01002114,Harrow 001B,2074.37000542983
E01002115,Harrow 002B,1586.28715142282
E01002116,Harrow 002C,1793.61984498426
E01002117,Harrow 002D,3114.81998549402
E01002118,Harrow 002E,1770.83946263464
E01002119,Harrow 007A,2573.82059621811
E01002120,Harrow 007B,1317.4171144329
E01002121,Harrow 007C,1710.64606748521
E01002122,Harrow 007D,2005.50876569748
E01002123,Harrow 007E,1736.55730986595
E01002124,Harrow 010A,1890.18550944328
E01002125,Harrow 010B,1866.35660904646
E01002126,Harrow 023A,4746.37247221917
E01002127,Harrow 023B,1863.43273156881
E01002128,Harrow 020A,2337.90512542427
E01002129,Harrow 023C,2833.93636088446
E01002130,Harrow 020B,3147.44215227664
E01002131,Harrow 023D,1784.25119614601
E01002132,Harrow 029A,2046.929055796
E01002133,Harrow 027A,2154.70622910291
E01002134,Harrow 029B,1643.74784101048
E01002135,Harrow 029C,1810.22171063162
E01002136,Harrow 027B,1881.28616422974
E01002137,Harrow 029D,1908.73769001873
E01002138,Harrow 027C,1859.34698462486
E01002139,Harrow 006A,1563.60568320751
E01002140,Harrow 005A,1713.14555310458
E01002141,Harrow 005B,1898.51735532284
E01002142,Harrow 005C,1764.58740248159
E01002143,Harrow 005D,1664.49176120758
E01002144,Harrow 004A,1573.90773548253
E01002145,Harrow 005E,1736.49870362319
E01002146,Harrow 004B,1594.72355882141
E01002147,Harrow 004C,1379.06320414994
E01002148,Harrow 006B,1246.41552521661
E01002149,Harrow 004D,1361.07636368275
E01002150,Harrow 006C,2352.44190030545
E01002151,Harrow 006D,1640.47179253772
E01002152,Harrow 006E,1526.16572134153
E01002153,Harrow 019A,1825.44463193417
E01002154,Harrow 015A,3249.45341358212
E01002155,Harrow 019B,1717.21448037629
E01002156,Harrow 015B,1510.92281848565
E01002157,Harrow 019C,1713.18687492609
E01002158,Harrow 019D,1511.82732145488
E01002159,Harrow 021A,1822.51880350709
E01002160,Harrow 021B,2355.5217599757
E01002161,Harrow 021C,2077.08003550768
E01002162,Harrow 015C,1906.36401776969
E01002163,Harrow 015D,1713.13602579385
E01002164,Harrow 021D,1917.43930067867
E01002165,Harrow 017A,1831.38639648259
E01002166,Harrow 017B,1636.76739227772
E01002167,Harrow 017C,1793.87863045931
E01002168,Harrow 017D,1641.38591367006
E01002169,Harrow 017E,1634.55563005805
E01002170,Harrow 033A,1342.61515945196
E01002171,Harrow 033B,1641.79801189899
E01002172,Harrow 033C,1840.62810056086
E01002173,Harrow 033D,1817.36826273799
E01002174,Harrow 033E,1702.79730042815
E01002175,Harrow 033F,1561.68823829293
E01002176,Harrow 033G,1668.62068218361
E01002177,Harrow 033H,1467.26700563729
E01002178,Harrow 033I,1613.50577309728
E01002179,Harrow 013A,2390.59744668007
E01002180,Harrow 013B,2562.37291491777
E01002181,Harrow 020C,2590.93595357984
E01002182,Harrow 020D,2250.59654176235
E01002183,Harrow 013C,2039.25105643272
E01002184,Harrow 013D,2121.56007225811
E01002185,Harrow 009A,1629.98375457525
E01002186,Harrow 009B,2103.93603822403
E01002187,Harrow 009C,1873.68005323783
E01002188,Harrow 016A,1690.69403234869
E01002189,Harrow 016B,1804.81928497553
E01002190,Harrow 009D,1814.75559194396
E01002191,Harrow 022A,2107.77716768999
E01002192,Harrow 016C,1829.58734980226
E01002193,Harrow 016D,1799.45011122525
E01002194,Harrow 022B,1811.77642689645
E01002195,Harrow 022C,1798.07230655104
E01002196,Harrow 022D,1958.7758154273
E01002197,Harrow 012B,1421.84810709953
E01002198,Harrow 010C,1759.18229848146
E01002199,Harrow 012C,1515.52711927891
E01002200,Harrow 010D,2188.47594838031
E01002201,Harrow 012D,1856.29759289324
E01002202,Harrow 012E,2207.02226734161
E01002203,Harrow 010E,1864.86847703904
E01002204,Harrow 032A,1672.93865461648
E01002206,Harrow 032B,1622.05246117711
E01002207,Harrow 032C,1728.19151765108
E01002208,Harrow 025A,1436.4091142267
E01002209,Harrow 025B,1905.78602647781
E01002210,Harrow 032D,1581.51839137636
E01002211,Harrow 028A,1375.50157737732
E01002212,Harrow 028B,1976.8918844033
E01002213,Harrow 027D,3545.28416776657
E01002214,Harrow 031A,1908.25829100609
E01002215,Harrow 031B,1675.04679298401
E01002216,Harrow 028C,1940.89671969507
E01002217,Harrow 028D,2115.6713039875
E01002218,Harrow 030A,2053.73659561574
E01002219,Harrow 030B,1773.07023628149
E01002220,Harrow 031C,1441.8050442934
E01002221,Harrow 030C,1551.05237942934
E01002222,Harrow 030D,1659.57701778412
E01002223,Harrow 031D,1821.18752667308
E01002224,Harrow 031E,1671.30601739883
E01002225,Harrow 001C,1765.72088954008
E01002226,Harrow 001D,2482.30019688606
E01002227,Harrow 003A,1802.21723129554
E01002228,Harrow 003B,2456.93293188419
E01002229,Harrow 003C,1967.32985354302
E01002230,Harrow 003D,2137.85518139823
E01002231,Harrow 013E,1953.97892186046
E01002232,Harrow 011A,2498.09204253554
E01002233,Harrow 011B,2756.70103216171
E01002234,Harrow 011C,1899.88109520078
E01002235,Harrow 011D,1856.03361690044
E01002236,Harrow 011E,2128.09864974022
E01002237,Harrow 024A,1984.55300021172
E01002238,Harrow 024B,1794.05264152726
E01002239,Harrow 025C,2227.31359573454
E01002240,Harrow 024C,2149.01096713543
E01002241,Harrow 025D,1791.16354715824
E01002242,Harrow 024D,2091.02560719848
E01002243,Havering 013A,1990.95526786149
E01002244,Havering 011A,1860.70868020435
E01002245,Havering 011B,1731.52057488263
E01002246,Havering 017A,1868.65329704408
E01002247,Havering 017B,1968.78765197098
E01002248,Havering 017C,1945.34741687588
E01002249,Havering 017D,4606.99885540828
E01002250,Havering 017E,2153.06670330992
E01002251,Havering 017F,1507.36932056621
E01002252,Havering 018A,1650.17015494586
E01002253,Havering 019A,1587.86267239908
E01002254,Havering 019B,1649.1653747065
E01002255,Havering 022A,1560.61847823205
E01002256,Havering 018B,1602.74520680329
E01002257,Havering 019C,1852.92315062035
E01002258,Havering 018C,1689.11522893049
E01002259,Havering 018D,1536.29407725923
E01002260,Havering 026A,1739.1701910251
E01002261,Havering 026B,1907.78630876541
E01002262,Havering 026C,1840.951511994
E01002263,Havering 026D,1667.38729420395
E01002264,Havering 026E,1830.14022797346
E01002265,Havering 025A,1437.7797432184
E01002266,Havering 027A,1517.41482378967
E01002267,Havering 027B,1788.29458153248
E01002268,Havering 010A,1841.09996052586
E01002269,Havering 010B,1725.62217873036
E01002270,Havering 015A,1756.20622412115
E01002271,Havering 015B,1576.87284471467
E01002272,Havering 014A,1390.39117312431
E01002273,Havering 015C,1495.6143137778
E01002274,Havering 014B,1663.22858603299
E01002275,Havering 015D,1357.3501868695
E01002276,Havering 001A,2130.73916706202
E01002277,Havering 002A,1810.61208716726
E01002278,Havering 001B,1676.46352593601
E01002279,Havering 002B,1799.71919356885
E01002280,Havering 004A,1805.72554045916
E01002281,Havering 002C,2194.21659564553
E01002282,Havering 004B,2114.52442922816
E01002283,Havering 002D,1729.144886747
E01002284,Havering 004C,2182.50872606039
E01002285,Havering 025B,1559.64885573077
E01002286,Havering 025C,1657.46584644914
E01002287,Havering 023A,1538.47870153189
E01002288,Havering 025D,1589.01758946755
E01002289,Havering 022B,1613.09912186861
E01002290,Havering 025E,1557.21282368898
E01002291,Havering 023B,1392.22120645642
E01002292,Havering 022C,1667.01200546941
E01002293,Havering 007A,3146.01079694927
E01002294,Havering 007B,1537.86557594324
E01002295,Havering 010C,1923.04089251161
E01002296,Havering 007C,1664.35715504345
E01002297,Havering 004D,1526.56889051199
E01002298,Havering 007D,1764.65889151208
E01002299,Havering 002E,1814.93395689875
E01002300,Havering 007E,2044.31356997788
E01002301,Havering 003A,1723.90799590945
E01002302,Havering 005A,1741.17581138015
E01002303,Havering 003B,2131.0725620091
E01002304,Havering 003C,1759.05868971346
E01002305,Havering 005B,1753.77091340149
E01002306,Havering 003D,1596.67064104229
E01002307,Havering 003E,1984.27183660865
E01002308,Havering 005C,1899.33075192677
E01002309,Havering 006A,1924.72969537636
E01002310,Havering 006B,1903.4857602343
E01002311,Havering 006C,1850.85709125645
E01002312,Havering 001C,1745.27393764052
E01002313,Havering 001D,2168.8414345755
E01002314,Havering 004E,1734.2458062768
E01002315,Havering 006D,1780.56247079372
E01002316,Havering 004F,2054.45211484283
E01002317,Havering 014C,1682.79973554239
E01002318,Havering 014D,1520.148478508
E01002319,Havering 016A,1932.71952919662
E01002320,Havering 021A,1515.24155566096
E01002321,Havering 021B,1802.9453834109
E01002322,Havering 021C,1929.55483173409
E01002323,Havering 021D,1610.96016778052
E01002324,Havering 021E,1743.28502529953
E01002325,Havering 011C,2035.63824900406
E01002326,Havering 005D,1830.01119619608
E01002327,Havering 009A,1587.19592071325
E01002328,Havering 009B,1734.53044530749
E01002329,Havering 011D,1979.03193563968
E01002330,Havering 011E,1690.02553494547
E01002331,Havering 005E,1568.21023174748
E01002332,Havering 009C,1659.45882557333
E01002333,Havering 008A,1266.83868056536
E01002334,Havering 008B,1884.80348653942
E01002335,Havering 009D,1483.44807621837
E01002336,Havering 008C,1714.74294957519
E01002337,Havering 012A,1423.61580295852
E01002338,Havering 009E,1528.229529351
E01002339,Havering 008D,1596.11505096406
E01002340,Havering 009F,1568.31761747599
E01002341,Havering 008E,1334.32744999416
E01002342,Havering 030A,1645.07777380943
E01002343,Havering 029A,1820.29674142729
E01002344,Havering 029B,1963.44020594125
E01002345,Havering 030B,1898.16841998827
E01002346,Havering 030C,1676.64828634728
E01002347,Havering 030D,1588.83188268517
E01002348,Havering 029C,1534.32309385567
E01002349,Havering 029D,1553.31876282113
E01002350,Havering 016B,1722.10930177569
E01002351,Havering 016C,1665.7977322042
E01002352,Havering 016D,2140.51277083904
E01002353,Havering 013B,2035.94547668844
E01002354,Havering 012B,1387.52719178796
E01002355,Havering 014E,1516.95866918564
E01002356,Havering 013C,2154.73519676924
E01002358,Havering 016E,1935.83404135704
E01002359,Havering 020A,1258.25348724425
E01002360,Havering 020B,1644.00169722736
E01002361,Havering 020C,1894.53549046442
E01002362,Havering 022D,1670.69990620017
E01002363,Havering 020D,1492.47267064638
E01002364,Havering 023C,1298.35628834367
E01002365,Havering 023D,1320.91655008961
E01002366,Havering 023E,1562.51370388269
E01002367,Havering 020E,1700.8171810396
E01002368,Havering 028A,2455.41625819189
E01002369,Havering 028B,1981.34573930191
E01002370,Havering 028C,2422.12721408247
E01002371,Havering 028D,1969.89883583784
E01002372,Havering 027C,1547.10563177057
E01002373,Havering 027D,1875.55316519737
E01002374,Havering 027E,1771.30248894444
E01002375,Havering 028E,1682.68845766783
E01002376,Havering 012C,1745.67830477655
E01002377,Havering 010D,2148.4999165982
E01002378,Havering 010E,1611.15971681476
E01002379,Havering 012D,1542.32106170058
E01002380,Havering 012E,1757.53876458574
E01002381,Havering 012F,1578.52527171466
E01002382,Havering 014F,1778.76777251065
E01002383,Havering 010F,1570.49585390091
E01002384,Havering 019D,1758.84800372459
E01002385,Havering 024A,1585.54117198709
E01002386,Havering 022E,1833.02432663552
E01002387,Havering 024B,1743.53396683833
E01002388,Havering 024C,1454.782085713
E01002389,Havering 024D,1714.95170440273
E01002390,Havering 024E,1430.15662282788
E01002391,Havering 018E,1703.38741827042
E01002392,Hillingdon 020A,1780.87845360254
E01002393,Hillingdon 020B,2181.07246312499
E01002394,Hillingdon 021A,1565.03276556536
E01002395,Hillingdon 021B,1475.23511271179
E01002396,Hillingdon 026A,1877.39831795171
E01002397,Hillingdon 021C,2016.7498666048
E01002398,Hillingdon 021D,1885.53210690618
E01002399,Hillingdon 021E,1753.3625715673
E01002400,Hillingdon 024A,2101.48583425816
E01002401,Hillingdon 024B,2376.04653614946
E01002402,Hillingdon 024C,1621.83164331771
E01002403,Hillingdon 024D,2636.03927516937
E01002404,Hillingdon 024E,2007.66940072179
E01002405,Hillingdon 027A,2051.00499735558
E01002406,Hillingdon 027B,3272.89923353594
E01002407,Hillingdon 030A,3417.8040093407
E01002408,Hillingdon 019A,1471.65030792356
E01002409,Hillingdon 019B,1851.89695630968
E01002410,Hillingdon 017A,2082.48799249902
E01002411,Hillingdon 022A,1990.46125066157
E01002412,Hillingdon 017B,2707.43685933971
E01002413,Hillingdon 022B,1687.62668950483
E01002414,Hillingdon 015A,2839.01188084611
E01002415,Hillingdon 010A,1834.93534936756
E01002416,Hillingdon 008A,1647.6711409986
E01002417,Hillingdon 008B,1961.44321814179
E01002418,Hillingdon 006A,1692.77405082807
E01002419,Hillingdon 006B,1561.74989229068
E01002420,Hillingdon 008C,1646.18045488372
E01002421,Hillingdon 008D,1805.18738541752
E01002422,Hillingdon 018A,1663.35299775004
E01002423,Hillingdon 018B,1817.3264697822
E01002424,Hillingdon 018C,1676.26866573313
E01002425,Hillingdon 018D,1738.45154614741
E01002426,Hillingdon 021F,2041.78413626552
E01002427,Hillingdon 018E,1584.00031590462
E01002428,Hillingdon 018F,1569.08617756521
E01002429,Hillingdon 019C,1474.78226072731
E01002430,Hillingdon 007A,1447.10469996409
E01002431,Hillingdon 006C,1438.26008261368
E01002432,Hillingdon 006D,1431.91572833434
E01002433,Hillingdon 004A,2346.36608695146
E01002434,Hillingdon 007B,1336.20868155133
E01002435,Hillingdon 007C,1611.23605170846
E01002436,Hillingdon 004B,1730.25353694987
E01002437,Hillingdon 006E,1382.45452740788
E01002438,Hillingdon 003A,1438.0178905783
E01002439,Hillingdon 003B,1440.10293302538
E01002440,Hillingdon 003C,1709.56583465877
E01002441,Hillingdon 003D,1643.75551872741
E01002442,Hillingdon 003E,1599.13327879253
E01002443,Hillingdon 032A,2029.88453687602
E01002444,Hillingdon 031A,3375.15786391511
E01002445,Hillingdon 029A,1820.48884832859
E01002446,Hillingdon 031B,1958.03485591024
E01002447,Hillingdon 031C,2136.2365433829
E01002448,Hillingdon 032B,2093.56847518406
E01002449,Hillingdon 032C,2170.04649342806
E01002450,Hillingdon 014A,1454.55368056754
E01002451,Hillingdon 014B,1529.13218057156
E01002452,Hillingdon 014C,1485.94270139271
E01002453,Hillingdon 014D,1810.77955973893
E01002454,Hillingdon 014E,2018.66940862808
E01002455,Hillingdon 019D,2028.55990904011
E01002456,Hillingdon 017C,1807.9274687171
E01002457,Hillingdon 019E,1417.87840691954
E01002458,Hillingdon 011A,1696.36362082236
E01002459,Hillingdon 011B,1818.85654490239
E01002460,Hillingdon 011C,1354.9635699275
E01002461,Hillingdon 013A,1527.20877744518
E01002462,Hillingdon 011D,1390.9943505507
E01002463,Hillingdon 013B,1464.22944584162
E01002464,Hillingdon 011E,1619.54032841333
E01002465,Hillingdon 009A,1673.24377979711
E01002466,Hillingdon 010B,1611.17384903878
E01002467,Hillingdon 009B,1569.57982624695
E01002468,Hillingdon 010C,1842.26981696486
E01002469,Hillingdon 010D,1660.1984805949
E01002470,Hillingdon 007D,2118.91420277953
E01002471,Hillingdon 008E,1712.94201782346
E01002472,Hillingdon 002A,1542.65658368326
E01002473,Hillingdon 001A,1693.01323179905
E01002474,Hillingdon 002B,1782.93727522432
E01002475,Hillingdon 001B,1572.31584238667
E01002476,Hillingdon 001C,1785.175041985
E01002477,Hillingdon 001D,1292.11596621946
E01002478,Hillingdon 002C,1803.02401036024
E01002479,Hillingdon 004C,1942.46729051913
E01002480,Hillingdon 004D,2063.50234897854
E01002481,Hillingdon 004E,1332.31291193422
E01002482,Hillingdon 001E,1628.8647035677
E01002483,Hillingdon 002D,2076.98794138432
E01002484,Hillingdon 002E,1461.45439006388
E01002485,Hillingdon 002F,1800.18302965537
E01002486,Hillingdon 028A,2244.02588943909
E01002487,Hillingdon 028B,1868.19865773618
E01002488,Hillingdon 030B,1811.78265152866
E01002489,Hillingdon 030C,2254.71123683453
E01002490,Hillingdon 030D,2454.63661752269
E01002491,Hillingdon 032D,1750.62938228995
E01002492,Hillingdon 030E,1624.32724982593
E01002493,Hillingdon 032E,1635.41413703561
E01002494,Hillingdon 009C,1813.39463707285
E01002495,Hillingdon 010E,1859.23294487596
E01002496,Hillingdon 033A,2060.04844360064
E01002497,Hillingdon 033B,2422.64824731936
E01002498,Hillingdon 033C,1675.9311202839
E01002499,Hillingdon 033D,2108.59660572553
E01002501,Hillingdon 026B,1755.86554026604
E01002502,Hillingdon 026C,1914.0075481534
E01002503,Hillingdon 027C,1895.43199014664
E01002504,Hillingdon 027D,2945.89329266548
E01002505,Hillingdon 026D,2607.95903265313
E01002506,Hillingdon 027E,1952.24458415806
E01002507,Hillingdon 027F,2176.72865804649
E01002508,Hillingdon 026E,2478.96014277637
E01002509,Hillingdon 017D,1510.34481045045
E01002511,Hillingdon 017E,1669.53441405296
E01002512,Hillingdon 013C,2108.34466021114
E01002513,Hillingdon 013D,1594.0371552844
E01002514,Hillingdon 015C,1773.94538323581
E01002515,Hillingdon 015D,2600.17066588858
E01002516,Hillingdon 013E,1642.94202528457
E01002518,Hillingdon 022C,1789.66938728839
E01002519,Hillingdon 022D,1895.54867236704
E01002520,Hillingdon 016B,1645.87388897687
E01002521,Hillingdon 016C,1918.50464953948
E01002523,Hillingdon 016D,1438.0166516602
E01002525,Hillingdon 029B,2308.83253306791
E01002526,Hillingdon 028C,2773.37536274642
E01002527,Hillingdon 031D,1608.93201381252
E01002528,Hillingdon 028D,1843.50213491265
E01002529,Hillingdon 029C,2432.78315734863
E01002530,Hillingdon 029D,1277.58271623682
E01002531,Hillingdon 029E,1694.09563719109
E01002532,Hillingdon 028E,4320.46832414554
E01002533,Hillingdon 005A,1481.14759978178
E01002534,Hillingdon 005B,1645.13692465529
E01002535,Hillingdon 007E,1942.83793332428
E01002536,Hillingdon 009D,1228.55052550047
E01002537,Hillingdon 009E,2370.70324619487
E01002538,Hillingdon 005C,1694.01940695657
E01002539,Hillingdon 005D,1579.6781360209
E01002540,Hillingdon 020C,1964.71053230762
E01002541,Hillingdon 023A,2154.97880818718
E01002542,Hillingdon 020D,2103.13054802269
E01002543,Hillingdon 020E,1926.8395187743
E01002544,Hillingdon 023B,1763.73059133395
E01002545,Hillingdon 023C,1638.44778131228
E01002546,Hillingdon 023D,1353.79338775203
E01002547,Hillingdon 023E,1613.58863263577
E01002548,Hillingdon 025A,2530.51578367416
E01002549,Hillingdon 025B,2020.21561473678
E01002550,Hillingdon 022E,1679.0046016844
E01002551,Hillingdon 025C,2024.55716827512
E01002552,Hillingdon 025D,1773.53867807239
E01002553,Hillingdon 025E,1506.33877853304
E01002554,Hillingdon 022F,4647.82759565855
E01002555,Hounslow 022A,1441.22001239346
E01002556,Hounslow 022B,1866.21182131767
E01002557,Hounslow 023A,1675.65341892328
E01002558,Hounslow 023B,1853.23370946199
E01002559,Hounslow 023C,2804.83230774832
E01002560,Hounslow 023D,2277.38156594042
E01002561,Hounslow 023E,1416.90100096572
E01002562,Hounslow 003A,1511.16716111662
E01002563,Hounslow 006A,1726.96549926438
E01002564,Hounslow 003B,2237.53165084124
E01002565,Hounslow 006B,2693.16766617919
E01002566,Hounslow 003C,3994.95331133553
E01002567,Hounslow 006C,1950.64788410068
E01002568,Hounslow 003D,3424.45612803102
E01002569,Hounslow 001A,2215.17564554699
E01002570,Hounslow 001B,1465.94859200716
E01002571,Hounslow 007A,1008.31714550033
E01002572,Hounslow 007B,1286.98951529319
E01002573,Hounslow 001C,1553.41666927934
E01002574,Hounslow 001D,1689.71655651927
E01002575,Hounslow 001E,1468.7176200524
E01002576,Hounslow 008A,1828.15001133084
E01002577,Hounslow 007C,1889.60940083175
E01002578,Hounslow 007D,1770.59197672793
E01002579,Hounslow 008B,1648.69627726334
E01002580,Hounslow 008C,1343.38410331309
E01002581,Hounslow 008D,1754.55463286862
E01002582,Hounslow 008E,1622.82133564353
E01002583,Hounslow 013A,1867.09369408754
E01002584,Hounslow 013B,2174.82851451199
E01002585,Hounslow 013C,1694.28200884163
E01002586,Hounslow 013D,1922.13868439423
E01002587,Hounslow 016A,2416.28808926046
E01002588,Hounslow 016B,1940.40710024536
E01002589,Hounslow 013E,2737.35817791858
E01002590,Hounslow 022C,2520.30565306311
E01002591,Hounslow 024A,1859.54561521113
E01002592,Hounslow 022D,2718.24378305631
E01002593,Hounslow 024B,2504.17804263871
E01002594,Hounslow 024C,2126.18169111013
E01002595,Hounslow 022E,1900.82474836195
E01002596,Hounslow 027A,2025.92661271632
E01002598,Hounslow 025B,2334.17072327435
E01002599,Hounslow 025C,1590.3940820992
E01002600,Hounslow 025D,1596.77951744199
E01002601,Hounslow 027B,2121.48068177587
E01002602,Hounslow 027C,1501.21249940991
E01002603,Hounslow 025E,2050.14850750566
E01002604,Hounslow 026A,1344.0885829865
E01002605,Hounslow 026B,2373.84841053188
E01002606,Hounslow 026C,1633.962870121
E01002607,Hounslow 026D,2372.37050823495
E01002608,Hounslow 028A,1813.42427448928
E01002609,Hounslow 028B,1935.90783889592
E01002610,Hounslow 028C,1822.31793545764
E01002611,Hounslow 024D,2259.38317876083
E01002612,Hounslow 024E,1764.28980752081
E01002613,Hounslow 024F,1877.21511633694
E01002614,Hounslow 027D,2426.11951611281
E01002615,Hounslow 026E,1811.90437266572
E01002616,Hounslow 027E,1680.1697306186
E01002617,Hounslow 028D,1718.82752487742
E01002618,Hounslow 011A,2106.16702964902
E01002619,Hounslow 010A,2198.92824685574
E01002620,Hounslow 004A,2621.6895583421
E01002621,Hounslow 011B,1870.60428790748
E01002622,Hounslow 010B,2093.48531168699
E01002623,Hounslow 011C,1919.73506331444
E01002624,Hounslow 017A,1615.98941794038
E01002625,Hounslow 004B,1678.59227335453
E01002626,Hounslow 004C,2307.76081025155
E01002627,Hounslow 004D,1446.48981567845
E01002628,Hounslow 011D,2288.93048229494
E01002629,Hounslow 011E,2827.13157578537
E01002630,Hounslow 012A,2003.88215717673
E01002631,Hounslow 004E,1901.45689064264
E01002632,Hounslow 010C,1964.4193849368
E01002633,Hounslow 005A,2203.75928324614
E01002634,Hounslow 005B,1685.00068949535
E01002635,Hounslow 010D,2032.23328731211
E01002636,Hounslow 010E,2127.12077401578
E01002637,Hounslow 005C,1719.39707966055
E01002638,Hounslow 005D,2340.8815828771
E01002639,Hounslow 012B,1884.20287156105
E01002640,Hounslow 012C,2560.40200656652
E01002641,Hounslow 018A,2656.34691232443
E01002642,Hounslow 015A,3899.6932015121
E01002643,Hounslow 015B,2808.20557750762
E01002645,Hounslow 015C,2387.35828831792
E01002646,Hounslow 017B,2130.91678351164
E01002647,Hounslow 021A,2377.3953191638
E01002648,Hounslow 018C,3071.65824872255
E01002649,Hounslow 018D,2221.67575192451
E01002650,Hounslow 021B,3019.97386648468
E01002651,Hounslow 021C,1843.13262677193
E01002652,Hounslow 021D,1932.32044258714
E01002653,Hounslow 019A,2082.84633417428
E01002654,Hounslow 019B,1970.35303342342
E01002655,Hounslow 019C,1950.19211293757
E01002656,Hounslow 019D,1151.01587817073
E01002657,Hounslow 018E,1955.45338964462
E01002658,Hounslow 015D,1593.1419377923
E01002659,Hounslow 019E,1499.98226420581
E01002660,Hounslow 016C,2285.35944750905
E01002661,Hounslow 016D,2377.44043201208
E01002662,Hounslow 017C,2466.435569942
E01002663,Hounslow 017D,1948.79645603895
E01002664,Hounslow 017E,3431.91635471582
E01002665,Hounslow 016E,1826.3666857183
E01002666,Hounslow 021E,1824.59014073014
E01002667,Hounslow 020A,1898.69680033997
E01002668,Hounslow 014A,2166.36757627502
E01002669,Hounslow 014B,1918.00111441314
E01002670,Hounslow 020B,1972.76720501482
E01002671,Hounslow 020C,1938.41551710665
E01002672,Hounslow 020D,1665.79199109972
E01002673,Hounslow 020E,1652.07912060618
E01002674,Hounslow 012D,1843.28917760402
E01002675,Hounslow 009A,2536.11275753379
E01002676,Hounslow 012E,1811.85451291057
E01002677,Hounslow 015E,1887.97871850431
E01002678,Hounslow 009B,2121.76023823494
E01002679,Hounslow 009C,2105.35212947056
E01002680,Hounslow 009D,2430.61080902815
E01002681,Hounslow 014C,2368.60033753514
E01002682,Hounslow 014D,2555.21481253358
E01002683,Hounslow 014E,3072.95961692929
E01002684,Hounslow 006D,3410.35512681305
E01002686,Hounslow 006E,2103.8458830227
E01002687,Hounslow 029A,1811.40640714765
E01002689,Hounslow 007E,1636.12499162555
E01002690,Hounslow 007F,1444.91864770651
E01002691,Hounslow 029B,2072.08737173676
E01002692,Hounslow 029C,1754.03619035333
E01002693,Hounslow 029D,1668.36659413576
E01002694,Islington 019A,1291.63267254829
E01002695,Islington 021A,1593.36454278231
E01002696,Islington 020A,1701.50630700588
E01002697,Islington 019B,1978.32316756248
E01002698,Islington 017A,1863.532992661
E01002699,Islington 017B,1453.99000740051
E01002700,Islington 017C,1821.15413045883
E01002701,Islington 023A,1719.5945366621
E01002702,Islington 023B,2361.92160344124
E01002703,Islington 023C,2198.30696427822
E01002704,Islington 023D,2466.53097865731
E01002706,Islington 023E,2078.01522523165
E01002707,Islington 022B,1798.32816144824
E01002708,Islington 015A,2461.21520423889
E01002709,Islington 019C,1686.59437447786
E01002710,Islington 019D,1881.99840706587
E01002711,Islington 021B,1877.53893369436
E01002712,Islington 015B,1704.30825555325
E01002713,Islington 015C,2447.54129523039
E01002714,Islington 017D,1459.29234683514
E01002715,Islington 019E,1369.87459093332
E01002716,Islington 014A,2373.09765762091
E01002717,Islington 016A,1218.67207819223
E01002718,Islington 014B,1583.41018140316
E01002719,Islington 016B,1562.15874099731
E01002720,Islington 016C,2157.14835625887
E01002721,Islington 014C,1757.26231974363
E01002722,Islington 018A,1426.09688067436
E01002723,Islington 022C,1761.17320305109
E01002724,Islington 022D,1648.81397682428
E01002725,Islington 022E,1506.0810239315
E01002726,Islington 022F,1699.52204054594
E01002727,Islington 021C,1503.9245325923
E01002728,Islington 021D,1462.43255752325
E01002729,Islington 021E,1681.5447087884
E01002730,Islington 007A,1794.4814094305
E01002731,Islington 007B,2785.54411417246
E01002732,Islington 005A,1813.54627680779
E01002733,Islington 007C,1908.12481951714
E01002734,Islington 005B,2127.63204467297
E01002735,Islington 003A,2412.6327534914
E01002736,Islington 005C,1627.71076834202
E01002737,Islington 005D,1887.24571502209
E01002738,Islington 009A,2265.30501785874
E01002739,Islington 013A,1964.40410783887
E01002740,Islington 013B,1936.08531405032
E01002741,Islington 009B,1478.85611173511
E01002742,Islington 006A,2120.03110289574
E01002743,Islington 009C,1286.72005170584
E01002744,Islington 009D,1491.57061886787
E01002745,Islington 013C,1584.78274786472
E01002747,Islington 006B,1823.95618265867
E01002748,Islington 006C,1656.39325264096
E01002749,Islington 006D,1474.44547450542
E01002751,Islington 005E,1561.9766189158
E01002752,Islington 009E,1610.32844674587
E01002753,Islington 002A,1560.13195896149
E01002754,Islington 002B,1513.994340837
E01002755,Islington 001A,1100.86544242501
E01002756,Islington 001B,1668.48302417994
E01002757,Islington 002C,1404.0319840908
E01002758,Islington 001C,1655.50763839483
E01002759,Islington 002D,1549.41514253616
E01002760,Islington 002E,1695.72798484564
E01002762,Islington 011C,2098.7205999149
E01002763,Islington 007D,1219.11543995142
E01002764,Islington 010A,1825.42233967781
E01002765,Islington 015D,2637.57066717744
E01002766,Islington 015E,2286.59632784128
E01002767,Islington 011D,2122.15564984083
E01002768,Islington 004A,1396.30975627899
E01002769,Islington 008A,1980.11734396219
E01002770,Islington 004B,2297.93094006839
E01002771,Islington 004C,1511.57103994489
E01002772,Islington 002F,1633.75341427326
E01002773,Islington 004D,1413.83942906559
E01002774,Islington 004E,2402.35139909387
E01002775,Islington 014D,1244.51697486639
E01002776,Islington 014E,1670.10193765163
E01002777,Islington 012A,1901.52658295631
E01002778,Islington 012B,1724.16476720572
E01002779,Islington 012C,1803.94088315964
E01002780,Islington 014F,1271.97724300623
E01002781,Islington 012D,1553.33746278286
E01002782,Islington 012E,1505.66310828924
E01002783,Islington 010B,1360.02141422033
E01002784,Islington 010C,1969.41040503979
E01002785,Islington 008B,2131.41949653625
E01002786,Islington 010D,1842.90765464306
E01002787,Islington 010E,1531.59325760603
E01002788,Islington 008C,1751.68969935179
E01002789,Islington 008D,2174.958786726
E01002790,Islington 016D,1395.52012228966
E01002791,Islington 016E,1934.47425091267
E01002792,Islington 017E,1779.99587160349
E01002793,Islington 016F,2037.39321124554
E01002794,Islington 020B,2097.78747075796
E01002795,Islington 013D,2192.14665904641
E01002796,Islington 013E,1202.46963727474
E01002797,Islington 018B,1672.10538709164
E01002798,Islington 018C,2377.57516741753
E01002799,Islington 018D,1528.45643621683
E01002800,Islington 018E,1909.90676540136
E01002801,Islington 020C,1474.98291024566
E01002802,Islington 020D,2202.16522097588
E01002803,Islington 020E,2808.88894101977
E01002804,Islington 001D,1515.02861893177
E01002805,Islington 003B,1742.17515534163
E01002806,Islington 003C,1575.74573475122
E01002807,Islington 001E,1640.01006180048
E01002808,Islington 003D,1843.10336530209
E01002809,Islington 003E,1687.12669026852
E01002810,Islington 003F,1777.91311860085
E01002811,Islington 001F,1453.13445925713
E01002812,Kensington and Chelsea 013A,1255.56245064735
E01002813,Kensington and Chelsea 011A,1750.1399140954
E01002814,Kensington and Chelsea 015A,1985.06465473771
E01002815,Kensington and Chelsea 011B,1150.43930184841
E01002816,Kensington and Chelsea 011C,988.807624459267
E01002817,Kensington and Chelsea 011D,1294.89563080668
E01002818,Kensington and Chelsea 012A,1122.62543566525
E01002819,Kensington and Chelsea 012B,1518.83195620428
E01002820,Kensington and Chelsea 016A,910.140642851591
E01002821,Kensington and Chelsea 014A,1194.80443141144
E01002822,Kensington and Chelsea 016B,903.849321752787
E01002823,Kensington and Chelsea 014B,1250.3766002655
E01002824,Kensington and Chelsea 008A,1271.03798735794
E01002825,Kensington and Chelsea 008B,1784.33926745504
E01002826,Kensington and Chelsea 008C,1278.06244016625
E01002827,Kensington and Chelsea 008D,2075.5756121641
E01002828,Kensington and Chelsea 008E,1280.42281779647
E01002829,Kensington and Chelsea 004A,1705.01806890965
E01002830,Kensington and Chelsea 004B,1587.72534894943
E01002831,Kensington and Chelsea 004C,1633.00886714458
E01002832,Kensington and Chelsea 004D,1515.02001190186
E01002833,Kensington and Chelsea 007A,1163.77671271563
E01002834,Kensington and Chelsea 013B,1335.8106855154
E01002835,Kensington and Chelsea 016C,1549.37567180395
E01002836,Kensington and Chelsea 016D,1238.07920736074
E01002837,Kensington and Chelsea 016E,1036.05390673876
E01002838,Kensington and Chelsea 020A,922.622420221567
E01002839,Kensington and Chelsea 013C,1221.35593932867
E01002840,Kensington and Chelsea 021A,1421.68668678403
E01002841,Kensington and Chelsea 021B,1376.97359991074
E01002842,Kensington and Chelsea 021C,634.761508345604
E01002843,Kensington and Chelsea 021D,1128.28671059012
E01002844,Kensington and Chelsea 019A,1133.16748300195
E01002845,Kensington and Chelsea 019B,1003.48149529472
E01002846,Kensington and Chelsea 017A,1143.47003656626
E01002847,Kensington and Chelsea 015B,1423.80425405502
E01002848,Kensington and Chelsea 015C,1252.95109149814
E01002849,Kensington and Chelsea 017B,1574.559019804
E01002850,Kensington and Chelsea 013D,1442.05356311798
E01002851,Kensington and Chelsea 015D,1194.43696975708
E01002852,Kensington and Chelsea 001A,2880.13570969645
E01002853,Kensington and Chelsea 001B,1242.24493455887
E01002854,Kensington and Chelsea 001C,1613.92512133718
E01002855,Kensington and Chelsea 001D,1906.39269667864
E01002856,Kensington and Chelsea 004E,1163.78873956203
E01002857,Kensington and Chelsea 001E,1578.84957170486
E01002858,Kensington and Chelsea 014C,1323.70584720373
E01002859,Kensington and Chelsea 012C,1249.76516413689
E01002860,Kensington and Chelsea 012D,1333.70573681593
E01002861,Kensington and Chelsea 014D,1341.63058131933
E01002862,Kensington and Chelsea 014E,1024.18002310395
E01002863,Kensington and Chelsea 012E,1075.72240316868
E01002864,Kensington and Chelsea 009A,1545.14995914605
E01002865,Kensington and Chelsea 011E,1388.83017289639
E01002866,Kensington and Chelsea 009B,1852.15219894052
E01002867,Kensington and Chelsea 009C,2030.34230220318
E01002868,Kensington and Chelsea 009D,1447.77106653433
E01002869,Kensington and Chelsea 009E,1724.10910046101
E01002870,Kensington and Chelsea 005A,1417.96683114767
E01002871,Kensington and Chelsea 007B,1456.54951578379
E01002872,Kensington and Chelsea 005B,1336.62752223015
E01002873,Kensington and Chelsea 007C,1692.13854044676
E01002874,Kensington and Chelsea 007D,1230.53360742331
E01002875,Kensington and Chelsea 007E,1244.09682518244
E01002876,Kensington and Chelsea 003A,1829.46236872673
E01002877,Kensington and Chelsea 003B,2140.06417436898
E01002878,Kensington and Chelsea 003C,1768.95677286386
E01002879,Kensington and Chelsea 005C,2011.98139834404
E01002880,Kensington and Chelsea 005D,917.81543803215
E01002881,Kensington and Chelsea 005E,1123.85418486595
E01002882,Kensington and Chelsea 006A,1209.80214729905
E01002883,Kensington and Chelsea 006B,1441.53970968723
E01002884,Kensington and Chelsea 006C,1170.80670821667
E01002885,Kensington and Chelsea 006D,984.453117847443
E01002886,Kensington and Chelsea 006E,1401.97504162788
E01002887,Kensington and Chelsea 010A,950.903174996376
E01002888,Kensington and Chelsea 013E,1639.75926709175
E01002889,Kensington and Chelsea 010B,1359.68238312006
E01002890,Kensington and Chelsea 010C,1823.67175215483
E01002891,Kensington and Chelsea 010D,1068.50253528357
E01002892,Kensington and Chelsea 010E,1151.43641164899
E01002893,Kensington and Chelsea 017C,1511.28812918067
E01002894,Kensington and Chelsea 017D,1351.6225809902
E01002895,Kensington and Chelsea 020B,1315.89934641123
E01002896,Kensington and Chelsea 020C,1707.63080573082
E01002897,Kensington and Chelsea 020D,1417.68361541629
E01002898,Kensington and Chelsea 017E,1539.36731237173
E01002899,Kensington and Chelsea 018A,1150.53074815869
E01002900,Kensington and Chelsea 018B,1035.90277219191
E01002901,Kensington and Chelsea 018C,1718.14215839468
E01002902,Kensington and Chelsea 018D,1252.34935703874
E01002903,Kensington and Chelsea 018E,1357.9537319839
E01002904,Kensington and Chelsea 002A,1036.45167918503
E01002905,Kensington and Chelsea 002B,1791.81016483903
E01002906,Kensington and Chelsea 002C,1729.4905487895
E01002907,Kensington and Chelsea 002D,1065.3956129849
E01002908,Kensington and Chelsea 003D,1347.43247577548
E01002909,Kensington and Chelsea 003E,2110.40479433537
E01002910,Kensington and Chelsea 019C,1357.11668542027
E01002911,Kensington and Chelsea 019D,1399.78529071808
E01002912,Kensington and Chelsea 020E,1422.5588401556
E01002913,Kensington and Chelsea 021E,1816.19716221094
E01002914,Kensington and Chelsea 019E,1169.72281447053
E01002915,Kingston upon Thames 014A,1517.47585270554
E01002916,Kingston upon Thames 014B,1581.44241630612
E01002917,Kingston upon Thames 014C,1616.05355203152
E01002918,Kingston upon Thames 017A,1570.56791300357
E01002919,Kingston upon Thames 017B,2128.10249838531
E01002920,Kingston upon Thames 014D,1499.92586044362
E01002921,Kingston upon Thames 011A,1654.07816565037
E01002922,Kingston upon Thames 010A,1791.04505833983
E01002923,Kingston upon Thames 013A,1646.49570047855
E01002924,Kingston upon Thames 014E,1570.85810947418
E01002925,Kingston upon Thames 013B,1568.848992974
E01002926,Kingston upon Thames 010B,1388.85173282819
E01002927,Kingston upon Thames 008A,1703.86304887896
E01002928,Kingston upon Thames 008B,1732.72630620003
E01002929,Kingston upon Thames 007A,1698.89624170851
E01002930,Kingston upon Thames 007B,1873.89211823046
E01002931,Kingston upon Thames 007C,2233.1862284597
E01002932,Kingston upon Thames 006A,2049.31718726316
E01002933,Kingston upon Thames 004A,2212.35375785828
E01002934,Kingston upon Thames 004B,1984.69677612185
E01002935,Kingston upon Thames 003A,2002.48246338964
E01002937,Kingston upon Thames 004D,1918.5910397172
E01002938,Kingston upon Thames 003B,1986.86998575926
E01002939,Kingston upon Thames 018A,1712.55717407167
E01002940,Kingston upon Thames 020A,1805.54772552848
E01002941,Kingston upon Thames 018B,1660.72481445147
E01002942,Kingston upon Thames 018C,1331.67044520378
E01002943,Kingston upon Thames 020B,1368.80984607246
E01002944,Kingston upon Thames 019A,1038.38802367076
E01002945,Kingston upon Thames 019B,1694.81787237525
E01002946,Kingston upon Thames 019C,1928.33335570199
E01002947,Kingston upon Thames 019D,1616.33595092408
E01002948,Kingston upon Thames 020C,2458.67686172209
E01002949,Kingston upon Thames 020D,1952.24273444712
E01002950,Kingston upon Thames 020E,1397.01237334404
E01002951,Kingston upon Thames 003C,1581.07000049343
E01002952,Kingston upon Thames 002A,2015.9596186468
E01002953,Kingston upon Thames 002B,1321.20458321207
E01002954,Kingston upon Thames 003D,1313.02201847732
E01002955,Kingston upon Thames 002C,1466.1319604693
E01002956,Kingston upon Thames 002D,1458.70822868869
E01002957,Kingston upon Thames 003E,998.413679304591
E01002958,Kingston upon Thames 008C,1585.6715876013
E01002959,Kingston upon Thames 002E,1434.51954095066
E01002960,Kingston upon Thames 006B,1460.46481618285
E01002961,Kingston upon Thames 008D,1824.3932441771
E01002962,Kingston upon Thames 006C,1729.01807782054
E01002963,Kingston upon Thames 007D,1841.17363137007
E01002964,Kingston upon Thames 005A,2539.59019912034
E01002965,Kingston upon Thames 009A,2712.80124381416
E01002966,Kingston upon Thames 010C,2219.55582925305
E01002967,Kingston upon Thames 009B,1899.60998494978
E01002968,Kingston upon Thames 009C,2853.78116055842
E01002969,Kingston upon Thames 005B,1603.23611432314
E01002970,Kingston upon Thames 006D,1919.17207621969
E01002971,Kingston upon Thames 005C,2044.92156220227
E01002972,Kingston upon Thames 005D,1890.51310414076
E01002973,Kingston upon Thames 006E,1577.37467042345
E01002974,Kingston upon Thames 005E,2149.65193253756
E01002975,Kingston upon Thames 012A,1622.24690629519
E01002976,Kingston upon Thames 015A,1585.6387536265
E01002977,Kingston upon Thames 012B,1559.99896035995
E01002978,Kingston upon Thames 015B,1858.06606923044
E01002979,Kingston upon Thames 015C,1388.35202085227
E01002980,Kingston upon Thames 012C,1420.73647305369
E01002981,Kingston upon Thames 012D,1691.22895330121
E01002982,Kingston upon Thames 015D,1583.94762162864
E01002983,Kingston upon Thames 015E,2126.52510110661
E01002984,Kingston upon Thames 012E,1745.29069620371
E01002985,Kingston upon Thames 007E,1444.45264135301
E01002986,Kingston upon Thames 008E,1411.882350914
E01002987,Kingston upon Thames 011B,1855.5412081182
E01002988,Kingston upon Thames 011C,1732.96776300739
E01002989,Kingston upon Thames 011D,1907.59139543399
E01002990,Kingston upon Thames 009D,1619.09475591779
E01002991,Kingston upon Thames 009E,1800.44293358922
E01002992,Kingston upon Thames 010D,1368.81613121554
E01002993,Kingston upon Thames 013C,1520.51389557123
E01002994,Kingston upon Thames 016A,1483.32547545433
E01002995,Kingston upon Thames 013D,1724.09371201694
E01002996,Kingston upon Thames 016B,1649.2731706202
E01002997,Kingston upon Thames 016C,1547.56216414273
E01002998,Kingston upon Thames 016D,1532.40790235996
E01002999,Kingston upon Thames 013E,1379.42190398276
E01003000,Kingston upon Thames 017C,2180.90849143959
E01003001,Kingston upon Thames 017D,1880.29573977599
E01003002,Kingston upon Thames 016E,1789.94020880753
E01003003,Kingston upon Thames 017E,1616.62188069522
E01003004,Kingston upon Thames 018D,1920.39439015836
E01003005,Kingston upon Thames 018E,1392.38053381443
E01003006,Kingston upon Thames 001A,1367.71779171214
E01003007,Kingston upon Thames 001B,1567.60010330379
E01003008,Kingston upon Thames 001C,1351.14874298871
E01003009,Kingston upon Thames 001D,1843.8037282899
E01003010,Kingston upon Thames 001E,1708.07454942251
E01003011,Kingston upon Thames 004E,1740.30017770338
E01003013,Lambeth 036A,2138.64800787997
E01003014,Lambeth 036B,1644.6241465956
E01003015,Lambeth 002A,1258.38192743063
E01003016,Lambeth 036C,1043.34346722811
E01003017,Lambeth 036D,1691.69648870826
E01003018,Lambeth 020A,1943.13445171714
E01003019,Lambeth 015A,1791.68571609259
E01003020,Lambeth 016A,1838.00598227978
E01003021,Lambeth 021A,2377.35301536322
E01003022,Lambeth 021B,1609.27750256658
E01003023,Lambeth 021C,2264.33083236217
E01003024,Lambeth 021D,2002.59575256705
E01003025,Lambeth 021E,2126.32193219662
E01003026,Lambeth 019A,1686.91563596379
E01003027,Lambeth 019B,1693.00461387634
E01003028,Lambeth 019C,1647.76765137911
E01003029,Lambeth 017A,1752.82898280025
E01003030,Lambeth 019D,1750.41437871451
E01003031,Lambeth 023A,1362.68619638681
E01003032,Lambeth 017B,1882.53978855908
E01003033,Lambeth 019E,1465.31280478835
E01003034,Lambeth 012A,1955.99897903204
E01003035,Lambeth 012B,1846.8005990386
E01003036,Lambeth 012C,1530.18211483955
E01003037,Lambeth 013A,1747.01195389032
E01003038,Lambeth 013B,1760.05308735371
E01003039,Lambeth 013C,2040.47715008259
E01003040,Lambeth 013D,1242.48678001016
E01003041,Lambeth 017C,1420.23247534037
E01003042,Lambeth 013E,1160.8755774498
E01003043,Lambeth 018A,1649.85456001759
E01003044,Lambeth 018B,1456.13866215944
E01003045,Lambeth 011A,1786.39770019054
E01003046,Lambeth 009A,1603.06082653999
E01003047,Lambeth 011B,2250.12416008115
E01003048,Lambeth 009B,1939.33975231647
E01003049,Lambeth 011C,1828.75604277849
E01003050,Lambeth 016B,1536.6404042244
E01003051,Lambeth 018C,1621.27878013253
E01003052,Lambeth 016C,2188.05989551544
E01003053,Lambeth 015B,1363.26680654287
E01003054,Lambeth 015C,1956.80486643314
E01003055,Lambeth 016D,1511.34225636721
E01003056,Lambeth 015D,2015.06274241209
E01003057,Lambeth 017D,2051.38033634424
E01003058,Lambeth 015E,1643.6322556138
E01003059,Lambeth 011D,2054.13112282753
E01003060,Lambeth 011E,1703.87642127275
E01003061,Lambeth 011F,1312.27539640665
E01003062,Lambeth 033A,1777.78854852915
E01003063,Lambeth 033B,1341.10635250807
E01003064,Lambeth 028A,1667.83784097433
E01003065,Lambeth 031A,1487.55402708054
E01003066,Lambeth 028B,1996.3106691055
E01003067,Lambeth 033C,1436.82008326054
E01003068,Lambeth 031B,1550.01248509437
E01003069,Lambeth 033D,1355.11241826043
E01003070,Lambeth 033E,1667.10475164652
E01003071,Lambeth 018D,2066.86242467165
E01003072,Lambeth 014A,2238.02330422401
E01003073,Lambeth 014B,1718.73435342312
E01003074,Lambeth 018E,2910.3052806164
E01003075,Lambeth 009C,1886.04705786705
E01003076,Lambeth 014C,2789.60234555602
E01003077,Lambeth 014D,1633.94126296043
E01003078,Lambeth 014E,1576.29617342353
E01003079,Lambeth 027A,2003.12602049112
E01003080,Lambeth 027B,1488.86772215366
E01003081,Lambeth 028C,1825.06066679955
E01003082,Lambeth 031C,1476.0159163475
E01003083,Lambeth 030A,1515.27115160227
E01003084,Lambeth 030B,1667.85231545568
E01003085,Lambeth 030C,2176.27562701702
E01003086,Lambeth 031D,1629.40116524696
E01003087,Lambeth 031E,1119.87310042977
E01003088,Lambeth 010A,1743.10418093204
E01003089,Lambeth 008A,1590.14923173934
E01003090,Lambeth 012D,2352.74587005377
E01003091,Lambeth 008B,1095.66120890528
E01003092,Lambeth 008C,2545.57339632511
E01003093,Lambeth 010B,2089.19006931782
E01003094,Lambeth 010C,1864.52966201305
E01003095,Lambeth 012E,1977.3998451829
E01003096,Lambeth 010D,2243.64331531525
E01003097,Lambeth 006A,1600.93032705784
E01003098,Lambeth 005A,1675.09253907204
E01003099,Lambeth 005B,2342.23339320719
E01003100,Lambeth 005C,1639.26464530826
E01003101,Lambeth 003A,1475.26384037733
E01003102,Lambeth 004A,1568.32625451684
E01003104,Lambeth 004C,1536.80987071991
E01003105,Lambeth 003B,1826.66640508175
E01003106,Lambeth 003C,2399.19856768847
E01003107,Lambeth 003D,1748.68393352628
E01003108,Lambeth 002B,1343.68268704414
E01003109,Lambeth 003E,2519.32682218909
E01003110,Lambeth 002C,2106.98406124115
E01003111,Lambeth 002D,1621.94245147705
E01003112,Lambeth 002E,1858.62549765408
E01003113,Lambeth 032A,2103.98902648687
E01003114,Lambeth 032B,2696.9201233983
E01003115,Lambeth 034A,1511.77559393644
E01003116,Lambeth 029A,1816.94488212094
E01003117,Lambeth 029B,1920.76775115728
E01003118,Lambeth 029C,2117.01314838231
E01003119,Lambeth 032C,2234.48353222013
E01003120,Lambeth 032D,2115.17955589294
E01003121,Lambeth 006B,1613.97551167011
E01003122,Lambeth 004D,2109.12527370453
E01003123,Lambeth 006C,2006.15830790997
E01003124,Lambeth 006D,1425.7329454422
E01003125,Lambeth 006E,1673.04951572418
E01003126,Lambeth 008D,1442.48394024372
E01003127,Lambeth 010E,2012.33411508799
E01003128,Lambeth 008E,1666.69728934765
E01003129,Lambeth 004E,1837.66739141941
E01003130,Lambeth 026A,1940.9124058485
E01003131,Lambeth 026B,1980.05102926493
E01003132,Lambeth 024A,1498.82123303413
E01003133,Lambeth 027C,1610.43432050943
E01003134,Lambeth 027D,1563.51754897833
E01003135,Lambeth 026C,2087.11520248652
E01003136,Lambeth 022A,1586.80327099562
E01003137,Lambeth 022B,1543.61557638645
E01003138,Lambeth 026D,1459.78105974197
E01003139,Lambeth 035A,1676.56057059765
E01003140,Lambeth 035B,1460.38268779218
E01003141,Lambeth 034B,1875.42899253964
E01003142,Lambeth 035C,1310.27964535356
E01003143,Lambeth 035D,1992.69652527571
E01003144,Lambeth 034C,1907.58947642794
E01003145,Lambeth 034D,1531.43067723513
E01003146,Lambeth 035E,1268.97039812803
E01003147,Lambeth 034E,1899.63214096427
E01003148,Lambeth 032E,1860.16060191393
E01003149,Lambeth 030D,1675.3095241636
E01003150,Lambeth 032F,1644.04299768806
E01003151,Lambeth 026E,1967.21307700872
E01003152,Lambeth 027E,2204.72408652306
E01003153,Lambeth 029D,1616.74008476734
E01003154,Lambeth 030E,1911.880197227
E01003155,Lambeth 029E,1751.71363598108
E01003156,Lambeth 023B,1356.05188584328
E01003157,Lambeth 023C,1547.07958036661
E01003158,Lambeth 023D,1493.89941877127
E01003159,Lambeth 022C,1782.34549745917
E01003160,Lambeth 022D,1194.30032116175
E01003161,Lambeth 023E,1477.77406477928
E01003162,Lambeth 022E,1802.37222713232
E01003163,Lambeth 023F,1903.10055166483
E01003164,Lambeth 025A,1926.1421905458
E01003165,Lambeth 025B,1570.77558672428
E01003166,Lambeth 028D,2571.37117323279
E01003167,Lambeth 028E,1837.58146235347
E01003168,Lambeth 025C,1428.12510295212
E01003169,Lambeth 025D,2268.17311741412
E01003170,Lambeth 025E,2142.12208898365
E01003171,Lambeth 020B,1760.99817365408
E01003172,Lambeth 024B,1665.829219684
E01003173,Lambeth 020C,1811.6171400547
E01003174,Lambeth 024C,2120.34855437279
E01003175,Lambeth 024D,1527.29378676414
E01003176,Lambeth 016E,2133.32030040026
E01003177,Lambeth 020D,1571.95885118842
E01003178,Lambeth 020E,1627.43618398905
E01003179,Lambeth 024E,1473.71322762966
E01003180,Lambeth 005D,1655.05213662982
E01003181,Lambeth 007A,1806.80338412523
E01003182,Lambeth 009D,1974.08646547794
E01003183,Lambeth 005E,1783.07054334879
E01003184,Lambeth 007B,1262.95757746696
E01003185,Lambeth 007C,1884.35982513428
E01003186,Lambeth 007D,2957.39692938328
E01003187,Lambeth 007E,2168.57810711861
E01003188,Lambeth 009E,1295.77123963833
E01003189,Lewisham 034A,1881.25803744793
E01003190,Lewisham 034B,1753.11889544874
E01003191,Lewisham 034C,1479.2504439652
E01003192,Lewisham 034D,1931.04400755027
E01003193,Lewisham 029A,2080.22257764637
E01003194,Lewisham 029B,1844.62533301301
E01003195,Lewisham 029C,1489.79467728548
E01003196,Lewisham 029D,2143.76499800384
E01003197,Lewisham 029E,1627.31423709169
E01003198,Lewisham 009A,1235.45038503408
E01003199,Lewisham 007A,2049.84540885687
E01003200,Lewisham 009B,1540.3263597414
E01003201,Lewisham 007B,1989.51803708076
E01003202,Lewisham 009C,1614.98346400261
E01003203,Lewisham 009D,1667.74621462822
E01003204,Lewisham 007C,1528.17273905835
E01003205,Lewisham 007D,2005.87131363153
E01003206,Lewisham 007E,1559.6596910283
E01003207,Lewisham 005A,2144.99265766144
E01003209,Lewisham 005B,1823.49193543196
E01003210,Lewisham 005C,1970.10068160295
E01003211,Lewisham 008B,1683.40504805744
E01003212,Lewisham 005D,1969.75176420808
E01003213,Lewisham 008C,2066.63522189856
E01003214,Lewisham 008D,1723.31095030904
E01003215,Lewisham 005E,2283.68009459972
E01003216,Lewisham 025A,2011.50591105223
E01003217,Lewisham 022A,1758.09452819824
E01003218,Lewisham 022B,1499.28956788778
E01003219,Lewisham 025B,1627.15850734711
E01003220,Lewisham 022C,1793.051856637
E01003221,Lewisham 025C,2064.44377267361
E01003222,Lewisham 022D,1471.49193012714
E01003223,Lewisham 025D,1777.57197673619
E01003224,Lewisham 022E,2001.62933844328
E01003225,Lewisham 015A,1695.68250183202
E01003226,Lewisham 019A,1724.93497154117
E01003227,Lewisham 019B,1603.58690445311
E01003228,Lewisham 019C,1712.86256811023
E01003229,Lewisham 019D,1628.23287886381
E01003230,Lewisham 019E,2006.13428273797
E01003231,Lewisham 015B,1600.17463164032
E01003232,Lewisham 015C,1907.35741171241
E01003233,Lewisham 015D,1907.1282197237
E01003235,Lewisham 038A,1650.7974882733
E01003236,Lewisham 037A,1686.02012380958
E01003237,Lewisham 037B,1850.03736040741
E01003238,Lewisham 037C,1532.25634548068
E01003239,Lewisham 037D,1615.29395407438
E01003240,Lewisham 038B,1859.54851272702
E01003241,Lewisham 038C,1657.42392289061
E01003243,Lewisham 038D,1351.38409620611
E01003244,Lewisham 001A,1332.78905498981
E01003245,Lewisham 001B,1862.42595044523
E01003246,Lewisham 002A,2493.35033765435
E01003247,Lewisham 001C,2024.8954577148
E01003248,Lewisham 002B,1967.66116136994
E01003249,Lewisham 001D,1643.02265577763
E01003250,Lewisham 001E,4882.32946902514
E01003251,Lewisham 002C,2335.49594053626
E01003252,Lewisham 002D,1546.45768517256
E01003253,Lewisham 002E,1336.44315245748
E01003254,Lewisham 021A,1711.81599983573
E01003255,Lewisham 021B,1990.59811291099
E01003256,Lewisham 028A,2185.27391687036
E01003257,Lewisham 028B,1581.28447604179
E01003258,Lewisham 028C,1440.04055652022
E01003259,Lewisham 028D,1771.40321069706
E01003260,Lewisham 021C,1676.00004991889
E01003261,Lewisham 021D,1484.63610315323
E01003262,Lewisham 021E,1402.24291539192
E01003263,Lewisham 023A,1971.27809553966
E01003264,Lewisham 031A,1482.61962760985
E01003265,Lewisham 031B,1649.9706338942
E01003266,Lewisham 031C,1744.52994403243
E01003267,Lewisham 031D,1544.23448258809
E01003268,Lewisham 023B,1750.54320820421
E01003269,Lewisham 023C,1515.09630912542
E01003270,Lewisham 023D,1799.88208011538
E01003271,Lewisham 023E,1817.57928158343
E01003272,Lewisham 014A,1938.40419024229
E01003273,Lewisham 011A,1557.64293551681
E01003274,Lewisham 014B,1509.22560161352
E01003275,Lewisham 014C,1769.41273423284
E01003276,Lewisham 014D,2103.33818426332
E01003277,Lewisham 011B,1392.22848713398
E01003278,Lewisham 011C,2024.15201568604
E01003279,Lewisham 011D,1533.39725238085
E01003280,Lewisham 016A,1681.07551626861
E01003281,Lewisham 016B,2035.91778697073
E01003282,Lewisham 013A,2442.79836821556
E01003283,Lewisham 013B,2057.8902259022
E01003284,Lewisham 013C,1849.097202003
E01003285,Lewisham 016C,1578.78186137974
E01003286,Lewisham 013D,1651.08376052976
E01003287,Lewisham 016D,2236.48059725761
E01003288,Lewisham 012A,2195.90124580264
E01003290,Lewisham 012C,1857.00427937508
E01003291,Lewisham 012D,1640.81491568685
E01003292,Lewisham 017A,1829.31351071596
E01003293,Lewisham 017B,1686.43713188171
E01003295,Lewisham 017D,1563.11908495426
E01003296,Lewisham 012E,4019.87526915967
E01003297,Lewisham 003A,2153.68331745267
E01003298,Lewisham 039A,1278.12279853225
E01003299,Lewisham 003B,1745.76070402563
E01003300,Lewisham 039B,1435.32731691003
E01003301,Lewisham 003C,2331.03688137233
E01003302,Lewisham 003D,1818.65275487304
E01003303,Lewisham 039C,2011.31323230267
E01003304,Lewisham 039D,1966.63613370061
E01003305,Lewisham 003E,2321.59015268087
E01003307,Lewisham 024A,1665.49501973391
E01003308,Lewisham 024B,1581.05628108978
E01003309,Lewisham 027A,1541.7670378089
E01003310,Lewisham 027B,1455.61617001891
E01003311,Lewisham 027C,1677.86793762445
E01003312,Lewisham 027D,1708.88007849455
E01003313,Lewisham 027E,1754.57876138389
E01003314,Lewisham 024C,1702.60055577755
E01003315,Lewisham 024D,1448.79411101341
E01003316,Lewisham 024E,1545.21822166443
E01003317,Lewisham 020A,3039.29532183707
E01003318,Lewisham 020B,2367.76530127972
E01003319,Lewisham 018A,1793.82691019773
E01003320,Lewisham 018B,1524.96143884771
E01003321,Lewisham 020C,1871.91779543459
E01003322,Lewisham 020D,1407.55646510422
E01003323,Lewisham 018C,1590.26884406805
E01003324,Lewisham 020E,1449.71256583929
E01003325,Lewisham 018D,1626.50424687564
E01003326,Lewisham 035A,1753.99894851446
E01003327,Lewisham 035B,1521.86339241266
E01003328,Lewisham 035C,1775.86185508966
E01003329,Lewisham 033A,1819.5208248198
E01003330,Lewisham 033B,1595.3123775823
E01003331,Lewisham 033C,1632.36763879657
E01003332,Lewisham 033D,1679.96965020336
E01003333,Lewisham 035D,1464.62809726596
E01003334,Lewisham 033E,1661.27466890216
E01003335,Lewisham 035E,1565.02741956711
E01003336,Lewisham 010A,1527.34630137682
E01003337,Lewisham 010B,1452.68013650179
E01003338,Lewisham 006A,2115.06247359514
E01003339,Lewisham 006B,1743.81794452667
E01003340,Lewisham 006C,2119.83987732232
E01003341,Lewisham 006D,1455.19470250607
E01003342,Lewisham 010C,1891.38143670559
E01003343,Lewisham 006E,1343.12000536919
E01003344,Lewisham 010D,1495.89177324506
E01003345,Lewisham 010E,1955.91444534063
E01003346,Lewisham 026A,1789.20415429154
E01003347,Lewisham 030A,1660.99834653735
E01003348,Lewisham 030B,1478.03293674262
E01003349,Lewisham 026B,1536.07981713116
E01003350,Lewisham 030C,1445.62725568429
E01003351,Lewisham 026C,1629.04062397406
E01003352,Lewisham 030D,2331.75346496701
E01003353,Lewisham 030E,1699.18769752979
E01003354,Lewisham 026D,2109.38505709125
E01003355,Merton 009A,1849.35574698448
E01003356,Merton 009B,1881.08009713702
E01003357,Merton 012A,2138.42041633278
E01003358,Merton 009C,1782.28750932217
E01003359,Merton 006A,1883.28238704801
E01003360,Merton 006B,1869.26403081417
E01003361,Merton 015A,1638.59249314666
E01003362,Merton 021A,1349.97816319231
E01003363,Merton 021B,1776.7127811539
E01003364,Merton 021C,1661.45227852464
E01003365,Merton 021D,1432.95231485142
E01003366,Merton 016A,1854.0776385546
E01003367,Merton 005A,2800.92420889437
E01003368,Merton 008A,1662.78768461943
E01003369,Merton 005B,1613.54980963469
E01003370,Merton 005C,1998.19198048115
E01003371,Merton 005D,1698.80249422789
E01003372,Merton 008B,1762.24394130707
E01003373,Merton 018A,1502.66914188862
E01003374,Merton 022A,1880.04927846789
E01003375,Merton 022B,1991.44349419103
E01003376,Merton 012B,1671.20303661935
E01003377,Merton 012C,1523.76235505939
E01003378,Merton 018B,2469.5693860054
E01003379,Merton 018C,1689.08288359642
E01003380,Merton 011A,1950.52737605572
E01003381,Merton 016B,1566.11065363884
E01003382,Merton 011B,1793.37414014339
E01003383,Merton 009D,1931.4630305022
E01003384,Merton 009E,1594.06171694398
E01003385,Merton 011C,1339.62505283952
E01003386,Merton 013A,2161.68429839611
E01003387,Merton 014A,2329.24934853613
E01003388,Merton 013B,2063.5154851526
E01003389,Merton 013C,1981.6543451004
E01003390,Merton 018D,1213.0949228704
E01003391,Merton 014B,818.601326704025
E01003392,Merton 013D,1624.87436976284
E01003393,Merton 008C,1164.60376805067
E01003394,Merton 007A,2132.4900124073
E01003395,Merton 007B,1876.63926419616
E01003396,Merton 007C,1653.14453703165
E01003397,Merton 007D,1645.84245151281
E01003398,Merton 007E,1855.77970458567
E01003399,Merton 011D,1423.05921262503
E01003400,Merton 003A,1297.01356501877
E01003401,Merton 004A,1209.92220708728
E01003402,Merton 004B,1540.1264000386
E01003403,Merton 004C,1650.48516339064
E01003404,Merton 004D,1540.24170315266
E01003405,Merton 018E,2549.42103490233
E01003406,Merton 008D,1667.42739024758
E01003407,Merton 008E,1899.99339440465
E01003408,Merton 012D,1819.86847326159
E01003409,Merton 013E,1840.02702617645
E01003410,Merton 012E,1680.20183598995
E01003411,Merton 014C,1830.42262484878
E01003412,Merton 014D,1710.26716539264
E01003413,Merton 017A,2178.85070825368
E01003414,Merton 017B,1777.47383945435
E01003415,Merton 017C,2182.8659638688
E01003416,Merton 017D,1864.50949326064
E01003417,Merton 025A,1417.02982940339
E01003418,Merton 025B,1583.5882769227
E01003419,Merton 025C,1825.61677084162
E01003420,Merton 025D,1503.0210288465
E01003421,Merton 021E,1291.23121510353
E01003422,Merton 025E,1556.75112736691
E01003423,Merton 011E,1682.88869792968
E01003424,Merton 015B,1567.600298509
E01003425,Merton 015C,1453.79202419519
E01003426,Merton 015D,1820.25070220639
E01003427,Merton 023A,2019.73324351013
E01003428,Merton 015E,1549.7782111913
E01003429,Merton 019A,1458.00149014592
E01003430,Merton 019B,1485.03119307756
E01003431,Merton 019C,1602.69902294874
E01003432,Merton 019D,1856.09272289713
E01003433,Merton 019E,2001.85250730813
E01003434,Merton 017E,1724.02233117819
E01003435,Merton 014E,2015.10106758132
E01003436,Merton 023B,1801.34988325834
E01003437,Merton 022C,2083.25287903845
E01003438,Merton 024A,1791.28994438052
E01003439,Merton 023C,1643.13565281752
E01003440,Merton 022D,1736.00439391005
E01003441,Merton 022E,1835.59919600561
E01003442,Merton 010A,1614.04076910019
E01003443,Merton 010B,1936.44786131382
E01003444,Merton 010C,1673.47642758489
E01003445,Merton 010D,1979.43986080633
E01003446,Merton 016C,1703.70874345303
E01003447,Merton 016D,1494.21831322508
E01003448,Merton 023D,2074.60313293338
E01003449,Merton 024B,2054.52648696303
E01003450,Merton 024C,1871.27738261223
E01003451,Merton 024D,2195.22203357679
E01003452,Merton 024E,2021.68603987251
E01003453,Merton 023E,1736.05941256881
E01003454,Merton 003B,1134.0944378078
E01003455,Merton 005E,1785.00701538218
E01003456,Merton 003C,1738.16759686172
E01003457,Merton 006C,1555.49611938
E01003458,Merton 006D,1812.85961276293
E01003459,Merton 006E,1947.8339998275
E01003460,Merton 002A,1455.88965763568
E01003461,Merton 004E,1451.36863543093
E01003462,Merton 002B,1325.56645449919
E01003463,Merton 010E,1512.02124748984
E01003464,Merton 002C,1886.51704249702
E01003465,Merton 002D,1596.24726437777
E01003466,Merton 020A,1788.03066408634
E01003467,Merton 020B,1934.59547841322
E01003468,Merton 020C,1665.49944867862
E01003469,Merton 020D,1431.10540381446
E01003470,Merton 020E,2115.79288837872
E01003471,Merton 016E,1894.18698367104
E01003472,Merton 001A,1227.68029177934
E01003473,Merton 001B,1387.85943010381
E01003474,Merton 001C,1374.39439977083
E01003475,Merton 001D,3239.4889735317
E01003476,Merton 003D,1240.73486217856
E01003477,Merton 003E,1575.45884887874
E01003478,Merton 001E,1896.92207222059
E01003479,Newham 035A,1476.49358454696
E01003480,Newham 033A,2498.43385202624
E01003481,Newham 035B,1712.15227665752
E01003482,Newham 033B,4371.63231833992
E01003483,Newham 032A,1984.56475719686
E01003484,Newham 032B,1461.95001789927
E01003485,Newham 035C,1750.73974770308
E01003486,Newham 033C,1136.37573632598
E01003487,Newham 033D,1070.54013158567
E01003488,Newham 019A,2390.42586457729
E01003489,Newham 019B,2655.55854398012
E01003490,Newham 019C,2082.49700641632
E01003491,Newham 022A,2012.38816827536
E01003492,Newham 025A,2080.32193553448
E01003493,Newham 025B,3427.07327163219
E01003494,Newham 025C,2091.31905019283
E01003495,Newham 025D,2020.25291021168
E01003496,Newham 027A,1230.84652217664
E01003497,Newham 034A,2040.76442210315
E01003498,Newham 027B,1827.92068811506
E01003499,Newham 030A,2469.57619222999
E01003500,Newham 027C,2097.30078167072
E01003501,Newham 030B,2556.55961030722
E01003502,Newham 030C,2767.28282725811
E01003503,Newham 030D,2268.4859136939
E01003506,Newham 034D,1838.19658255577
E01003507,Newham 031A,2066.24682536721
E01003508,Newham 031B,2684.68201631308
E01003509,Newham 031C,2001.67096835375
E01003511,Newham 036A,1733.07074934244
E01003512,Newham 036B,1806.02243047953
E01003513,Newham 035D,1521.84338719264
E01003514,Newham 036C,1864.35513084382
E01003515,Newham 036D,2403.91942144713
E01003516,Newham 032C,1839.32876238227
E01003517,Newham 036E,1894.36741969083
E01003518,Newham 032D,1611.41427845508
E01003519,Newham 032E,1436.18927550316
E01003520,Newham 018A,2253.65446424484
E01003521,Newham 018B,1878.3497030139
E01003522,Newham 018C,1812.46475362778
E01003523,Newham 024A,2612.03433004022
E01003524,Newham 019D,1853.86903321743
E01003525,Newham 018D,2371.3524350524
E01003526,Newham 018E,1755.52877216786
E01003527,Newham 024B,1712.6240824014
E01003528,Newham 005A,1431.70332504809
E01003529,Newham 010A,1928.58992248774
E01003530,Newham 010B,1933.37214368582
E01003531,Newham 010C,2440.04709457606
E01003532,Newham 010D,2190.03680932522
E01003533,Newham 011A,2336.92057752609
E01003534,Newham 010E,2400.4034819603
E01003535,Newham 023A,2179.3438158296
E01003536,Newham 023B,2135.27576312795
E01003537,Newham 024C,2253.03048244119
E01003538,Newham 029A,2748.531568259
E01003539,Newham 029B,2299.54955500498
E01003540,Newham 029C,1761.2151941061
E01003541,Newham 029D,1625.48311665654
E01003542,Newham 024D,2285.15999186039
E01003543,Newham 001A,2251.157431826
E01003544,Newham 001B,2061.58961955644
E01003545,Newham 006A,1641.03851201385
E01003546,Newham 001C,1873.69975495338
E01003547,Newham 007A,1917.09615834057
E01003548,Newham 006B,2832.17185100913
E01003549,Newham 006C,2046.90609848499
E01003550,Newham 001D,1628.41784460843
E01003551,Newham 009A,1745.03750538826
E01003552,Newham 016A,1339.43374103308
E01003553,Newham 009B,1878.61862540245
E01003554,Newham 009C,1863.35347753763
E01003555,Newham 007B,1949.94602906704
E01003556,Newham 008A,1968.24998819828
E01003557,Newham 006D,2219.35732364655
E01003558,Newham 008B,1821.70260733366
E01003559,Newham 009D,2451.49204879999
E01003560,Newham 011B,1686.68392467499
E01003561,Newham 007C,1710.14674884081
E01003562,Newham 014A,2196.89806556702
E01003563,Newham 011C,2573.91033887863
E01003564,Newham 014B,2472.13912653923
E01003565,Newham 014C,1847.35386776924
E01003566,Newham 014D,2093.42772197723
E01003567,Newham 007D,1975.2804261446
E01003568,Newham 017A,2485.3940962553
E01003569,Newham 017B,1997.18671834469
E01003570,Newham 008C,1781.33605736494
E01003571,Newham 008D,2386.77838599682
E01003572,Newham 008E,1608.61152464151
E01003573,Newham 017C,2427.26041162014
E01003574,Newham 017D,2867.23782257736
E01003575,Newham 005B,2082.05925869942
E01003576,Newham 002A,1450.60237674415
E01003577,Newham 005C,2332.27794329077
E01003578,Newham 003A,1969.35844545716
E01003579,Newham 004A,2062.52245682478
E01003580,Newham 005D,2096.27777513862
E01003581,Newham 002B,1974.10806781054
E01003582,Newham 002C,1553.61637604237
E01003583,Newham 002D,2009.71749651432
E01003584,Newham 003B,2013.8406287767
E01003585,Newham 004B,1615.51149314642
E01003586,Newham 003C,1950.07640078664
E01003587,Newham 004C,2303.55924896896
E01003588,Newham 011D,1636.90875267982
E01003589,Newham 011E,2106.79663801193
E01003590,Newham 003D,1579.32950421414
E01003591,Newham 004D,2238.40348401666
E01003592,Newham 022B,2137.47765445709
E01003593,Newham 027D,1541.6977199614
E01003594,Newham 026A,1663.97834706306
E01003595,Newham 026B,1318.35158967972
E01003596,Newham 016B,1855.25351065397
E01003597,Newham 016C,2110.52944743633
E01003598,Newham 021A,1882.73386871815
E01003599,Newham 022C,1982.64479270577
E01003600,Newham 021B,1963.27848672867
E01003601,Newham 028A,2392.52157927305
E01003602,Newham 026C,1840.42024207115
E01003603,Newham 028B,2350.10428236425
E01003604,Newham 031D,2209.58804433048
E01003605,Newham 028C,2479.46478319168
E01003606,Newham 022D,2681.048181355
E01003607,Newham 026D,2387.76459050179
E01003608,Newham 028D,1599.57636168599
E01003609,Newham 037A,5576.70792503293
E01003611,Newham 037C,1815.25739471614
E01003615,Newham 013C,1728.30944240093
E01003616,Newham 012A,2172.46435874701
E01003617,Newham 012B,3283.72675472498
E01003618,Newham 012C,2263.21334284544
E01003619,Newham 012D,2511.06805217266
E01003621,Newham 023C,1534.78043043613
E01003622,Newham 023D,1840.93347629905
E01003623,Newham 023E,1682.33093345165
E01003624,Newham 024E,1747.97009217739
E01003625,Newham 015A,2084.96285570413
E01003626,Newham 015B,1323.0850456357
E01003627,Newham 015C,1496.40439510345
E01003628,Newham 015D,1837.20916444063
E01003629,Newham 015E,1838.21188282967
E01003630,Newham 021C,1800.34360659122
E01003631,Newham 020A,1618.23235404491
E01003632,Newham 020B,2513.45550644398
E01003633,Newham 020C,2166.52226686478
E01003634,Newham 020D,1830.45735830069
E01003635,Newham 016D,1931.74107371923
E01003636,Newham 020E,2263.97003796697
E01003637,Newham 021D,1834.56799721718
E01003638,Redbridge 017A,1956.92515780684
E01003639,Redbridge 013A,2428.37286452955
E01003640,Redbridge 013B,2153.0171455497
E01003641,Redbridge 013C,1906.16974878311
E01003642,Redbridge 013D,1490.92342879089
E01003643,Redbridge 017B,2310.72688615322
E01003644,Redbridge 017C,1694.89529597759
E01003645,Redbridge 017D,2847.29401147366
E01003646,Redbridge 012A,1869.92679440975
E01003647,Redbridge 015A,1782.02342325449
E01003648,Redbridge 012B,1484.63651511818
E01003649,Redbridge 012C,1590.02143937349
E01003650,Redbridge 015B,1956.43004065752
E01003651,Redbridge 012D,1561.12149831653
E01003652,Redbridge 015C,1805.81775015593
E01003653,Redbridge 015D,2435.84905678034
E01003654,Redbridge 004A,1695.70759564638
E01003655,Redbridge 004B,1509.02791386843
E01003656,Redbridge 005A,1743.49950659838
E01003657,Redbridge 005B,2241.51858731778
E01003658,Redbridge 004C,1560.53997427505
E01003659,Redbridge 005C,1763.33163287654
E01003660,Redbridge 004D,1910.6378522774
E01003661,Redbridge 019A,2478.49804991484
E01003662,Redbridge 019B,2000.80795904994
E01003663,Redbridge 019C,2092.05683373287
E01003664,Redbridge 019D,1759.8576541543
E01003665,Redbridge 019E,1862.19242165983
E01003666,Redbridge 019F,2699.01349851489
E01003668,Redbridge 007A,1611.43957996368
E01003669,Redbridge 007B,1777.69295366108
E01003670,Redbridge 007C,1513.55765058473
E01003671,Redbridge 007D,1736.91907668114
E01003672,Redbridge 007E,1646.05930358171
E01003673,Redbridge 007F,1884.60536454618
E01003674,Redbridge 007G,2310.68322856724
E01003675,Redbridge 036A,1721.31885838509
E01003676,Redbridge 036B,1952.29728347063
E01003677,Redbridge 036C,1822.51297200751
E01003678,Redbridge 036D,1665.16708234779
E01003679,Redbridge 036E,1781.02919557691
E01003680,Redbridge 036F,1782.76087939739
E01003681,Redbridge 036G,1886.40683186601
E01003682,Redbridge 036H,1830.47010469031
E01003683,Redbridge 030A,2154.77985227108
E01003684,Redbridge 030B,1845.90990945697
E01003685,Redbridge 030C,2048.4725291729
E01003686,Redbridge 030D,2250.54275661707
E01003688,Redbridge 030F,1892.84213155508
E01003689,Redbridge 030G,3169.94206082821
E01003690,Redbridge 035A,3083.62665390531
E01003691,Redbridge 035B,1540.90378633261
E01003692,Redbridge 035C,1616.74517171085
E01003693,Redbridge 035D,1835.35940001679
E01003694,Redbridge 035E,1539.2905100435
E01003695,Redbridge 035F,1725.03745436668
E01003696,Redbridge 035G,1565.60005450249
E01003697,Redbridge 035H,1817.75228487578
E01003698,Redbridge 006A,1763.36590099335
E01003699,Redbridge 006B,1611.83914988774
E01003700,Redbridge 006C,2578.79259013659
E01003701,Redbridge 006D,2137.66862976765
E01003702,Redbridge 006E,2548.87715268135
E01003703,Redbridge 006F,2709.33649228909
E01003704,Redbridge 006G,2057.06279936805
E01003705,Redbridge 010A,2482.11555865407
E01003706,Redbridge 010B,1604.43643829226
E01003707,Redbridge 008A,1710.1318635121
E01003708,Redbridge 008B,1905.13599779657
E01003709,Redbridge 008C,1819.87999430299
E01003710,Redbridge 008D,1422.78501633555
E01003711,Redbridge 010C,1969.06635387533
E01003712,Redbridge 010D,1252.65189491212
E01003713,Redbridge 034A,1921.78298306465
E01003714,Redbridge 034B,2567.02479237318
E01003715,Redbridge 034C,2319.63411492109
E01003716,Redbridge 034D,2070.81846418045
E01003718,Redbridge 034E,1646.31279413402
E01003719,Redbridge 034F,2472.08366198465
E01003720,Redbridge 002A,2070.56279375334
E01003721,Redbridge 003A,1692.78350436687
E01003722,Redbridge 002B,2346.7736035157
E01003723,Redbridge 002C,1938.08382174
E01003724,Redbridge 003B,1474.9207662344
E01003725,Redbridge 003C,1596.87526768446
E01003726,Redbridge 002D,2530.61382619236
E01003727,Redbridge 003D,1825.48988419771
E01003728,Redbridge 032A,3826.07565808296
E01003729,Redbridge 032B,1814.30806648731
E01003730,Redbridge 032C,1703.04238331318
E01003731,Redbridge 033A,1458.84914875031
E01003732,Redbridge 032D,1504.1742207557
E01003733,Redbridge 032E,1876.59915263951
E01003734,Redbridge 033B,2161.72917824984
E01003735,Redbridge 033C,1675.98762011994
E01003736,Redbridge 033D,2200.99279081821
E01003737,Redbridge 031A,2747.0325627625
E01003738,Redbridge 031B,2544.69146840274
E01003739,Redbridge 031C,2517.30180650856
E01003740,Redbridge 031D,2277.12819224782
E01003741,Redbridge 031E,2102.2151138112
E01003742,Redbridge 031F,2085.95798820257
E01003743,Redbridge 031G,1912.00360588299
E01003744,Redbridge 001A,1430.25367098838
E01003745,Redbridge 001B,1420.59758272158
E01003746,Redbridge 001C,1606.42841234357
E01003747,Redbridge 001D,1476.54344588518
E01003748,Redbridge 001E,1637.15196009725
E01003749,Redbridge 001F,1696.16300222278
E01003750,Redbridge 001G,1856.53725494072
E01003751,Redbridge 020A,2481.54699752022
E01003752,Redbridge 023A,2263.02886421978
E01003753,Redbridge 020B,1746.20994758606
E01003754,Redbridge 020C,1959.69866645336
E01003755,Redbridge 023B,2296.48674118519
E01003756,Redbridge 023C,2361.27211302519
E01003757,Redbridge 020D,2497.18950209022
E01003758,Redbridge 023D,2648.62054783106
E01003759,Redbridge 009A,1669.35058543086
E01003760,Redbridge 009B,2114.21481893957
E01003761,Redbridge 009C,1317.04686796665
E01003762,Redbridge 009D,1753.90935397148
E01003763,Redbridge 009E,2331.07611647239
E01003764,Redbridge 009F,1924.62901132723
E01003765,Redbridge 009G,2035.78913281113
E01003766,Redbridge 024A,2085.59100729227
E01003767,Redbridge 024B,2085.06032073498
E01003768,Redbridge 024C,2278.8497415185
E01003769,Redbridge 022A,1741.47574916482
E01003770,Redbridge 022B,2893.17914226461
E01003771,Redbridge 022C,2000.14474382684
E01003772,Redbridge 024D,1660.36628179997
E01003773,Redbridge 022D,1891.96414017677
E01003774,Redbridge 014A,1931.2905831039
E01003775,Redbridge 014B,1853.60144800693
E01003776,Redbridge 014C,1444.59160866868
E01003777,Redbridge 014D,2161.67440119386
E01003778,Redbridge 014E,1737.07802209258
E01003779,Redbridge 014F,1487.61119583249
E01003780,Redbridge 014G,1910.84765331447
E01003781,Redbridge 026A,1698.07400137186
E01003782,Redbridge 026B,2185.94403344393
E01003783,Redbridge 029A,2478.1202775836
E01003784,Redbridge 029B,1961.081698291
E01003785,Redbridge 029C,2340.6691048968
E01003786,Redbridge 026C,1544.08533014357
E01003787,Redbridge 026D,1673.39401438832
E01003788,Redbridge 029D,1820.93931558728
E01003789,Redbridge 018A,1651.71875976771
E01003790,Redbridge 027A,1533.68088799688
E01003791,Redbridge 027B,2251.89981117082
E01003792,Redbridge 027C,1427.85692606723
E01003793,Redbridge 027D,1416.67450059189
E01003794,Redbridge 018B,1576.00245778821
E01003795,Redbridge 018C,1330.72159980125
E01003796,Redbridge 018D,1245.03736087165
E01003797,Richmond upon Thames 001A,1719.85694572795
E01003798,Richmond upon Thames 001B,1199.84750774503
E01003799,Richmond upon Thames 001C,1845.01036048375
E01003800,Richmond upon Thames 001D,1626.43862758577
E01003801,Richmond upon Thames 001E,1156.90581935029
E01003802,Richmond upon Thames 001F,1492.63654816187
E01003803,Richmond upon Thames 001G,1299.8305175351
E01003804,Richmond upon Thames 005A,1867.0419036448
E01003805,Richmond upon Thames 012A,1733.03351518087
E01003806,Richmond upon Thames 012B,1952.14846180429
E01003807,Richmond upon Thames 005B,1894.43059998751
E01003808,Richmond upon Thames 005C,1915.25231152773
E01003809,Richmond upon Thames 005D,1805.03790552303
E01003810,Richmond upon Thames 019A,1555.47331087291
E01003811,Richmond upon Thames 018A,1755.85454395413
E01003812,Richmond upon Thames 018B,1948.79044853151
E01003813,Richmond upon Thames 019B,1684.65019789338
E01003814,Richmond upon Thames 019C,1611.02955690421
E01003815,Richmond upon Thames 019D,1887.49675990984
E01003816,Richmond upon Thames 012C,1868.90092008862
E01003817,Richmond upon Thames 012D,2509.89131307618
E01003818,Richmond upon Thames 017A,1611.61673790861
E01003819,Richmond upon Thames 017B,1804.49901835353
E01003820,Richmond upon Thames 017C,2005.2878638217
E01003821,Richmond upon Thames 008A,1169.72138667345
E01003822,Richmond upon Thames 023A,1612.11240395159
E01003823,Richmond upon Thames 023B,1826.27170513911
E01003824,Richmond upon Thames 023C,1807.55325157195
E01003825,Richmond upon Thames 023D,1654.6331537575
E01003826,Richmond upon Thames 023E,1737.21342466763
E01003827,Richmond upon Thames 023F,1857.30968985624
E01003828,Richmond upon Thames 020A,1713.07481416687
E01003829,Richmond upon Thames 020B,1695.18401122652
E01003830,Richmond upon Thames 020C,1888.56034021825
E01003831,Richmond upon Thames 020D,1859.11228441074
E01003832,Richmond upon Thames 020E,1451.82390256412
E01003833,Richmond upon Thames 020F,1210.31736792624
E01003834,Richmond upon Thames 022A,1837.78099579227
E01003835,Richmond upon Thames 022B,1704.0021260022
E01003836,Richmond upon Thames 022C,1324.47241917625
E01003837,Richmond upon Thames 022D,1941.74583526536
E01003838,Richmond upon Thames 022E,1854.84905101359
E01003839,Richmond upon Thames 022F,2166.10109114647
E01003840,Richmond upon Thames 013A,1820.01122790575
E01003841,Richmond upon Thames 013B,1579.92602044335
E01003842,Richmond upon Thames 013C,1717.74892775252
E01003843,Richmond upon Thames 013D,2578.0459163934
E01003844,Richmond upon Thames 013E,1531.87604810297
E01003845,Richmond upon Thames 013F,1936.7496644035
E01003846,Richmond upon Thames 002A,1824.98147788644
E01003847,Richmond upon Thames 002B,1765.19161851926
E01003848,Richmond upon Thames 004A,1701.60813695192
E01003849,Richmond upon Thames 002C,1511.45125953853
E01003851,Richmond upon Thames 002D,1603.20415420551
E01003852,Richmond upon Thames 003A,1320.8949829274
E01003853,Richmond upon Thames 003B,1575.15446226276
E01003854,Richmond upon Thames 003C,1457.64058406551
E01003855,Richmond upon Thames 003D,1768.42170138657
E01003856,Richmond upon Thames 003E,1727.26010048389
E01003857,Richmond upon Thames 003F,1606.55081471801
E01003858,Richmond upon Thames 003G,1809.91848909855
E01003859,Richmond upon Thames 005E,1625.01513242722
E01003860,Richmond upon Thames 002E,1777.3005387534
E01003861,Richmond upon Thames 004C,1917.99486142397
E01003862,Richmond upon Thames 004D,1807.71276333928
E01003863,Richmond upon Thames 004E,1648.7401009798
E01003864,Richmond upon Thames 002F,1446.49207544027
E01003865,Richmond upon Thames 004F,1369.69961546361
E01003866,Richmond upon Thames 007A,1604.52736499906
E01003867,Richmond upon Thames 011A,1829.01620784029
E01003868,Richmond upon Thames 007B,1389.77791178226
E01003869,Richmond upon Thames 011B,1911.33696781099
E01003870,Richmond upon Thames 011C,1933.94989435282
E01003871,Richmond upon Thames 007C,1677.08432311006
E01003872,Richmond upon Thames 007D,1615.41612556798
E01003873,Richmond upon Thames 006A,1749.63785088062
E01003874,Richmond upon Thames 006B,1562.22151815891
E01003875,Richmond upon Thames 006C,1735.60379869991
E01003876,Richmond upon Thames 008B,1776.02405054215
E01003877,Richmond upon Thames 008C,1716.84096759558
E01003878,Richmond upon Thames 006D,1338.34410736344
E01003879,Richmond upon Thames 008D,1716.73020640016
E01003880,Richmond upon Thames 016A,1764.28415263258
E01003881,Richmond upon Thames 016B,1529.34200394154
E01003882,Richmond upon Thames 014A,1883.40231072903
E01003883,Richmond upon Thames 014B,1971.52724091709
E01003884,Richmond upon Thames 016C,1911.03795483708
E01003885,Richmond upon Thames 016D,1644.51233344013
E01003886,Richmond upon Thames 021A,1656.28968656063
E01003887,Richmond upon Thames 021B,1808.16142874956
E01003888,Richmond upon Thames 021C,2080.54065156738
E01003889,Richmond upon Thames 021D,1780.96928172703
E01003890,Richmond upon Thames 018C,1607.1999655962
E01003891,Richmond upon Thames 018D,1844.60208235262
E01003892,Richmond upon Thames 009A,2213.677725795
E01003893,Richmond upon Thames 009B,1529.15905452147
E01003894,Richmond upon Thames 009C,1589.93811058998
E01003895,Richmond upon Thames 009D,1908.97256719228
E01003896,Richmond upon Thames 014C,1469.9332885021
E01003897,Richmond upon Thames 014D,1991.16941186786
E01003898,Richmond upon Thames 015A,1812.86479862034
E01003899,Richmond upon Thames 015B,1345.61905032396
E01003900,Richmond upon Thames 015C,1831.69805240638
E01003901,Richmond upon Thames 015D,1747.0599508211
E01003902,Richmond upon Thames 015E,1365.66905583814
E01003903,Richmond upon Thames 015F,1705.30195137377
E01003904,Richmond upon Thames 015G,1604.39214450121
E01003905,Richmond upon Thames 010A,1442.93788972311
E01003906,Richmond upon Thames 010B,1588.07737204432
E01003907,Richmond upon Thames 010C,1595.9529298842
E01003908,Richmond upon Thames 010D,2017.71108520031
E01003909,Richmond upon Thames 010E,1588.52836045623
E01003910,Richmond upon Thames 011D,1643.57927985489
E01003911,Southwark 020A,2000.80839163065
E01003912,Southwark 019A,1993.39764928818
E01003913,Southwark 024A,2337.86963236332
E01003914,Southwark 024B,1976.0305672884
E01003915,Southwark 024C,1370.9208612442
E01003916,Southwark 020B,2205.38404136896
E01003917,Southwark 020C,2091.38473546505
E01003918,Southwark 020D,1733.54640197754
E01003919,Southwark 021A,1954.21923947334
E01003920,Southwark 021B,2152.97408008575
E01003921,Southwark 021C,1955.38651108742
E01003922,Southwark 021D,2164.84094083309
E01003923,Southwark 017A,1722.11418735981
E01003924,Southwark 021E,1321.79342901707
E01003925,Southwark 020E,1553.50421136618
E01003926,Southwark 021F,1634.3354741931
E01003927,Southwark 002A,2390.06337893009
E01003929,Southwark 002B,2082.03265567247
E01003930,Southwark 034A,2165.45731556416
E01003932,Southwark 034B,1771.63570266962
E01003933,Southwark 034C,2678.04556074739
E01003934,Southwark 002C,1731.68431190425
E01003935,Southwark 002D,1256.26474496629
E01003936,Southwark 009A,1850.24107539654
E01003937,Southwark 009B,1374.12191855907
E01003938,Southwark 006A,1351.53161418438
E01003939,Southwark 002E,2135.88283652067
E01003940,Southwark 006B,1630.36801099777
E01003941,Southwark 006C,1949.1193806529
E01003942,Southwark 006D,1940.12924772501
E01003943,Southwark 009C,1375.34398055077
E01003945,Southwark 033A,1870.64991504609
E01003946,Southwark 033B,2235.03735483438
E01003947,Southwark 033C,1312.39167679101
E01003948,Southwark 033D,1684.21726245433
E01003949,Southwark 032A,1934.45370846987
E01003950,Southwark 032B,1874.90655760156
E01003951,Southwark 033E,1588.15997492816
E01003952,Southwark 030A,1617.16408127546
E01003953,Southwark 028A,2079.2051666081
E01003954,Southwark 030B,1526.81013870239
E01003955,Southwark 028B,1907.51493060589
E01003956,Southwark 030C,1636.64832317829
E01003957,Southwark 032C,1910.24835324287
E01003958,Southwark 032D,1853.04750883579
E01003960,Southwark 012A,1983.45038187504
E01003961,Southwark 012B,2388.29064440727
E01003963,Southwark 016A,1440.47682380676
E01003964,Southwark 015A,3739.45558562763
E01003966,Southwark 015B,2124.28392523527
E01003967,Southwark 016B,900.49740973115
E01003968,Southwark 015C,956.6144143641
E01003969,Southwark 017B,2819.57991891354
E01003970,Southwark 016C,1873.56469143648
E01003971,Southwark 015D,1457.1296133399
E01003972,Southwark 016D,1664.41473066807
E01003973,Southwark 016E,1453.04849264026
E01003974,Southwark 015E,1278.0873196125
E01003975,Southwark 004A,1917.941670537
E01003976,Southwark 003A,2399.91460454464
E01003977,Southwark 010A,2054.52964711189
E01003978,Southwark 004B,2566.95860922337
E01003979,Southwark 006E,2481.18188399076
E01003980,Southwark 013A,1402.82191076875
E01003981,Southwark 006F,2026.61301401258
E01003983,Southwark 018A,1836.86864578724
E01003984,Southwark 023A,2362.37351414561
E01003986,Southwark 011A,1966.35546393692
E01003987,Southwark 011B,1510.05548065901
E01003988,Southwark 018B,2613.56516785361
E01003989,Southwark 018C,2433.89754143357
E01003990,Southwark 018D,2053.35520738363
E01003991,Southwark 017C,1595.12374901772
E01003992,Southwark 014A,1481.00363266468
E01003993,Southwark 017D,1560.90275007486
E01003994,Southwark 012E,1770.27086773515
E01003995,Southwark 014B,1257.86153841019
E01003997,Southwark 017E,1203.64365631342
E01003998,Southwark 014D,1380.24049651623
E01003999,Southwark 014E,1567.87758880854
E01004000,Southwark 026A,1785.99686977267
E01004001,Southwark 026B,1758.74787312074
E01004002,Southwark 029A,1709.01289845191
E01004003,Southwark 023B,1638.5667168498
E01004004,Southwark 023C,2739.91999590397
E01004005,Southwark 023D,2033.34516298771
E01004006,Southwark 023E,2064.83477157354
E01004007,Southwark 018E,1440.07858800888
E01004008,Southwark 022B,1915.67123347521
E01004010,Southwark 022D,1561.66902863979
E01004011,Southwark 019B,2118.83099615574
E01004012,Southwark 019C,2343.49181440473
E01004013,Southwark 019D,1669.9216376543
E01004014,Southwark 019E,1657.05670678616
E01004015,Southwark 028C,1938.65733549248
E01004016,Southwark 029B,2654.25202939761
E01004017,Southwark 029C,1719.09675921129
E01004018,Southwark 032E,1858.25206269929
E01004019,Southwark 026C,2106.17021934688
E01004020,Southwark 029D,1403.52756670071
E01004021,Southwark 028D,2035.31030578911
E01004022,Southwark 004C,3477.54077935964
E01004023,Southwark 004D,1921.1612983346
E01004024,Southwark 011C,1601.91716656089
E01004027,Southwark 003E,2554.20339742538
E01004028,Southwark 004E,2145.65161961317
E01004029,Southwark 001A,1455.69337466359
E01004030,Southwark 007A,1501.78816591948
E01004031,Southwark 007B,2876.885277831
E01004032,Southwark 001B,1513.39024999272
E01004033,Southwark 007C,2281.02080743015
E01004034,Southwark 007D,1380.09099687636
E01004035,Southwark 011D,1732.6272854954
E01004036,Southwark 007E,1894.42108130455
E01004037,Southwark 010B,2263.58386716247
E01004038,Southwark 010C,2247.63160544634
E01004039,Southwark 013B,1556.27108389139
E01004040,Southwark 013C,2040.06550994515
E01004041,Southwark 013D,1494.31878489256
E01004042,Southwark 010D,1844.98368859291
E01004043,Southwark 010E,1529.67838692665
E01004044,Southwark 013E,1212.68250983953
E01004045,Southwark 027A,1031.81364160776
E01004046,Southwark 028E,1979.8269340992
E01004047,Southwark 027B,1190.46763190627
E01004048,Southwark 027C,2027.02414290607
E01004049,Southwark 027D,1407.40849110484
E01004050,Southwark 024D,1641.49130177498
E01004051,Southwark 027E,1216.39543506503
E01004052,Southwark 024E,1988.62348169088
E01004053,Southwark 001C,1618.91700296849
E01004054,Southwark 001D,1360.18646224961
E01004055,Southwark 001E,1477.15271624923
E01004056,Southwark 008A,2468.50743572414
E01004057,Southwark 008B,2344.36603890359
E01004058,Southwark 008C,2050.68383681774
E01004059,Southwark 008D,1957.15894693664
E01004060,Southwark 008E,1443.27156788111
E01004061,Southwark 025A,1706.51920580864
E01004062,Southwark 025B,1912.86331799626
E01004063,Southwark 025C,2038.22057959437
E01004064,Southwark 026D,1902.18517538905
E01004065,Southwark 025D,1395.0737196207
E01004066,Southwark 025E,2119.70342123508
E01004067,Southwark 022E,2382.84866660833
E01004068,Southwark 026E,2061.80183643103
E01004069,Southwark 031A,1406.95421780369
E01004070,Southwark 031B,1851.10886383057
E01004071,Southwark 030D,1520.80982632935
E01004072,Southwark 030E,1664.99094180763
E01004073,Southwark 031C,1735.26784266531
E01004074,Southwark 031D,1875.24791226536
E01004075,Southwark 031E,1720.59442856372
E01004076,Sutton 011A,2662.45118723058
E01004077,Sutton 011B,1755.74256663024
E01004078,Sutton 011C,1330.83007136639
E01004079,Sutton 011D,1687.88034473732
E01004080,Sutton 011E,1455.52984438837
E01004081,Sutton 011F,1147.88096298277
E01004082,Sutton 011G,1390.06441149116
E01004083,Sutton 019A,1301.2048873048
E01004084,Sutton 024A,1356.92164696753
E01004085,Sutton 024B,1825.59419193709
E01004086,Sutton 019B,2640.59999745339
E01004087,Sutton 017A,1939.44744244218
E01004088,Sutton 019C,1323.54148458114
E01004089,Sutton 019D,1451.52446779236
E01004090,Sutton 021A,1058.99032798409
E01004091,Sutton 022A,1227.11625299975
E01004092,Sutton 022B,1895.60047813505
E01004093,Sutton 025A,1944.95566936582
E01004094,Sutton 025B,1526.78361672163
E01004095,Sutton 025C,1473.58896496892
E01004096,Sutton 021B,1624.84062533081
E01004097,Sutton 015A,1910.88510635495
E01004098,Sutton 015B,1200.57777011395
E01004099,Sutton 015C,1672.28511016816
E01004100,Sutton 015D,1688.92796093225
E01004101,Sutton 013A,1548.99461233616
E01004102,Sutton 015E,1608.50115943636
E01004103,Sutton 013B,1665.79824501276
E01004104,Sutton 020A,1485.58793336153
E01004105,Sutton 022C,1957.8346792385
E01004106,Sutton 022D,1687.6528443016
E01004107,Sutton 020B,1460.72086203098
E01004108,Sutton 024C,2187.45897306057
E01004109,Sutton 024D,1702.56993618944
E01004110,Sutton 016A,1780.7698905319
E01004111,Sutton 016B,1757.05658576242
E01004112,Sutton 016C,1658.73126165941
E01004114,Sutton 025D,1799.17623879756
E01004115,Sutton 009A,1851.36935807765
E01004116,Sutton 008A,1509.23726867139
E01004117,Sutton 006A,1362.24655020237
E01004118,Sutton 009B,1851.9386562109
E01004119,Sutton 009C,1499.75565829873
E01004120,Sutton 016D,1483.57768981904
E01004121,Sutton 006B,1454.52777929604
E01004122,Sutton 008B,1494.5246180892
E01004123,Sutton 002A,2155.36310063116
E01004124,Sutton 002B,2095.43543018401
E01004125,Sutton 001A,1729.95226430893
E01004126,Sutton 002C,1556.05705532432
E01004127,Sutton 005A,1622.6923212409
E01004128,Sutton 002D,1330.26788717508
E01004129,Sutton 002E,2080.99879178405
E01004130,Sutton 003A,1940.82628176361
E01004131,Sutton 003B,1773.66268801689
E01004132,Sutton 009D,1477.56789064407
E01004133,Sutton 009E,1537.90736067295
E01004134,Sutton 003C,1628.39926639199
E01004135,Sutton 003D,1415.39745069295
E01004136,Sutton 003E,1819.97002874315
E01004137,Sutton 012A,2091.44890677929
E01004138,Sutton 013C,1646.56018713117
E01004139,Sutton 013D,1735.19435808063
E01004140,Sutton 012B,1823.68754413724
E01004141,Sutton 012C,1866.128028512
E01004142,Sutton 012D,2864.5340584442
E01004143,Sutton 014A,1657.07675504684
E01004144,Sutton 007A,1801.05998708401
E01004145,Sutton 007B,2261.18147094827
E01004146,Sutton 007C,2115.22604084015
E01004147,Sutton 007D,1709.81402568519
E01004148,Sutton 014B,1869.49023556709
E01004149,Sutton 012E,2045.10096174479
E01004150,Sutton 021C,1999.70599240065
E01004151,Sutton 021D,1571.47196958959
E01004152,Sutton 018A,2025.40510639548
E01004153,Sutton 021E,1651.39527964592
E01004154,Sutton 022E,1809.02510203421
E01004155,Sutton 018B,1898.01415252686
E01004156,Sutton 018C,2123.52716743946
E01004157,Sutton 016E,1315.28598070145
E01004158,Sutton 018D,1563.97631588578
E01004159,Sutton 014C,1748.25994414836
E01004160,Sutton 014D,1786.41396939754
E01004161,Sutton 014E,1577.17344397679
E01004162,Sutton 018E,1848.66844341159
E01004163,Sutton 005B,1829.99333116412
E01004164,Sutton 004A,1637.71725058556
E01004165,Sutton 005C,1473.97531889379
E01004166,Sutton 004B,1708.57529458404
E01004167,Sutton 005D,1546.09235936403
E01004168,Sutton 013E,1689.5944019258
E01004169,Sutton 004C,1488.73147332668
E01004170,Sutton 017B,2153.75437572598
E01004171,Sutton 010A,1733.51902236059
E01004172,Sutton 010B,1983.62994921207
E01004173,Sutton 010C,1613.27308130264
E01004174,Sutton 017C,1607.82977443933
E01004175,Sutton 010D,1741.57424987581
E01004176,Sutton 010E,1483.97380197048
E01004177,Sutton 020C,1827.76778197289
E01004178,Sutton 017D,2127.65220484138
E01004179,Sutton 017E,1800.36524620652
E01004180,Sutton 020D,1920.10442048684
E01004181,Sutton 020E,1529.37116955966
E01004182,Sutton 019E,1551.92778638005
E01004183,Sutton 001B,1604.37656400353
E01004184,Sutton 001C,1865.83543480048
E01004185,Sutton 001D,1591.95148811182
E01004186,Sutton 004D,2191.25341828788
E01004187,Sutton 005E,1977.8307569623
E01004188,Sutton 004E,2760.84601073712
E01004189,Sutton 001E,2173.93606145307
E01004190,Sutton 008C,1587.44606989622
E01004191,Sutton 008D,1630.49194817245
E01004192,Sutton 006C,1863.04895272084
E01004193,Sutton 006D,2731.12397856265
E01004194,Sutton 008E,1679.61103060842
E01004195,Sutton 006E,1675.94461347163
E01004196,Sutton 008F,1805.2261621505
E01004197,Tower Hamlets 002A,2478.81931430101
E01004198,Tower Hamlets 002B,2088.09011632204
E01004199,Tower Hamlets 002C,1687.77862501144
E01004200,Tower Hamlets 005A,1547.37742829323
E01004201,Tower Hamlets 002D,1590.53539067507
E01004202,Tower Hamlets 005B,1471.40403625369
E01004203,Tower Hamlets 005C,1900.661585778
E01004204,Tower Hamlets 005D,1860.78113996983
E01004205,Tower Hamlets 013A,2187.61441957951
E01004206,Tower Hamlets 013B,1590.75306236744
E01004207,Tower Hamlets 011A,1482.03883671761
E01004208,Tower Hamlets 013C,2095.02610999346
E01004209,Tower Hamlets 011B,1449.58471888304
E01004211,Tower Hamlets 013D,1920.46049141884
E01004212,Tower Hamlets 011D,1671.75838661194
E01004214,Tower Hamlets 030A,1587.66912001371
E01004215,Tower Hamlets 028A,5370.72731662344
E01004216,Tower Hamlets 030B,1316.90761150335
E01004217,Tower Hamlets 030C,2725.09460374434
E01004218,Tower Hamlets 030D,1838.10902666673
E01004219,Tower Hamlets 028B,2784.37117275596
E01004221,Tower Hamlets 028D,2107.19757081568
E01004222,Tower Hamlets 001A,2645.69526331127
E01004223,Tower Hamlets 001B,2270.09138401884
E01004224,Tower Hamlets 001C,3297.86418215558
E01004225,Tower Hamlets 004A,2169.22313535213
E01004226,Tower Hamlets 001D,2346.57200169563
E01004228,Tower Hamlets 003A,2057.85629916191
E01004229,Tower Hamlets 004C,1635.99342489243
E01004230,Tower Hamlets 003B,2070.56903395057
E01004231,Tower Hamlets 004D,1465.82993847132
E01004232,Tower Hamlets 003C,1920.35064736009
E01004233,Tower Hamlets 003D,1418.9337445274
E01004234,Tower Hamlets 003E,3878.91033760435
E01004235,Tower Hamlets 008A,1055.13012218475
E01004236,Tower Hamlets 008B,1805.8141617775
E01004237,Tower Hamlets 008C,1133.60438019037
E01004238,Tower Hamlets 008D,5642.23289150372
E01004239,Tower Hamlets 008E,2341.02480751276
E01004240,Tower Hamlets 012A,1361.88302561641
E01004241,Tower Hamlets 012B,1745.8831987381
E01004242,Tower Hamlets 012C,6520.94973957539
E01004243,Tower Hamlets 020A,2059.71364277601
E01004244,Tower Hamlets 020B,1931.27672964334
E01004245,Tower Hamlets 018A,2585.66203646641
E01004246,Tower Hamlets 018B,4305.07100737095
E01004247,Tower Hamlets 020C,2295.29139971733
E01004248,Tower Hamlets 018C,1583.46774154529
E01004249,Tower Hamlets 018D,1962.16399279237
E01004250,Tower Hamlets 020D,2970.63134872913
E01004251,Tower Hamlets 023A,2654.21045809984
E01004252,Tower Hamlets 024A,3552.71774327755
E01004253,Tower Hamlets 024B,2951.93192952871
E01004254,Tower Hamlets 023B,3476.62048757076
E01004255,Tower Hamlets 023C,1578.14045637846
E01004256,Tower Hamlets 024C,1529.3575194031
E01004257,Tower Hamlets 024D,2453.12402889132
E01004258,Tower Hamlets 023D,1287.11141292751
E01004259,Tower Hamlets 007A,1878.35314279795
E01004260,Tower Hamlets 007B,1760.71426290274
E01004261,Tower Hamlets 010A,2027.8583933115
E01004262,Tower Hamlets 010B,2259.34123715758
E01004263,Tower Hamlets 007C,1359.75175720453
E01004264,Tower Hamlets 010C,1485.69669789076
E01004266,Tower Hamlets 007D,1749.90116047859
E01004267,Tower Hamlets 012D,2362.74238621676
E01004268,Tower Hamlets 012E,1620.84097802639
E01004269,Tower Hamlets 014A,2627.33296893165
E01004270,Tower Hamlets 014B,3247.70526297484
E01004271,Tower Hamlets 014C,2437.72198483348
E01004272,Tower Hamlets 014D,2419.35936266184
E01004273,Tower Hamlets 014E,3470.6018306911
E01004274,Tower Hamlets 031A,1871.93123483658
E01004275,Tower Hamlets 031B,2504.11095112562
E01004276,Tower Hamlets 031C,1679.6991908215
E01004277,Tower Hamlets 033A,2268.90721639991
E01004280,Tower Hamlets 032A,1751.36595927179
E01004281,Tower Hamlets 031D,1747.29214279562
E01004283,Tower Hamlets 016A,1759.27884803712
E01004284,Tower Hamlets 019A,3749.03980740905
E01004285,Tower Hamlets 019B,3016.5582651794
E01004286,Tower Hamlets 019C,2787.24917009473
E01004287,Tower Hamlets 016B,2165.48029589653
E01004288,Tower Hamlets 019D,1420.90730232
E01004289,Tower Hamlets 016C,2553.04767775536
E01004290,Tower Hamlets 016D,1665.69738823175
E01004291,Tower Hamlets 027A,1455.26484054327
E01004292,Tower Hamlets 026A,1989.4032265842
E01004293,Tower Hamlets 027B,2461.32366382028
E01004294,Tower Hamlets 026B,2678.85915660858
E01004295,Tower Hamlets 026C,1617.96366786957
E01004296,Tower Hamlets 026D,2046.91900658607
E01004297,Tower Hamlets 027C,1856.49407382862
E01004298,Tower Hamlets 022A,1531.37851732969
E01004300,Tower Hamlets 022B,1382.84339940548
E01004301,Tower Hamlets 025B,1755.36375159025
E01004302,Tower Hamlets 025C,1507.81780946255
E01004303,Tower Hamlets 025D,3178.56807432545
E01004304,Tower Hamlets 022C,1996.13072538376
E01004305,Tower Hamlets 022D,1948.19194543362
E01004306,Tower Hamlets 015A,1836.74753588438
E01004307,Tower Hamlets 015B,1644.73663239181
E01004308,Tower Hamlets 015C,1718.54679369926
E01004309,Tower Hamlets 015D,2781.17556220293
E01004310,Tower Hamlets 015E,1882.55773198605
E01004311,Tower Hamlets 006A,1664.5051047802
E01004312,Tower Hamlets 009A,1322.72042560577
E01004313,Tower Hamlets 009B,1712.6475288868
E01004314,Tower Hamlets 006B,1332.80203396082
E01004315,Tower Hamlets 006C,1978.39402246475
E01004316,Tower Hamlets 009C,686.732418417931
E01004317,Tower Hamlets 009D,3885.34623175859
E01004318,Tower Hamlets 006D,1207.54474163055
E01004319,Tower Hamlets 021A,2685.70126271248
E01004321,Tower Hamlets 021C,2355.64043992758
E01004322,Tower Hamlets 017A,1677.94884046912
E01004323,Tower Hamlets 017B,1644.47029262781
E01004324,Tower Hamlets 017C,1852.67044132948
E01004325,Tower Hamlets 021D,2757.90355837345
E01004326,Tower Hamlets 017D,1068.88850158453
E01004327,Waltham Forest 028A,1112.09735244513
E01004328,Waltham Forest 028B,2053.72990804911
E01004329,Waltham Forest 028C,1630.15854567289
E01004330,Waltham Forest 028D,1864.32574731112
E01004331,Waltham Forest 028E,1610.58775106072
E01004332,Waltham Forest 028F,1660.36886072159
E01004333,Waltham Forest 024A,1674.41845691204
E01004334,Waltham Forest 024B,1690.66473168135
E01004335,Waltham Forest 027A,1676.83178400993
E01004336,Waltham Forest 026A,1611.25456482172
E01004337,Waltham Forest 027B,1662.31599885225
E01004338,Waltham Forest 027C,1791.76595270634
E01004339,Waltham Forest 027D,1796.92580470443
E01004340,Waltham Forest 027E,2223.73314061575
E01004341,Waltham Forest 027F,2061.37039339542
E01004342,Waltham Forest 011A,2290.93360550702
E01004343,Waltham Forest 008A,2108.24458429404
E01004344,Waltham Forest 008B,1930.3551389724
E01004345,Waltham Forest 010A,1225.18067848682
E01004346,Waltham Forest 011B,1741.33267253637
E01004347,Waltham Forest 011C,2313.74343001097
E01004348,Waltham Forest 010B,2745.18621382117
E01004349,Waltham Forest 001A,1526.93462291018
E01004350,Waltham Forest 001B,1745.53891829774
E01004351,Waltham Forest 001C,1736.94150601241
E01004352,Waltham Forest 002A,1910.53030254894
E01004353,Waltham Forest 002B,1899.55538167923
E01004354,Waltham Forest 002C,2015.00627323985
E01004355,Waltham Forest 004A,1489.37049517035
E01004356,Waltham Forest 001D,1645.34347746102
E01004357,Waltham Forest 001E,1754.54686557688
E01004358,Waltham Forest 002D,1754.11270672083
E01004359,Waltham Forest 002E,1690.926900208
E01004360,Waltham Forest 004B,1577.69441577792
E01004361,Waltham Forest 005A,1281.14978117053
E01004362,Waltham Forest 021A,1514.64422326511
E01004363,Waltham Forest 019A,1671.77251214022
E01004364,Waltham Forest 019B,2388.24212031066
E01004365,Waltham Forest 020A,2311.28947597742
E01004366,Waltham Forest 019C,2104.44775357551
E01004367,Waltham Forest 019D,1693.66742438078
E01004368,Waltham Forest 019E,2367.28254821897
E01004369,Waltham Forest 023A,1765.36327844858
E01004370,Waltham Forest 023B,1919.90533262491
E01004371,Waltham Forest 025A,1626.51684331894
E01004372,Waltham Forest 023C,1486.73514783382
E01004373,Waltham Forest 025B,1707.75217485428
E01004374,Waltham Forest 025C,2105.25787052512
E01004375,Waltham Forest 025D,1884.54395782948
E01004376,Waltham Forest 025E,1907.89970684052
E01004377,Waltham Forest 010C,1830.75004264982
E01004378,Waltham Forest 010D,2180.92302438617
E01004379,Waltham Forest 007A,2020.58908602595
E01004380,Waltham Forest 007B,1618.83790878917
E01004381,Waltham Forest 007C,2041.48613253236
E01004382,Waltham Forest 008C,1596.48319664598
E01004383,Waltham Forest 007D,1828.99534072261
E01004384,Waltham Forest 003A,2023.82766128518
E01004385,Waltham Forest 003B,1430.69192015037
E01004386,Waltham Forest 003C,1770.48256452839
E01004387,Waltham Forest 007E,1459.03698047728
E01004388,Waltham Forest 007F,1879.70209119073
E01004389,Waltham Forest 003D,1760.92408900792
E01004390,Waltham Forest 003E,1659.09812771209
E01004391,Waltham Forest 014A,2649.13772708926
E01004392,Waltham Forest 017A,2531.01922765374
E01004393,Waltham Forest 014B,2131.85981723666
E01004394,Waltham Forest 017B,2182.70545065403
E01004395,Waltham Forest 018A,1430.52517774783
E01004396,Waltham Forest 012A,2119.53195023537
E01004397,Waltham Forest 017C,2540.96533542126
E01004398,Waltham Forest 009A,1955.73969184587
E01004399,Waltham Forest 009B,1752.37943714431
E01004400,Waltham Forest 009C,2044.17230755091
E01004401,Waltham Forest 014C,2849.48466185264
E01004402,Waltham Forest 009D,1872.81105554104
E01004403,Waltham Forest 009E,2652.14749034122
E01004404,Waltham Forest 014D,2624.60784983635
E01004405,Waltham Forest 020B,1570.69410157204
E01004406,Waltham Forest 016A,1753.25267773867
E01004407,Waltham Forest 013A,1187.32749277353
E01004408,Waltham Forest 016B,1943.24312216043
E01004409,Waltham Forest 016C,1929.15769031644
E01004410,Waltham Forest 013B,2391.6235817878
E01004411,Waltham Forest 016D,1683.59071657062
E01004412,Waltham Forest 015A,1850.94179546833
E01004413,Waltham Forest 004C,1386.74033351524
E01004414,Waltham Forest 005B,1825.67613024265
E01004415,Waltham Forest 004D,1604.55008922517
E01004416,Waltham Forest 004E,1808.55431805784
E01004417,Waltham Forest 005C,1965.16641136631
E01004418,Waltham Forest 008D,2021.97970468551
E01004419,Waltham Forest 008E,2521.66929799318
E01004420,Waltham Forest 020C,2306.34664797783
E01004421,Waltham Forest 018B,2344.7563906312
E01004422,Waltham Forest 022A,3655.36586452188
E01004423,Waltham Forest 020D,1946.93547725677
E01004424,Waltham Forest 022B,1934.53082872182
E01004425,Waltham Forest 022C,1907.10420101881
E01004426,Waltham Forest 022D,2093.84424318373
E01004427,Waltham Forest 022E,2155.53920080387
E01004428,Waltham Forest 026B,1565.73029962182
E01004429,Waltham Forest 026C,2497.10048791021
E01004430,Waltham Forest 026D,2605.89094630629
E01004432,Waltham Forest 023D,2366.7952824533
E01004434,Waltham Forest 026E,2158.47104138092
E01004435,Waltham Forest 023E,2257.20501738787
E01004436,Waltham Forest 021B,1759.39485099912
E01004437,Waltham Forest 021C,1947.50048816204
E01004438,Waltham Forest 024C,2069.69010325521
E01004439,Waltham Forest 021D,1576.32525035739
E01004440,Waltham Forest 024D,2153.85919263959
E01004441,Waltham Forest 024E,1694.14917437732
E01004442,Waltham Forest 021E,1405.48966026306
E01004443,Waltham Forest 016E,2428.89243400097
E01004444,Waltham Forest 017D,2905.07054534554
E01004445,Waltham Forest 018C,1892.8204869628
E01004446,Waltham Forest 017E,2562.82733029127
E01004447,Waltham Forest 016F,1718.64612805843
E01004448,Waltham Forest 018D,2221.56285401923
E01004449,Waltham Forest 018E,2150.71375787258
E01004450,Waltham Forest 006A,1708.09643430368
E01004451,Waltham Forest 005D,1641.61877627019
E01004452,Waltham Forest 005E,1652.25162011385
E01004453,Waltham Forest 006B,1635.47518441919
E01004454,Waltham Forest 006C,2340.38671553135
E01004455,Waltham Forest 006D,1900.6022981666
E01004456,Waltham Forest 006E,1430.1315106824
E01004457,Waltham Forest 012B,1770.62679231167
E01004458,Waltham Forest 012C,2299.73807388544
E01004459,Waltham Forest 012D,1676.71639281511
E01004460,Waltham Forest 011D,2208.04758125544
E01004461,Waltham Forest 014E,2750.48894898128
E01004462,Waltham Forest 011E,2524.19572293758
E01004463,Waltham Forest 012E,1928.91664290428
E01004464,Waltham Forest 013C,1671.66592627764
E01004465,Waltham Forest 015B,1796.55395558476
E01004466,Waltham Forest 015C,1849.31143385172
E01004467,Waltham Forest 015D,2195.75204825401
E01004468,Waltham Forest 015E,1575.07254644415
E01004469,Waltham Forest 013D,1682.71770414534
E01004470,Waltham Forest 013E,1706.62683802843
E01004471,Waltham Forest 013F,1921.59190297127
E01004472,Wandsworth 021A,1887.55312365294
E01004473,Wandsworth 026A,1619.58758687973
E01004474,Wandsworth 021B,2028.50231650472
E01004475,Wandsworth 026B,1646.49115604162
E01004476,Wandsworth 021C,1689.41327338546
E01004477,Wandsworth 017A,1977.47052533366
E01004478,Wandsworth 017B,1559.58464542031
E01004479,Wandsworth 017C,1423.78434294462
E01004480,Wandsworth 026C,1611.46611523628
E01004481,Wandsworth 029A,1679.40314233303
E01004482,Wandsworth 030A,1743.79721364379
E01004483,Wandsworth 026D,1906.63130221419
E01004484,Wandsworth 026E,1705.21450524847
E01004485,Wandsworth 030B,2009.48495602608
E01004486,Wandsworth 026F,1223.09195079206
E01004487,Wandsworth 030C,1288.05736446381
E01004488,Wandsworth 029B,1407.89062339067
E01004489,Wandsworth 030D,1354.18768298405
E01004490,Wandsworth 031A,1792.10725334287
E01004491,Wandsworth 031B,1909.23698234186
E01004492,Wandsworth 031C,1935.35507093091
E01004493,Wandsworth 019A,1945.48998883367
E01004494,Wandsworth 018A,1664.18201509118
E01004495,Wandsworth 024A,1634.25988395512
E01004496,Wandsworth 024B,1673.17535379529
E01004497,Wandsworth 024C,1579.87620078027
E01004498,Wandsworth 031D,1830.68716490269
E01004499,Wandsworth 020A,1545.37761944532
E01004500,Wandsworth 014A,1674.59639975219
E01004501,Wandsworth 014B,1502.97626492381
E01004502,Wandsworth 020B,1753.22653573751
E01004503,Wandsworth 014C,1660.91354084015
E01004504,Wandsworth 020C,1650.71949768066
E01004505,Wandsworth 014D,1783.51772605069
E01004506,Wandsworth 011A,2440.17698049545
E01004507,Wandsworth 014E,2392.06091594696
E01004508,Wandsworth 012A,2062.69246506691
E01004509,Wandsworth 010A,2758.37453444395
E01004510,Wandsworth 012B,1616.00544089079
E01004511,Wandsworth 010B,1792.9968932569
E01004512,Wandsworth 019B,1552.5328207016
E01004513,Wandsworth 018B,1819.89307415485
E01004514,Wandsworth 012C,2188.87523263693
E01004515,Wandsworth 012D,1578.98866957426
E01004516,Wandsworth 036A,1735.54209302366
E01004517,Wandsworth 037A,1884.05700844526
E01004518,Wandsworth 036B,1969.03702419996
E01004519,Wandsworth 036C,1818.32592833042
E01004520,Wandsworth 036D,1461.03441917896
E01004521,Wandsworth 037B,2227.34334003925
E01004522,Wandsworth 037C,1792.94137406349
E01004523,Wandsworth 036E,1856.58973352239
E01004524,Wandsworth 037D,1564.1569160223
E01004525,Wandsworth 035A,1785.63529187441
E01004526,Wandsworth 035B,1814.22021758556
E01004527,Wandsworth 035C,1485.52754998207
E01004528,Wandsworth 035D,1737.61342942715
E01004529,Wandsworth 035E,2192.75211805105
E01004530,Wandsworth 035F,1695.0141581893
E01004531,Wandsworth 033A,1614.02455568314
E01004532,Wandsworth 032A,1535.17737418413
E01004533,Wandsworth 033B,1639.71762692928
E01004534,Wandsworth 008A,2393.58003719151
E01004535,Wandsworth 007A,1579.96040558815
E01004536,Wandsworth 008B,2454.6674830094
E01004537,Wandsworth 007B,2015.02180111408
E01004538,Wandsworth 007C,2546.25785082579
E01004539,Wandsworth 003A,1834.87377721071
E01004540,Wandsworth 003B,2154.38411319256
E01004541,Wandsworth 007D,1760.90769588947
E01004542,Wandsworth 021D,1504.63382139802
E01004543,Wandsworth 027A,1662.80493102968
E01004544,Wandsworth 021E,1581.79782983661
E01004545,Wandsworth 027B,1880.7612029314
E01004546,Wandsworth 027C,1501.31480789185
E01004547,Wandsworth 029C,1503.50636440516
E01004548,Wandsworth 029D,1932.46591764688
E01004549,Wandsworth 027D,1735.36755055189
E01004550,Wandsworth 017D,1291.76576507092
E01004551,Wandsworth 012E,1814.9522202611
E01004552,Wandsworth 008C,1960.50989085436
E01004553,Wandsworth 015A,1695.96891763061
E01004554,Wandsworth 009A,1745.88348357279
E01004555,Wandsworth 017E,1710.33895611018
E01004556,Wandsworth 009B,1776.9624876976
E01004557,Wandsworth 015B,1751.63371953368
E01004558,Wandsworth 015C,1901.98711763322
E01004559,Wandsworth 015D,1419.60824073665
E01004560,Wandsworth 001A,2569.11134491875
E01004562,Wandsworth 002B,5216.08396777883
E01004563,Wandsworth 002C,2233.38908931613
E01004564,Wandsworth 002D,2066.54198215902
E01004565,Wandsworth 005A,1786.22119277716
E01004566,Wandsworth 001B,1181.69100951776
E01004567,Wandsworth 002E,1764.28843790293
E01004568,Wandsworth 013A,1575.27103246842
E01004569,Wandsworth 023A,2665.85287312977
E01004570,Wandsworth 023B,1258.99467317015
E01004571,Wandsworth 023C,2165.50274159759
E01004572,Wandsworth 016A,1413.68176442
E01004573,Wandsworth 023D,1920.959829965
E01004574,Wandsworth 013B,1970.75484885727
E01004575,Wandsworth 013C,2031.10370859599
E01004576,Wandsworth 013D,1632.5227311952
E01004577,Wandsworth 003C,2315.88795816898
E01004579,Wandsworth 004B,2092.15925097466
E01004580,Wandsworth 004C,1764.89419925213
E01004581,Wandsworth 004D,2078.68883177638
E01004582,Wandsworth 001C,1951.78599185497
E01004583,Wandsworth 001D,1580.11071777344
E01004584,Wandsworth 003D,1428.85684812069
E01004585,Wandsworth 008D,1469.87345953286
E01004586,Wandsworth 009C,1987.20578819513
E01004587,Wandsworth 009D,1533.84751683474
E01004588,Wandsworth 008E,2105.08630764484
E01004589,Wandsworth 009E,1787.46394625306
E01004590,Wandsworth 005B,2096.50349906087
E01004591,Wandsworth 005C,2158.71518814564
E01004592,Wandsworth 005D,1671.97834026814
E01004593,Wandsworth 025A,1890.863302432
E01004594,Wandsworth 020D,1781.39776241779
E01004595,Wandsworth 025B,1926.10056700557
E01004596,Wandsworth 020E,1506.6171592474
E01004597,Wandsworth 025C,1869.13382514566
E01004598,Wandsworth 025D,2320.97151011229
E01004599,Wandsworth 025E,1536.74290567636
E01004600,Wandsworth 018C,2434.19376015663
E01004601,Wandsworth 018D,2782.48182709515
E01004602,Wandsworth 010C,2264.66452917457
E01004604,Wandsworth 006A,2014.58687866839
E01004605,Wandsworth 006B,1275.12784482373
E01004606,Wandsworth 006C,1498.07664993778
E01004607,Wandsworth 006D,2076.62744921446
E01004608,Wandsworth 006E,1486.72467171401
E01004609,Wandsworth 010E,1745.72293566167
E01004610,Wandsworth 033C,2165.37382741342
E01004611,Wandsworth 032B,1712.96345883608
E01004612,Wandsworth 032C,1540.88725268841
E01004613,Wandsworth 033D,1441.58631551266
E01004614,Wandsworth 034A,2097.3324354589
E01004615,Wandsworth 034B,1258.61797742546
E01004616,Wandsworth 034C,1994.09477871656
E01004617,Wandsworth 034D,1922.46538526553
E01004618,Wandsworth 032D,1754.016068995
E01004619,Wandsworth 015E,1614.90993906728
E01004620,Wandsworth 019C,1723.45035755634
E01004621,Wandsworth 019D,2188.21994329989
E01004622,Wandsworth 024D,1605.70564414561
E01004623,Wandsworth 019E,1593.9751105085
E01004624,Wandsworth 024E,2032.36401863117
E01004625,Wandsworth 027E,1319.49125171732
E01004626,Wandsworth 027F,1961.32567877509
E01004627,Wandsworth 019F,1573.35003648698
E01004628,Wandsworth 022A,2118.63654786348
E01004629,Wandsworth 020F,1926.44808572531
E01004630,Wandsworth 022B,1752.64333111048
E01004631,Wandsworth 022C,1887.70644964278
E01004632,Wandsworth 028A,1633.19211953273
E01004633,Wandsworth 022D,1421.45608896017
E01004634,Wandsworth 028B,1533.54839426279
E01004635,Wandsworth 028C,1671.99059435725
E01004636,Wandsworth 028D,1497.84921637923
E01004637,Wandsworth 028E,1144.78845067322
E01004638,Wandsworth 011B,1516.89207333326
E01004639,Wandsworth 011C,1603.84008769691
E01004640,Wandsworth 011D,1555.24558794498
E01004641,Wandsworth 011E,1924.78797590733
E01004642,Wandsworth 016B,2117.06548801064
E01004643,Wandsworth 016C,2364.86978890002
E01004644,Wandsworth 016D,2530.52374188602
E01004645,Wandsworth 016E,2117.24604525417
E01004646,Westminster 002A,2099.71991035342
E01004647,Westminster 001A,1427.00636491179
E01004648,Westminster 002B,2689.50965309143
E01004649,Westminster 001B,1318.22657588124
E01004650,Westminster 002C,2524.7917406559
E01004651,Westminster 003A,1483.81917834282
E01004652,Westminster 017A,1355.58153188229
E01004653,Westminster 014A,2001.77720850706
E01004654,Westminster 014B,2411.13746380806
E01004656,Westminster 014D,2269.05710893869
E01004657,Westminster 012A,1250.43181063235
E01004658,Westminster 012B,1406.65878967941
E01004659,Westminster 008A,1794.39367341995
E01004660,Westminster 008B,1472.35376361012
E01004661,Westminster 012C,1795.6636274159
E01004662,Westminster 012D,1761.15379537642
E01004663,Westminster 012E,1449.8348184824
E01004665,Westminster 024A,1487.98867219687
E01004666,Westminster 023B,952.651121199131
E01004667,Westminster 023C,1328.59861987829
E01004668,Westminster 023D,1312.53332161903
E01004669,Westminster 024B,1709.29694358818
E01004670,Westminster 009A,2331.27109140158
E01004674,Westminster 005A,1788.2298078537
E01004675,Westminster 005B,2180.7097774744
E01004676,Westminster 006A,1454.01642251015
E01004677,Westminster 005C,1463.18048024178
E01004678,Westminster 005D,2227.61197304726
E01004679,Westminster 005E,1670.85343134403
E01004680,Westminster 015A,1218.0659429431
E01004681,Westminster 016A,1822.34395477176
E01004682,Westminster 016B,1457.1473139748
E01004683,Westminster 015B,1475.42703341693
E01004684,Westminster 015C,1381.72077786922
E01004686,Westminster 015E,1440.97165572643
E01004687,Westminster 019A,1348.52198204398
E01004688,Westminster 019B,1601.14030184906
E01004689,Westminster 019C,1393.58385235261
E01004690,Westminster 019D,1121.55375065655
E01004691,Westminster 019E,1178.08801342745
E01004692,Westminster 019F,803.239475470036
E01004693,Westminster 017B,1399.01037687063
E01004694,Westminster 016C,1352.35219763219
E01004695,Westminster 017C,795.678052842617
E01004696,Westminster 017D,1282.56121951342
E01004697,Westminster 016D,1446.42387497425
E01004698,Westminster 017E,1263.38786908984
E01004699,Westminster 017F,2001.92027711868
E01004700,Westminster 016E,1452.00517141819
E01004701,Westminster 007A,1586.37341952324
E01004702,Westminster 009E,2903.22584092617
E01004703,Westminster 007B,2380.83840411901
E01004705,Westminster 007D,991.624630689621
E01004706,Westminster 006B,1714.14394550025
E01004707,Westminster 006C,2083.65454846621
E01004708,Westminster 006D,1362.68185335398
E01004709,Westminster 007E,1607.95613652468
E01004710,Westminster 002D,1588.8250785619
E01004711,Westminster 002E,1294.33037246764
E01004712,Westminster 008C,1073.55825972557
E01004713,Westminster 011A,1353.58906502277
E01004714,Westminster 011B,1850.9663592577
E01004715,Westminster 013A,1709.68423447013
E01004716,Westminster 011C,1164.43370183557
E01004717,Westminster 011D,1207.46851819754
E01004718,Westminster 004A,1903.77941823006
E01004719,Westminster 004B,2066.37195849419
E01004720,Westminster 004C,1921.91055315733
E01004721,Westminster 004D,2021.73895096779
E01004722,Westminster 004E,2577.09701454639
E01004723,Westminster 005F,2179.45791506767
E01004724,Westminster 001C,1709.69497936964
E01004725,Westminster 003B,1982.79596313345
E01004726,Westminster 003C,1966.10646031797
E01004727,Westminster 008D,1946.4709313012
E01004728,Westminster 003D,1428.42597666383
E01004729,Westminster 003E,940.29836666584
E01004730,Westminster 001D,1288.1240126794
E01004731,Westminster 020A,2422.7930688907
E01004732,Westminster 020B,632.119558766484
E01004733,Westminster 020C,2588.48443526724
E01004734,Westminster 018A,1649.98503036797
E01004735,Westminster 018B,1905.35275057121
E01004736,Westminster 018C,1773.59240043453
E01004737,Westminster 024C,1312.5141813457
E01004738,Westminster 024D,1678.8613217026
E01004739,Westminster 024E,597.442624211311
E01004740,Westminster 021A,1219.47907495499
E01004741,Westminster 024F,1131.5852817297
E01004742,Westminster 022A,1223.32397639751
E01004743,Westminster 021B,1343.59930956364
E01004744,Westminster 020D,1935.40703123808
E01004745,Westminster 021C,2234.89007347077
E01004746,Westminster 021D,1022.87097418308
E01004747,Westminster 021E,1849.59162414074
E01004748,Westminster 020E,1267.51355311275
E01004749,Westminster 022B,1757.69552397728
E01004750,Westminster 023E,1884.04796417058
E01004751,Westminster 022C,1840.57058495283
E01004752,Westminster 022D,1214.07027637959
E01004753,Westminster 022E,1754.56838417053
E01004754,Westminster 010A,1782.51855838299
E01004755,Westminster 010B,1881.5514459312
E01004756,Westminster 006E,1666.80270826817
E01004757,Westminster 010C,1289.77645525336
E01004760,Westminster 014E,1729.99439740181
E01004761,Westminster 018D,1344.93357416615
E01004762,Westminster 011E,1431.53724793345
E01004763,Westminster 013B,2339.63093227148
E01004765,Westminster 013D,1369.79034471512
E01032512,Westminster 010F,2395.14929354191
E01032513,Westminster 010G,883.593503117561
E01032562,Bromley 040D,1616.73562368751
E01032563,Bromley 040E,1614.93434241414
E01032564,Lewisham 037E,1168.87805663049
E01032565,Lewisham 038E,1674.5861710012
E01032566,Bexley 029D,1825.42645746507
E01032567,Greenwich 033D,1854.67934199222
E01032568,Bromley 041E,1517.01667892933
E01032569,Croydon 045E,1784.67426467128
E01032570,Bromley 042D,1713.02906220965
E01032572,Ealing 040D,1800.03050500154
E01032573,Hounslow 029E,1647.23176214099
E01032574,Enfield 037E,2491.55397987738
E01032575,Haringey 037D,2115.50563192368
E01032576,Harrow 032E,1582.56126755476
E01032577,Hillingdon 033E,1654.89255787549
E01032579,Lewisham 039E,2142.11533817649
E01032580,Barking and Dagenham 023F,1462.16459217668
E01032581,Redbridge 034G,2008.25014711916
E01032582,Lambeth 036E,2492.57110595517
E01032583,Southwark 034D,1879.6329985857
E01032584,Southwark 034E,1492.7251341939
E01032623,Sutton 025E,2015.89383726567
E01032637,Southwark 003F,1010.88578444719
E01032638,Southwark 003G,998.244436101755
E01032639,Southwark 014F,1997.998285532
E01032640,Southwark 003H,684.210961282253
E01032646,Southwark 003I,1573.85649755597
E01032719,Southwark 014G,869.67333984375
E01032720,Southwark 009F,3306.15430223942
E01032722,Southwark 012F,3976.30621683598
E01032739,City of London 001F,1907.3843139419
E01032740,City of London 001G,1503.46532300208
E01032741,Havering 013E,1655.37189155817
E01032742,Havering 013F,1587.16478659213
E01032743,Ealing 010F,1895.73798531294
E01032744,Ealing 010G,1872.98472464085
E01032764,Tower Hamlets 004E,2710.87786817923
E01032765,Tower Hamlets 004F,1783.1105170846
E01032766,Tower Hamlets 021E,2511.52495574951
E01032767,Tower Hamlets 021F,1769.11231228709
E01032768,Tower Hamlets 025E,1059.99613106251
E01032769,Tower Hamlets 025F,1355.75379233062
E01032770,Tower Hamlets 032B,1467.99937713146
E01032771,Tower Hamlets 033B,2334.93229904663
E01032772,Tower Hamlets 032C,2275.1270455718
E01032773,Tower Hamlets 032D,1840.48343539238
E01032774,Tower Hamlets 032E,1991.73794114817
E01032775,Tower Hamlets 031F,689.474177598953
E01032776,Tower Hamlets 028E,1027.92200332135
E01032777,Tower Hamlets 028F,1001.33143845201
E01032778,Tower Hamlets 028G,3538.34719013795
E01032779,Tower Hamlets 028H,974.56372835394
E01032780,Tower Hamlets 028I,2969.62818291143
E01032781,Tower Hamlets 033C,1452.08406549692
E01032782,Tower Hamlets 033D,1880.74313918874
E01032783,Tower Hamlets 031G,1811.42035926343
E01032784,Tower Hamlets 004G,1796.80432534218
E01032785,Tower Hamlets 010E,1902.2066141963
E01032786,Tower Hamlets 010F,1365.71278810501
E01032787,Tower Hamlets 011F,2283.1950429678
E01032788,Hammersmith and Fulham 023D,1869.54721598327
E01032789,Hammersmith and Fulham 023E,1005.73889380693
E01032790,Hammersmith and Fulham 023F,870.705355631188
E01032803,Southwark 003J,1020.45764070749
E01032805,Southwark 022F,3117.42413783073
E01032834,Southwark 003K,661.510531723499
E01033000,Hounslow 025F,1569.39685952663
E01033030,Hounslow 025G,1585.68147653341
E01033081,Hounslow 003F,1138.70401448011
E01033082,Hounslow 003G,1476.08926439472
E01033083,Hounslow 018F,1351.63486781716
E01033084,Hounslow 018G,1834.09044122696
E01033085,Haringey 020E,1630.74192348123
E01033086,Haringey 020F,1018.45577996969
E01033093,Wandsworth 010F,3042.46469754524
E01033098,Wandsworth 002F,1688.43060589313
E01033099,Wandsworth 004E,1978.16633111238
E01033100,Wandsworth 002G,1753.19576147199
E01033101,Wandsworth 004F,2259.81302963197
E01033132,Wandsworth 002H,1997.16970100999
E01033133,Wandsworth 004G,1260.02183049917
E01033135,Wandsworth 010G,1107.67387717962
E01033146,Enfield 025F,1197.14314261079
E01033148,Enfield 003F,1727.96529876691
E01033150,Enfield 003G,1070.10296160728
E01033151,Enfield 025G,1857.06749743583
E01033153,Waltham Forest 020G,2936.84976947308
E01033207,Lambeth 004F,4504.38750207424
E01033208,Lambeth 004G,1242.94745503366
E01033320,Lewisham 017E,1491.45602035522
E01033322,Lewisham 017F,1171.69461756945
E01033324,Lewisham 008E,1816.97460731864
E01033325,Lewisham 008F,1325.66374260187
E01033327,Lewisham 012F,2916.33112342656
E01033341,Lewisham 012G,1288.22469991446
E01033424,Brent 017F,4917.70782285929
E01033455,Brent 031G,950.010943174362
E01033456,Brent 027F,2581.01052001119
E01033457,Brent 017G,2322.98588955402
E01033463,Brent 003G,3693.48441588134
E01033464,Brent 010F,3482.64006796479
E01033485,Brent 031H,1601.39844426513
E01033486,Islington 011E,954.35207682848
E01033487,Islington 011F,624.941017389297
E01033488,Islington 011G,1915.06418865919
E01033489,Islington 022G,1311.23631137609
E01033490,Islington 022H,1356.62874129415
E01033491,Islington 011H,2686.37899661064
E01033492,Islington 011I,2045.28750547767
E01033493,Islington 006F,963.51341933012
E01033494,Islington 006G,1778.27791696787
E01033568,Kingston upon Thames 004F,2318.68039119616
E01033569,Kingston upon Thames 004G,1610.90089659393
E01033570,Richmond upon Thames 004G,1802.52673942316
E01033571,Richmond upon Thames 004H,1715.07926296443
E01033572,Barnet 030E,5720.69354235195
E01033573,Barnet 030F,2760.6174514275
E01033574,Newham 034F,633.18502491503
E01033575,Newham 034G,1370.98138666933
E01033576,Newham 034H,2763.27677425975
E01033577,Newham 037E,5695.64372056327
E01033578,Newham 013E,3530.47825900838
E01033579,Newham 013F,1748.5356125012
E01033580,Newham 037F,696.832614779472
E01033581,Newham 037G,2462.54515287732
E01033582,Newham 037H,1473.06698333635
E01033583,Newham 013G,14972.6297798753
E01033584,Newham 034I,1824.59054502845
E01033585,Newham 034J,3594.99640351906
E01033586,Newham 013H,2042.36958493642
E01033587,Barking and Dagenham 021E,2276.04586131126
E01033588,Barking and Dagenham 021F,1487.18824511394
E01033589,Redbridge 030H,1168.99843265116
E01033590,Redbridge 019H,1274.88406223059
E01033591,Redbridge 030I,2860.79906016588
E01033592,Redbridge 019I,2029.36014238
E01033593,Westminster 015F,1250.2943020463
E01033594,Westminster 015G,1587.83047512919
E01033595,Westminster 013E,1004.27317477018
E01033596,Westminster 013F,1086.6203192845
E01033597,Westminster 023F,1048.04705372173
E01033598,Westminster 009F,1290.57585430145
E01033599,Westminster 023G,1108.0839355588
E01033600,Westminster 007F,855.139981925488
E01033601,Westminster 009G,1784.52652525902
E01033602,Westminster 009H,1682.22138559818
E01033603,Westminster 009I,807.433784484863
E01033604,Westminster 009J,1381.58771574497
E01033605,Westminster 009K,1565.5107063055
E01033606,Westminster 014F,706.04096019268
E01033607,Westminster 014G,1334.63660520315
E01033608,Westminster 007G,1566.25479626656
E01033698,Hackney 021F,941.448493659496
E01033699,Hackney 021G,1103.99772337079
E01033700,Hackney 021H,2490.22591114044
E01033701,Hackney 002F,3323.29712788091
E01033702,Hackney 028C,1195.80147884041
E01033703,Hackney 010F,1607.66460692883
E01033704,Hackney 023F,2102.24044618756
E01033705,Hackney 028D,1470.09026571177
E01033706,Hackney 027F,1282.16099703312
E01033707,Hackney 021I,1003.41756337881
E01033708,Hackney 027G,2220.51410217583
E01033709,Hackney 027H,2021.88645327091
E01033710,Hackney 028E,729.768702507019
E01033711,Hackney 027I,1504.73495650291
E01033712,Hackney 023G,1836.35349398851
E01033713,Hackney 010G,1898.86225086264
E01033724,Hillingdon 016F,4427.09710687771
E01033725,Hillingdon 015F,4806.88124649937
E01033726,Greenwich 034E,6136.33769058628
E01033727,Greenwich 035B,2894.48417618871
E01033728,Greenwich 035C,1479.20229261369
E01033729,Greenwich 030E,2368.90171610239
E01033730,Greenwich 035D,2184.92424440384
E01033731,Greenwich 004E,2416.80011790991
E01033732,Greenwich 036D,386.162861026824
E01033733,Greenwich 036E,4166.70848530438
E01033734,Greenwich 004F,1482.79818734527
E01033735,Greenwich 004G,1310.0365485549
E01033736,Greenwich 004H,1943.85457260607
E01033737,Greenwich 004I,2171.25707012415
E01033738,Greenwich 037D,1855.04104684293
E01033739,Greenwich 002E,1532.23871378021
E01033740,Greenwich 002F,1438.78419596329
E01033741,Greenwich 002G,2744.21029612049
E01033742,Greenwich 007F,1252.49692000821
E01033743,Greenwich 002H,1995.17928464065
E01033744,Greenwich 007G,1918.58884644508
E01033745,Greenwich 002I,2033.19540918246
E01033746,Greenwich 038E,1745.60644239187
