id,Neighborhood_name,LSOA11CD,LSOA11NM,centroid_distance_m
1,City of London,E01000001,City of London 001A,0.011366385737108799
2,City of London,E01000002,City of London 001B,0.01129122576587102
3,City of London,E01000003,City of London 001C,0.011402851571007717
4,City of London,E01000005,City of London 001E,0.011690461284987488
5,Barking and Dagenham,E01000006,Barking and Dagenham 016A,0.011664193761870832
6,Barking and Dagenham,E01000007,Barking and Dagenham 015A,0.011686704144939533
7,Barking and Dagenham,E01000008,Barking and Dagenham 015B,0.011954759892403374
8,Barking and Dagenham,E01000009,Barking and Dagenham 016B,0.011459293431204562
9,Barking and Dagenham,E01000010,Barking and Dagenham 015C,0.012083057830321695
10,Barking and Dagenham,E01000011,Barking and Dagenham 016C,0.01141653530538037
11,Barking and Dagenham,E01000012,Barking and Dagenham 015D,0.011542944702460036
12,Barking and Dagenham,E01000013,Barking and Dagenham 013A,0.012089508288638967
13,Barking and Dagenham,E01000014,Barking and Dagenham 013B,0.012147291399769335
14,Barking and Dagenham,E01000015,Barking and Dagenham 009A,0.012051704418691278
15,Barking and Dagenham,E01000016,Barking and Dagenham 009B,0.011952729114313509
16,Barking and Dagenham,E01000017,Barking and Dagenham 009C,0.012008209984166419
17,Barking and Dagenham,E01000018,Barking and Dagenham 009D,0.011911006001724457
18,Barking and Dagenham,E01000019,Barking and Dagenham 023A,0.012898956812720427
19,Barking and Dagenham,E01000020,Barking and Dagenham 023B,0.012333029634758344
20,Barking and Dagenham,E01000021,Barking and Dagenham 008A,0.012452497368606283
21,Barking and Dagenham,E01000022,Barking and Dagenham 008B,0.012879111274328316
22,Barking and Dagenham,E01000023,Barking and Dagenham 008C,0.011792170405638581
23,Barking and Dagenham,E01000024,Barking and Dagenham 008D,0.01272596675528161
24,Barking and Dagenham,E01000025,Barking and Dagenham 008E,0.012835893716565126
25,Barking and Dagenham,E01000027,Barking and Dagenham 001A,0.011949855152061374
26,Barking and Dagenham,E01000028,Barking and Dagenham 001B,0.012208334918362304
27,Barking and Dagenham,E01000029,Barking and Dagenham 001C,0.012507703724506797
28,Barking and Dagenham,E01000030,Barking and Dagenham 001D,0.01268081178277903
29,Barking and Dagenham,E01000031,Barking and Dagenham 002A,0.012154556000502711
30,Barking and Dagenham,E01000032,Barking and Dagenham 002B,0.012078075229721572
31,Barking and Dagenham,E01000033,Barking and Dagenham 006A,0.01176377975221466
32,Barking and Dagenham,E01000034,Barking and Dagenham 003A,0.012783948196434098
33,Barking and Dagenham,E01000035,Barking and Dagenham 010A,0.011774129890026465
34,Barking and Dagenham,E01000036,Barking and Dagenham 010B,0.012777176776744238
35,Barking and Dagenham,E01000037,Barking and Dagenham 003B,0.012526688548810493
36,Barking and Dagenham,E01000038,Barking and Dagenham 003C,0.012775724622878707
37,Barking and Dagenham,E01000039,Barking and Dagenham 003D,0.012071463628526052
38,Barking and Dagenham,E01000040,Barking and Dagenham 019A,0.01214548964831919
39,Barking and Dagenham,E01000041,Barking and Dagenham 017A,0.013273867443332407
40,Barking and Dagenham,E01000042,Barking and Dagenham 017B,0.012441143324103142
41,Barking and Dagenham,E01000043,Barking and Dagenham 019B,0.012247801349168117
42,Barking and Dagenham,E01000044,Barking and Dagenham 016D,0.011976334967035615
43,Barking and Dagenham,E01000045,Barking and Dagenham 017C,0.013028086170466907
44,Barking and Dagenham,E01000046,Barking and Dagenham 017D,0.01357689666209211
45,Barking and Dagenham,E01000048,Barking and Dagenham 021B,0.012508121546049812
46,Barking and Dagenham,E01000049,Barking and Dagenham 021C,0.01262615117802942
47,Barking and Dagenham,E01000050,Barking and Dagenham 019C,0.012138178029310576
48,Barking and Dagenham,E01000051,Barking and Dagenham 021D,0.012168561135975673
49,Barking and Dagenham,E01000052,Barking and Dagenham 019D,0.012190566199850783
50,Barking and Dagenham,E01000053,Barking and Dagenham 020A,0.011574140215047019
51,Barking and Dagenham,E01000054,Barking and Dagenham 018A,0.011873397796452143
52,Barking and Dagenham,E01000055,Barking and Dagenham 018B,0.01237013924784631
53,Barking and Dagenham,E01000056,Barking and Dagenham 018C,0.01171683103617257
54,Barking and Dagenham,E01000057,Barking and Dagenham 012A,0.012298298220159917
55,Barking and Dagenham,E01000058,Barking and Dagenham 018D,0.01191696639813353
56,Barking and Dagenham,E01000059,Barking and Dagenham 013C,0.011651502882510328
57,Barking and Dagenham,E01000060,Barking and Dagenham 006B,0.011979102908154236
58,Barking and Dagenham,E01000061,Barking and Dagenham 006C,0.012121432128765423
59,Barking and Dagenham,E01000062,Barking and Dagenham 006D,0.012088176883158303
60,Barking and Dagenham,E01000063,Barking and Dagenham 004A,0.012228009039793835
61,Barking and Dagenham,E01000064,Barking and Dagenham 006E,0.01208453369718988
62,Barking and Dagenham,E01000065,Barking and Dagenham 007A,0.011898886564304309
63,Barking and Dagenham,E01000066,Barking and Dagenham 011A,0.011905855580658957
64,Barking and Dagenham,E01000067,Barking and Dagenham 011B,0.011909454319050619
65,Barking and Dagenham,E01000068,Barking and Dagenham 016E,0.011468075335608407
66,Barking and Dagenham,E01000069,Barking and Dagenham 011C,0.011823601088597991
67,Barking and Dagenham,E01000070,Barking and Dagenham 011D,0.011542585262544484
68,Barking and Dagenham,E01000071,Barking and Dagenham 011E,0.011996790141487475
69,Barking and Dagenham,E01000072,Barking and Dagenham 017E,0.01252190754776825
70,Barking and Dagenham,E01000073,Barking and Dagenham 012B,0.012629223268375815
71,Barking and Dagenham,E01000074,Barking and Dagenham 012C,0.013166138973180875
72,Barking and Dagenham,E01000075,Barking and Dagenham 012D,0.012167543649409857
73,Barking and Dagenham,E01000076,Barking and Dagenham 012E,0.013476323538829564
74,Barking and Dagenham,E01000077,Barking and Dagenham 008F,0.011909442112379192
75,Barking and Dagenham,E01000078,Barking and Dagenham 007B,0.011596546304487105
76,Barking and Dagenham,E01000079,Barking and Dagenham 009E,0.011623947642590027
77,Barking and Dagenham,E01000080,Barking and Dagenham 007C,0.011639056487564978
78,Barking and Dagenham,E01000081,Barking and Dagenham 007D,0.011659225168867209
79,Barking and Dagenham,E01000082,Barking and Dagenham 007E,0.01186725410399204
80,Barking and Dagenham,E01000083,Barking and Dagenham 007F,0.011864477231617992
81,Barking and Dagenham,E01000084,Barking and Dagenham 013D,0.012063174443499115
82,Barking and Dagenham,E01000085,Barking and Dagenham 013E,0.011710949511754977
83,Barking and Dagenham,E01000086,Barking and Dagenham 013F,0.01162570488865843
84,Barking and Dagenham,E01000087,Barking and Dagenham 020B,0.011506767172866335
85,Barking and Dagenham,E01000088,Barking and Dagenham 020C,0.011627096131909691
86,Barking and Dagenham,E01000089,Barking and Dagenham 020D,0.011793799048701674
87,Barking and Dagenham,E01000090,Barking and Dagenham 020E,0.011104338812054216
88,Barking and Dagenham,E01000091,Barking and Dagenham 022A,0.01233446441633429
89,Barking and Dagenham,E01000092,Barking and Dagenham 019E,0.012195505869915028
90,Barking and Dagenham,E01000093,Barking and Dagenham 022B,0.012394757631038634
91,Barking and Dagenham,E01000094,Barking and Dagenham 022C,0.01236246398361403
92,Barking and Dagenham,E01000095,Barking and Dagenham 018E,0.012146441928462405
93,Barking and Dagenham,E01000096,Barking and Dagenham 022D,0.012979764418935912
94,Barking and Dagenham,E01000097,Barking and Dagenham 023C,0.012172282007410886
95,Barking and Dagenham,E01000098,Barking and Dagenham 023D,0.012264608705709883
96,Barking and Dagenham,E01000099,Barking and Dagenham 023E,0.012252618157418028
97,Barking and Dagenham,E01000100,Barking and Dagenham 004B,0.012339741065835042
98,Barking and Dagenham,E01000101,Barking and Dagenham 004C,0.01226908529627394
99,Barking and Dagenham,E01000102,Barking and Dagenham 007G,0.012111525565959989
100,Barking and Dagenham,E01000103,Barking and Dagenham 014A,0.012069315115578134
101,Barking and Dagenham,E01000104,Barking and Dagenham 014B,0.011972395662602634
102,Barking and Dagenham,E01000105,Barking and Dagenham 014C,0.011968249549258028
103,Barking and Dagenham,E01000106,Barking and Dagenham 014D,0.011885704071515303
104,Barking and Dagenham,E01000107,Barking and Dagenham 010C,0.012062143091246157
105,Barking and Dagenham,E01000108,Barking and Dagenham 010D,0.01193630159414002
106,Barking and Dagenham,E01000109,Barking and Dagenham 004D,0.012256274886945986
107,Barking and Dagenham,E01000110,Barking and Dagenham 002C,0.012603887471832113
108,Barking and Dagenham,E01000111,Barking and Dagenham 002D,0.012371381690909709
109,Barking and Dagenham,E01000112,Barking and Dagenham 002E,0.012452391959398668
110,Barking and Dagenham,E01000113,Barking and Dagenham 002F,0.012212933251286662
111,Barking and Dagenham,E01000114,Barking and Dagenham 004E,0.012300915667003174
112,Barnet,E01000115,Barnet 009A,0.011812217492999582
113,Barnet,E01000116,Barnet 009B,0.011527885734161934
114,Barnet,E01000117,Barnet 010A,0.011752764882355753
115,Barnet,E01000118,Barnet 010B,0.011570764555422256
116,Barnet,E01000119,Barnet 009C,0.011848581811726655
117,Barnet,E01000120,Barnet 009D,0.01208578519688346
118,Barnet,E01000121,Barnet 010C,0.012121786760777319
119,Barnet,E01000122,Barnet 009E,0.012635516966069085
120,Barnet,E01000123,Barnet 010D,0.012442079188156653
121,Barnet,E01000124,Barnet 010E,0.011631823816264396
122,Barnet,E01000125,Barnet 024A,0.012276923490063384
123,Barnet,E01000126,Barnet 026A,0.011264619517521713
124,Barnet,E01000127,Barnet 024B,0.011469538824506175
125,Barnet,E01000128,Barnet 024C,0.011589198579331873
126,Barnet,E01000129,Barnet 024D,0.011607686072116359
127,Barnet,E01000130,Barnet 021A,0.011153038432443564
128,Barnet,E01000131,Barnet 024E,0.01112492586983427
129,Barnet,E01000132,Barnet 021B,0.01093305856408847
130,Barnet,E01000133,Barnet 021C,0.0103710251330389
131,Barnet,E01000134,Barnet 024F,0.011338525532739181
132,Barnet,E01000135,Barnet 038A,0.011455270422924407
133,Barnet,E01000136,Barnet 038B,0.011939163950757037
134,Barnet,E01000137,Barnet 041A,0.011562343810690186
135,Barnet,E01000138,Barnet 040A,0.011406807757995938
136,Barnet,E01000139,Barnet 041B,0.012497947877244937
137,Barnet,E01000140,Barnet 041C,0.012241081132179069
138,Barnet,E01000141,Barnet 039A,0.012174109573809303
139,Barnet,E01000142,Barnet 040B,0.012239487252751181
140,Barnet,E01000143,Barnet 041D,0.01253693348825765
141,Barnet,E01000144,Barnet 038C,0.012170973340478168
142,Barnet,E01000145,Barnet 037A,0.011289372055886425
143,Barnet,E01000146,Barnet 038D,0.011964415762263102
144,Barnet,E01000147,Barnet 030A,0.011798463477658457
145,Barnet,E01000148,Barnet 030B,0.012119428725027933
146,Barnet,E01000150,Barnet 036A,0.01336654145841297
147,Barnet,E01000151,Barnet 026B,0.01195274429793331
148,Barnet,E01000152,Barnet 026C,0.011995187940035493
149,Barnet,E01000153,Barnet 026D,0.011423639941843434
150,Barnet,E01000154,Barnet 026E,0.011335347389526233
151,Barnet,E01000155,Barnet 030D,0.01171501786804465
152,Barnet,E01000156,Barnet 022A,0.012827004573123628
153,Barnet,E01000157,Barnet 022B,0.012442681714047058
154,Barnet,E01000158,Barnet 015A,0.01161018319251361
155,Barnet,E01000159,Barnet 015B,0.012087480422220446
156,Barnet,E01000160,Barnet 015C,0.011275709720537814
157,Barnet,E01000161,Barnet 015D,0.011834167158414859
158,Barnet,E01000162,Barnet 015E,0.012912006275148918
159,Barnet,E01000163,Barnet 022C,0.011936631948380665
160,Barnet,E01000164,Barnet 022D,0.012801120302790367
161,Barnet,E01000165,Barnet 022E,0.012265032948253566
162,Barnet,E01000166,Barnet 003A,0.01170294343057023
163,Barnet,E01000167,Barnet 002A,0.012109289525353346
164,Barnet,E01000168,Barnet 003B,0.011015624303087187
165,Barnet,E01000169,Barnet 003C,0.011742923406313804
166,Barnet,E01000170,Barnet 006A,0.011825488075757852
167,Barnet,E01000171,Barnet 006B,0.012107648629097575
168,Barnet,E01000172,Barnet 003D,0.011384837876776683
169,Barnet,E01000173,Barnet 006C,0.01160086124777272
170,Barnet,E01000174,Barnet 006D,0.0123194054861071
171,Barnet,E01000175,Barnet 006E,0.011833988708201376
172,Barnet,E01000176,Barnet 027A,0.01276652821358049
173,Barnet,E01000177,Barnet 029A,0.012259393069094578
174,Barnet,E01000178,Barnet 027B,0.012600419472370289
175,Barnet,E01000179,Barnet 029B,0.012692159844906039
176,Barnet,E01000180,Barnet 029C,0.012595893409770915
177,Barnet,E01000181,Barnet 029D,0.012539103550240275
178,Barnet,E01000182,Barnet 029E,0.012525449837193732
179,Barnet,E01000183,Barnet 033A,0.01325436661631
180,Barnet,E01000184,Barnet 027C,0.012857821455527276
181,Barnet,E01000185,Barnet 029F,0.011816190432515535
182,Barnet,E01000186,Barnet 014A,0.011638758043871426
183,Barnet,E01000187,Barnet 014B,0.011456079810591538
184,Barnet,E01000188,Barnet 014C,0.01201553756581218
185,Barnet,E01000189,Barnet 014D,0.012378491745610481
186,Barnet,E01000190,Barnet 014E,0.012699352793421739
187,Barnet,E01000191,Barnet 014F,0.012168633978094739
188,Barnet,E01000192,Barnet 018A,0.013038069392610804
189,Barnet,E01000193,Barnet 018B,0.013505166968563851
190,Barnet,E01000194,Barnet 018C,0.012415061675472874
191,Barnet,E01000195,Barnet 013A,0.01340878280130873
192,Barnet,E01000196,Barnet 028A,0.0124921898126122
193,Barnet,E01000197,Barnet 023A,0.01255098256186589
194,Barnet,E01000198,Barnet 025A,0.012462717430972785
195,Barnet,E01000199,Barnet 025B,0.011754135738782423
196,Barnet,E01000200,Barnet 028B,0.012624752691622729
197,Barnet,E01000201,Barnet 028C,0.012721994853340435
198,Barnet,E01000202,Barnet 028D,0.013211408456817826
199,Barnet,E01000203,Barnet 028E,0.012724914538720326
200,Barnet,E01000204,Barnet 025C,0.012143580649219107
201,Barnet,E01000205,Barnet 035A,0.012197995236845593
202,Barnet,E01000206,Barnet 033B,0.011680198693300748
203,Barnet,E01000207,Barnet 033C,0.012465706183608049
204,Barnet,E01000208,Barnet 033D,0.012559317875164993
205,Barnet,E01000209,Barnet 035B,0.012755065111349554
206,Barnet,E01000210,Barnet 033E,0.012919300471036038
207,Barnet,E01000211,Barnet 035C,0.013119015427253156
208,Barnet,E01000212,Barnet 035D,0.012453872375070616
209,Barnet,E01000213,Barnet 033F,0.012365666855732236
210,Barnet,E01000214,Barnet 038E,0.012199521842686148
211,Barnet,E01000215,Barnet 037B,0.01138854282124406
212,Barnet,E01000216,Barnet 035E,0.01251449590931965
213,Barnet,E01000217,Barnet 035F,0.012585824212467293
214,Barnet,E01000218,Barnet 037C,0.011454256068283472
215,Barnet,E01000219,Barnet 037D,0.011154009543719754
216,Barnet,E01000220,Barnet 037E,0.01098108948048328
217,Barnet,E01000221,Barnet 039B,0.011480374583900808
218,Barnet,E01000222,Barnet 040C,0.011069118660380246
219,Barnet,E01000223,Barnet 039C,0.012395991410872269
220,Barnet,E01000224,Barnet 040D,0.012455586581947922
221,Barnet,E01000225,Barnet 037F,0.01238766253702248
222,Barnet,E01000226,Barnet 018D,0.011775111077648528
223,Barnet,E01000227,Barnet 018E,0.01467773660351381
224,Barnet,E01000228,Barnet 007A,0.014979555583562953
225,Barnet,E01000229,Barnet 013B,0.01582521574328827
226,Barnet,E01000230,Barnet 013C,0.015488582418149278
227,Barnet,E01000231,Barnet 013D,0.014442748402493431
228,Barnet,E01000232,Barnet 013E,0.01578384116194997
229,Barnet,E01000233,Barnet 013F,0.015223704429328872
230,Barnet,E01000234,Barnet 021D,0.012298762621577024
231,Barnet,E01000235,Barnet 021E,0.011910567044489135
232,Barnet,E01000236,Barnet 034A,0.011977793077350547
233,Barnet,E01000237,Barnet 032A,0.011392558724132262
234,Barnet,E01000238,Barnet 034B,0.011829977837344956
235,Barnet,E01000239,Barnet 031A,0.012544691679949956
236,Barnet,E01000240,Barnet 031B,0.011899562689560888
237,Barnet,E01000241,Barnet 031C,0.012270696048271258
238,Barnet,E01000242,Barnet 032B,0.012667806250448601
239,Barnet,E01000243,Barnet 032C,0.011694874326323408
240,Barnet,E01000244,Barnet 032D,0.011372962394526268
241,Barnet,E01000245,Barnet 032E,0.01214511023174943
242,Barnet,E01000246,Barnet 002B,0.012025509221230964
243,Barnet,E01000247,Barnet 002C,0.01256112613501898
244,Barnet,E01000248,Barnet 001A,0.011484117206738016
245,Barnet,E01000249,Barnet 001B,0.011351277422341918
246,Barnet,E01000250,Barnet 001C,0.011737845695898912
247,Barnet,E01000251,Barnet 002D,0.012075932669482033
248,Barnet,E01000252,Barnet 002E,0.011975650620473339
249,Barnet,E01000253,Barnet 007B,0.011112989834353644
250,Barnet,E01000254,Barnet 001D,0.011749996168341213
251,Barnet,E01000255,Barnet 017A,0.012670072364012519
252,Barnet,E01000256,Barnet 016A,0.012139853734416206
253,Barnet,E01000257,Barnet 017B,0.011493450413822293
254,Barnet,E01000258,Barnet 016B,0.012228569856426152
255,Barnet,E01000259,Barnet 025D,0.011486647940336832
256,Barnet,E01000260,Barnet 025E,0.011912800496188923
257,Barnet,E01000261,Barnet 017C,0.01373876462445854
258,Barnet,E01000262,Barnet 017D,0.012234769852231158
259,Barnet,E01000263,Barnet 016C,0.011873395730222714
260,Barnet,E01000264,Barnet 016D,0.012523079070898172
261,Barnet,E01000265,Barnet 011A,0.011765826201496063
262,Barnet,E01000266,Barnet 011B,0.011825870859063286
263,Barnet,E01000267,Barnet 005A,0.012453142941705384
264,Barnet,E01000268,Barnet 005B,0.012006073652359363
265,Barnet,E01000269,Barnet 005C,0.012458171916028412
266,Barnet,E01000270,Barnet 005D,0.012414374337397689
267,Barnet,E01000271,Barnet 008A,0.012373894397278413
268,Barnet,E01000272,Barnet 008B,0.012167350053624525
269,Barnet,E01000273,Barnet 008C,0.012224656223950999
270,Barnet,E01000274,Barnet 011C,0.011764094157016479
271,Barnet,E01000275,Barnet 012A,0.011299177571478596
272,Barnet,E01000276,Barnet 020A,0.011369720616031049
273,Barnet,E01000277,Barnet 012B,0.011165779799350673
274,Barnet,E01000278,Barnet 020B,0.011026021052108282
275,Barnet,E01000279,Barnet 007C,0.013837935986993432
276,Barnet,E01000280,Barnet 007D,0.012233419747117264
277,Barnet,E01000281,Barnet 008D,0.011879665533545978
278,Barnet,E01000282,Barnet 008E,0.012120482783892052
279,Barnet,E01000283,Barnet 012C,0.0118248420412552
280,Barnet,E01000284,Barnet 012D,0.011658201370623766
281,Barnet,E01000285,Barnet 004A,0.011331182191333892
282,Barnet,E01000286,Barnet 007E,0.011234442368232095
283,Barnet,E01000287,Barnet 004B,0.011481566846978965
284,Barnet,E01000288,Barnet 004C,0.011935131749656809
285,Barnet,E01000289,Barnet 004D,0.011689197837261592
286,Barnet,E01000290,Barnet 007F,0.011584883384848334
287,Barnet,E01000291,Barnet 004E,0.011590344374915351
288,Barnet,E01000292,Barnet 001E,0.011243572519133372
289,Barnet,E01000293,Barnet 001F,0.011135545210536973
290,Barnet,E01000294,Barnet 004F,0.011490890255725968
291,Barnet,E01000295,Barnet 023B,0.013048466603645321
292,Barnet,E01000296,Barnet 023C,0.012184126492017727
293,Barnet,E01000297,Barnet 027D,0.0124589719833423
294,Barnet,E01000298,Barnet 023D,0.012144835740454682
295,Barnet,E01000299,Barnet 019A,0.011453422941005424
296,Barnet,E01000300,Barnet 019B,0.011303262736693973
297,Barnet,E01000301,Barnet 020C,0.01130820824213402
298,Barnet,E01000302,Barnet 019C,0.011331558017728942
299,Barnet,E01000303,Barnet 020D,0.01145605402466376
300,Barnet,E01000304,Barnet 020E,0.011792256972541776
301,Barnet,E01000305,Barnet 036B,0.012006011667430776
302,Barnet,E01000306,Barnet 036C,0.013025110390845357
303,Barnet,E01000307,Barnet 039D,0.012184466367960075
304,Barnet,E01000308,Barnet 036D,0.012623594645850373
305,Barnet,E01000309,Barnet 031D,0.013208181265595425
306,Barnet,E01000310,Barnet 034C,0.011240843458218549
307,Barnet,E01000311,Barnet 034D,0.011658216889451484
308,Barnet,E01000312,Barnet 036E,0.012381183877503716
309,Barnet,E01000313,Barnet 036F,0.01348611668014101
310,Barnet,E01000314,Barnet 032F,0.01105688863009754
311,Barnet,E01000315,Barnet 022F,0.012651956326685865
312,Barnet,E01000316,Barnet 027E,0.011832146965683956
313,Barnet,E01000317,Barnet 019D,0.011134513360069277
314,Barnet,E01000318,Barnet 019E,0.011470905889871914
315,Barnet,E01000319,Barnet 027F,0.012290350213971842
316,Barnet,E01000320,Barnet 011D,0.011771944812848914
317,Barnet,E01000321,Barnet 012E,0.01153189107499147
318,Barnet,E01000322,Barnet 011E,0.012022678909128651
319,Barnet,E01000323,Barnet 019F,0.011658437524279752
320,Barnet,E01000324,Barnet 015F,0.012486303992785693
321,Bexley,E01000325,Bexley 014A,0.012081082388915795
322,Bexley,E01000326,Bexley 014B,0.011983649770857644
323,Bexley,E01000327,Bexley 017A,0.011729625898427812
324,Bexley,E01000328,Bexley 017B,0.012137788041800128
325,Bexley,E01000329,Bexley 017C,0.011717691502359979
326,Bexley,E01000330,Bexley 017D,0.011755403682310593
327,Bexley,E01000331,Bexley 017E,0.012296502453054923
328,Bexley,E01000332,Bexley 005A,0.012659611405252012
329,Bexley,E01000333,Bexley 003A,0.01203674125813893
330,Bexley,E01000334,Bexley 006A,0.012267856053865977
331,Bexley,E01000335,Bexley 003B,0.012278469749434907
332,Bexley,E01000336,Bexley 003C,0.01275905014832439
333,Bexley,E01000337,Bexley 003D,0.013089809469376964
334,Bexley,E01000338,Bexley 003E,0.01222486695326056
335,Bexley,E01000339,Bexley 025A,0.012036926196072191
336,Bexley,E01000340,Bexley 018A,0.01236301967624652
337,Bexley,E01000341,Bexley 022A,0.011968463436588804
338,Bexley,E01000342,Bexley 022B,0.012099488727847448
339,Bexley,E01000343,Bexley 022C,0.01144957328299484
340,Bexley,E01000344,Bexley 025B,0.011914388792322985
341,Bexley,E01000345,Bexley 022D,0.011888152497754483
342,Bexley,E01000346,Bexley 021A,0.012005482225505756
343,Bexley,E01000347,Bexley 021B,0.011424445018182723
344,Bexley,E01000348,Bexley 020A,0.011983182062688023
345,Bexley,E01000349,Bexley 020B,0.01194538388321055
346,Bexley,E01000350,Bexley 021C,0.011449274243973821
347,Bexley,E01000351,Bexley 024A,0.012221894632487835
348,Bexley,E01000352,Bexley 021D,0.012079527779982252
349,Bexley,E01000353,Bexley 011A,0.011903535864422762
350,Bexley,E01000354,Bexley 011B,0.012776304799248206
351,Bexley,E01000355,Bexley 011C,0.01182699330511973
352,Bexley,E01000356,Bexley 009A,0.012506850139860113
353,Bexley,E01000357,Bexley 009B,0.012248451891914196
354,Bexley,E01000358,Bexley 011D,0.012018096642005514
355,Bexley,E01000359,Bexley 009C,0.012389834199081726
356,Bexley,E01000360,Bexley 015A,0.012026650347549015
357,Bexley,E01000361,Bexley 020C,0.011933801265410809
358,Bexley,E01000362,Bexley 015B,0.011921732573028218
359,Bexley,E01000363,Bexley 020D,0.011844828541630622
360,Bexley,E01000364,Bexley 023A,0.011738836953297443
361,Bexley,E01000365,Bexley 015C,0.011772521000069753
362,Bexley,E01000366,Bexley 015D,0.012269528520828805
363,Bexley,E01000367,Bexley 010A,0.01140581424342472
364,Bexley,E01000368,Bexley 010B,0.011810078338815078
365,Bexley,E01000369,Bexley 014C,0.012123383677602134
366,Bexley,E01000370,Bexley 014D,0.012067729081273895
367,Bexley,E01000371,Bexley 014E,0.012078517133956765
368,Bexley,E01000372,Bexley 010C,0.012217784163007152
369,Bexley,E01000373,Bexley 008A,0.010750614196862346
370,Bexley,E01000374,Bexley 019A,0.011863028857321968
371,Bexley,E01000375,Bexley 019B,0.012564785329718973
372,Bexley,E01000376,Bexley 019C,0.012686623768735996
373,Bexley,E01000377,Bexley 019D,0.012882309288577415
374,Bexley,E01000378,Bexley 019E,0.012048603336547644
375,Bexley,E01000379,Bexley 019F,0.01281959420693588
376,Bexley,E01000380,Bexley 010D,0.011852537394409132
377,Bexley,E01000381,Bexley 028A,0.011685616401580926
378,Bexley,E01000382,Bexley 027A,0.011571790043417012
379,Bexley,E01000383,Bexley 028B,0.011006265358894598
380,Bexley,E01000384,Bexley 027B,0.010963337975868553
381,Bexley,E01000385,Bexley 028C,0.011179800010603473
382,Bexley,E01000386,Bexley 028D,0.010991656188439405
383,Bexley,E01000387,Bexley 027C,0.011770950861349421
384,Bexley,E01000388,Bexley 016A,0.011788459440091536
385,Bexley,E01000389,Bexley 020E,0.011635078033918358
386,Bexley,E01000390,Bexley 020F,0.011981259793385499
387,Bexley,E01000391,Bexley 021E,0.011806256392911904
388,Bexley,E01000392,Bexley 016B,0.011629162856988203
389,Bexley,E01000393,Bexley 020G,0.011577582700931432
390,Bexley,E01000394,Bexley 015E,0.012157531509836221
391,Bexley,E01000395,Bexley 018B,0.012789003263069297
392,Bexley,E01000396,Bexley 018C,0.012821214764844982
393,Bexley,E01000398,Bexley 029A,0.012597701771243539
394,Bexley,E01000399,Bexley 029B,0.012743636926775086
395,Bexley,E01000400,Bexley 029C,0.012553147401167504
396,Bexley,E01000401,Bexley 013A,0.012230268705388283
397,Bexley,E01000402,Bexley 005B,0.012050558675968038
398,Bexley,E01000403,Bexley 004A,0.013665476611571536
399,Bexley,E01000404,Bexley 004B,0.012111667982392825
400,Bexley,E01000405,Bexley 004C,0.013449849933314785
401,Bexley,E01000406,Bexley 005C,0.013379476535490523
402,Bexley,E01000407,Bexley 005D,0.012885499483784552
403,Bexley,E01000408,Bexley 004D,0.012479829064273439
404,Bexley,E01000409,Bexley 016C,0.012241976815139506
405,Bexley,E01000410,Bexley 018D,0.01288463832594557
406,Bexley,E01000411,Bexley 016D,0.012090539608092286
407,Bexley,E01000412,Bexley 018E,0.01271135314600756
408,Bexley,E01000413,Bexley 018F,0.01207974006767742
409,Bexley,E01000414,Bexley 016E,0.012533573179635844
410,Bexley,E01000415,Bexley 016F,0.012634605438195319
411,Bexley,E01000416,Bexley 002A,0.011798656079697194
412,Bexley,E01000417,Bexley 006B,0.012138628412941669
413,Bexley,E01000418,Bexley 002B,0.012166480975167778
414,Bexley,E01000419,Bexley 006C,0.012822635750036938
415,Bexley,E01000420,Bexley 006D,0.012599278048588314
416,Bexley,E01000421,Bexley 009D,0.012695532882511676
417,Bexley,E01000422,Bexley 002C,0.011930492031884699
418,Bexley,E01000423,Bexley 025C,0.01131875957886041
419,Bexley,E01000424,Bexley 026A,0.011381521352058702
420,Bexley,E01000425,Bexley 025D,0.01130427805888378
421,Bexley,E01000426,Bexley 026B,0.010975474360888514
422,Bexley,E01000427,Bexley 026C,0.011634693778608237
423,Bexley,E01000428,Bexley 027D,0.011388612835156008
424,Bexley,E01000429,Bexley 008B,0.01266725624159604
425,Bexley,E01000430,Bexley 008C,0.011434544720167012
426,Bexley,E01000431,Bexley 008D,0.01232409930263294
427,Bexley,E01000432,Bexley 008E,0.013042945987997712
428,Bexley,E01000433,Bexley 008F,0.011543151416548778
429,Bexley,E01000434,Bexley 008G,0.01207986984450836
430,Bexley,E01000435,Bexley 010E,0.012120250927961722
431,Bexley,E01000436,Bexley 011E,0.012187591590903888
432,Bexley,E01000437,Bexley 007A,0.012228577058395185
433,Bexley,E01000438,Bexley 007B,0.012625133848118763
434,Bexley,E01000439,Bexley 007C,0.012647950274805359
435,Bexley,E01000440,Bexley 007D,0.011854970400598987
436,Bexley,E01000441,Bexley 007E,0.012057665788987806
437,Bexley,E01000442,Bexley 006E,0.01207804560290587
438,Bexley,E01000443,Bexley 024B,0.012219074712069192
439,Bexley,E01000444,Bexley 023B,0.012765802288182658
440,Bexley,E01000445,Bexley 024C,0.012339368688826166
441,Bexley,E01000446,Bexley 024D,0.012302523567115895
442,Bexley,E01000447,Bexley 023C,0.012346149296862537
443,Bexley,E01000448,Bexley 023D,0.012270232809956858
444,Bexley,E01000449,Bexley 023E,0.012386065605227288
445,Bexley,E01000450,Bexley 009E,0.01216271123721778
446,Bexley,E01000451,Bexley 009F,0.012017775253886817
447,Bexley,E01000452,Bexley 009G,0.012165342134851681
448,Bexley,E01000453,Bexley 013B,0.011258867609780482
449,Bexley,E01000454,Bexley 013C,0.01152934693862516
450,Bexley,E01000455,Bexley 013D,0.011015236650850977
451,Bexley,E01000456,Bexley 013E,0.010791003538093523
452,Bexley,E01000457,Bexley 026D,0.011503899547077097
453,Bexley,E01000458,Bexley 027E,0.01188861674965378
454,Bexley,E01000459,Bexley 027F,0.011313849934719533
455,Bexley,E01000460,Bexley 022E,0.011933385279041309
456,Bexley,E01000461,Bexley 024E,0.011825426950079454
457,Bexley,E01000462,Bexley 026E,0.01146893934160041
458,Bexley,E01000463,Bexley 025E,0.01137546757020584
459,Bexley,E01000464,Bexley 002D,0.012300143096070174
460,Bexley,E01000465,Bexley 002E,0.012157687423019339
461,Bexley,E01000466,Bexley 001A,0.011804821596562766
462,Bexley,E01000467,Bexley 001B,0.012048418143878196
463,Bexley,E01000468,Bexley 001C,0.01098640956170694
464,Bexley,E01000469,Bexley 001D,0.010826943147879941
465,Bexley,E01000470,Bexley 002F,0.012182555079869397
466,Brent,E01000471,Brent 026A,0.012412517824143805
467,Brent,E01000472,Brent 029A,0.012189539599765604
468,Brent,E01000473,Brent 029B,0.012647804468708059
469,Brent,E01000474,Brent 026B,0.012210505080737722
470,Brent,E01000475,Brent 029C,0.012550233467754397
471,Brent,E01000476,Brent 026C,0.012515313962909195
472,Brent,E01000477,Brent 026D,0.012598448053202368
473,Brent,E01000478,Brent 029D,0.012568848450729498
474,Brent,E01000479,Brent 009A,0.012050667235615263
475,Brent,E01000480,Brent 006A,0.012966331704549994
476,Brent,E01000481,Brent 009B,0.012248193317455974
477,Brent,E01000482,Brent 009C,0.012067341004361187
478,Brent,E01000483,Brent 009D,0.012262589928472107
479,Brent,E01000484,Brent 006B,0.013187131908140711
480,Brent,E01000485,Brent 006C,0.012400480912381674
481,Brent,E01000486,Brent 006D,0.013489782661386262
482,Brent,E01000487,Brent 006E,0.013293842073599982
483,Brent,E01000488,Brent 022A,0.011725990293983194
484,Brent,E01000489,Brent 030A,0.011700263958613295
485,Brent,E01000490,Brent 023A,0.011734728487133535
486,Brent,E01000491,Brent 030B,0.0118601192290734
487,Brent,E01000492,Brent 030C,0.011798165369318936
488,Brent,E01000493,Brent 030D,0.011866542038526901
489,Brent,E01000494,Brent 023B,0.011565205027799308
490,Brent,E01000495,Brent 023C,0.011410692496130694
491,Brent,E01000497,Brent 011A,0.012111092639314657
492,Brent,E01000498,Brent 010B,0.013533587114951524
493,Brent,E01000499,Brent 011B,0.013207401385679763
494,Brent,E01000501,Brent 011C,0.013213005332932272
495,Brent,E01000502,Brent 011D,0.013190676361590341
496,Brent,E01000503,Brent 011E,0.01253254305889441
497,Brent,E01000504,Brent 018A,0.012551203899057664
498,Brent,E01000505,Brent 018B,0.013227816122805448
499,Brent,E01000506,Brent 014A,0.01230737251592764
500,Brent,E01000507,Brent 018C,0.013490508984843119
501,Brent,E01000508,Brent 025A,0.01180641414365721
502,Brent,E01000509,Brent 014B,0.011964117679695059
503,Brent,E01000510,Brent 014C,0.01245194310921397
504,Brent,E01000511,Brent 014D,0.012115665838917388
505,Brent,E01000512,Brent 018D,0.013438631393924158
506,Brent,E01000513,Brent 002A,0.012434217602776437
507,Brent,E01000514,Brent 002B,0.012692928792647176
508,Brent,E01000515,Brent 003A,0.012474043043033617
509,Brent,E01000516,Brent 002C,0.012024036586095917
510,Brent,E01000517,Brent 003B,0.013158517285519413
511,Brent,E01000518,Brent 005A,0.012604765402293504
512,Brent,E01000519,Brent 005B,0.01260888023951607
513,Brent,E01000520,Brent 002D,0.012137969716607407
514,Brent,E01000521,Brent 025B,0.010918404718223468
515,Brent,E01000522,Brent 025C,0.012001229697619577
516,Brent,E01000523,Brent 031A,0.011287359895413287
517,Brent,E01000524,Brent 031B,0.011516156059116142
518,Brent,E01000525,Brent 031C,0.011523630602624556
519,Brent,E01000526,Brent 025D,0.011368410428454843
520,Brent,E01000527,Brent 025E,0.011082105100315445
521,Brent,E01000528,Brent 025F,0.011308919228458609
522,Brent,E01000530,Brent 033A,0.012761925808080712
523,Brent,E01000531,Brent 033B,0.012175226195170977
524,Brent,E01000532,Brent 033C,0.012011224862473342
525,Brent,E01000533,Brent 031E,0.012592311048812461
526,Brent,E01000534,Brent 033D,0.01329364313960474
527,Brent,E01000535,Brent 031F,0.013201436180075948
528,Brent,E01000536,Brent 004A,0.011691100722768038
529,Brent,E01000538,Brent 004B,0.012403934574047194
530,Brent,E01000539,Brent 004C,0.012809599514384786
531,Brent,E01000540,Brent 004D,0.012423105238792604
532,Brent,E01000541,Brent 004E,0.012445613281840061
533,Brent,E01000543,Brent 003E,0.012546899382152239
534,Brent,E01000544,Brent 034A,0.012205851811669544
535,Brent,E01000545,Brent 028A,0.01188932759780188
536,Brent,E01000546,Brent 028B,0.012057668394767017
537,Brent,E01000547,Brent 028C,0.011985684509599824
538,Brent,E01000548,Brent 028D,0.011956429494148726
539,Brent,E01000549,Brent 028E,0.01190407397478646
540,Brent,E01000550,Brent 034B,0.011885715456594531
541,Brent,E01000551,Brent 034C,0.01178096255998843
542,Brent,E01000552,Brent 034D,0.012022973397489343
543,Brent,E01000553,Brent 015A,0.01209443458958251
544,Brent,E01000554,Brent 015B,0.012036962319811039
545,Brent,E01000555,Brent 015C,0.012534568003957611
546,Brent,E01000556,Brent 015D,0.012693395265158587
547,Brent,E01000557,Brent 015E,0.012593301044636648
548,Brent,E01000558,Brent 015F,0.012147534890734285
549,Brent,E01000559,Brent 018E,0.01245945110538092
550,Brent,E01000560,Brent 023D,0.011906727874004111
551,Brent,E01000561,Brent 023E,0.011030568238219698
552,Brent,E01000562,Brent 008A,0.011332711704614638
553,Brent,E01000563,Brent 008B,0.01148781689976767
554,Brent,E01000564,Brent 013A,0.011727961433466466
555,Brent,E01000565,Brent 013B,0.011160045287720174
556,Brent,E01000566,Brent 008C,0.011374282882117077
557,Brent,E01000567,Brent 016A,0.011151069720748178
558,Brent,E01000568,Brent 008D,0.012017064845489813
559,Brent,E01000569,Brent 008E,0.011288831764385124
560,Brent,E01000570,Brent 012A,0.011177468750661798
561,Brent,E01000571,Brent 012B,0.011162591206626141
562,Brent,E01000572,Brent 007A,0.012101737602819797
563,Brent,E01000573,Brent 007B,0.012033321253229192
564,Brent,E01000574,Brent 007C,0.011693486367200386
565,Brent,E01000575,Brent 007D,0.011805260755245423
566,Brent,E01000576,Brent 012C,0.012358478439795453
567,Brent,E01000577,Brent 007E,0.011670150296347765
568,Brent,E01000578,Brent 012D,0.012285530406111734
569,Brent,E01000579,Brent 032A,0.011770471293774004
570,Brent,E01000580,Brent 032B,0.011798499125804888
571,Brent,E01000581,Brent 030E,0.011812122517463719
572,Brent,E01000582,Brent 032C,0.011685090815822176
573,Brent,E01000583,Brent 032D,0.011707297052037083
574,Brent,E01000584,Brent 033E,0.01196585190964232
575,Brent,E01000585,Brent 033F,0.011908849311912629
576,Brent,E01000586,Brent 032E,0.011724232201186421
577,Brent,E01000587,Brent 001A,0.013223042058608976
578,Brent,E01000588,Brent 002E,0.012551183955220127
579,Brent,E01000589,Brent 001B,0.013395138800380494
580,Brent,E01000590,Brent 001C,0.012421808991663692
581,Brent,E01000591,Brent 003F,0.013197641209280433
582,Brent,E01000592,Brent 001D,0.011921377151205843
583,Brent,E01000593,Brent 001E,0.013515217357812123
584,Brent,E01000594,Brent 001F,0.01385468122113407
585,Brent,E01000595,Brent 027A,0.011954578890424606
586,Brent,E01000596,Brent 021A,0.01281623385170688
587,Brent,E01000599,Brent 027D,0.012301632306625086
588,Brent,E01000600,Brent 027E,0.012024473600455096
589,Brent,E01000601,Brent 021B,0.01225572460953927
590,Brent,E01000602,Brent 021C,0.012686012738446212
591,Brent,E01000603,Brent 021D,0.012561387963128825
592,Brent,E01000604,Brent 021E,0.012467438858818843
593,Brent,E01000605,Brent 021F,0.012732178844363116
594,Brent,E01000606,Brent 016B,0.011534612503996433
595,Brent,E01000607,Brent 013C,0.011760966547738262
596,Brent,E01000608,Brent 013D,0.011270597029606333
597,Brent,E01000609,Brent 016C,0.011923764977757573
598,Brent,E01000610,Brent 019A,0.012559123774653428
599,Brent,E01000611,Brent 016D,0.012672862235593833
600,Brent,E01000612,Brent 019B,0.012883933658361778
601,Brent,E01000613,Brent 013E,0.011031872084246169
602,Brent,E01000615,Brent 017B,0.012163602452500462
603,Brent,E01000616,Brent 020A,0.011958226571057629
604,Brent,E01000617,Brent 017C,0.012596870042249466
605,Brent,E01000618,Brent 017D,0.012302948674974008
606,Brent,E01000619,Brent 017E,0.012490983981683251
607,Brent,E01000620,Brent 020B,0.012288579883965435
608,Brent,E01000621,Brent 020C,0.011972068988462217
609,Brent,E01000622,Brent 010D,0.01211606617395365
610,Brent,E01000623,Brent 005C,0.01239973973347559
611,Brent,E01000624,Brent 005D,0.012160403962028745
612,Brent,E01000625,Brent 009E,0.012337980616294044
613,Brent,E01000626,Brent 010E,0.012544132681598985
614,Brent,E01000627,Brent 014E,0.012703866173752514
615,Brent,E01000628,Brent 014F,0.011873770158925795
616,Brent,E01000629,Brent 005E,0.012522554937839252
617,Brent,E01000630,Brent 026E,0.012605054942965576
618,Brent,E01000631,Brent 019C,0.012779265048767833
619,Brent,E01000632,Brent 029E,0.012669243072884678
620,Brent,E01000633,Brent 019D,0.012749303971916984
621,Brent,E01000634,Brent 019E,0.01245427286514806
622,Brent,E01000635,Brent 020D,0.012618339389678476
623,Brent,E01000636,Brent 020E,0.013121032538112094
624,Brent,E01000637,Brent 022B,0.01241927125457966
625,Brent,E01000638,Brent 024A,0.01281198602312448
626,Brent,E01000639,Brent 022C,0.011826707997687081
627,Brent,E01000640,Brent 024B,0.012835110362852217
628,Brent,E01000641,Brent 024C,0.012981638569635318
629,Brent,E01000642,Brent 022D,0.011659443034734686
630,Brent,E01000643,Brent 024D,0.012159202934086533
631,Brent,E01000644,Brent 022E,0.012881228254864286
632,Bromley,E01000645,Bromley 007A,0.011562103991226591
633,Bromley,E01000646,Bromley 016A,0.011824628055567957
634,Bromley,E01000647,Bromley 016B,0.010558036366754777
635,Bromley,E01000648,Bromley 016C,0.010761904366797848
636,Bromley,E01000649,Bromley 007B,0.010676618168628428
637,Bromley,E01000650,Bromley 022A,0.011687403623432397
638,Bromley,E01000651,Bromley 020A,0.011626266176368014
639,Bromley,E01000652,Bromley 022B,0.01202107477434163
640,Bromley,E01000653,Bromley 016D,0.012050777375975043
641,Bromley,E01000654,Bromley 039A,0.012252028823580022
642,Bromley,E01000655,Bromley 039B,0.011784917053299352
643,Bromley,E01000656,Bromley 039C,0.011730087321936537
644,Bromley,E01000657,Bromley 039D,0.011534188822977501
645,Bromley,E01000658,Bromley 042A,0.011835747960958851
646,Bromley,E01000659,Bromley 039E,0.011682765892128674
647,Bromley,E01000661,Bromley 026A,0.012402053673336645
648,Bromley,E01000662,Bromley 026B,0.012279283695110525
649,Bromley,E01000663,Bromley 026C,0.012021122979345747
650,Bromley,E01000664,Bromley 026D,0.012191733405186823
651,Bromley,E01000665,Bromley 033A,0.012071338321046137
652,Bromley,E01000666,Bromley 033B,0.011677949881628496
653,Bromley,E01000667,Bromley 033C,0.012310591951990475
654,Bromley,E01000668,Bromley 020B,0.012187149103144085
655,Bromley,E01000669,Bromley 020C,0.012399118834498754
656,Bromley,E01000670,Bromley 018A,0.011746362460750519
657,Bromley,E01000671,Bromley 020D,0.011895835986031533
658,Bromley,E01000672,Bromley 011A,0.012001879979042982
659,Bromley,E01000673,Bromley 011B,0.012282595426532105
660,Bromley,E01000674,Bromley 008A,0.012241105091658652
661,Bromley,E01000675,Bromley 018B,0.01112637541681159
662,Bromley,E01000676,Bromley 008B,0.011629676778663911
663,Bromley,E01000677,Bromley 018C,0.010777834352975062
664,Bromley,E01000678,Bromley 016E,0.011197548149587944
665,Bromley,E01000679,Bromley 020E,0.011710365494716275
666,Bromley,E01000680,Bromley 037A,0.011278054036028808
667,Bromley,E01000681,Bromley 035A,0.011104508125467896
668,Bromley,E01000682,Bromley 035B,0.011823854647273457
669,Bromley,E01000683,Bromley 035C,0.011354288162030709
670,Bromley,E01000684,Bromley 035D,0.011595364078153323
671,Bromley,E01000685,Bromley 037B,0.01103523833342067
672,Bromley,E01000686,Bromley 037C,0.01168509002362228
673,Bromley,E01000687,Bromley 037D,0.011783051204156082
674,Bromley,E01000688,Bromley 037E,0.011546140091779351
675,Bromley,E01000689,Bromley 002A,0.012028308574798563
676,Bromley,E01000690,Bromley 002B,0.012582399726881735
677,Bromley,E01000691,Bromley 002C,0.012717193653667127
678,Bromley,E01000692,Bromley 002D,0.012190446282551835
679,Bromley,E01000693,Bromley 010A,0.010646408231464777
680,Bromley,E01000694,Bromley 007C,0.012421602910807775
681,Bromley,E01000695,Bromley 007D,0.012069704948344329
682,Bromley,E01000696,Bromley 007E,0.011402819281661168
683,Bromley,E01000697,Bromley 007F,0.01178165317714801
684,Bromley,E01000698,Bromley 010B,0.012078861585505871
685,Bromley,E01000699,Bromley 015A,0.011951429738845974
686,Bromley,E01000700,Bromley 013A,0.012278328719206621
687,Bromley,E01000701,Bromley 015B,0.012167671331242767
688,Bromley,E01000702,Bromley 013B,0.012772190052415405
689,Bromley,E01000703,Bromley 013C,0.012072826005547124
690,Bromley,E01000704,Bromley 015C,0.012148336390721702
691,Bromley,E01000705,Bromley 015D,0.011608565121416285
692,Bromley,E01000706,Bromley 013D,0.012217659807532767
693,Bromley,E01000707,Bromley 041A,0.012137581950819326
694,Bromley,E01000708,Bromley 041B,0.012070791776227349
695,Bromley,E01000709,Bromley 006A,0.01222306427330738
696,Bromley,E01000710,Bromley 006B,0.012109962305535068
697,Bromley,E01000711,Bromley 006C,0.012216772182799766
698,Bromley,E01000712,Bromley 012A,0.01235177276304466
699,Bromley,E01000713,Bromley 012B,0.012804675268069204
700,Bromley,E01000714,Bromley 006D,0.01210410656762863
701,Bromley,E01000715,Bromley 012C,0.012652502001752393
702,Bromley,E01000716,Bromley 011C,0.012133851989171164
703,Bromley,E01000717,Bromley 011D,0.011997537755120734
704,Bromley,E01000718,Bromley 006E,0.012024095892243163
705,Bromley,E01000719,Bromley 019A,0.013604816955899096
706,Bromley,E01000720,Bromley 019B,0.01164411645912713
707,Bromley,E01000721,Bromley 019C,0.014298272803785539
708,Bromley,E01000722,Bromley 023A,0.014845598330162718
709,Bromley,E01000723,Bromley 029A,0.011846259324762132
710,Bromley,E01000724,Bromley 019D,0.013837799716190442
711,Bromley,E01000725,Bromley 023B,0.0122255156645981
712,Bromley,E01000726,Bromley 029B,0.01393271412961626
713,Bromley,E01000727,Bromley 028A,0.012054549145483194
714,Bromley,E01000728,Bromley 019E,0.011830262959188905
715,Bromley,E01000729,Bromley 014A,0.012774127782310256
716,Bromley,E01000730,Bromley 014B,0.013797154195997795
717,Bromley,E01000731,Bromley 023C,0.012733368165113803
718,Bromley,E01000732,Bromley 023D,0.012032987637836329
719,Bromley,E01000733,Bromley 023E,0.01239424021660341
720,Bromley,E01000734,Bromley 028B,0.013664991666721542
721,Bromley,E01000735,Bromley 014C,0.010059593245607153
722,Bromley,E01000736,Bromley 010C,0.012633007981694191
723,Bromley,E01000737,Bromley 010D,0.012936899089652926
724,Bromley,E01000738,Bromley 014D,0.01267204874517575
725,Bromley,E01000739,Bromley 014E,0.013364190907688561
726,Bromley,E01000740,Bromley 005A,0.01209017184151147
727,Bromley,E01000741,Bromley 005B,0.011822083965889468
728,Bromley,E01000742,Bromley 005C,0.012202753372426383
729,Bromley,E01000743,Bromley 009A,0.011760869847255297
730,Bromley,E01000744,Bromley 009B,0.011498321453520307
731,Bromley,E01000745,Bromley 005D,0.011986634774503244
732,Bromley,E01000746,Bromley 005E,0.011714949625291534
733,Bromley,E01000747,Bromley 042B,0.012588437177689206
734,Bromley,E01000748,Bromley 042C,0.011704394893164145
735,Bromley,E01000749,Bromley 036A,0.011276684341491483
736,Bromley,E01000750,Bromley 036B,0.01168137309477358
737,Bromley,E01000751,Bromley 036C,0.011548550708109766
738,Bromley,E01000752,Bromley 036D,0.01169364678402628
739,Bromley,E01000753,Bromley 031A,0.012104668107512638
740,Bromley,E01000754,Bromley 031B,0.011196959079952204
741,Bromley,E01000755,Bromley 031C,0.011826237924102766
742,Bromley,E01000756,Bromley 033D,0.012203891143516544
743,Bromley,E01000757,Bromley 031D,0.01173509977017586
744,Bromley,E01000758,Bromley 031E,0.011157858405982001
745,Bromley,E01000759,Bromley 034A,0.013447002913397033
746,Bromley,E01000760,Bromley 034B,0.012597251093223537
747,Bromley,E01000761,Bromley 034C,0.012414042598108172
748,Bromley,E01000762,Bromley 018D,0.011661371339242456
749,Bromley,E01000763,Bromley 027A,0.012082380468970791
750,Bromley,E01000764,Bromley 027B,0.012098639445866933
751,Bromley,E01000765,Bromley 034D,0.012034882492723505
752,Bromley,E01000766,Bromley 027C,0.012254328629012554
753,Bromley,E01000767,Bromley 027D,0.01207323834676089
754,Bromley,E01000768,Bromley 034E,0.012000831430604795
755,Bromley,E01000769,Bromley 024A,0.011687494726763193
756,Bromley,E01000770,Bromley 012D,0.012248915773556824
757,Bromley,E01000771,Bromley 041C,0.012286146177630606
758,Bromley,E01000772,Bromley 012E,0.011671749369906694
759,Bromley,E01000773,Bromley 024B,0.011865899495560618
760,Bromley,E01000774,Bromley 041D,0.01188499110415289
761,Bromley,E01000775,Bromley 024C,0.011622092165033557
762,Bromley,E01000777,Bromley 024D,0.011642105004115664
763,Bromley,E01000778,Bromley 024E,0.012497085820187505
764,Bromley,E01000779,Bromley 001A,0.011895077682224288
765,Bromley,E01000780,Bromley 001B,0.012038743565758276
766,Bromley,E01000781,Bromley 001C,0.01187861077604244
767,Bromley,E01000782,Bromley 001D,0.012234112215868833
768,Bromley,E01000783,Bromley 001E,0.012064861795678391
769,Bromley,E01000784,Bromley 002E,0.012012985746448218
770,Bromley,E01000785,Bromley 001F,0.012299177250888426
771,Bromley,E01000786,Bromley 032A,0.011607383633601162
772,Bromley,E01000787,Bromley 029C,0.013281276287756036
773,Bromley,E01000788,Bromley 029D,0.011809261277132858
774,Bromley,E01000789,Bromley 032B,0.013333859776626862
775,Bromley,E01000790,Bromley 028C,0.011121592225549305
776,Bromley,E01000791,Bromley 029E,0.012943236462412279
777,Bromley,E01000792,Bromley 032C,0.012396418098874408
778,Bromley,E01000793,Bromley 032D,0.010276893650740254
779,Bromley,E01000794,Bromley 035E,0.011037545210125774
780,Bromley,E01000795,Bromley 032E,0.011172578449522534
781,Bromley,E01000796,Bromley 009C,0.012150435982802577
782,Bromley,E01000797,Bromley 013E,0.01238664765939378
783,Bromley,E01000798,Bromley 009D,0.012286518628012172
784,Bromley,E01000799,Bromley 004A,0.012352325844093029
785,Bromley,E01000800,Bromley 009E,0.012134822015142427
786,Bromley,E01000801,Bromley 015E,0.012344332126732848
787,Bromley,E01000802,Bromley 004B,0.01194736286719895
788,Bromley,E01000803,Bromley 004C,0.011921314567983619
789,Bromley,E01000804,Bromley 004D,0.012139974625143485
790,Bromley,E01000805,Bromley 004E,0.012231621003329845
791,Bromley,E01000806,Bromley 009F,0.012138397966845245
792,Bromley,E01000807,Bromley 022C,0.01165660362215443
793,Bromley,E01000808,Bromley 025A,0.011440712597611773
794,Bromley,E01000809,Bromley 022D,0.01197099493079272
795,Bromley,E01000810,Bromley 025B,0.012417515214260476
796,Bromley,E01000811,Bromley 025C,0.011793396929451637
797,Bromley,E01000812,Bromley 028D,0.011264577895871876
798,Bromley,E01000813,Bromley 025D,0.011990334726888313
799,Bromley,E01000814,Bromley 028E,0.010066581458003293
800,Bromley,E01000815,Bromley 025E,0.011987503830127408
801,Bromley,E01000816,Bromley 040A,0.012361651726992674
802,Bromley,E01000818,Bromley 040B,0.0124010120603699
803,Bromley,E01000819,Bromley 040C,0.012940243904046843
804,Bromley,E01000820,Bromley 008C,0.012746518879072823
805,Bromley,E01000822,Bromley 008D,0.012224287632424741
806,Bromley,E01000823,Bromley 008E,0.012138619697803436
807,Bromley,E01000824,Bromley 008F,0.012104493792936388
808,Bromley,E01000825,Bromley 008G,0.012012391774941893
809,Bromley,E01000826,Bromley 021A,0.011725987442403382
810,Bromley,E01000827,Bromley 021B,0.011421111127063963
811,Bromley,E01000828,Bromley 011E,0.011540710721550312
812,Bromley,E01000829,Bromley 018E,0.011041414980428451
813,Bromley,E01000830,Bromley 021C,0.011961374547324726
814,Bromley,E01000831,Bromley 021D,0.01106901632516396
815,Bromley,E01000832,Bromley 030A,0.01217334613941478
816,Bromley,E01000833,Bromley 021E,0.01192538459280904
817,Bromley,E01000834,Bromley 027E,0.012026766334859785
818,Bromley,E01000835,Bromley 030B,0.012463052169392311
819,Bromley,E01000836,Bromley 030C,0.011980025216653745
820,Bromley,E01000837,Bromley 030D,0.012068859541378547
821,Bromley,E01000838,Bromley 030E,0.012019158275913978
822,Bromley,E01000839,Bromley 030F,0.015189073922830846
823,Bromley,E01000840,Bromley 030G,0.013572581161216454
824,Bromley,E01000841,Bromley 030H,0.014504069502594245
825,Camden,E01000842,Camden 011A,0.01154594837626892
826,Camden,E01000843,Camden 014A,0.011658524838539791
827,Camden,E01000844,Camden 011B,0.011456598755188264
828,Camden,E01000845,Camden 014B,0.011652217121082296
829,Camden,E01000846,Camden 014C,0.011575452507815756
830,Camden,E01000847,Camden 014D,0.01149313705380354
831,Camden,E01000848,Camden 011C,0.01158510834909343
832,Camden,E01000849,Camden 011D,0.01173030816433628
833,Camden,E01000850,Camden 026A,0.011500073743384052
834,Camden,E01000851,Camden 026B,0.011568157384552595
835,Camden,E01000852,Camden 026C,0.011784819706157704
836,Camden,E01000853,Camden 025A,0.012056456590342891
837,Camden,E01000854,Camden 026D,0.011524907796594014
838,Camden,E01000855,Camden 028A,0.011682099395931018
839,Camden,E01000856,Camden 019A,0.0119480269602812
840,Camden,E01000857,Camden 018A,0.01169419881686578
841,Camden,E01000858,Camden 018B,0.011895596540045354
842,Camden,E01000859,Camden 018C,0.011843125184625805
843,Camden,E01000860,Camden 018D,0.011974408143872068
844,Camden,E01000861,Camden 019B,0.011885085045828145
845,Camden,E01000862,Camden 018E,0.012033494859285152
846,Camden,E01000863,Camden 021A,0.011927041129764466
847,Camden,E01000864,Camden 015A,0.012182531975238215
848,Camden,E01000865,Camden 015B,0.011905904790253614
849,Camden,E01000866,Camden 009A,0.011796948718394921
850,Camden,E01000867,Camden 015C,0.011964054247206417
851,Camden,E01000868,Camden 015D,0.01223694249793374
852,Camden,E01000869,Camden 015E,0.01191130310164839
853,Camden,E01000870,Camden 009B,0.011686131011588758
854,Camden,E01000871,Camden 005A,0.012632359571254225
855,Camden,E01000872,Camden 005B,0.012427100434264461
856,Camden,E01000873,Camden 005C,0.011944230818765856
857,Camden,E01000874,Camden 005D,0.011961282989163652
858,Camden,E01000875,Camden 013A,0.011337581257932076
859,Camden,E01000876,Camden 013B,0.010707871718195323
860,Camden,E01000877,Camden 005E,0.012307051867614823
861,Camden,E01000878,Camden 004A,0.01228987137108832
862,Camden,E01000879,Camden 004B,0.011955559583479115
863,Camden,E01000880,Camden 004C,0.012010780110080771
864,Camden,E01000881,Camden 008A,0.011458599596881074
865,Camden,E01000882,Camden 008B,0.011302201726004893
866,Camden,E01000883,Camden 008C,0.011203887190812736
867,Camden,E01000884,Camden 004D,0.012314797123472164
868,Camden,E01000885,Camden 004E,0.012360099967947376
869,Camden,E01000886,Camden 006A,0.011526428321129338
870,Camden,E01000887,Camden 006B,0.011915904104984316
871,Camden,E01000888,Camden 006C,0.011747146199456588
872,Camden,E01000889,Camden 007A,0.01165501986829138
873,Camden,E01000890,Camden 007B,0.011882439637582159
874,Camden,E01000891,Camden 007C,0.011677593193516302
875,Camden,E01000892,Camden 006D,0.011810738334747729
876,Camden,E01000893,Camden 002A,0.012054742077720802
877,Camden,E01000894,Camden 002B,0.012274066918569672
878,Camden,E01000895,Camden 002C,0.012295023248648061
879,Camden,E01000896,Camden 002D,0.012143007219396896
880,Camden,E01000897,Camden 008D,0.011891531111107915
881,Camden,E01000898,Camden 008E,0.012111250989490747
882,Camden,E01000899,Camden 002E,0.012325856609767668
883,Camden,E01000900,Camden 012A,0.011662830506675268
884,Camden,E01000901,Camden 007D,0.011612517192972573
885,Camden,E01000902,Camden 012B,0.011682423676322592
886,Camden,E01000903,Camden 006E,0.011870023486030383
887,Camden,E01000904,Camden 012C,0.01189795627892566
888,Camden,E01000905,Camden 012D,0.011766180043963707
889,Camden,E01000906,Camden 012E,0.011766023023980292
890,Camden,E01000907,Camden 001A,0.01174042651558522
891,Camden,E01000908,Camden 001B,0.01160298616600522
892,Camden,E01000909,Camden 001C,0.011669780901067716
893,Camden,E01000910,Camden 003A,0.011507367854928783
894,Camden,E01000911,Camden 003B,0.011804713988679624
895,Camden,E01000912,Camden 001D,0.011525705411736475
896,Camden,E01000913,Camden 001E,0.011815932904927162
897,Camden,E01000914,Camden 028B,0.011690485529376933
898,Camden,E01000915,Camden 027A,0.012077258840017539
899,Camden,E01000916,Camden 027B,0.011696373089503989
900,Camden,E01000917,Camden 027C,0.011772006065146928
901,Camden,E01000918,Camden 028C,0.011630708042925765
902,Camden,E01000919,Camden 028D,0.011631953912558567
903,Camden,E01000920,Camden 027D,0.012190113244509962
904,Camden,E01000921,Camden 003C,0.011575118296376422
905,Camden,E01000922,Camden 007E,0.011549849934181849
906,Camden,E01000923,Camden 003D,0.011650500890896372
907,Camden,E01000924,Camden 009C,0.011636958000483127
908,Camden,E01000925,Camden 009D,0.01160169556394977
909,Camden,E01000926,Camden 009E,0.011719503540832612
910,Camden,E01000927,Camden 007F,0.011719234743750606
911,Camden,E01000928,Camden 003E,0.011515297899781441
912,Camden,E01000929,Camden 020A,0.01176061575596976
913,Camden,E01000930,Camden 020B,0.011830640108812804
914,Camden,E01000931,Camden 013C,0.011683928812197018
915,Camden,E01000932,Camden 013D,0.01184652902414791
916,Camden,E01000933,Camden 020C,0.011859101703511806
917,Camden,E01000934,Camden 020D,0.01167626183098715
918,Camden,E01000935,Camden 020E,0.011682617709694988
919,Camden,E01000936,Camden 024A,0.012418516239830596
920,Camden,E01000937,Camden 025B,0.012326262305401518
921,Camden,E01000938,Camden 024B,0.012223640150410022
922,Camden,E01000939,Camden 024C,0.012153186222006888
923,Camden,E01000940,Camden 024D,0.012456887615708056
924,Camden,E01000941,Camden 025C,0.012046967903006344
925,Camden,E01000942,Camden 025D,0.011730856996651152
926,Camden,E01000943,Camden 025E,0.011796071918259722
927,Camden,E01000944,Camden 023A,0.011990522191968833
928,Camden,E01000945,Camden 023B,0.011552126422427273
929,Camden,E01000946,Camden 021B,0.012117235905793689
930,Camden,E01000947,Camden 021C,0.011524764156988833
931,Camden,E01000948,Camden 021D,0.011983199454866563
932,Camden,E01000949,Camden 023C,0.011799648435736887
933,Camden,E01000950,Camden 023D,0.011673658971653057
934,Camden,E01000951,Camden 023E,0.011819641084141831
935,Camden,E01000952,Camden 022A,0.01122470282010106
936,Camden,E01000953,Camden 022B,0.011692824441928405
937,Camden,E01000954,Camden 022C,0.011285501161061532
938,Camden,E01000955,Camden 022D,0.011232615499050797
939,Camden,E01000956,Camden 022E,0.011513346162202114
940,Camden,E01000957,Camden 019C,0.011948099303959804
941,Camden,E01000958,Camden 019D,0.011706603847544253
942,Camden,E01000959,Camden 019E,0.011584075137635211
943,Camden,E01000960,Camden 017A,0.011339041435345079
944,Camden,E01000961,Camden 017B,0.011594980185660356
945,Camden,E01000962,Camden 016A,0.011565389020181768
946,Camden,E01000963,Camden 017C,0.011600178815044436
947,Camden,E01000964,Camden 016B,0.011195438531684244
948,Camden,E01000965,Camden 016C,0.011704911746569305
949,Camden,E01000966,Camden 016D,0.011665330501032675
950,Camden,E01000967,Camden 017D,0.011783988872450813
951,Camden,E01000968,Camden 016E,0.011398921157770121
952,Camden,E01000969,Camden 010A,0.011415714436578335
953,Camden,E01000970,Camden 010B,0.011040178555156944
954,Camden,E01000971,Camden 010C,0.011365979587743482
955,Camden,E01000972,Camden 010D,0.01088138890469783
956,Camden,E01000973,Camden 010E,0.01090918081800974
957,Camden,E01000974,Camden 013E,0.010892114555420145
958,Croydon,E01000975,Croydon 022A,0.011298325836780443
959,Croydon,E01000976,Croydon 022B,0.011065048847577459
960,Croydon,E01000977,Croydon 022C,0.011764469283840175
961,Croydon,E01000978,Croydon 022D,0.01196809839327737
962,Croydon,E01000979,Croydon 022E,0.01156682592289273
963,Croydon,E01000980,Croydon 017A,0.010194156391439578
964,Croydon,E01000981,Croydon 017B,0.010828121676065297
965,Croydon,E01000982,Croydon 017C,0.010238718468118245
966,Croydon,E01000983,Croydon 017D,0.011709373181013396
967,Croydon,E01000984,Croydon 022F,0.01100241826464619
968,Croydon,E01000985,Croydon 021A,0.011643889760978868
969,Croydon,E01000986,Croydon 021B,0.01160402329898014
970,Croydon,E01000987,Croydon 021C,0.011251840805106068
971,Croydon,E01000989,Croydon 018A,0.013739888346994548
972,Croydon,E01000990,Croydon 045A,0.011531578639412812
973,Croydon,E01000991,Croydon 018B,0.013746589870107462
974,Croydon,E01000992,Croydon 014A,0.011576922645088717
975,Croydon,E01000993,Croydon 021D,0.01115354000761625
976,Croydon,E01000994,Croydon 009A,0.011752384222020473
977,Croydon,E01000995,Croydon 009B,0.011958765986802523
978,Croydon,E01000996,Croydon 009C,0.01164218723232516
979,Croydon,E01000997,Croydon 009D,0.011559360888394767
980,Croydon,E01000998,Croydon 010A,0.01173386236803582
981,Croydon,E01000999,Croydon 009E,0.01135359876855432
982,Croydon,E01001000,Croydon 010B,0.011763254570388628
983,Croydon,E01001001,Croydon 013A,0.011537578969915644
984,Croydon,E01001002,Croydon 009F,0.011802191777651313
985,Croydon,E01001003,Croydon 010C,0.012062568007533166
986,Croydon,E01001004,Croydon 015A,0.011975526022035657
987,Croydon,E01001005,Croydon 019A,0.010517830512209989
988,Croydon,E01001006,Croydon 016A,0.010961801938741132
989,Croydon,E01001007,Croydon 016B,0.010727660272084973
990,Croydon,E01001008,Croydon 019B,0.010811921451787469
991,Croydon,E01001009,Croydon 019C,0.01057933351059163
992,Croydon,E01001010,Croydon 019D,0.01132230718998965
993,Croydon,E01001011,Croydon 019E,0.010897864293794269
994,Croydon,E01001012,Croydon 020A,0.010987783820276882
995,Croydon,E01001013,Croydon 020B,0.010858258467303497
996,Croydon,E01001014,Croydon 024A,0.01138348270428134
997,Croydon,E01001015,Croydon 041A,0.011714784947240372
998,Croydon,E01001016,Croydon 041B,0.012603153830422565
999,Croydon,E01001017,Croydon 043A,0.01115088136262622
1000,Croydon,E01001018,Croydon 044A,0.01181624392924924
1001,Croydon,E01001019,Croydon 044B,0.011787940239475976
1002,Croydon,E01001020,Croydon 044C,0.012143348253888174
1003,Croydon,E01001021,Croydon 044D,0.011954073919762952
1004,Croydon,E01001022,Croydon 044E,0.011314443692935702
1005,Croydon,E01001023,Croydon 041C,0.012477861098144223
1006,Croydon,E01001024,Croydon 043B,0.012016612439185424
1007,Croydon,E01001025,Croydon 043C,0.012091943514972838
1008,Croydon,E01001026,Croydon 043D,0.012424630503394317
1009,Croydon,E01001027,Croydon 043E,0.011902327975171942
1010,Croydon,E01001028,Croydon 038A,0.012378178908272995
1011,Croydon,E01001029,Croydon 038B,0.011884591360043516
1012,Croydon,E01001030,Croydon 038C,0.011654940592665884
1013,Croydon,E01001031,Croydon 038D,0.011790322007069594
1014,Croydon,E01001032,Croydon 035A,0.011233904720837358
1015,Croydon,E01001033,Croydon 031A,0.011436053565642096
1016,Croydon,E01001034,Croydon 031B,0.01120851897827114
1017,Croydon,E01001035,Croydon 027A,0.011384382063848569
1018,Croydon,E01001036,Croydon 029A,0.011381114368834556
1019,Croydon,E01001037,Croydon 029B,0.011814031693514221
1020,Croydon,E01001038,Croydon 029C,0.011470760760444353
1021,Croydon,E01001039,Croydon 029D,0.011108354760074263
1022,Croydon,E01001040,Croydon 029E,0.011488878003246421
1023,Croydon,E01001041,Croydon 031C,0.011563605144231348
1024,Croydon,E01001042,Croydon 024B,0.01083462874093231
1025,Croydon,E01001043,Croydon 027B,0.010929782611449808
1026,Croydon,E01001044,Croydon 023A,0.011311015935552686
1027,Croydon,E01001045,Croydon 027C,0.011355330532995834
1028,Croydon,E01001046,Croydon 023B,0.011475785465355052
1029,Croydon,E01001047,Croydon 027D,0.01138219980197526
1030,Croydon,E01001048,Croydon 020C,0.010644353875243203
1031,Croydon,E01001049,Croydon 023C,0.011376370961059513
1032,Croydon,E01001050,Croydon 023D,0.011653486104754739
1033,Croydon,E01001051,Croydon 030A,0.015197704374626161
1034,Croydon,E01001052,Croydon 030B,0.012663082684531125
1035,Croydon,E01001053,Croydon 032A,0.012049560856038316
1036,Croydon,E01001054,Croydon 030C,0.013267738617146325
1037,Croydon,E01001055,Croydon 032B,0.011521988330424556
1038,Croydon,E01001056,Croydon 030D,0.01127299440040707
1039,Croydon,E01001057,Croydon 030E,0.010367252178708921
1040,Croydon,E01001058,Croydon 034A,0.013561541790874961
1041,Croydon,E01001059,Croydon 034B,0.011883908321851122
1042,Croydon,E01001060,Croydon 034C,0.012356329733968495
1043,Croydon,E01001061,Croydon 034D,0.011722576185925317
1044,Croydon,E01001062,Croydon 026A,0.012005364929835357
1045,Croydon,E01001063,Croydon 026B,0.014314157956926097
1046,Croydon,E01001064,Croydon 026C,0.014825873843334095
1047,Croydon,E01001065,Croydon 034E,0.013934420096398316
1048,Croydon,E01001066,Croydon 034F,0.011676842517587927
1049,Croydon,E01001067,Croydon 041D,0.012576726551924544
1050,Croydon,E01001068,Croydon 042A,0.011536537722607204
1051,Croydon,E01001069,Croydon 040A,0.012164725574476763
1052,Croydon,E01001070,Croydon 040B,0.011869136419159123
1053,Croydon,E01001071,Croydon 042B,0.012187349237265615
1054,Croydon,E01001072,Croydon 042C,0.012318159596942446
1055,Croydon,E01001073,Croydon 037A,0.011541563059619859
1056,Croydon,E01001074,Croydon 041E,0.012294166243273844
1057,Croydon,E01001075,Croydon 040C,0.0118257174297252
1058,Croydon,E01001076,Croydon 036A,0.015116009855511333
1059,Croydon,E01001077,Croydon 032C,0.010903239524129676
1060,Croydon,E01001078,Croydon 032D,0.010592080240516617
1061,Croydon,E01001079,Croydon 036B,0.016004193080334916
1062,Croydon,E01001080,Croydon 036C,0.012273009928535627
1063,Croydon,E01001081,Croydon 036D,0.012433955055636303
1064,Croydon,E01001082,Croydon 032E,0.015929942739027172
1065,Croydon,E01001083,Croydon 003A,0.011622797739830647
1066,Croydon,E01001084,Croydon 002A,0.01148961685294163
1067,Croydon,E01001085,Croydon 004A,0.010759450547248195
1068,Croydon,E01001086,Croydon 003B,0.011745081328998713
1069,Croydon,E01001087,Croydon 003C,0.011224613563725318
1070,Croydon,E01001088,Croydon 004B,0.009722960165114368
1071,Croydon,E01001089,Croydon 004C,0.010264033085463056
1072,Croydon,E01001090,Croydon 004D,0.011051327848895237
1073,Croydon,E01001091,Croydon 004E,0.011480961774078867
1074,Croydon,E01001092,Croydon 037B,0.011727396414936234
1075,Croydon,E01001093,Croydon 037C,0.011816239083534458
1076,Croydon,E01001094,Croydon 038E,0.012192627770703015
1077,Croydon,E01001095,Croydon 031D,0.011856031586719926
1078,Croydon,E01001096,Croydon 037D,0.01210381740427224
1079,Croydon,E01001097,Croydon 037E,0.011904433076026366
1080,Croydon,E01001098,Croydon 037F,0.012152217027810046
1081,Croydon,E01001099,Croydon 040D,0.011851157169336487
1082,Croydon,E01001100,Croydon 031E,0.011607200438006083
1083,Croydon,E01001101,Croydon 035B,0.012425839636111519
1084,Croydon,E01001102,Croydon 035C,0.012546280496138078
1085,Croydon,E01001103,Croydon 039A,0.01239345627019335
1086,Croydon,E01001104,Croydon 042D,0.01175634792154085
1087,Croydon,E01001105,Croydon 039B,0.011782319154265882
1088,Croydon,E01001106,Croydon 039C,0.01279602362505112
1089,Croydon,E01001107,Croydon 035D,0.011452583404478363
1090,Croydon,E01001108,Croydon 035E,0.012285318226015684
1091,Croydon,E01001109,Croydon 013B,0.010722967994474319
1092,Croydon,E01001110,Croydon 020D,0.010391563319720012
1093,Croydon,E01001111,Croydon 010D,0.011482741060587488
1094,Croydon,E01001112,Croydon 013C,0.010669613582956889
1095,Croydon,E01001113,Croydon 013D,0.011078488925623794
1096,Croydon,E01001114,Croydon 013E,0.011142567555234479
1097,Croydon,E01001115,Croydon 015B,0.010868148073947228
1098,Croydon,E01001116,Croydon 013F,0.011029882324381098
1099,Croydon,E01001117,Croydon 015C,0.010281304350760335
1100,Croydon,E01001118,Croydon 020E,0.010318075220426038
1101,Croydon,E01001119,Croydon 034G,0.01296540815657064
1102,Croydon,E01001120,Croydon 033A,0.012065807426001355
1103,Croydon,E01001121,Croydon 039D,0.012804644056044881
1104,Croydon,E01001122,Croydon 033B,0.010323131944239996
1105,Croydon,E01001123,Croydon 033C,0.011302078080559046
1106,Croydon,E01001124,Croydon 033D,0.011857311549882838
1107,Croydon,E01001125,Croydon 033E,0.012520067885037508
1108,Croydon,E01001126,Croydon 034H,0.012082332325558552
1109,Croydon,E01001127,Croydon 025A,0.013581230047085557
1110,Croydon,E01001128,Croydon 025B,0.016521734912004156
1111,Croydon,E01001129,Croydon 026D,0.012030857071889802
1112,Croydon,E01001130,Croydon 025C,0.01949286332294418
1113,Croydon,E01001131,Croydon 018C,0.012472833735935336
1114,Croydon,E01001132,Croydon 018D,0.014386624230825783
1115,Croydon,E01001133,Croydon 026E,0.01410676979760287
1116,Croydon,E01001134,Croydon 018E,0.014668219772802964
1117,Croydon,E01001135,Croydon 025D,0.012204224078247134
1118,Croydon,E01001136,Croydon 007A,0.011548054472075239
1119,Croydon,E01001137,Croydon 001A,0.011436588883953814
1120,Croydon,E01001138,Croydon 001B,0.011753337679806838
1121,Croydon,E01001139,Croydon 007B,0.011263947213264338
1122,Croydon,E01001140,Croydon 007C,0.011363167282297781
1123,Croydon,E01001141,Croydon 008A,0.011548276486733103
1124,Croydon,E01001142,Croydon 007D,0.011727513209296008
1125,Croydon,E01001143,Croydon 008B,0.011579889763114607
1126,Croydon,E01001144,Croydon 007E,0.01120659929460965
1127,Croydon,E01001145,Croydon 008C,0.011450036475119708
1128,Croydon,E01001146,Croydon 006A,0.011510258971758716
1129,Croydon,E01001147,Croydon 005A,0.011974343974087162
1130,Croydon,E01001148,Croydon 005B,0.011914437899268646
1131,Croydon,E01001149,Croydon 006B,0.011101817371139244
1132,Croydon,E01001150,Croydon 006C,0.011476365920710907
1133,Croydon,E01001151,Croydon 005C,0.012014968561694138
1134,Croydon,E01001152,Croydon 005D,0.0116437291471332
1135,Croydon,E01001153,Croydon 006D,0.011283992491238425
1136,Croydon,E01001154,Croydon 006E,0.010979145079959953
1137,Croydon,E01001155,Croydon 010E,0.011238221951246201
1138,Croydon,E01001156,Croydon 001C,0.010847008850588253
1139,Croydon,E01001157,Croydon 002B,0.011799897253762898
1140,Croydon,E01001158,Croydon 005E,0.011393178662648856
1141,Croydon,E01001159,Croydon 002C,0.011848572035470043
1142,Croydon,E01001160,Croydon 002D,0.012299070718317297
1143,Croydon,E01001161,Croydon 003D,0.01162098608769892
1144,Croydon,E01001162,Croydon 001D,0.011247555067545953
1145,Croydon,E01001163,Croydon 002E,0.01130985887332099
1146,Croydon,E01001164,Croydon 001E,0.01135885910462363
1147,Croydon,E01001165,Croydon 024C,0.011288450362299198
1148,Croydon,E01001166,Croydon 024D,0.011070240858460036
1149,Croydon,E01001167,Croydon 028A,0.011397935788456685
1150,Croydon,E01001168,Croydon 024E,0.010862824266055721
1151,Croydon,E01001169,Croydon 028B,0.011417539983870802
1152,Croydon,E01001170,Croydon 027E,0.011464015664121993
1153,Croydon,E01001171,Croydon 028C,0.011577990093392528
1154,Croydon,E01001172,Croydon 028D,0.011556133814016076
1155,Croydon,E01001173,Croydon 028E,0.01095889932350836
1156,Croydon,E01001174,Croydon 011A,0.011232697190735884
1157,Croydon,E01001175,Croydon 011B,0.01161407173978488
1158,Croydon,E01001176,Croydon 011C,0.011309093705341637
1159,Croydon,E01001177,Croydon 016C,0.011190291553476612
1160,Croydon,E01001178,Croydon 015D,0.011151996918081854
1161,Croydon,E01001179,Croydon 016D,0.010897147794185267
1162,Croydon,E01001180,Croydon 016E,0.010598752233053257
1163,Croydon,E01001181,Croydon 015E,0.010643972925515716
1164,Croydon,E01001182,Croydon 011D,0.011935404317314892
1165,Croydon,E01001183,Croydon 011E,0.01154435569533399
1166,Croydon,E01001184,Croydon 011F,0.011505832356939305
1167,Croydon,E01001185,Croydon 014B,0.010770197053739222
1168,Croydon,E01001186,Croydon 014C,0.010824788420803429
1169,Croydon,E01001187,Croydon 017E,0.01093298086425992
1170,Croydon,E01001188,Croydon 014D,0.010646056200342261
1171,Croydon,E01001189,Croydon 045B,0.011101266253395149
1172,Croydon,E01001190,Croydon 045C,0.011463762118702668
1173,Croydon,E01001191,Croydon 008D,0.010843155635501983
1174,Croydon,E01001192,Croydon 008E,0.01121504705365118
1175,Croydon,E01001193,Croydon 014E,0.010950692904755215
1176,Croydon,E01001194,Croydon 045D,0.010888506752184411
1177,Ealing,E01001195,Ealing 021A,0.01210539368189608
1178,Ealing,E01001196,Ealing 015A,0.012123180188739244
1179,Ealing,E01001197,Ealing 021B,0.011991318353965962
1180,Ealing,E01001198,Ealing 021C,0.012250125796860604
1181,Ealing,E01001199,Ealing 021D,0.012171420184842366
1182,Ealing,E01001200,Ealing 025A,0.011964666786337348
1183,Ealing,E01001201,Ealing 025B,0.012106815416210047
1184,Ealing,E01001202,Ealing 025C,0.012106294590413343
1185,Ealing,E01001203,Ealing 025D,0.011870538158545647
1186,Ealing,E01001204,Ealing 018A,0.011957810274288987
1187,Ealing,E01001205,Ealing 018B,0.01203783660254965
1188,Ealing,E01001206,Ealing 018C,0.011936049433619091
1189,Ealing,E01001207,Ealing 018D,0.0119335157368592
1190,Ealing,E01001208,Ealing 018E,0.012193455026594444
1191,Ealing,E01001209,Ealing 013A,0.01230868963628929
1192,Ealing,E01001210,Ealing 016A,0.012057558657279754
1193,Ealing,E01001211,Ealing 013B,0.01199910697954307
1194,Ealing,E01001212,Ealing 018F,0.011859059233138713
1195,Ealing,E01001213,Ealing 023A,0.012318180544586495
1196,Ealing,E01001214,Ealing 023B,0.011990061703620625
1197,Ealing,E01001215,Ealing 023C,0.012659049516670046
1198,Ealing,E01001216,Ealing 023D,0.012463062460143507
1199,Ealing,E01001217,Ealing 014A,0.011700608713382148
1200,Ealing,E01001218,Ealing 012A,0.012243393013047627
1201,Ealing,E01001219,Ealing 029A,0.011878853863019354
1202,Ealing,E01001220,Ealing 029B,0.012350393112860918
1203,Ealing,E01001221,Ealing 020A,0.01217884979144442
1204,Ealing,E01001222,Ealing 019A,0.0118319082941428
1205,Ealing,E01001223,Ealing 020B,0.011894197417238093
1206,Ealing,E01001224,Ealing 019B,0.011674989745044979
1207,Ealing,E01001225,Ealing 020C,0.011727163759612228
1208,Ealing,E01001226,Ealing 019C,0.011656160237066879
1209,Ealing,E01001227,Ealing 019D,0.011660124505763352
1210,Ealing,E01001228,Ealing 019E,0.011546634001552893
1211,Ealing,E01001229,Ealing 031A,0.012204083291321813
1212,Ealing,E01001230,Ealing 031B,0.012976284671756473
1213,Ealing,E01001231,Ealing 027A,0.012399000870998003
1214,Ealing,E01001232,Ealing 031C,0.012830660449122221
1215,Ealing,E01001233,Ealing 031D,0.011865323112554211
1216,Ealing,E01001234,Ealing 027B,0.012650068610396116
1217,Ealing,E01001235,Ealing 020D,0.012280783483435644
1218,Ealing,E01001236,Ealing 020E,0.012910182893580056
1219,Ealing,E01001237,Ealing 031E,0.01338434420642458
1220,Ealing,E01001238,Ealing 015B,0.012104122600863628
1221,Ealing,E01001239,Ealing 015C,0.011697049489327035
1222,Ealing,E01001240,Ealing 024A,0.012023798527595922
1223,Ealing,E01001241,Ealing 024B,0.01182241131102628
1224,Ealing,E01001242,Ealing 024C,0.011914965526392542
1225,Ealing,E01001243,Ealing 024D,0.011947764014013575
1226,Ealing,E01001244,Ealing 024E,0.011998203016935518
1227,Ealing,E01001245,Ealing 024F,0.012152719653828747
1228,Ealing,E01001246,Ealing 015D,0.012006782952288637
1229,Ealing,E01001247,Ealing 015E,0.01222214332329782
1230,Ealing,E01001248,Ealing 035A,0.01186394139258463
1231,Ealing,E01001249,Ealing 028A,0.011979552313208476
1232,Ealing,E01001250,Ealing 028B,0.012166589624280163
1233,Ealing,E01001251,Ealing 030A,0.012291776886221078
1234,Ealing,E01001252,Ealing 030B,0.012206326967797831
1235,Ealing,E01001253,Ealing 030C,0.012156428689597855
1236,Ealing,E01001254,Ealing 030D,0.012298985878379227
1237,Ealing,E01001255,Ealing 028C,0.012011107761962098
1238,Ealing,E01001257,Ealing 008A,0.0121554677410152
1239,Ealing,E01001258,Ealing 010B,0.01219904848261151
1240,Ealing,E01001259,Ealing 014B,0.011838479567133596
1241,Ealing,E01001260,Ealing 012B,0.011786258711338695
1242,Ealing,E01001261,Ealing 012C,0.012269208148290875
1243,Ealing,E01001262,Ealing 010C,0.01257867990328681
1244,Ealing,E01001263,Ealing 010D,0.012386908102721354
1245,Ealing,E01001264,Ealing 010E,0.012302706949202375
1246,Ealing,E01001265,Ealing 006A,0.01261677237463185
1247,Ealing,E01001266,Ealing 006B,0.011995916318957918
1248,Ealing,E01001267,Ealing 006C,0.011824434420058634
1249,Ealing,E01001268,Ealing 012D,0.011760844340323215
1250,Ealing,E01001269,Ealing 001A,0.013174473252274032
1251,Ealing,E01001270,Ealing 004A,0.012910458097525526
1252,Ealing,E01001271,Ealing 001B,0.012954131063714226
1253,Ealing,E01001272,Ealing 006D,0.012500063693987127
1254,Ealing,E01001273,Ealing 020F,0.011787815881813254
1255,Ealing,E01001274,Ealing 020G,0.011693683298317513
1256,Ealing,E01001275,Ealing 020H,0.011721217077481841
1257,Ealing,E01001276,Ealing 011A,0.012690019450407104
1258,Ealing,E01001277,Ealing 011B,0.01217398460971083
1259,Ealing,E01001278,Ealing 011C,0.012132629657479785
1260,Ealing,E01001279,Ealing 013C,0.012211278894956303
1261,Ealing,E01001280,Ealing 011D,0.012053738490700001
1262,Ealing,E01001281,Ealing 013D,0.012144336918264397
1263,Ealing,E01001282,Ealing 016B,0.012179413428635915
1264,Ealing,E01001283,Ealing 016C,0.012320700878911768
1265,Ealing,E01001284,Ealing 022A,0.01240041060206712
1266,Ealing,E01001285,Ealing 016D,0.012378283693190136
1267,Ealing,E01001286,Ealing 016E,0.01220200848428028
1268,Ealing,E01001287,Ealing 016F,0.012344553007954057
1269,Ealing,E01001288,Ealing 022B,0.012249056609497265
1270,Ealing,E01001289,Ealing 022C,0.012170402491064606
1271,Ealing,E01001290,Ealing 022D,0.01237401226000549
1272,Ealing,E01001291,Ealing 014C,0.011683765000033906
1273,Ealing,E01001292,Ealing 014D,0.011954686193441887
1274,Ealing,E01001293,Ealing 014E,0.011443258084111408
1275,Ealing,E01001294,Ealing 017A,0.011206552527425348
1276,Ealing,E01001295,Ealing 017B,0.011134727931122244
1277,Ealing,E01001296,Ealing 017C,0.011497464480040822
1278,Ealing,E01001297,Ealing 017D,0.01170046664554349
1279,Ealing,E01001298,Ealing 017E,0.011930929244166078
1280,Ealing,E01001299,Ealing 035B,0.011777076169905643
1281,Ealing,E01001300,Ealing 039A,0.011494623594664004
1282,Ealing,E01001301,Ealing 039B,0.011733007485188636
1283,Ealing,E01001302,Ealing 039C,0.011711243770093123
1284,Ealing,E01001303,Ealing 032A,0.011481185149226539
1285,Ealing,E01001304,Ealing 039D,0.01149813595030618
1286,Ealing,E01001305,Ealing 035C,0.011891014684643427
1287,Ealing,E01001306,Ealing 035D,0.011630578351080851
1288,Ealing,E01001307,Ealing 002A,0.01246957042194684
1289,Ealing,E01001308,Ealing 002B,0.012490084001629907
1290,Ealing,E01001309,Ealing 001C,0.012676054254251248
1291,Ealing,E01001310,Ealing 001D,0.012759910639529751
1292,Ealing,E01001311,Ealing 001E,0.012875187517562633
1293,Ealing,E01001312,Ealing 002C,0.012303422943380934
1294,Ealing,E01001313,Ealing 002D,0.012721781976731433
1295,Ealing,E01001314,Ealing 002E,0.01211372502064607
1296,Ealing,E01001315,Ealing 003A,0.012962915835466524
1297,Ealing,E01001316,Ealing 003B,0.012643391739180398
1298,Ealing,E01001317,Ealing 003C,0.011305126266419583
1299,Ealing,E01001318,Ealing 003D,0.012155220006848938
1300,Ealing,E01001319,Ealing 004B,0.012689999283237963
1301,Ealing,E01001320,Ealing 003E,0.01121078100804506
1302,Ealing,E01001321,Ealing 003F,0.011714103827073694
1303,Ealing,E01001322,Ealing 004C,0.01247313443819014
1304,Ealing,E01001323,Ealing 004D,0.011916118810928841
1305,Ealing,E01001324,Ealing 008B,0.0116304763663509
1306,Ealing,E01001325,Ealing 009A,0.011102829258759496
1307,Ealing,E01001326,Ealing 008C,0.011398357846022009
1308,Ealing,E01001327,Ealing 009B,0.010779372865786773
1309,Ealing,E01001328,Ealing 009C,0.010913060192887772
1310,Ealing,E01001329,Ealing 009D,0.01124690818262101
1311,Ealing,E01001330,Ealing 008D,0.011008513854427105
1312,Ealing,E01001331,Ealing 009E,0.010628217551342536
1313,Ealing,E01001332,Ealing 008E,0.010825443720516735
1314,Ealing,E01001333,Ealing 038A,0.01275612111051152
1315,Ealing,E01001334,Ealing 029C,0.012488211667479153
1316,Ealing,E01001335,Ealing 038B,0.012489812676352366
1317,Ealing,E01001336,Ealing 038C,0.012714106447618816
1318,Ealing,E01001337,Ealing 029D,0.012175877716602782
1319,Ealing,E01001338,Ealing 029E,0.012631773368860207
1320,Ealing,E01001339,Ealing 029F,0.012636377313692961
1321,Ealing,E01001340,Ealing 029G,0.012502192479261508
1322,Ealing,E01001341,Ealing 005A,0.01217057685453922
1323,Ealing,E01001342,Ealing 005B,0.012441536654132347
1324,Ealing,E01001343,Ealing 005C,0.01226758402727333
1325,Ealing,E01001344,Ealing 007A,0.012073569684237012
1326,Ealing,E01001345,Ealing 005D,0.012293616977008759
1327,Ealing,E01001346,Ealing 007B,0.011894365254988205
1328,Ealing,E01001347,Ealing 007C,0.012448398029856969
1329,Ealing,E01001348,Ealing 007D,0.012100290674683998
1330,Ealing,E01001349,Ealing 006E,0.011784398045200853
1331,Ealing,E01001350,Ealing 027C,0.012105835421506533
1332,Ealing,E01001351,Ealing 025E,0.012287606910529271
1333,Ealing,E01001352,Ealing 027D,0.01259540097751067
1334,Ealing,E01001353,Ealing 033A,0.012109494374555671
1335,Ealing,E01001354,Ealing 027E,0.01247801857918107
1336,Ealing,E01001355,Ealing 033B,0.011577107201580915
1337,Ealing,E01001356,Ealing 033C,0.01183727201662519
1338,Ealing,E01001357,Ealing 033D,0.011541485215753575
1339,Ealing,E01001358,Ealing 033E,0.011612295719265659
1340,Ealing,E01001359,Ealing 026A,0.01264021984781446
1341,Ealing,E01001360,Ealing 026B,0.013002713983668273
1342,Ealing,E01001361,Ealing 023E,0.012743086798317855
1343,Ealing,E01001362,Ealing 026C,0.013340089124190315
1344,Ealing,E01001363,Ealing 026D,0.012765965465736145
1345,Ealing,E01001364,Ealing 026E,0.01256039042263472
1346,Ealing,E01001365,Ealing 026F,0.012826633565681905
1347,Ealing,E01001366,Ealing 037A,0.012570773273367612
1348,Ealing,E01001367,Ealing 037B,0.013103875607661892
1349,Ealing,E01001368,Ealing 037C,0.012578661183163788
1350,Ealing,E01001369,Ealing 038D,0.012767114929845055
1351,Ealing,E01001370,Ealing 037D,0.012324439194458163
1352,Ealing,E01001371,Ealing 037E,0.013142475054469315
1353,Ealing,E01001372,Ealing 037F,0.013317691201181765
1354,Ealing,E01001373,Ealing 037G,0.012905813389681752
1355,Ealing,E01001374,Ealing 040A,0.011396576998395299
1356,Ealing,E01001375,Ealing 034A,0.011548213241008026
1357,Ealing,E01001376,Ealing 040B,0.011461115016658254
1358,Ealing,E01001377,Ealing 034B,0.011595875776947553
1359,Ealing,E01001379,Ealing 034C,0.011447228838062266
1360,Ealing,E01001380,Ealing 040C,0.011733365148813788
1361,Ealing,E01001381,Ealing 034D,0.011736162404436475
1362,Ealing,E01001382,Ealing 032B,0.011788832024671557
1363,Ealing,E01001383,Ealing 028D,0.01193028897029148
1364,Ealing,E01001384,Ealing 032C,0.011647963162460988
1365,Ealing,E01001385,Ealing 032D,0.011661501865559896
1366,Ealing,E01001386,Ealing 031F,0.012278777686382972
1367,Ealing,E01001387,Ealing 032E,0.011843983606080792
1368,Ealing,E01001388,Ealing 028E,0.011788425043227762
1369,Ealing,E01001389,Ealing 028F,0.011976764933033063
1370,Enfield,E01001390,Enfield 036A,0.011802779035421348
1371,Enfield,E01001391,Enfield 036B,0.012320601600521392
1372,Enfield,E01001392,Enfield 032A,0.011543058810195333
1373,Enfield,E01001393,Enfield 036C,0.012259467431910009
1374,Enfield,E01001394,Enfield 035A,0.012134815165845988
1375,Enfield,E01001395,Enfield 035B,0.012371423379098296
1376,Enfield,E01001396,Enfield 036D,0.011924566873089133
1377,Enfield,E01001397,Enfield 035C,0.012397095258517054
1378,Enfield,E01001398,Enfield 021A,0.012052520109661598
1379,Enfield,E01001399,Enfield 021B,0.012108317477131923
1380,Enfield,E01001400,Enfield 021C,0.011928191856763349
1381,Enfield,E01001401,Enfield 016A,0.012243596142398961
1382,Enfield,E01001402,Enfield 021D,0.011753454506506264
1383,Enfield,E01001403,Enfield 021E,0.011815271525305983
1384,Enfield,E01001404,Enfield 026A,0.011989691540586189
1385,Enfield,E01001405,Enfield 015A,0.012150430517301917
1386,Enfield,E01001406,Enfield 015B,0.012540009963047459
1387,Enfield,E01001407,Enfield 005A,0.011444369813894647
1388,Enfield,E01001408,Enfield 004A,0.011777905971523332
1389,Enfield,E01001409,Enfield 005B,0.011334813215358286
1390,Enfield,E01001410,Enfield 005C,0.011138634580564489
1391,Enfield,E01001411,Enfield 004B,0.011769884375172701
1392,Enfield,E01001412,Enfield 004C,0.012387953258151617
1393,Enfield,E01001413,Enfield 004D,0.011544427865589608
1394,Enfield,E01001414,Enfield 004E,0.011417261794491542
1395,Enfield,E01001415,Enfield 011A,0.011190224034615538
1396,Enfield,E01001416,Enfield 013A,0.012112647555116537
1397,Enfield,E01001417,Enfield 011B,0.011767853853501865
1398,Enfield,E01001418,Enfield 011C,0.011003294508015904
1399,Enfield,E01001419,Enfield 020A,0.011461592241966887
1400,Enfield,E01001420,Enfield 020B,0.011472310259149162
1401,Enfield,E01001421,Enfield 020C,0.011400318796528577
1402,Enfield,E01001422,Enfield 011D,0.011514708332854695
1403,Enfield,E01001423,Enfield 027A,0.012154659976913632
1404,Enfield,E01001424,Enfield 030A,0.012288013361897918
1405,Enfield,E01001425,Enfield 027B,0.01098090858323793
1406,Enfield,E01001426,Enfield 030B,0.013081871827790173
1407,Enfield,E01001427,Enfield 030C,0.012385193692720915
1408,Enfield,E01001428,Enfield 027C,0.011818617903374616
1409,Enfield,E01001429,Enfield 030D,0.011731543628221253
1410,Enfield,E01001430,Enfield 030E,0.010783014733179906
1411,Enfield,E01001431,Enfield 033A,0.011688450332540307
1412,Enfield,E01001432,Enfield 033B,0.011262191518419878
1413,Enfield,E01001433,Enfield 007A,0.011801876270460024
1414,Enfield,E01001434,Enfield 007B,0.011998799880656826
1415,Enfield,E01001435,Enfield 007C,0.011367806539033574
1416,Enfield,E01001436,Enfield 007D,0.011578451781054802
1417,Enfield,E01001437,Enfield 014A,0.011797816821948094
1418,Enfield,E01001438,Enfield 007E,0.011872640940319415
1419,Enfield,E01001439,Enfield 006A,0.011213287761424351
1420,Enfield,E01001440,Enfield 012A,0.011534697197968291
1421,Enfield,E01001441,Enfield 006B,0.011546461773233069
1422,Enfield,E01001442,Enfield 002A,0.011528408843241038
1423,Enfield,E01001444,Enfield 001A,0.011954218887303927
1424,Enfield,E01001445,Enfield 003B,0.011392114087349178
1425,Enfield,E01001446,Enfield 001B,0.012018547410548497
1426,Enfield,E01001447,Enfield 003C,0.011855152933882698
1427,Enfield,E01001448,Enfield 003D,0.011794611704356191
1428,Enfield,E01001449,Enfield 003E,0.011596819675979296
1429,Enfield,E01001450,Enfield 015C,0.011742756964690246
1430,Enfield,E01001451,Enfield 017A,0.011421333900210539
1431,Enfield,E01001452,Enfield 017B,0.012124151702068061
1432,Enfield,E01001453,Enfield 017C,0.011504748895904268
1433,Enfield,E01001454,Enfield 017D,0.012432420138999773
1434,Enfield,E01001455,Enfield 021F,0.01191837703923736
1435,Enfield,E01001456,Enfield 022A,0.011883735871676598
1436,Enfield,E01001457,Enfield 010A,0.011656442908886776
1437,Enfield,E01001458,Enfield 037A,0.012139809238083443
1438,Enfield,E01001459,Enfield 024A,0.01240080616603895
1439,Enfield,E01001460,Enfield 024B,0.011855325424342037
1440,Enfield,E01001461,Enfield 027D,0.011936456465571225
1441,Enfield,E01001462,Enfield 024C,0.012010786927669796
1442,Enfield,E01001463,Enfield 031A,0.011877643371404456
1443,Enfield,E01001464,Enfield 027E,0.012107390703164784
1444,Enfield,E01001465,Enfield 031B,0.011669423782342205
1445,Enfield,E01001466,Enfield 031C,0.011285877927622538
1446,Enfield,E01001467,Enfield 031D,0.011442332238872067
1447,Enfield,E01001468,Enfield 010B,0.01093536310926851
1448,Enfield,E01001469,Enfield 008A,0.011287522760881597
1449,Enfield,E01001470,Enfield 013B,0.011463173766549073
1450,Enfield,E01001471,Enfield 010C,0.011248316411311745
1451,Enfield,E01001472,Enfield 010D,0.011919235361858828
1452,Enfield,E01001473,Enfield 013C,0.011509958819225775
1453,Enfield,E01001474,Enfield 010E,0.011723180470603008
1454,Enfield,E01001475,Enfield 013D,0.011366912404132113
1455,Enfield,E01001476,Enfield 018A,0.011490842635058623
1456,Enfield,E01001477,Enfield 018B,0.011262841468353232
1457,Enfield,E01001478,Enfield 016B,0.012093438918824391
1458,Enfield,E01001479,Enfield 023A,0.01217803369053141
1459,Enfield,E01001480,Enfield 024D,0.012181101404269448
1460,Enfield,E01001481,Enfield 018C,0.011959138031692445
1461,Enfield,E01001482,Enfield 023B,0.011995598743532544
1462,Enfield,E01001483,Enfield 025A,0.011812058427269642
1463,Enfield,E01001484,Enfield 016C,0.012066398634166833
1464,Enfield,E01001485,Enfield 025B,0.01099368112917318
1465,Enfield,E01001486,Enfield 025C,0.01247181090896138
1466,Enfield,E01001487,Enfield 023C,0.012205927779955111
1467,Enfield,E01001488,Enfield 024E,0.012279276706025985
1468,Enfield,E01001489,Enfield 023D,0.011730758933220984
1469,Enfield,E01001491,Enfield 023E,0.011706382929139593
1470,Enfield,E01001492,Enfield 025E,0.011931596147504744
1471,Enfield,E01001493,Enfield 026B,0.012699483739811812
1472,Enfield,E01001494,Enfield 026C,0.012151314183936177
1473,Enfield,E01001495,Enfield 029A,0.012448983821573728
1474,Enfield,E01001496,Enfield 026D,0.011915144584414615
1475,Enfield,E01001497,Enfield 031E,0.011799595095562878
1476,Enfield,E01001498,Enfield 029B,0.011739083086913488
1477,Enfield,E01001499,Enfield 031F,0.012002018967231336
1478,Enfield,E01001500,Enfield 035D,0.012506695303128064
1479,Enfield,E01001501,Enfield 036E,0.012463352840925713
1480,Enfield,E01001502,Enfield 018D,0.011825308203405327
1481,Enfield,E01001503,Enfield 018E,0.012117363078957171
1482,Enfield,E01001504,Enfield 012B,0.010942363945448568
1483,Enfield,E01001505,Enfield 012C,0.010984843283674817
1484,Enfield,E01001506,Enfield 014B,0.011505959494289092
1485,Enfield,E01001507,Enfield 012D,0.011422702107612818
1486,Enfield,E01001508,Enfield 012E,0.011772807141693653
1487,Enfield,E01001509,Enfield 014C,0.011446896485384625
1488,Enfield,E01001510,Enfield 014D,0.011666126007206335
1489,Enfield,E01001511,Enfield 016D,0.011779718229454039
1490,Enfield,E01001512,Enfield 015D,0.011544793969253517
1491,Enfield,E01001513,Enfield 012F,0.011542726333547334
1492,Enfield,E01001514,Enfield 016E,0.012243907798318179
1493,Enfield,E01001515,Enfield 015E,0.01247189746201938
1494,Enfield,E01001516,Enfield 005D,0.0115146992522317
1495,Enfield,E01001517,Enfield 006C,0.011503968586212807
1496,Enfield,E01001518,Enfield 016F,0.011748351701341048
1497,Enfield,E01001519,Enfield 020D,0.012324002709268407
1498,Enfield,E01001520,Enfield 019A,0.01238633632021206
1499,Enfield,E01001521,Enfield 028A,0.012597320050576096
1500,Enfield,E01001522,Enfield 019B,0.011994778455574276
1501,Enfield,E01001523,Enfield 019C,0.012159677713862133
1502,Enfield,E01001524,Enfield 019D,0.012124037460794908
1503,Enfield,E01001525,Enfield 020E,0.011874267268571654
1504,Enfield,E01001526,Enfield 019E,0.012253913087811343
1505,Enfield,E01001527,Enfield 036F,0.012041877572169032
1506,Enfield,E01001528,Enfield 032B,0.011416746725241091
1507,Enfield,E01001529,Enfield 032C,0.01222029335028483
1508,Enfield,E01001530,Enfield 032D,0.011899151912448974
1509,Enfield,E01001531,Enfield 028B,0.012653334123272393
1510,Enfield,E01001532,Enfield 028C,0.012452698094066997
1511,Enfield,E01001533,Enfield 028D,0.011808498998326795
1512,Enfield,E01001534,Enfield 032E,0.011965089823774186
1513,Enfield,E01001535,Enfield 028E,0.011767539102800859
1514,Enfield,E01001536,Enfield 008B,0.012342902179780008
1515,Enfield,E01001537,Enfield 005E,0.011337114298734153
1516,Enfield,E01001538,Enfield 009A,0.011652269079395676
1517,Enfield,E01001539,Enfield 009B,0.01194947092654534
1518,Enfield,E01001540,Enfield 008C,0.012366033382552431
1519,Enfield,E01001541,Enfield 008D,0.012685615712524466
1520,Enfield,E01001542,Enfield 008E,0.012327073299810752
1521,Enfield,E01001543,Enfield 009C,0.012140997643136388
1522,Enfield,E01001544,Enfield 009D,0.012193099062303113
1523,Enfield,E01001545,Enfield 002B,0.011862773139046342
1524,Enfield,E01001546,Enfield 001C,0.011606710721473701
1525,Enfield,E01001547,Enfield 002C,0.011314437023903475
1526,Enfield,E01001548,Enfield 002D,0.011511608024746494
1527,Enfield,E01001549,Enfield 006D,0.011407672870468325
1528,Enfield,E01001550,Enfield 006E,0.01125778212192425
1529,Enfield,E01001551,Enfield 002E,0.01201781981849852
1530,Enfield,E01001552,Enfield 001D,0.01207621856171617
1531,Enfield,E01001553,Enfield 037B,0.012691269552190427
1532,Enfield,E01001554,Enfield 037C,0.011885470348680208
1533,Enfield,E01001555,Enfield 033C,0.0117850014829384
1534,Enfield,E01001556,Enfield 035E,0.012816651761360596
1535,Enfield,E01001557,Enfield 033D,0.011825140297374439
1536,Enfield,E01001558,Enfield 033E,0.011619111614958209
1537,Enfield,E01001559,Enfield 033F,0.010746272767227732
1538,Enfield,E01001560,Enfield 035F,0.01294977825234929
1539,Enfield,E01001562,Enfield 037D,0.012770574498848518
1540,Enfield,E01001563,Enfield 029C,0.012567530676773126
1541,Enfield,E01001564,Enfield 022B,0.012158582158193033
1542,Enfield,E01001565,Enfield 029D,0.012684863226790783
1543,Enfield,E01001566,Enfield 029E,0.012227739763921252
1544,Enfield,E01001567,Enfield 022C,0.011952349236267899
1545,Enfield,E01001568,Enfield 022D,0.012231344224653632
1546,Enfield,E01001569,Enfield 022E,0.01198169318733443
1547,Enfield,E01001570,Enfield 026E,0.012165831173832372
1548,Greenwich,E01001571,Greenwich 008A,0.011885821420673522
1549,Greenwich,E01001572,Greenwich 008B,0.011826616365661244
1550,Greenwich,E01001573,Greenwich 008C,0.012025277682713635
1551,Greenwich,E01001574,Greenwich 008D,0.012020394343033711
1552,Greenwich,E01001575,Greenwich 003A,0.011849780351765227
1553,Greenwich,E01001576,Greenwich 003B,0.011673630601487498
1554,Greenwich,E01001577,Greenwich 003C,0.011645036511958041
1555,Greenwich,E01001578,Greenwich 003D,0.012182671639468092
1556,Greenwich,E01001579,Greenwich 003E,0.01221572395611484
1557,Greenwich,E01001580,Greenwich 021A,0.01271686917198465
1558,Greenwich,E01001581,Greenwich 016A,0.012824194342684682
1559,Greenwich,E01001582,Greenwich 021B,0.011897440487454907
1560,Greenwich,E01001583,Greenwich 021C,0.012353585997219505
1561,Greenwich,E01001584,Greenwich 021D,0.012820781199668091
1562,Greenwich,E01001585,Greenwich 016B,0.013060416731273174
1563,Greenwich,E01001586,Greenwich 016C,0.013196471086104175
1564,Greenwich,E01001587,Greenwich 016D,0.01230843527825015
1565,Greenwich,E01001588,Greenwich 012A,0.012140584117822099
1566,Greenwich,E01001589,Greenwich 012B,0.0115373148417244
1567,Greenwich,E01001590,Greenwich 014A,0.011370782178587932
1568,Greenwich,E01001591,Greenwich 012C,0.011978073705152836
1569,Greenwich,E01001592,Greenwich 014B,0.011724627550197732
1570,Greenwich,E01001593,Greenwich 014C,0.011371700494730663
1571,Greenwich,E01001594,Greenwich 014D,0.010981093068434328
1572,Greenwich,E01001595,Greenwich 012D,0.010676511533824685
1573,Greenwich,E01001596,Greenwich 032A,0.012526023174438941
1574,Greenwich,E01001597,Greenwich 031A,0.011937770402564177
1575,Greenwich,E01001598,Greenwich 031B,0.012005190377910011
1576,Greenwich,E01001599,Greenwich 032B,0.012151450439728435
1577,Greenwich,E01001600,Greenwich 032C,0.012456603000048768
1578,Greenwich,E01001601,Greenwich 032D,0.01210598873094072
1579,Greenwich,E01001602,Greenwich 031C,0.011966645470608696
1580,Greenwich,E01001603,Greenwich 031D,0.012110253519821855
1581,Greenwich,E01001604,Greenwich 027A,0.012389356933033547
1582,Greenwich,E01001605,Greenwich 023A,0.013053467992055274
1583,Greenwich,E01001606,Greenwich 023B,0.013140113726794023
1584,Greenwich,E01001607,Greenwich 027B,0.012887749714056053
1585,Greenwich,E01001608,Greenwich 027C,0.012874102303415014
1586,Greenwich,E01001609,Greenwich 027D,0.01269100733640633
1587,Greenwich,E01001610,Greenwich 023C,0.012386354251572295
1588,Greenwich,E01001611,Greenwich 023D,0.01261893201002044
1589,Greenwich,E01001613,Greenwich 028A,0.01256522939917245
1590,Greenwich,E01001614,Greenwich 028B,0.012718760959259164
1591,Greenwich,E01001615,Greenwich 028C,0.012482153968973843
1592,Greenwich,E01001617,Greenwich 028D,0.012641322404145791
1593,Greenwich,E01001618,Greenwich 030C,0.012128073224991081
1594,Greenwich,E01001619,Greenwich 030D,0.012588647636688672
1595,Greenwich,E01001620,Greenwich 025A,0.012656514064521368
1596,Greenwich,E01001621,Greenwich 025B,0.0127652047444618
1597,Greenwich,E01001623,Greenwich 025C,0.011200598478239617
1598,Greenwich,E01001624,Greenwich 025D,0.012302071812175568
1599,Greenwich,E01001625,Greenwich 025E,0.012605709616872676
1600,Greenwich,E01001629,Greenwich 009A,0.011901875260335273
1601,Greenwich,E01001631,Greenwich 007B,0.011548741372965136
1602,Greenwich,E01001632,Greenwich 007C,0.011995799631006658
1603,Greenwich,E01001633,Greenwich 009B,0.01235568364076398
1604,Greenwich,E01001634,Greenwich 009C,0.012024177248260784
1605,Greenwich,E01001635,Greenwich 007D,0.012395366444922415
1606,Greenwich,E01001636,Greenwich 007E,0.012412424012703906
1607,Greenwich,E01001637,Greenwich 009D,0.012315581118950732
1608,Greenwich,E01001638,Greenwich 038A,0.012532724828573658
1609,Greenwich,E01001640,Greenwich 035A,0.011233871669314426
1610,Greenwich,E01001641,Greenwich 038B,0.01170791342915365
1611,Greenwich,E01001642,Greenwich 038C,0.012368862129538158
1612,Greenwich,E01001644,Greenwich 038D,0.012406360707812812
1613,Greenwich,E01001645,Greenwich 022A,0.011511461405553368
1614,Greenwich,E01001646,Greenwich 019A,0.012375129205993485
1615,Greenwich,E01001647,Greenwich 022B,0.011218818456054982
1616,Greenwich,E01001648,Greenwich 022C,0.01254559650568071
1617,Greenwich,E01001649,Greenwich 022D,0.012473925645955328
1618,Greenwich,E01001650,Greenwich 019B,0.012218899100481113
1619,Greenwich,E01001651,Greenwich 019C,0.012506173201051284
1620,Greenwich,E01001652,Greenwich 019D,0.011877510161715695
1621,Greenwich,E01001653,Greenwich 029A,0.011878231909178125
1622,Greenwich,E01001654,Greenwich 029B,0.011887569728708445
1623,Greenwich,E01001655,Greenwich 029C,0.012308718412858176
1624,Greenwich,E01001656,Greenwich 034A,0.012614156299271914
1625,Greenwich,E01001657,Greenwich 034B,0.0125238073514349
1626,Greenwich,E01001658,Greenwich 034C,0.011999811360583701
1627,Greenwich,E01001659,Greenwich 034D,0.012180822680748014
1628,Greenwich,E01001660,Greenwich 029D,0.01185868510252679
1629,Greenwich,E01001661,Greenwich 029E,0.012262275176013557
1630,Greenwich,E01001662,Greenwich 037A,0.012272613119100138
1631,Greenwich,E01001664,Greenwich 037B,0.012216523833415935
1632,Greenwich,E01001665,Greenwich 037C,0.013082511578534052
1633,Greenwich,E01001666,Greenwich 036A,0.011662624479973547
1634,Greenwich,E01001667,Greenwich 036B,0.012488240724559863
1635,Greenwich,E01001668,Greenwich 036C,0.011969704009083728
1636,Greenwich,E01001669,Greenwich 033A,0.012267758219784604
1637,Greenwich,E01001671,Greenwich 033B,0.01251546649621434
1638,Greenwich,E01001672,Greenwich 006A,0.012302509094211758
1639,Greenwich,E01001673,Greenwich 006B,0.011907304485305845
1640,Greenwich,E01001674,Greenwich 006C,0.012272547364641957
1641,Greenwich,E01001675,Greenwich 006D,0.012194579808353371
1642,Greenwich,E01001676,Greenwich 033C,0.012173844954693376
1643,Greenwich,E01001677,Greenwich 006E,0.012341851778059227
1644,Greenwich,E01001678,Greenwich 017A,0.012618223575609223
1645,Greenwich,E01001679,Greenwich 020A,0.012370370390898135
1646,Greenwich,E01001680,Greenwich 020B,0.012330589863801936
1647,Greenwich,E01001681,Greenwich 020C,0.012499574330431381
1648,Greenwich,E01001682,Greenwich 020D,0.012468205106223899
1649,Greenwich,E01001683,Greenwich 017B,0.01242638030643402
1650,Greenwich,E01001684,Greenwich 017C,0.012884523137200366
1651,Greenwich,E01001685,Greenwich 017D,0.012566663679315247
1652,Greenwich,E01001686,Greenwich 020E,0.012446637184748035
1653,Greenwich,E01001687,Greenwich 002A,0.011214614717141105
1654,Greenwich,E01001688,Greenwich 002B,0.011014767134340674
1655,Greenwich,E01001690,Greenwich 001A,0.011814111129484781
1656,Greenwich,E01001692,Greenwich 001B,0.011883725258146004
1657,Greenwich,E01001693,Greenwich 001C,0.012103264168092563
1658,Greenwich,E01001694,Greenwich 001D,0.012142088659413332
1659,Greenwich,E01001695,Greenwich 011A,0.012468808617973698
1660,Greenwich,E01001696,Greenwich 011B,0.013063790972388032
1661,Greenwich,E01001697,Greenwich 011C,0.013023030689104653
1662,Greenwich,E01001698,Greenwich 015A,0.012819566050770746
1663,Greenwich,E01001699,Greenwich 015B,0.012453007136426103
1664,Greenwich,E01001700,Greenwich 011D,0.012527706890063328
1665,Greenwich,E01001701,Greenwich 015C,0.012656456135930446
1666,Greenwich,E01001702,Greenwich 015D,0.012900092002693877
1667,Greenwich,E01001703,Greenwich 011E,0.012437271580811237
1668,Greenwich,E01001704,Greenwich 011F,0.0123255830087791
1669,Greenwich,E01001705,Greenwich 005A,0.013127921523908204
1670,Greenwich,E01001706,Greenwich 005B,0.012851503061025837
1671,Greenwich,E01001708,Greenwich 005C,0.01215240249129322
1672,Greenwich,E01001709,Greenwich 004B,0.011573030055707523
1673,Greenwich,E01001710,Greenwich 005D,0.012660163647312919
1674,Greenwich,E01001711,Greenwich 004C,0.012413486072200077
1675,Greenwich,E01001712,Greenwich 004D,0.012978185701206431
1676,Greenwich,E01001713,Greenwich 005E,0.012881673140406323
1677,Hackney,E01001714,Hackney 002A,0.012105891048715064
1678,Hackney,E01001715,Hackney 007A,0.012193168100758612
1679,Hackney,E01001716,Hackney 007B,0.012206922486018606
1680,Hackney,E01001717,Hackney 007C,0.012273375379023652
1681,Hackney,E01001718,Hackney 007D,0.012329608090684294
1682,Hackney,E01001719,Hackney 007E,0.012385206273374635
1683,Hackney,E01001720,Hackney 007F,0.01239571041118796
1684,Hackney,E01001722,Hackney 029A,0.012182402160217244
1685,Hackney,E01001723,Hackney 006A,0.013254665257346776
1686,Hackney,E01001724,Hackney 006B,0.012398328937588209
1687,Hackney,E01001725,Hackney 004A,0.01361600055903007
1688,Hackney,E01001726,Hackney 004B,0.012733477290893922
1689,Hackney,E01001727,Hackney 006C,0.013589028806486077
1690,Hackney,E01001728,Hackney 029B,0.012616108646478432
1691,Hackney,E01001729,Hackney 019A,0.01232637847795391
1692,Hackney,E01001730,Hackney 019B,0.012039576559088726
1693,Hackney,E01001731,Hackney 017A,0.011118009396115241
1694,Hackney,E01001732,Hackney 019C,0.011554186130316108
1695,Hackney,E01001733,Hackney 015A,0.01282977807828556
1696,Hackney,E01001734,Hackney 017B,0.011004198218321132
1697,Hackney,E01001735,Hackney 019D,0.010686759604863266
1698,Hackney,E01001736,Hackney 012A,0.012328088231378409
1699,Hackney,E01001737,Hackney 012B,0.012371841788347802
1700,Hackney,E01001738,Hackney 012C,0.012408501297010691
1701,Hackney,E01001739,Hackney 012D,0.012497412298705171
1702,Hackney,E01001740,Hackney 014A,0.012419968427384132
1703,Hackney,E01001741,Hackney 009A,0.012346179820107002
1704,Hackney,E01001742,Hackney 008A,0.012453343565239078
1705,Hackney,E01001744,Hackney 021B,0.01243841317529412
1706,Hackney,E01001745,Hackney 016A,0.013094789597957802
1707,Hackney,E01001746,Hackney 016B,0.013170174394087701
1708,Hackney,E01001747,Hackney 014B,0.012140208625426885
1709,Hackney,E01001748,Hackney 020A,0.012005955276701157
1710,Hackney,E01001749,Hackney 020B,0.012411686381577988
1711,Hackney,E01001750,Hackney 021C,0.012213331106176752
1712,Hackney,E01001751,Hackney 021D,0.012689938095058006
1713,Hackney,E01001752,Hackney 025A,0.012420461804760453
1714,Hackney,E01001753,Hackney 025B,0.012300247395620812
1715,Hackney,E01001754,Hackney 025C,0.01236490532065497
1716,Hackney,E01001755,Hackney 025D,0.01236408305496743
1717,Hackney,E01001756,Hackney 021E,0.012367369268586602
1718,Hackney,E01001757,Hackney 016C,0.010840278886504991
1719,Hackney,E01001758,Hackney 016D,0.011656445226678809
1720,Hackney,E01001759,Hackney 016E,0.012556626748382227
1721,Hackney,E01001760,Hackney 017C,0.010678300598276444
1722,Hackney,E01001761,Hackney 016F,0.012105972711667601
1723,Hackney,E01001762,Hackney 017D,0.011644347206697707
1724,Hackney,E01001763,Hackney 020C,0.011956861876273555
1725,Hackney,E01001764,Hackney 010A,0.012302864632305021
1726,Hackney,E01001765,Hackney 010B,0.011311637725842235
1727,Hackney,E01001767,Hackney 010D,0.011004138477183298
1728,Hackney,E01001768,Hackney 006D,0.012479493080364695
1729,Hackney,E01001769,Hackney 006E,0.012722597273491424
1730,Hackney,E01001770,Hackney 010E,0.010593812281945602
1731,Hackney,E01001772,Hackney 024A,0.012044081474190694
1732,Hackney,E01001773,Hackney 025E,0.012341913942158358
1733,Hackney,E01001774,Hackney 024B,0.011997478752937404
1734,Hackney,E01001775,Hackney 024C,0.012439427831078414
1735,Hackney,E01001776,Hackney 025F,0.012184722632691818
1736,Hackney,E01001777,Hackney 027B,0.011850607470564538
1737,Hackney,E01001779,Hackney 026A,0.011604078684114545
1738,Hackney,E01001780,Hackney 027D,0.011457018010091254
1739,Hackney,E01001781,Hackney 026B,0.012151606820339845
1740,Hackney,E01001782,Hackney 026C,0.011839702927542044
1741,Hackney,E01001783,Hackney 026D,0.011773582207402503
1742,Hackney,E01001784,Hackney 027E,0.011906817247733579
1743,Hackney,E01001785,Hackney 015B,0.013794862629348668
1744,Hackney,E01001786,Hackney 013A,0.012892179203491805
1745,Hackney,E01001787,Hackney 013B,0.01313907039679331
1746,Hackney,E01001788,Hackney 013C,0.013370511666117255
1747,Hackney,E01001789,Hackney 015C,0.012829501491868626
1748,Hackney,E01001790,Hackney 013D,0.01290813360936881
1749,Hackney,E01001791,Hackney 015D,0.013790592995558786
1750,Hackney,E01001792,Hackney 011A,0.010392937616500364
1751,Hackney,E01001793,Hackney 011B,0.011381313241191883
1752,Hackney,E01001794,Hackney 011C,0.01027391893084668
1753,Hackney,E01001795,Hackney 011D,0.01056233985264289
1754,Hackney,E01001796,Hackney 011E,0.012186511292582974
1755,Hackney,E01001798,Hackney 028A,0.009498607038299245
1756,Hackney,E01001799,Hackney 003A,0.012588735316903634
1757,Hackney,E01001800,Hackney 004C,0.012545066192193735
1758,Hackney,E01001801,Hackney 008B,0.012178277185114486
1759,Hackney,E01001802,Hackney 003B,0.012226100657504868
1760,Hackney,E01001803,Hackney 008C,0.012207900279860618
1761,Hackney,E01001804,Hackney 003C,0.012133158243668665
1762,Hackney,E01001805,Hackney 009B,0.012299380602432844
1763,Hackney,E01001806,Hackney 008D,0.012295262642348254
1764,Hackney,E01001807,Hackney 003D,0.013191460096979456
1765,Hackney,E01001808,Hackney 001A,0.013136202065796779
1766,Hackney,E01001809,Hackney 001B,0.013211555351701107
1767,Hackney,E01001811,Hackney 002D,0.013140254523680995
1768,Hackney,E01001812,Hackney 003E,0.01249380476350368
1769,Hackney,E01001813,Hackney 002E,0.012115563538269406
1770,Hackney,E01001814,Hackney 001C,0.01393590364063354
1771,Hackney,E01001815,Hackney 024D,0.011430333168127261
1772,Hackney,E01001816,Hackney 020D,0.011803478988053855
1773,Hackney,E01001819,Hackney 020E,0.01156057545855926
1774,Hackney,E01001820,Hackney 024E,0.011945696740603648
1775,Hackney,E01001821,Hackney 024F,0.01204377144090525
1776,Hackney,E01001822,Hackney 029C,0.01023552275589598
1777,Hackney,E01001823,Hackney 001D,0.012681203144895055
1778,Hackney,E01001824,Hackney 004D,0.01265671777250875
1779,Hackney,E01001825,Hackney 001E,0.01395411693945495
1780,Hackney,E01001826,Hackney 004E,0.013923612169515598
1781,Hackney,E01001827,Hackney 029D,0.01026719131605403
1782,Hackney,E01001828,Hackney 028B,0.009073799135036963
1783,Hackney,E01001829,Hackney 009C,0.012217694025529045
1784,Hackney,E01001830,Hackney 014C,0.01211090136812923
1785,Hackney,E01001831,Hackney 009D,0.012097094873813101
1786,Hackney,E01001832,Hackney 009E,0.011867643998376743
1787,Hackney,E01001833,Hackney 014D,0.011896084976226401
1788,Hackney,E01001834,Hackney 014E,0.012064339416007576
1789,Hackney,E01001835,Hackney 014F,0.012178472522795185
1790,Hackney,E01001836,Hackney 022A,0.01205294916169743
1791,Hackney,E01001837,Hackney 023B,0.012370821599819894
1792,Hackney,E01001838,Hackney 019E,0.01129879453438183
1793,Hackney,E01001839,Hackney 023C,0.011061480881529865
1794,Hackney,E01001840,Hackney 022B,0.011258815787160677
1795,Hackney,E01001841,Hackney 022C,0.012153406064721055
1796,Hackney,E01001842,Hackney 023D,0.011525561391158706
1797,Hackney,E01001843,Hackney 023E,0.01187109539089895
1798,Hackney,E01001844,Hackney 022D,0.012133507232207791
1799,Hackney,E01001845,Hackney 022E,0.01281513243094414
1800,Hackney,E01001846,Hackney 018A,0.011919848438010517
1801,Hackney,E01001847,Hackney 018B,0.012844010343945894
1802,Hackney,E01001848,Hackney 018C,0.012742371640129634
1803,Hackney,E01001849,Hackney 018D,0.012078490677820616
1804,Hackney,E01001850,Hackney 019F,0.012737258099100618
1805,Hammersmith and Fulham,E01001851,Hammersmith and Fulham 010A,0.012165117297151367
1806,Hammersmith and Fulham,E01001852,Hammersmith and Fulham 007A,0.012306890231987607
1807,Hammersmith and Fulham,E01001853,Hammersmith and Fulham 007B,0.011975346348973674
1808,Hammersmith and Fulham,E01001854,Hammersmith and Fulham 007C,0.012227844776261711
1809,Hammersmith and Fulham,E01001855,Hammersmith and Fulham 010B,0.012125636467034014
1810,Hammersmith and Fulham,E01001856,Hammersmith and Fulham 010C,0.012158638016818867
1811,Hammersmith and Fulham,E01001857,Hammersmith and Fulham 007D,0.012255343798323147
1812,Hammersmith and Fulham,E01001858,Hammersmith and Fulham 006A,0.011641283716171607
1813,Hammersmith and Fulham,E01001859,Hammersmith and Fulham 008A,0.01194203187793871
1814,Hammersmith and Fulham,E01001860,Hammersmith and Fulham 006B,0.011692879609972208
1815,Hammersmith and Fulham,E01001861,Hammersmith and Fulham 006C,0.012007672236993939
1816,Hammersmith and Fulham,E01001862,Hammersmith and Fulham 005A,0.011322904968399623
1817,Hammersmith and Fulham,E01001863,Hammersmith and Fulham 006D,0.011625294667898951
1818,Hammersmith and Fulham,E01001864,Hammersmith and Fulham 006E,0.011790679141838928
1819,Hammersmith and Fulham,E01001865,Hammersmith and Fulham 008B,0.012047885806305045
1820,Hammersmith and Fulham,E01001866,Hammersmith and Fulham 012A,0.012283242094578175
1821,Hammersmith and Fulham,E01001867,Hammersmith and Fulham 012B,0.012677935325601731
1822,Hammersmith and Fulham,E01001868,Hammersmith and Fulham 012C,0.012440567559605662
1823,Hammersmith and Fulham,E01001869,Hammersmith and Fulham 010D,0.012199538897165478
1824,Hammersmith and Fulham,E01001870,Hammersmith and Fulham 012D,0.01265355250663222
1825,Hammersmith and Fulham,E01001871,Hammersmith and Fulham 012E,0.01247693399622525
1826,Hammersmith and Fulham,E01001872,Hammersmith and Fulham 012F,0.01280153762512002
1827,Hammersmith and Fulham,E01001873,Hammersmith and Fulham 010E,0.012144717088400512
1828,Hammersmith and Fulham,E01001874,Hammersmith and Fulham 001A,0.011956327358907679
1829,Hammersmith and Fulham,E01001875,Hammersmith and Fulham 001B,0.012014038747898862
1830,Hammersmith and Fulham,E01001876,Hammersmith and Fulham 001C,0.011448623292006802
1831,Hammersmith and Fulham,E01001877,Hammersmith and Fulham 001D,0.011933391908337976
1832,Hammersmith and Fulham,E01001878,Hammersmith and Fulham 001E,0.011997498657133966
1833,Hammersmith and Fulham,E01001879,Hammersmith and Fulham 019A,0.011881626357534748
1834,Hammersmith and Fulham,E01001880,Hammersmith and Fulham 017A,0.011404682760641348
1835,Hammersmith and Fulham,E01001881,Hammersmith and Fulham 017B,0.011660777734301903
1836,Hammersmith and Fulham,E01001882,Hammersmith and Fulham 017C,0.011876777706395732
1837,Hammersmith and Fulham,E01001883,Hammersmith and Fulham 017D,0.011075576832531167
1838,Hammersmith and Fulham,E01001884,Hammersmith and Fulham 017E,0.010968185865668207
1839,Hammersmith and Fulham,E01001885,Hammersmith and Fulham 015A,0.01134117534256667
1840,Hammersmith and Fulham,E01001886,Hammersmith and Fulham 016A,0.011662970753846782
1841,Hammersmith and Fulham,E01001887,Hammersmith and Fulham 016B,0.0117546299163708
1842,Hammersmith and Fulham,E01001888,Hammersmith and Fulham 018A,0.012101471162051177
1843,Hammersmith and Fulham,E01001889,Hammersmith and Fulham 014A,0.012506678566049877
1844,Hammersmith and Fulham,E01001890,Hammersmith and Fulham 016C,0.012013726688022742
1845,Hammersmith and Fulham,E01001891,Hammersmith and Fulham 018B,0.012084551527587152
1846,Hammersmith and Fulham,E01001892,Hammersmith and Fulham 016D,0.01190138111491266
1847,Hammersmith and Fulham,E01001893,Hammersmith and Fulham 013A,0.012559704647168267
1848,Hammersmith and Fulham,E01001894,Hammersmith and Fulham 013B,0.012307340174422627
1849,Hammersmith and Fulham,E01001895,Hammersmith and Fulham 009A,0.011584608966345828
1850,Hammersmith and Fulham,E01001896,Hammersmith and Fulham 009B,0.011757806087971317
1851,Hammersmith and Fulham,E01001897,Hammersmith and Fulham 009C,0.011797692511638166
1852,Hammersmith and Fulham,E01001898,Hammersmith and Fulham 013C,0.01229740080880615
1853,Hammersmith and Fulham,E01001899,Hammersmith and Fulham 013D,0.01211729241391775
1854,Hammersmith and Fulham,E01001900,Hammersmith and Fulham 013E,0.012710910140854187
1855,Hammersmith and Fulham,E01001901,Hammersmith and Fulham 019B,0.012009086534991545
1856,Hammersmith and Fulham,E01001902,Hammersmith and Fulham 019C,0.011927072775949586
1857,Hammersmith and Fulham,E01001903,Hammersmith and Fulham 019D,0.012010122441097042
1858,Hammersmith and Fulham,E01001904,Hammersmith and Fulham 022A,0.011953307993525912
1859,Hammersmith and Fulham,E01001905,Hammersmith and Fulham 022B,0.01187400339440778
1860,Hammersmith and Fulham,E01001906,Hammersmith and Fulham 022C,0.011880271465931095
1861,Hammersmith and Fulham,E01001907,Hammersmith and Fulham 022D,0.011792362373752916
1862,Hammersmith and Fulham,E01001908,Hammersmith and Fulham 015B,0.012289624917102778
1863,Hammersmith and Fulham,E01001909,Hammersmith and Fulham 015C,0.011586030458714574
1864,Hammersmith and Fulham,E01001910,Hammersmith and Fulham 014B,0.012449949571279687
1865,Hammersmith and Fulham,E01001911,Hammersmith and Fulham 015D,0.012373084281563845
1866,Hammersmith and Fulham,E01001912,Hammersmith and Fulham 015E,0.011735167900311908
1867,Hammersmith and Fulham,E01001913,Hammersmith and Fulham 014C,0.0115651048247844
1868,Hammersmith and Fulham,E01001914,Hammersmith and Fulham 014D,0.012676261224263886
1869,Hammersmith and Fulham,E01001915,Hammersmith and Fulham 024A,0.011855553899716705
1870,Hammersmith and Fulham,E01001916,Hammersmith and Fulham 024B,0.012000502721346253
1871,Hammersmith and Fulham,E01001917,Hammersmith and Fulham 018C,0.012125244216605418
1872,Hammersmith and Fulham,E01001918,Hammersmith and Fulham 018D,0.011878142247947008
1873,Hammersmith and Fulham,E01001919,Hammersmith and Fulham 018E,0.01169534262394197
1874,Hammersmith and Fulham,E01001920,Hammersmith and Fulham 020A,0.011680827603026805
1875,Hammersmith and Fulham,E01001921,Hammersmith and Fulham 020B,0.011656307657475488
1876,Hammersmith and Fulham,E01001922,Hammersmith and Fulham 020C,0.0117412417852739
1877,Hammersmith and Fulham,E01001923,Hammersmith and Fulham 020D,0.011707070173772616
1878,Hammersmith and Fulham,E01001924,Hammersmith and Fulham 020E,0.011731814049786394
1879,Hammersmith and Fulham,E01001925,Hammersmith and Fulham 025A,0.011790482149107112
1880,Hammersmith and Fulham,E01001926,Hammersmith and Fulham 024C,0.011849234538502845
1881,Hammersmith and Fulham,E01001927,Hammersmith and Fulham 008C,0.011896117950520039
1882,Hammersmith and Fulham,E01001928,Hammersmith and Fulham 011A,0.011744939051578186
1883,Hammersmith and Fulham,E01001929,Hammersmith and Fulham 009D,0.011775868741120972
1884,Hammersmith and Fulham,E01001930,Hammersmith and Fulham 008D,0.011861895363397986
1885,Hammersmith and Fulham,E01001931,Hammersmith and Fulham 011B,0.011723196733323784
1886,Hammersmith and Fulham,E01001932,Hammersmith and Fulham 011C,0.012039697537207874
1887,Hammersmith and Fulham,E01001933,Hammersmith and Fulham 011D,0.011781656344552756
1888,Hammersmith and Fulham,E01001934,Hammersmith and Fulham 025B,0.012020161252548964
1889,Hammersmith and Fulham,E01001935,Hammersmith and Fulham 023A,0.012307584907571159
1890,Hammersmith and Fulham,E01001937,Hammersmith and Fulham 025C,0.012295491503473869
1891,Hammersmith and Fulham,E01001938,Hammersmith and Fulham 025D,0.012799388070994285
1892,Hammersmith and Fulham,E01001939,Hammersmith and Fulham 023C,0.011775961873964142
1893,Hammersmith and Fulham,E01001940,Hammersmith and Fulham 005B,0.01145684492843769
1894,Hammersmith and Fulham,E01001941,Hammersmith and Fulham 005C,0.011782125235855886
1895,Hammersmith and Fulham,E01001942,Hammersmith and Fulham 005D,0.011231153877036219
1896,Hammersmith and Fulham,E01001943,Hammersmith and Fulham 004A,0.012365419837963739
1897,Hammersmith and Fulham,E01001944,Hammersmith and Fulham 004B,0.012964026101125209
1898,Hammersmith and Fulham,E01001945,Hammersmith and Fulham 004C,0.011216039434816076
1899,Hammersmith and Fulham,E01001946,Hammersmith and Fulham 004D,0.011459768192839044
1900,Hammersmith and Fulham,E01001947,Hammersmith and Fulham 021A,0.011915088334753306
1901,Hammersmith and Fulham,E01001948,Hammersmith and Fulham 021B,0.011966773651581445
1902,Hammersmith and Fulham,E01001949,Hammersmith and Fulham 021C,0.012046452200464342
1903,Hammersmith and Fulham,E01001950,Hammersmith and Fulham 021D,0.011980959352250953
1904,Hammersmith and Fulham,E01001951,Hammersmith and Fulham 021E,0.01184076885594844
1905,Hammersmith and Fulham,E01001952,Hammersmith and Fulham 024D,0.011978676792327994
1906,Hammersmith and Fulham,E01001953,Hammersmith and Fulham 021F,0.011827895134589088
1907,Hammersmith and Fulham,E01001954,Hammersmith and Fulham 003A,0.011508966829746486
1908,Hammersmith and Fulham,E01001955,Hammersmith and Fulham 002A,0.011226924067331511
1909,Hammersmith and Fulham,E01001956,Hammersmith and Fulham 003B,0.01176611033134278
1910,Hammersmith and Fulham,E01001957,Hammersmith and Fulham 002B,0.011119206907637184
1911,Hammersmith and Fulham,E01001958,Hammersmith and Fulham 002C,0.01092254056119877
1912,Hammersmith and Fulham,E01001959,Hammersmith and Fulham 003C,0.011852026303818253
1913,Hammersmith and Fulham,E01001960,Hammersmith and Fulham 003D,0.011156770677558433
1914,Hammersmith and Fulham,E01001961,Hammersmith and Fulham 002D,0.010906374775598146
1915,Haringey,E01001962,Haringey 004A,0.01235754338616249
1916,Haringey,E01001963,Haringey 009A,0.012673333298977057
1917,Haringey,E01001964,Haringey 009B,0.012206480093263406
1918,Haringey,E01001965,Haringey 009C,0.012899289080516808
1919,Haringey,E01001966,Haringey 009D,0.01264052506896112
1920,Haringey,E01001967,Haringey 014A,0.013138649107705925
1921,Haringey,E01001968,Haringey 014B,0.012727569681200479
1922,Haringey,E01001969,Haringey 001A,0.012688121612997521
1923,Haringey,E01001970,Haringey 004B,0.012816366715699438
1924,Haringey,E01001971,Haringey 001B,0.01267295720283647
1925,Haringey,E01001972,Haringey 004C,0.01282680472415561
1926,Haringey,E01001973,Haringey 004D,0.01212887851448813
1927,Haringey,E01001974,Haringey 001C,0.012720626848731105
1928,Haringey,E01001975,Haringey 001D,0.012678745813246215
1929,Haringey,E01001976,Haringey 011A,0.011802426472719273
1930,Haringey,E01001977,Haringey 011B,0.011906366684770645
1931,Haringey,E01001978,Haringey 011C,0.011739305348472395
1932,Haringey,E01001979,Haringey 011D,0.011633499377352335
1933,Haringey,E01001980,Haringey 018A,0.01202862393507088
1934,Haringey,E01001981,Haringey 018B,0.011854638652944706
1935,Haringey,E01001982,Haringey 018C,0.011972914933372554
1936,Haringey,E01001983,Haringey 018D,0.012099753800811096
1937,Haringey,E01001984,Haringey 033A,0.012459967539403588
1938,Haringey,E01001985,Haringey 033B,0.011659402245350035
1939,Haringey,E01001986,Haringey 034A,0.012743305586906084
1940,Haringey,E01001987,Haringey 033C,0.01238136935928724
1941,Haringey,E01001988,Haringey 034B,0.012669494038896615
1942,Haringey,E01001989,Haringey 033D,0.01271364493888329
1943,Haringey,E01001990,Haringey 034C,0.012181988434115741
1944,Haringey,E01001991,Haringey 017A,0.012698058992743512
1945,Haringey,E01001992,Haringey 017B,0.01306419258339258
1946,Haringey,E01001993,Haringey 017C,0.012304092649258302
1947,Haringey,E01001994,Haringey 030A,0.01231022691743073
1948,Haringey,E01001995,Haringey 017D,0.013512958962910722
1949,Haringey,E01001996,Haringey 014C,0.012771693939902332
1950,Haringey,E01001997,Haringey 014D,0.012557108421754856
1951,Haringey,E01001998,Haringey 023A,0.01184619923374895
1952,Haringey,E01001999,Haringey 023B,0.012192669406610353
1953,Haringey,E01002000,Haringey 031A,0.011930742711021758
1954,Haringey,E01002001,Haringey 031B,0.011949018842494594
1955,Haringey,E01002002,Haringey 031C,0.012022642639078835
1956,Haringey,E01002003,Haringey 023C,0.011939432907540326
1957,Haringey,E01002004,Haringey 023D,0.012007397703466127
1958,Haringey,E01002005,Haringey 035A,0.012260768168851525
1959,Haringey,E01002006,Haringey 035B,0.012010631943845655
1960,Haringey,E01002007,Haringey 035C,0.01188596087340287
1961,Haringey,E01002008,Haringey 030B,0.012162355006325648
1962,Haringey,E01002009,Haringey 035D,0.011926597490446625
1963,Haringey,E01002010,Haringey 030C,0.0120894321991368
1964,Haringey,E01002011,Haringey 030D,0.012452536313473695
1965,Haringey,E01002013,Haringey 022A,0.01176532053632204
1966,Haringey,E01002014,Haringey 020B,0.011642576968719433
1967,Haringey,E01002015,Haringey 020C,0.011773000949060376
1968,Haringey,E01002016,Haringey 028A,0.011643881217313414
1969,Haringey,E01002017,Haringey 028B,0.011766786668308795
1970,Haringey,E01002018,Haringey 020D,0.011565938877684924
1971,Haringey,E01002019,Haringey 022B,0.013079428404780158
1972,Haringey,E01002020,Haringey 021A,0.012787862737570951
1973,Haringey,E01002021,Haringey 022C,0.012017829491074496
1974,Haringey,E01002022,Haringey 021B,0.01239409351810617
1975,Haringey,E01002023,Haringey 021C,0.012942621867886844
1976,Haringey,E01002024,Haringey 022D,0.011967180623830646
1977,Haringey,E01002025,Haringey 021D,0.013098915157557752
1978,Haringey,E01002026,Haringey 016A,0.011804648968002856
1979,Haringey,E01002027,Haringey 010A,0.011997875585164313
1980,Haringey,E01002028,Haringey 010B,0.011898033972223379
1981,Haringey,E01002029,Haringey 016B,0.011589095284329127
1982,Haringey,E01002030,Haringey 016C,0.011371778165312702
1983,Haringey,E01002031,Haringey 016D,0.011715302235140184
1984,Haringey,E01002032,Haringey 010C,0.011842092161779153
1985,Haringey,E01002033,Haringey 010D,0.011903638585836838
1986,Haringey,E01002034,Haringey 037A,0.011984354609475788
1987,Haringey,E01002036,Haringey 002A,0.011785035696885238
1988,Haringey,E01002037,Haringey 002B,0.011829852393972173
1989,Haringey,E01002038,Haringey 037B,0.01196142000477841
1990,Haringey,E01002039,Haringey 002C,0.01174450366885111
1991,Haringey,E01002040,Haringey 002D,0.011768484310518253
1992,Haringey,E01002041,Haringey 037C,0.01184475081999113
1993,Haringey,E01002042,Haringey 027A,0.012173117550506178
1994,Haringey,E01002043,Haringey 026A,0.01222380007618399
1995,Haringey,E01002044,Haringey 027B,0.012111052777947303
1996,Haringey,E01002045,Haringey 026B,0.012382988911018111
1997,Haringey,E01002046,Haringey 026C,0.012480241433666344
1998,Haringey,E01002047,Haringey 027C,0.012035853498808865
1999,Haringey,E01002048,Haringey 027D,0.012129451251667579
2000,Haringey,E01002049,Haringey 026D,0.012178999510410446
2001,Haringey,E01002050,Haringey 029A,0.013595436103893934
2002,Haringey,E01002051,Haringey 029B,0.012831964116042411
2003,Haringey,E01002052,Haringey 029C,0.013174579058682802
2004,Haringey,E01002053,Haringey 032A,0.012926971836919546
2005,Haringey,E01002054,Haringey 032B,0.012588168743362299
2006,Haringey,E01002055,Haringey 029D,0.013277514054749265
2007,Haringey,E01002056,Haringey 032C,0.012494802386998658
2008,Haringey,E01002057,Haringey 032D,0.012147796322752522
2009,Haringey,E01002058,Haringey 031D,0.012034463856798044
2010,Haringey,E01002059,Haringey 028C,0.011933044235737067
2011,Haringey,E01002060,Haringey 028D,0.012218455137419933
2012,Haringey,E01002061,Haringey 036A,0.01213264189028395
2013,Haringey,E01002062,Haringey 034D,0.012652234907721967
2014,Haringey,E01002063,Haringey 036B,0.012251556671377494
2015,Haringey,E01002064,Haringey 036C,0.012278568406479257
2016,Haringey,E01002065,Haringey 036D,0.012153505956095816
2017,Haringey,E01002066,Haringey 025A,0.011999535168695294
2018,Haringey,E01002067,Haringey 024A,0.012083538270609937
2019,Haringey,E01002068,Haringey 025B,0.011853891910189804
2020,Haringey,E01002069,Haringey 024B,0.011975045596319863
2021,Haringey,E01002070,Haringey 024C,0.012074921411988689
2022,Haringey,E01002071,Haringey 025C,0.012036030834239382
2023,Haringey,E01002072,Haringey 025D,0.012712776674272674
2024,Haringey,E01002073,Haringey 024D,0.012284165061033029
2025,Haringey,E01002074,Haringey 012A,0.011850494400846826
2026,Haringey,E01002075,Haringey 015A,0.011791663078506954
2027,Haringey,E01002076,Haringey 015B,0.011103105957723345
2028,Haringey,E01002077,Haringey 012B,0.011800730594268132
2029,Haringey,E01002078,Haringey 015C,0.009886921577558307
2030,Haringey,E01002079,Haringey 012C,0.011575181325178683
2031,Haringey,E01002080,Haringey 015D,0.011040247021572318
2032,Haringey,E01002081,Haringey 012D,0.012023300588951864
2033,Haringey,E01002082,Haringey 013A,0.011826323276604028
2034,Haringey,E01002083,Haringey 019A,0.011996565894894198
2035,Haringey,E01002084,Haringey 019B,0.012001751251987911
2036,Haringey,E01002085,Haringey 019C,0.012035127608591824
2037,Haringey,E01002086,Haringey 013B,0.01203921327820101
2038,Haringey,E01002087,Haringey 019D,0.01209731746137459
2039,Haringey,E01002088,Haringey 013C,0.011836742471486644
2040,Haringey,E01002089,Haringey 013D,0.011913590313556386
2041,Haringey,E01002090,Haringey 005A,0.012408393340686769
2042,Haringey,E01002091,Haringey 006A,0.012681602548842688
2043,Haringey,E01002092,Haringey 006B,0.012484745995309058
2044,Haringey,E01002093,Haringey 005B,0.012217108955889358
2045,Haringey,E01002094,Haringey 006C,0.012004610693527894
2046,Haringey,E01002095,Haringey 006D,0.01188182289854519
2047,Haringey,E01002096,Haringey 005C,0.011878007989028553
2048,Haringey,E01002097,Haringey 005D,0.0117545756103275
2049,Haringey,E01002098,Haringey 007A,0.01238014553467826
2050,Haringey,E01002099,Haringey 008A,0.011961734855640284
2051,Haringey,E01002100,Haringey 008B,0.011733999765670642
2052,Haringey,E01002101,Haringey 007B,0.012439993481221734
2053,Haringey,E01002102,Haringey 007C,0.012340945700586064
2054,Haringey,E01002103,Haringey 008C,0.011791327197813515
2055,Haringey,E01002104,Haringey 008D,0.011834397127253662
2056,Haringey,E01002105,Haringey 007D,0.012170561904712133
2057,Harrow,E01002106,Harrow 008A,0.011539602104872234
2058,Harrow,E01002107,Harrow 012A,0.010968625976213897
2059,Harrow,E01002108,Harrow 008B,0.011183987653872638
2060,Harrow,E01002109,Harrow 008C,0.0118806452874309
2061,Harrow,E01002110,Harrow 008D,0.010381383226208676
2062,Harrow,E01002111,Harrow 008E,0.011267234907815723
2063,Harrow,E01002112,Harrow 001A,0.012028454389514399
2064,Harrow,E01002113,Harrow 002A,0.011394629032143532
2065,Harrow,E01002114,Harrow 001B,0.011966286576739595
2066,Harrow,E01002115,Harrow 002B,0.011957317577590188
2067,Harrow,E01002116,Harrow 002C,0.01307916074671867
2068,Harrow,E01002117,Harrow 002D,0.01101993187915103
2069,Harrow,E01002118,Harrow 002E,0.01230107618596752
2070,Harrow,E01002119,Harrow 007A,0.01391612192211736
2071,Harrow,E01002120,Harrow 007B,0.013085872118298373
2072,Harrow,E01002121,Harrow 007C,0.013318493482674625
2073,Harrow,E01002122,Harrow 007D,0.013427835716230237
2074,Harrow,E01002123,Harrow 007E,0.012532604132091483
2075,Harrow,E01002124,Harrow 010A,0.012779372410784404
2076,Harrow,E01002125,Harrow 010B,0.012702932824704891
2077,Harrow,E01002126,Harrow 023A,0.011138402234899399
2078,Harrow,E01002127,Harrow 023B,0.011399394750260366
2079,Harrow,E01002128,Harrow 020A,0.011235563374383282
2080,Harrow,E01002129,Harrow 023C,0.011435431126987741
2081,Harrow,E01002130,Harrow 020B,0.011458992274659161
2082,Harrow,E01002131,Harrow 023D,0.011471039350170633
2083,Harrow,E01002132,Harrow 029A,0.011340061575848336
2084,Harrow,E01002133,Harrow 027A,0.011432744545044308
2085,Harrow,E01002134,Harrow 029B,0.011566645410150114
2086,Harrow,E01002135,Harrow 029C,0.010375857279278453
2087,Harrow,E01002136,Harrow 027B,0.011481771587408136
2088,Harrow,E01002137,Harrow 029D,0.01144690913895887
2089,Harrow,E01002138,Harrow 027C,0.011582958370968267
2090,Harrow,E01002139,Harrow 006A,0.011598906129189067
2091,Harrow,E01002140,Harrow 005A,0.011713150628198622
2092,Harrow,E01002141,Harrow 005B,0.012122480560712174
2093,Harrow,E01002142,Harrow 005C,0.011916300269000722
2094,Harrow,E01002143,Harrow 005D,0.011810357719635688
2095,Harrow,E01002144,Harrow 004A,0.011824371438815828
2096,Harrow,E01002145,Harrow 005E,0.01228278395538937
2097,Harrow,E01002146,Harrow 004B,0.011386761822314725
2098,Harrow,E01002147,Harrow 004C,0.011398299779102138
2099,Harrow,E01002148,Harrow 006B,0.011759048568681214
2100,Harrow,E01002149,Harrow 004D,0.011962975319655851
2101,Harrow,E01002150,Harrow 006C,0.012020935651161734
2102,Harrow,E01002151,Harrow 006D,0.011835658547965726
2103,Harrow,E01002152,Harrow 006E,0.012172319848644744
2104,Harrow,E01002153,Harrow 019A,0.011416642740428924
2105,Harrow,E01002154,Harrow 015A,0.011859642757447676
2106,Harrow,E01002155,Harrow 019B,0.012413669828614192
2107,Harrow,E01002156,Harrow 015B,0.012285488702434821
2108,Harrow,E01002157,Harrow 019C,0.011812813076971124
2109,Harrow,E01002158,Harrow 019D,0.012017152016770364
2110,Harrow,E01002159,Harrow 021A,0.011361065604051883
2111,Harrow,E01002160,Harrow 021B,0.011315392368185136
2112,Harrow,E01002161,Harrow 021C,0.011707901447189504
2113,Harrow,E01002162,Harrow 015C,0.011736262075057107
2114,Harrow,E01002163,Harrow 015D,0.011751014675537866
2115,Harrow,E01002164,Harrow 021D,0.011491687287464174
2116,Harrow,E01002165,Harrow 017A,0.012740199882067873
2117,Harrow,E01002166,Harrow 017B,0.01251762034134348
2118,Harrow,E01002167,Harrow 017C,0.012618103637411004
2119,Harrow,E01002168,Harrow 017D,0.011963181905104316
2120,Harrow,E01002169,Harrow 017E,0.012442428490669193
2121,Harrow,E01002170,Harrow 033A,0.011351878640611632
2122,Harrow,E01002171,Harrow 033B,0.011782762933806198
2123,Harrow,E01002172,Harrow 033C,0.011072894751616739
2124,Harrow,E01002173,Harrow 033D,0.01129554160049093
2125,Harrow,E01002174,Harrow 033E,0.01116574907570365
2126,Harrow,E01002175,Harrow 033F,0.011320617900197817
2127,Harrow,E01002176,Harrow 033G,0.011530392541552359
2128,Harrow,E01002177,Harrow 033H,0.011045106442978622
2129,Harrow,E01002178,Harrow 033I,0.010978030124714128
2130,Harrow,E01002179,Harrow 013A,0.011532682584975418
2131,Harrow,E01002180,Harrow 013B,0.011294969341661737
2132,Harrow,E01002181,Harrow 020C,0.011628920072788962
2133,Harrow,E01002182,Harrow 020D,0.011273586069997114
2134,Harrow,E01002183,Harrow 013C,0.011532679215784748
2135,Harrow,E01002184,Harrow 013D,0.011259400164548879
2136,Harrow,E01002185,Harrow 009A,0.011413877846816108
2137,Harrow,E01002186,Harrow 009B,0.011592671355612167
2138,Harrow,E01002187,Harrow 009C,0.012013862380980256
2139,Harrow,E01002188,Harrow 016A,0.012435664808206395
2140,Harrow,E01002189,Harrow 016B,0.012640172631052667
2141,Harrow,E01002190,Harrow 009D,0.011778500068300696
2142,Harrow,E01002191,Harrow 022A,0.011621933378569019
2143,Harrow,E01002192,Harrow 016C,0.012007568696629774
2144,Harrow,E01002193,Harrow 016D,0.012214416329486912
2145,Harrow,E01002194,Harrow 022B,0.012059082956643851
2146,Harrow,E01002195,Harrow 022C,0.0116469085894953
2147,Harrow,E01002196,Harrow 022D,0.011538962444118117
2148,Harrow,E01002197,Harrow 012B,0.0110204173583301
2149,Harrow,E01002198,Harrow 010C,0.012590130669363606
2150,Harrow,E01002199,Harrow 012C,0.011164886971059728
2151,Harrow,E01002200,Harrow 010D,0.011395170315353765
2152,Harrow,E01002201,Harrow 012D,0.011586394273653756
2153,Harrow,E01002202,Harrow 012E,0.011910527542972262
2154,Harrow,E01002203,Harrow 010E,0.011227672461726913
2155,Harrow,E01002204,Harrow 032A,0.011727000218922768
2156,Harrow,E01002206,Harrow 032B,0.011564431260276092
2157,Harrow,E01002207,Harrow 032C,0.011925981219454837
2158,Harrow,E01002208,Harrow 025A,0.011532606156387843
2159,Harrow,E01002209,Harrow 025B,0.01143017341489994
2160,Harrow,E01002210,Harrow 032D,0.011730277617684413
2161,Harrow,E01002211,Harrow 028A,0.01209587008819371
2162,Harrow,E01002212,Harrow 028B,0.011989663758228679
2163,Harrow,E01002213,Harrow 027D,0.011734158096819203
2164,Harrow,E01002214,Harrow 031A,0.01175654660298577
2165,Harrow,E01002215,Harrow 031B,0.011925129441452392
2166,Harrow,E01002216,Harrow 028C,0.012073773822977958
2167,Harrow,E01002217,Harrow 028D,0.011696113025185452
2168,Harrow,E01002218,Harrow 030A,0.011567007538602932
2169,Harrow,E01002219,Harrow 030B,0.011298392988361957
2170,Harrow,E01002220,Harrow 031C,0.011756183152308164
2171,Harrow,E01002221,Harrow 030C,0.011551648172710942
2172,Harrow,E01002222,Harrow 030D,0.012113828104863668
2173,Harrow,E01002223,Harrow 031D,0.011863458197609901
2174,Harrow,E01002224,Harrow 031E,0.011745254595880423
2175,Harrow,E01002225,Harrow 001C,0.012308578916999541
2176,Harrow,E01002226,Harrow 001D,0.012762198378434805
2177,Harrow,E01002227,Harrow 003A,0.012486837024515567
2178,Harrow,E01002228,Harrow 003B,0.012452054793009804
2179,Harrow,E01002229,Harrow 003C,0.01254003761537605
2180,Harrow,E01002230,Harrow 003D,0.01225478210734704
2181,Harrow,E01002231,Harrow 013E,0.011614582751640902
2182,Harrow,E01002232,Harrow 011A,0.01180084879781762
2183,Harrow,E01002233,Harrow 011B,0.011755426541341952
2184,Harrow,E01002234,Harrow 011C,0.011830162535528663
2185,Harrow,E01002235,Harrow 011D,0.01174642086864062
2186,Harrow,E01002236,Harrow 011E,0.011674636325602047
2187,Harrow,E01002237,Harrow 024A,0.011379501157721877
2188,Harrow,E01002238,Harrow 024B,0.011281573896728006
2189,Harrow,E01002239,Harrow 025C,0.011450173609466168
2190,Harrow,E01002240,Harrow 024C,0.011375980271594734
2191,Harrow,E01002241,Harrow 025D,0.01145464803602966
2192,Harrow,E01002242,Harrow 024D,0.011379094377765542
2193,Havering,E01002243,Havering 013A,0.014079750778429101
2194,Havering,E01002244,Havering 011A,0.012678311198582969
2195,Havering,E01002245,Havering 011B,0.012829347886093054
2196,Havering,E01002246,Havering 017A,0.01178975223641922
2197,Havering,E01002247,Havering 017B,0.011979944284282128
2198,Havering,E01002248,Havering 017C,0.013005463505960796
2199,Havering,E01002249,Havering 017D,0.012761182977166925
2200,Havering,E01002250,Havering 017E,0.012100023763933133
2201,Havering,E01002251,Havering 017F,0.011900029535782213
2202,Havering,E01002252,Havering 018A,0.01238611077528017
2203,Havering,E01002253,Havering 019A,0.011183870824984718
2204,Havering,E01002254,Havering 019B,0.01154120700740027
2205,Havering,E01002255,Havering 022A,0.013260625541068645
2206,Havering,E01002256,Havering 018B,0.012350562974325581
2207,Havering,E01002257,Havering 019C,0.011814554511865742
2208,Havering,E01002258,Havering 018C,0.012270222584841364
2209,Havering,E01002259,Havering 018D,0.011803408483660339
2210,Havering,E01002260,Havering 026A,0.012963822005283248
2211,Havering,E01002261,Havering 026B,0.012712508169934572
2212,Havering,E01002262,Havering 026C,0.012080090083777237
2213,Havering,E01002263,Havering 026D,0.011979148007956297
2214,Havering,E01002264,Havering 026E,0.012101356152662437
2215,Havering,E01002265,Havering 025A,0.013002007505874557
2216,Havering,E01002266,Havering 027A,0.011699359747834925
2217,Havering,E01002267,Havering 027B,0.012354305914901208
2218,Havering,E01002268,Havering 010A,0.011250860800399127
2219,Havering,E01002269,Havering 010B,0.013504644527240789
2220,Havering,E01002270,Havering 015A,0.01274896699495179
2221,Havering,E01002271,Havering 015B,0.013885407404385007
2222,Havering,E01002272,Havering 014A,0.011992124754511209
2223,Havering,E01002273,Havering 015C,0.011481232168091235
2224,Havering,E01002274,Havering 014B,0.012879286464152507
2225,Havering,E01002275,Havering 015D,0.013422503994490782
2226,Havering,E01002276,Havering 001A,0.013350191046878382
2227,Havering,E01002277,Havering 002A,0.012560013476332777
2228,Havering,E01002278,Havering 001B,0.011430913646741503
2229,Havering,E01002279,Havering 002B,0.012211087168464958
2230,Havering,E01002280,Havering 004A,0.012568653158259972
2231,Havering,E01002281,Havering 002C,0.013963946819454648
2232,Havering,E01002282,Havering 004B,0.011707607998095419
2233,Havering,E01002283,Havering 002D,0.01400796398053103
2234,Havering,E01002284,Havering 004C,0.011697326248835703
2235,Havering,E01002285,Havering 025B,0.012943271551808182
2236,Havering,E01002286,Havering 025C,0.012076411362865325
2237,Havering,E01002287,Havering 023A,0.012106917691665924
2238,Havering,E01002288,Havering 025D,0.013566331170517145
2239,Havering,E01002289,Havering 022B,0.013066122408173559
2240,Havering,E01002290,Havering 025E,0.013572639087054904
2241,Havering,E01002291,Havering 023B,0.012988728663994658
2242,Havering,E01002292,Havering 022C,0.013080032772811265
2243,Havering,E01002293,Havering 007A,0.012759704649403243
2244,Havering,E01002294,Havering 007B,0.013405389287022116
2245,Havering,E01002295,Havering 010C,0.013267751827604481
2246,Havering,E01002296,Havering 007C,0.011130785884233465
2247,Havering,E01002297,Havering 004D,0.011492528645451326
2248,Havering,E01002298,Havering 007D,0.01402946015684222
2249,Havering,E01002299,Havering 002E,0.014130612443288565
2250,Havering,E01002300,Havering 007E,0.013575343688702814
2251,Havering,E01002301,Havering 003A,0.01231252361230351
2252,Havering,E01002302,Havering 005A,0.012053734001882817
2253,Havering,E01002303,Havering 003B,0.013294775355849458
2254,Havering,E01002304,Havering 003C,0.012548061464781624
2255,Havering,E01002305,Havering 005B,0.0120968087271467
2256,Havering,E01002306,Havering 003D,0.012293537563186538
2257,Havering,E01002307,Havering 003E,0.012124819688136609
2258,Havering,E01002308,Havering 005C,0.01216333874898415
2259,Havering,E01002309,Havering 006A,0.011951797243954163
2260,Havering,E01002310,Havering 006B,0.011545901807414674
2261,Havering,E01002311,Havering 006C,0.012701397115918407
2262,Havering,E01002312,Havering 001C,0.01272998282820189
2263,Havering,E01002313,Havering 001D,0.012870906185670565
2264,Havering,E01002314,Havering 004E,0.01210020585912664
2265,Havering,E01002315,Havering 006D,0.011541886257032164
2266,Havering,E01002316,Havering 004F,0.011922270211032187
2267,Havering,E01002317,Havering 014C,0.011886783350565106
2268,Havering,E01002318,Havering 014D,0.01178993865231203
2269,Havering,E01002319,Havering 016A,0.011793567236552562
2270,Havering,E01002320,Havering 021A,0.011720964739647653
2271,Havering,E01002321,Havering 021B,0.011945216799853274
2272,Havering,E01002322,Havering 021C,0.01266096208495663
2273,Havering,E01002323,Havering 021D,0.012272359516079885
2274,Havering,E01002324,Havering 021E,0.012568359698486685
2275,Havering,E01002325,Havering 011C,0.01155911671323009
2276,Havering,E01002326,Havering 005D,0.011996209323573547
2277,Havering,E01002327,Havering 009A,0.012002344520795011
2278,Havering,E01002328,Havering 009B,0.012274324152712164
2279,Havering,E01002329,Havering 011D,0.012210898672361086
2280,Havering,E01002330,Havering 011E,0.012668875013311145
2281,Havering,E01002331,Havering 005E,0.01250644880509916
2282,Havering,E01002332,Havering 009C,0.012618144980032086
2283,Havering,E01002333,Havering 008A,0.01326546548659183
2284,Havering,E01002334,Havering 008B,0.01372179330564767
2285,Havering,E01002335,Havering 009D,0.0124598483055095
2286,Havering,E01002336,Havering 008C,0.014619225226570158
2287,Havering,E01002337,Havering 012A,0.011218257401509404
2288,Havering,E01002338,Havering 009E,0.01325298707007664
2289,Havering,E01002339,Havering 008D,0.01397221908566135
2290,Havering,E01002340,Havering 009F,0.01510850079193117
2291,Havering,E01002341,Havering 008E,0.013318490236569077
2292,Havering,E01002342,Havering 030A,0.01271688543402134
2293,Havering,E01002343,Havering 029A,0.01275017154024498
2294,Havering,E01002344,Havering 029B,0.013071086784293657
2295,Havering,E01002345,Havering 030B,0.010490545255390215
2296,Havering,E01002346,Havering 030C,0.012352284357390712
2297,Havering,E01002347,Havering 030D,0.011949205400141936
2298,Havering,E01002348,Havering 029C,0.013052172134887333
2299,Havering,E01002349,Havering 029D,0.013057038630058934
2300,Havering,E01002350,Havering 016B,0.012519108482495765
2301,Havering,E01002351,Havering 016C,0.011733518055454854
2302,Havering,E01002352,Havering 016D,0.011794242569341242
2303,Havering,E01002353,Havering 013B,0.013169320244500344
2304,Havering,E01002354,Havering 012B,0.011871263088061726
2305,Havering,E01002355,Havering 014E,0.011770718411506058
2306,Havering,E01002356,Havering 013C,0.012614044025801109
2307,Havering,E01002358,Havering 016E,0.01190885278478441
2308,Havering,E01002359,Havering 020A,0.012523799150216843
2309,Havering,E01002360,Havering 020B,0.012427091193971028
2310,Havering,E01002361,Havering 020C,0.012425459077311763
2311,Havering,E01002362,Havering 022D,0.012654417122772006
2312,Havering,E01002363,Havering 020D,0.012194184584864088
2313,Havering,E01002364,Havering 023C,0.012781424683757455
2314,Havering,E01002365,Havering 023D,0.012721416795940028
2315,Havering,E01002366,Havering 023E,0.01211531991430743
2316,Havering,E01002367,Havering 020E,0.012423202295272195
2317,Havering,E01002368,Havering 028A,0.012145213343182781
2318,Havering,E01002369,Havering 028B,0.011469918603305061
2319,Havering,E01002370,Havering 028C,0.011220306091512046
2320,Havering,E01002371,Havering 028D,0.011554483894806079
2321,Havering,E01002372,Havering 027C,0.012237751509181976
2322,Havering,E01002373,Havering 027D,0.01146311747550902
2323,Havering,E01002374,Havering 027E,0.012144597750077516
2324,Havering,E01002375,Havering 028E,0.011346835523322269
2325,Havering,E01002376,Havering 012C,0.01138398190503094
2326,Havering,E01002377,Havering 010D,0.011963297476023652
2327,Havering,E01002378,Havering 010E,0.011810753957287364
2328,Havering,E01002379,Havering 012D,0.011699383355464162
2329,Havering,E01002380,Havering 012E,0.01238839445975791
2330,Havering,E01002381,Havering 012F,0.012783715550350249
2331,Havering,E01002382,Havering 014F,0.011785876443998642
2332,Havering,E01002383,Havering 010F,0.011554978522723478
2333,Havering,E01002384,Havering 019D,0.010886683193409873
2334,Havering,E01002385,Havering 024A,0.013050293180778133
2335,Havering,E01002386,Havering 022E,0.011549434923479871
2336,Havering,E01002387,Havering 024B,0.011990844019780227
2337,Havering,E01002388,Havering 024C,0.011893384281157701
2338,Havering,E01002389,Havering 024D,0.012093133465312747
2339,Havering,E01002390,Havering 024E,0.012618134866073572
2340,Havering,E01002391,Havering 018E,0.011940478245947182
2341,Hillingdon,E01002392,Hillingdon 020A,0.012026437783205631
2342,Hillingdon,E01002393,Hillingdon 020B,0.011598640894712709
2343,Hillingdon,E01002394,Hillingdon 021A,0.011935396299806156
2344,Hillingdon,E01002395,Hillingdon 021B,0.011021983970000518
2345,Hillingdon,E01002396,Hillingdon 026A,0.011599942421661007
2346,Hillingdon,E01002397,Hillingdon 021C,0.0118355334365536
2347,Hillingdon,E01002398,Hillingdon 021D,0.011993349894928755
2348,Hillingdon,E01002399,Hillingdon 021E,0.01151421332644842
2349,Hillingdon,E01002400,Hillingdon 024A,0.010803588047133515
2350,Hillingdon,E01002401,Hillingdon 024B,0.011020466254831336
2351,Hillingdon,E01002402,Hillingdon 024C,0.011032993429221217
2352,Hillingdon,E01002403,Hillingdon 024D,0.011390781365358194
2353,Hillingdon,E01002404,Hillingdon 024E,0.010953795049379761
2354,Hillingdon,E01002405,Hillingdon 027A,0.011210961300602246
2355,Hillingdon,E01002406,Hillingdon 027B,0.011590427240242252
2356,Hillingdon,E01002407,Hillingdon 030A,0.011685794300599277
2357,Hillingdon,E01002408,Hillingdon 019A,0.009594967978450922
2358,Hillingdon,E01002409,Hillingdon 019B,0.010694034948913772
2359,Hillingdon,E01002410,Hillingdon 017A,0.01076056033987941
2360,Hillingdon,E01002411,Hillingdon 022A,0.011120912163077973
2361,Hillingdon,E01002412,Hillingdon 017B,0.009829964746544071
2362,Hillingdon,E01002413,Hillingdon 022B,0.012541331651504495
2363,Hillingdon,E01002414,Hillingdon 015A,0.01010544751799007
2364,Hillingdon,E01002415,Hillingdon 010A,0.01197023105208028
2365,Hillingdon,E01002416,Hillingdon 008A,0.012594301089514877
2366,Hillingdon,E01002417,Hillingdon 008B,0.01163060435712464
2367,Hillingdon,E01002418,Hillingdon 006A,0.011805866082836515
2368,Hillingdon,E01002419,Hillingdon 006B,0.012026437560023565
2369,Hillingdon,E01002420,Hillingdon 008C,0.011647183068215036
2370,Hillingdon,E01002421,Hillingdon 008D,0.012134226011560889
2371,Hillingdon,E01002422,Hillingdon 018A,0.01153603253853522
2372,Hillingdon,E01002423,Hillingdon 018B,0.010428614958116235
2373,Hillingdon,E01002424,Hillingdon 018C,0.011892770084435667
2374,Hillingdon,E01002425,Hillingdon 018D,0.011118890016287014
2375,Hillingdon,E01002426,Hillingdon 021F,0.012034570858550859
2376,Hillingdon,E01002427,Hillingdon 018E,0.011241737208966943
2377,Hillingdon,E01002428,Hillingdon 018F,0.01104896327151147
2378,Hillingdon,E01002429,Hillingdon 019C,0.011083428515346938
2379,Hillingdon,E01002430,Hillingdon 007A,0.011964813380614666
2380,Hillingdon,E01002431,Hillingdon 006C,0.011615005662096292
2381,Hillingdon,E01002432,Hillingdon 006D,0.01149014203741955
2382,Hillingdon,E01002433,Hillingdon 004A,0.011948837878235287
2383,Hillingdon,E01002434,Hillingdon 007B,0.011777260980159729
2384,Hillingdon,E01002435,Hillingdon 007C,0.011427314889686414
2385,Hillingdon,E01002436,Hillingdon 004B,0.012334105754911498
2386,Hillingdon,E01002437,Hillingdon 006E,0.011660800128833174
2387,Hillingdon,E01002438,Hillingdon 003A,0.011452299389678658
2388,Hillingdon,E01002439,Hillingdon 003B,0.011880109651628423
2389,Hillingdon,E01002440,Hillingdon 003C,0.011728258191847593
2390,Hillingdon,E01002441,Hillingdon 003D,0.01231517549044451
2391,Hillingdon,E01002442,Hillingdon 003E,0.01170076675525716
2392,Hillingdon,E01002443,Hillingdon 032A,0.012183938071254738
2393,Hillingdon,E01002444,Hillingdon 031A,0.01221039163269366
2394,Hillingdon,E01002445,Hillingdon 029A,0.01306781152717073
2395,Hillingdon,E01002446,Hillingdon 031B,0.012411176896417768
2396,Hillingdon,E01002447,Hillingdon 031C,0.011960472274774715
2397,Hillingdon,E01002448,Hillingdon 032B,0.011536997275578205
2398,Hillingdon,E01002449,Hillingdon 032C,0.011440648346720504
2399,Hillingdon,E01002450,Hillingdon 014A,0.010937456400410377
2400,Hillingdon,E01002451,Hillingdon 014B,0.011834052695917493
2401,Hillingdon,E01002452,Hillingdon 014C,0.011376108566190998
2402,Hillingdon,E01002453,Hillingdon 014D,0.01167271081707234
2403,Hillingdon,E01002454,Hillingdon 014E,0.011134776470416805
2404,Hillingdon,E01002455,Hillingdon 019D,0.010756388800931105
2405,Hillingdon,E01002456,Hillingdon 017C,0.01062121150873986
2406,Hillingdon,E01002457,Hillingdon 019E,0.011017094659429528
2407,Hillingdon,E01002458,Hillingdon 011A,0.011828040647257225
2408,Hillingdon,E01002459,Hillingdon 011B,0.011730812586952695
2409,Hillingdon,E01002460,Hillingdon 011C,0.011622186072043907
2410,Hillingdon,E01002461,Hillingdon 013A,0.012404315251531163
2411,Hillingdon,E01002462,Hillingdon 011D,0.011886355449136273
2412,Hillingdon,E01002463,Hillingdon 013B,0.011699435432388279
2413,Hillingdon,E01002464,Hillingdon 011E,0.011216697599500948
2414,Hillingdon,E01002465,Hillingdon 009A,0.011654256894445639
2415,Hillingdon,E01002466,Hillingdon 010B,0.011457383361326361
2416,Hillingdon,E01002467,Hillingdon 009B,0.011322309901235748
2417,Hillingdon,E01002468,Hillingdon 010C,0.01127858132480261
2418,Hillingdon,E01002469,Hillingdon 010D,0.011588946882103202
2419,Hillingdon,E01002470,Hillingdon 007D,0.011377831987046437
2420,Hillingdon,E01002471,Hillingdon 008E,0.011545889073631334
2421,Hillingdon,E01002472,Hillingdon 002A,0.011779688493831136
2422,Hillingdon,E01002473,Hillingdon 001A,0.012065290598927057
2423,Hillingdon,E01002474,Hillingdon 002B,0.012349901304838373
2424,Hillingdon,E01002475,Hillingdon 001B,0.011164539498770302
2425,Hillingdon,E01002476,Hillingdon 001C,0.011272385457747166
2426,Hillingdon,E01002477,Hillingdon 001D,0.011872952315902182
2427,Hillingdon,E01002478,Hillingdon 002C,0.012209066688660626
2428,Hillingdon,E01002479,Hillingdon 004C,0.01176203438201587
2429,Hillingdon,E01002480,Hillingdon 004D,0.011895867413836622
2430,Hillingdon,E01002481,Hillingdon 004E,0.01234734875175347
2431,Hillingdon,E01002482,Hillingdon 001E,0.012093253689190401
2432,Hillingdon,E01002483,Hillingdon 002D,0.011685982230945845
2433,Hillingdon,E01002484,Hillingdon 002E,0.012231866310063682
2434,Hillingdon,E01002485,Hillingdon 002F,0.011932567212029165
2435,Hillingdon,E01002486,Hillingdon 028A,0.012217649610061197
2436,Hillingdon,E01002487,Hillingdon 028B,0.011999644910298863
2437,Hillingdon,E01002488,Hillingdon 030B,0.012259774019963223
2438,Hillingdon,E01002489,Hillingdon 030C,0.011655736809947005
2439,Hillingdon,E01002490,Hillingdon 030D,0.011679332552867653
2440,Hillingdon,E01002491,Hillingdon 032D,0.011945917274860898
2441,Hillingdon,E01002492,Hillingdon 030E,0.01250387570200369
2442,Hillingdon,E01002493,Hillingdon 032E,0.011778299701116846
2443,Hillingdon,E01002494,Hillingdon 009C,0.011892926337021985
2444,Hillingdon,E01002495,Hillingdon 010E,0.01227441117785097
2445,Hillingdon,E01002496,Hillingdon 033A,0.01136041637609352
2446,Hillingdon,E01002497,Hillingdon 033B,0.012125010694968071
2447,Hillingdon,E01002498,Hillingdon 033C,0.012471542375148668
2448,Hillingdon,E01002499,Hillingdon 033D,0.011269128191328652
2449,Hillingdon,E01002501,Hillingdon 026B,0.01245448303864829
2450,Hillingdon,E01002502,Hillingdon 026C,0.011925335162506602
2451,Hillingdon,E01002503,Hillingdon 027C,0.012234365297211162
2452,Hillingdon,E01002504,Hillingdon 027D,0.0110917610507694
2453,Hillingdon,E01002505,Hillingdon 026D,0.012296474476937786
2454,Hillingdon,E01002506,Hillingdon 027E,0.012049038486570181
2455,Hillingdon,E01002507,Hillingdon 027F,0.013112561417900761
2456,Hillingdon,E01002508,Hillingdon 026E,0.011834182237120424
2457,Hillingdon,E01002509,Hillingdon 017D,0.010688250011702573
2458,Hillingdon,E01002511,Hillingdon 017E,0.009665141016345656
2459,Hillingdon,E01002512,Hillingdon 013C,0.011886462087239275
2460,Hillingdon,E01002513,Hillingdon 013D,0.011490544948563166
2461,Hillingdon,E01002514,Hillingdon 015C,0.01192026157404963
2462,Hillingdon,E01002515,Hillingdon 015D,0.011863942241076121
2463,Hillingdon,E01002516,Hillingdon 013E,0.01221544550957414
2464,Hillingdon,E01002518,Hillingdon 022C,0.012744954330630894
2465,Hillingdon,E01002519,Hillingdon 022D,0.013341623260229349
2466,Hillingdon,E01002520,Hillingdon 016B,0.014111875531103124
2467,Hillingdon,E01002521,Hillingdon 016C,0.01251591317588584
2468,Hillingdon,E01002523,Hillingdon 016D,0.013510633704771784
2469,Hillingdon,E01002525,Hillingdon 029B,0.012781297648246039
2470,Hillingdon,E01002526,Hillingdon 028C,0.012488512981858862
2471,Hillingdon,E01002527,Hillingdon 031D,0.012408329803563364
2472,Hillingdon,E01002528,Hillingdon 028D,0.012637864546921958
2473,Hillingdon,E01002529,Hillingdon 029C,0.01219945276180862
2474,Hillingdon,E01002530,Hillingdon 029D,0.013204497631735932
2475,Hillingdon,E01002531,Hillingdon 029E,0.012201562090456584
2476,Hillingdon,E01002532,Hillingdon 028E,0.011722256826398783
2477,Hillingdon,E01002533,Hillingdon 005A,0.012009148739123256
2478,Hillingdon,E01002534,Hillingdon 005B,0.011462721893013533
2479,Hillingdon,E01002535,Hillingdon 007E,0.011100917393881058
2480,Hillingdon,E01002536,Hillingdon 009D,0.011538268175943993
2481,Hillingdon,E01002537,Hillingdon 009E,0.011674535893174378
2482,Hillingdon,E01002538,Hillingdon 005C,0.011971598928782318
2483,Hillingdon,E01002539,Hillingdon 005D,0.011754961697787107
2484,Hillingdon,E01002540,Hillingdon 020C,0.011100911746818617
2485,Hillingdon,E01002541,Hillingdon 023A,0.010897152329615523
2486,Hillingdon,E01002542,Hillingdon 020D,0.011371869007100901
2487,Hillingdon,E01002543,Hillingdon 020E,0.010785241741366476
2488,Hillingdon,E01002544,Hillingdon 023B,0.011534421126943906
2489,Hillingdon,E01002545,Hillingdon 023C,0.011593974162691355
2490,Hillingdon,E01002546,Hillingdon 023D,0.012500736794895816
2491,Hillingdon,E01002547,Hillingdon 023E,0.013052728289665643
2492,Hillingdon,E01002548,Hillingdon 025A,0.012344922253320149
2493,Hillingdon,E01002549,Hillingdon 025B,0.01198491657480143
2494,Hillingdon,E01002550,Hillingdon 022E,0.012900202655645588
2495,Hillingdon,E01002551,Hillingdon 025C,0.0120194084246877
2496,Hillingdon,E01002552,Hillingdon 025D,0.012280694462264619
2497,Hillingdon,E01002553,Hillingdon 025E,0.012500936584572813
2498,Hillingdon,E01002554,Hillingdon 022F,0.013175628152421178
2499,Hounslow,E01002555,Hounslow 022A,0.012836904185821172
2500,Hounslow,E01002556,Hounslow 022B,0.012598655890201475
2501,Hounslow,E01002557,Hounslow 023A,0.012238737828462272
2502,Hounslow,E01002558,Hounslow 023B,0.012752344078572486
2503,Hounslow,E01002559,Hounslow 023C,0.012431485550395591
2504,Hounslow,E01002560,Hounslow 023D,0.01239047206402426
2505,Hounslow,E01002561,Hounslow 023E,0.012223908403645284
2506,Hounslow,E01002562,Hounslow 003A,0.011782630503654535
2507,Hounslow,E01002563,Hounslow 006A,0.012182838745173454
2508,Hounslow,E01002564,Hounslow 003B,0.011752030710611839
2509,Hounslow,E01002565,Hounslow 006B,0.012185050494482838
2510,Hounslow,E01002566,Hounslow 003C,0.012243737182656884
2511,Hounslow,E01002567,Hounslow 006C,0.011620738390503984
2512,Hounslow,E01002568,Hounslow 003D,0.011835073513537301
2513,Hounslow,E01002569,Hounslow 001A,0.011252022141231053
2514,Hounslow,E01002570,Hounslow 001B,0.011367402829732778
2515,Hounslow,E01002571,Hounslow 007A,0.011127672474448286
2516,Hounslow,E01002572,Hounslow 007B,0.012070670547076076
2517,Hounslow,E01002573,Hounslow 001C,0.01163561949137703
2518,Hounslow,E01002574,Hounslow 001D,0.011639172326901037
2519,Hounslow,E01002575,Hounslow 001E,0.011405067862392428
2520,Hounslow,E01002576,Hounslow 008A,0.011904530951992402
2521,Hounslow,E01002577,Hounslow 007C,0.011657168255776887
2522,Hounslow,E01002578,Hounslow 007D,0.011924664138480222
2523,Hounslow,E01002579,Hounslow 008B,0.011993147772514612
2524,Hounslow,E01002580,Hounslow 008C,0.01217271875665207
2525,Hounslow,E01002581,Hounslow 008D,0.012023237613693843
2526,Hounslow,E01002582,Hounslow 008E,0.011896580410707116
2527,Hounslow,E01002583,Hounslow 013A,0.012806367866397
2528,Hounslow,E01002584,Hounslow 013B,0.012647546473247841
2529,Hounslow,E01002585,Hounslow 013C,0.013537962542252036
2530,Hounslow,E01002586,Hounslow 013D,0.013263694445343035
2531,Hounslow,E01002587,Hounslow 016A,0.013144368804884305
2532,Hounslow,E01002588,Hounslow 016B,0.013015393303101698
2533,Hounslow,E01002589,Hounslow 013E,0.012941368541449482
2534,Hounslow,E01002590,Hounslow 022C,0.012488505954147645
2535,Hounslow,E01002591,Hounslow 024A,0.011847574241911794
2536,Hounslow,E01002592,Hounslow 022D,0.013122245643632877
2537,Hounslow,E01002593,Hounslow 024B,0.012548884528649313
2538,Hounslow,E01002594,Hounslow 024C,0.011917092084541418
2539,Hounslow,E01002595,Hounslow 022E,0.013083228047160058
2540,Hounslow,E01002596,Hounslow 027A,0.01208016867946398
2541,Hounslow,E01002598,Hounslow 025B,0.01218982690610918
2542,Hounslow,E01002599,Hounslow 025C,0.012221448781151693
2543,Hounslow,E01002600,Hounslow 025D,0.011424079149212337
2544,Hounslow,E01002601,Hounslow 027B,0.011855567893600085
2545,Hounslow,E01002602,Hounslow 027C,0.011851711948424395
2546,Hounslow,E01002603,Hounslow 025E,0.012640437102185265
2547,Hounslow,E01002604,Hounslow 026A,0.01235964892687133
2548,Hounslow,E01002605,Hounslow 026B,0.012538205448120666
2549,Hounslow,E01002606,Hounslow 026C,0.012979697839539594
2550,Hounslow,E01002607,Hounslow 026D,0.012619263515857937
2551,Hounslow,E01002608,Hounslow 028A,0.013228297424872882
2552,Hounslow,E01002609,Hounslow 028B,0.012841644954897207
2553,Hounslow,E01002610,Hounslow 028C,0.012388976629318642
2554,Hounslow,E01002611,Hounslow 024D,0.012692984406589251
2555,Hounslow,E01002612,Hounslow 024E,0.012418827480840488
2556,Hounslow,E01002613,Hounslow 024F,0.01275595154930817
2557,Hounslow,E01002614,Hounslow 027D,0.012232796295393077
2558,Hounslow,E01002615,Hounslow 026E,0.01317492576825559
2559,Hounslow,E01002616,Hounslow 027E,0.012099818004370074
2560,Hounslow,E01002617,Hounslow 028D,0.013289982558053283
2561,Hounslow,E01002618,Hounslow 011A,0.012141086475001853
2562,Hounslow,E01002619,Hounslow 010A,0.012912707788796707
2563,Hounslow,E01002620,Hounslow 004A,0.01231029311696096
2564,Hounslow,E01002621,Hounslow 011B,0.011971788191185504
2565,Hounslow,E01002622,Hounslow 010B,0.012895466376453293
2566,Hounslow,E01002623,Hounslow 011C,0.012466773252701064
2567,Hounslow,E01002624,Hounslow 017A,0.01220519215618478
2568,Hounslow,E01002625,Hounslow 004B,0.012757736284259405
2569,Hounslow,E01002626,Hounslow 004C,0.012414212242949668
2570,Hounslow,E01002627,Hounslow 004D,0.012182041488454084
2571,Hounslow,E01002628,Hounslow 011D,0.011861942170375067
2572,Hounslow,E01002629,Hounslow 011E,0.012050695679723885
2573,Hounslow,E01002630,Hounslow 012A,0.012038468903433606
2574,Hounslow,E01002631,Hounslow 004E,0.013369502616334347
2575,Hounslow,E01002632,Hounslow 010C,0.013218238059530096
2576,Hounslow,E01002633,Hounslow 005A,0.012311567463439555
2577,Hounslow,E01002634,Hounslow 005B,0.012571104495051727
2578,Hounslow,E01002635,Hounslow 010D,0.01314632328191926
2579,Hounslow,E01002636,Hounslow 010E,0.01329235338065796
2580,Hounslow,E01002637,Hounslow 005C,0.012473798908990731
2581,Hounslow,E01002638,Hounslow 005D,0.012598544036458579
2582,Hounslow,E01002639,Hounslow 012B,0.012235192000824657
2583,Hounslow,E01002640,Hounslow 012C,0.01223209387617094
2584,Hounslow,E01002641,Hounslow 018A,0.012474699055791516
2585,Hounslow,E01002642,Hounslow 015A,0.011891148560466192
2586,Hounslow,E01002643,Hounslow 015B,0.012172785288652375
2587,Hounslow,E01002645,Hounslow 015C,0.011638989878429448
2588,Hounslow,E01002646,Hounslow 017B,0.012258185104422399
2589,Hounslow,E01002647,Hounslow 021A,0.011983594922661161
2590,Hounslow,E01002648,Hounslow 018C,0.01251643857733879
2591,Hounslow,E01002649,Hounslow 018D,0.01263284088193619
2592,Hounslow,E01002650,Hounslow 021B,0.012074470006651348
2593,Hounslow,E01002651,Hounslow 021C,0.012427944706960237
2594,Hounslow,E01002652,Hounslow 021D,0.012088356301844039
2595,Hounslow,E01002653,Hounslow 019A,0.011363164905234055
2596,Hounslow,E01002654,Hounslow 019B,0.011491176833936577
2597,Hounslow,E01002655,Hounslow 019C,0.011436249242161627
2598,Hounslow,E01002656,Hounslow 019D,0.01107315743983038
2599,Hounslow,E01002657,Hounslow 018E,0.012239880227353115
2600,Hounslow,E01002658,Hounslow 015D,0.012053282404441347
2601,Hounslow,E01002659,Hounslow 019E,0.011795154030718959
2602,Hounslow,E01002660,Hounslow 016C,0.012180369293526947
2603,Hounslow,E01002661,Hounslow 016D,0.012586290955074792
2604,Hounslow,E01002662,Hounslow 017C,0.01235605740178595
2605,Hounslow,E01002663,Hounslow 017D,0.01221556574079263
2606,Hounslow,E01002664,Hounslow 017E,0.012058809681044115
2607,Hounslow,E01002665,Hounslow 016E,0.01226738777226686
2608,Hounslow,E01002666,Hounslow 021E,0.01211267255925503
2609,Hounslow,E01002667,Hounslow 020A,0.011975301117350326
2610,Hounslow,E01002668,Hounslow 014A,0.012049398894403525
2611,Hounslow,E01002669,Hounslow 014B,0.011963667323570201
2612,Hounslow,E01002670,Hounslow 020B,0.011705445720358637
2613,Hounslow,E01002671,Hounslow 020C,0.011794816811842392
2614,Hounslow,E01002672,Hounslow 020D,0.011497968632871862
2615,Hounslow,E01002673,Hounslow 020E,0.011511405427297283
2616,Hounslow,E01002674,Hounslow 012D,0.011999909627179978
2617,Hounslow,E01002675,Hounslow 009A,0.012258951864286854
2618,Hounslow,E01002676,Hounslow 012E,0.011880994860420406
2619,Hounslow,E01002677,Hounslow 015E,0.012235753968385466
2620,Hounslow,E01002678,Hounslow 009B,0.012112778080493452
2621,Hounslow,E01002679,Hounslow 009C,0.011698084510267399
2622,Hounslow,E01002680,Hounslow 009D,0.011988982448513902
2623,Hounslow,E01002681,Hounslow 014C,0.012210604705776118
2624,Hounslow,E01002682,Hounslow 014D,0.012206408045374088
2625,Hounslow,E01002683,Hounslow 014E,0.012170320835576249
2626,Hounslow,E01002684,Hounslow 006D,0.011558965650749556
2627,Hounslow,E01002686,Hounslow 006E,0.012127592830833207
2628,Hounslow,E01002687,Hounslow 029A,0.012552287369528183
2629,Hounslow,E01002689,Hounslow 007E,0.011626323338614682
2630,Hounslow,E01002690,Hounslow 007F,0.01215647586050914
2631,Hounslow,E01002691,Hounslow 029B,0.011796893585213734
2632,Hounslow,E01002692,Hounslow 029C,0.012069293167667567
2633,Hounslow,E01002693,Hounslow 029D,0.011899644269148343
2634,Islington,E01002694,Islington 019A,0.012223850375247727
2635,Islington,E01002695,Islington 021A,0.011991115264840898
2636,Islington,E01002696,Islington 020A,0.011874432263128966
2637,Islington,E01002697,Islington 019B,0.012132448388670796
2638,Islington,E01002698,Islington 017A,0.012355908280844432
2639,Islington,E01002699,Islington 017B,0.01226700445299241
2640,Islington,E01002700,Islington 017C,0.012292519966715225
2641,Islington,E01002701,Islington 023A,0.011374396253726552
2642,Islington,E01002702,Islington 023B,0.011474805915401022
2643,Islington,E01002703,Islington 023C,0.011367651999084412
2644,Islington,E01002704,Islington 023D,0.01130795892841007
2645,Islington,E01002706,Islington 023E,0.011381731457696824
2646,Islington,E01002707,Islington 022B,0.01165163859006833
2647,Islington,E01002708,Islington 015A,0.01243350681964759
2648,Islington,E01002709,Islington 019C,0.012344632989196608
2649,Islington,E01002710,Islington 019D,0.012072025544917209
2650,Islington,E01002711,Islington 021B,0.011994441562171873
2651,Islington,E01002712,Islington 015B,0.012342852176690577
2652,Islington,E01002713,Islington 015C,0.01235759137309147
2653,Islington,E01002714,Islington 017D,0.01253633970122294
2654,Islington,E01002715,Islington 019E,0.012515500974830153
2655,Islington,E01002716,Islington 014A,0.012445160185132958
2656,Islington,E01002717,Islington 016A,0.01162583573769562
2657,Islington,E01002718,Islington 014B,0.012947438056680497
2658,Islington,E01002719,Islington 016B,0.011620940052299513
2659,Islington,E01002720,Islington 016C,0.012341802600594812
2660,Islington,E01002721,Islington 014C,0.012388967156363034
2661,Islington,E01002722,Islington 018A,0.012230245468303971
2662,Islington,E01002723,Islington 022C,0.011578140157347401
2663,Islington,E01002724,Islington 022D,0.011593579585531647
2664,Islington,E01002725,Islington 022E,0.011696038166406816
2665,Islington,E01002726,Islington 022F,0.01209935854902428
2666,Islington,E01002727,Islington 021C,0.011768338304958765
2667,Islington,E01002728,Islington 021D,0.012115575761229524
2668,Islington,E01002729,Islington 021E,0.012146529469775097
2669,Islington,E01002730,Islington 007A,0.011717245153477173
2670,Islington,E01002731,Islington 007B,0.012063190380688519
2671,Islington,E01002732,Islington 005A,0.011988376374408121
2672,Islington,E01002733,Islington 007C,0.0126995327687938
2673,Islington,E01002734,Islington 005B,0.012176790114078994
2674,Islington,E01002735,Islington 003A,0.012093530554267769
2675,Islington,E01002736,Islington 005C,0.012011728203923159
2676,Islington,E01002737,Islington 005D,0.012427864954544135
2677,Islington,E01002738,Islington 009A,0.01117302445540967
2678,Islington,E01002739,Islington 013A,0.011697328990359558
2679,Islington,E01002740,Islington 013B,0.010815381511025306
2680,Islington,E01002741,Islington 009B,0.012221387061579924
2681,Islington,E01002742,Islington 006A,0.012171797500403205
2682,Islington,E01002743,Islington 009C,0.012045498011463382
2683,Islington,E01002744,Islington 009D,0.011657050664133963
2684,Islington,E01002745,Islington 013C,0.0115628323375844
2685,Islington,E01002747,Islington 006B,0.012424575439115005
2686,Islington,E01002748,Islington 006C,0.012203364643371267
2687,Islington,E01002749,Islington 006D,0.012177209161064975
2688,Islington,E01002751,Islington 005E,0.011458654153441536
2689,Islington,E01002752,Islington 009E,0.011682042608904148
2690,Islington,E01002753,Islington 002A,0.011640087098423126
2691,Islington,E01002754,Islington 002B,0.011648582105770421
2692,Islington,E01002755,Islington 001A,0.01247448455761865
2693,Islington,E01002756,Islington 001B,0.013043894523430551
2694,Islington,E01002757,Islington 002C,0.011537485578346041
2695,Islington,E01002758,Islington 001C,0.012008848605742379
2696,Islington,E01002759,Islington 002D,0.011477734345694423
2697,Islington,E01002760,Islington 002E,0.011808614977703203
2698,Islington,E01002762,Islington 011C,0.012477607721570404
2699,Islington,E01002763,Islington 007D,0.0120546845908048
2700,Islington,E01002764,Islington 010A,0.012215698706458668
2701,Islington,E01002765,Islington 015D,0.012466033282153028
2702,Islington,E01002766,Islington 015E,0.012218175085090011
2703,Islington,E01002767,Islington 011D,0.012209462287104417
2704,Islington,E01002768,Islington 004A,0.011832581864931033
2705,Islington,E01002769,Islington 008A,0.012068859495554501
2706,Islington,E01002770,Islington 004B,0.011804613440869378
2707,Islington,E01002771,Islington 004C,0.011974710607683379
2708,Islington,E01002772,Islington 002F,0.011241314040572964
2709,Islington,E01002773,Islington 004D,0.011856527726044218
2710,Islington,E01002774,Islington 004E,0.012071174988694791
2711,Islington,E01002775,Islington 014D,0.011058516948201138
2712,Islington,E01002776,Islington 014E,0.012063529626238747
2713,Islington,E01002777,Islington 012A,0.012171004689991686
2714,Islington,E01002778,Islington 012B,0.011895293622811134
2715,Islington,E01002779,Islington 012C,0.012242511061080829
2716,Islington,E01002780,Islington 014F,0.011972917073373942
2717,Islington,E01002781,Islington 012D,0.011548564006635122
2718,Islington,E01002782,Islington 012E,0.012431102633084605
2719,Islington,E01002783,Islington 010B,0.011994239467590102
2720,Islington,E01002784,Islington 010C,0.01178383754091375
2721,Islington,E01002785,Islington 008B,0.012113281810314368
2722,Islington,E01002786,Islington 010D,0.011963837148767838
2723,Islington,E01002787,Islington 010E,0.011969336087966197
2724,Islington,E01002788,Islington 008C,0.011654367819901118
2725,Islington,E01002789,Islington 008D,0.011583120757773993
2726,Islington,E01002790,Islington 016D,0.012150905931583477
2727,Islington,E01002791,Islington 016E,0.011733140170502641
2728,Islington,E01002792,Islington 017E,0.012046342661339337
2729,Islington,E01002793,Islington 016F,0.011746611403705278
2730,Islington,E01002794,Islington 020B,0.011763780339534208
2731,Islington,E01002795,Islington 013D,0.011689924801191387
2732,Islington,E01002796,Islington 013E,0.012090762605917245
2733,Islington,E01002797,Islington 018B,0.011992927836198482
2734,Islington,E01002798,Islington 018C,0.012057054945162904
2735,Islington,E01002799,Islington 018D,0.01180490639842507
2736,Islington,E01002800,Islington 018E,0.011755978039416368
2737,Islington,E01002801,Islington 020C,0.011583352035861062
2738,Islington,E01002802,Islington 020D,0.011496337183068509
2739,Islington,E01002803,Islington 020E,0.011658548596911462
2740,Islington,E01002804,Islington 001D,0.012677120906592614
2741,Islington,E01002805,Islington 003B,0.012445411444263291
2742,Islington,E01002806,Islington 003C,0.012408882843808262
2743,Islington,E01002807,Islington 001E,0.012500852576901094
2744,Islington,E01002808,Islington 003D,0.01249815806305469
2745,Islington,E01002809,Islington 003E,0.011989250797220095
2746,Islington,E01002810,Islington 003F,0.012509879764136781
2747,Islington,E01002811,Islington 001F,0.012684141898678428
2748,Kensington and Chelsea,E01002812,Kensington and Chelsea 013A,0.01200229679383071
2749,Kensington and Chelsea,E01002813,Kensington and Chelsea 011A,0.012176966061803959
2750,Kensington and Chelsea,E01002814,Kensington and Chelsea 015A,0.012380009656956893
2751,Kensington and Chelsea,E01002815,Kensington and Chelsea 011B,0.012369729387674954
2752,Kensington and Chelsea,E01002816,Kensington and Chelsea 011C,0.011988302979929148
2753,Kensington and Chelsea,E01002817,Kensington and Chelsea 011D,0.012274327581096823
2754,Kensington and Chelsea,E01002818,Kensington and Chelsea 012A,0.011984602227162319
2755,Kensington and Chelsea,E01002819,Kensington and Chelsea 012B,0.011808373281882167
2756,Kensington and Chelsea,E01002820,Kensington and Chelsea 016A,0.011804941557689741
2757,Kensington and Chelsea,E01002821,Kensington and Chelsea 014A,0.01163265798845117
2758,Kensington and Chelsea,E01002822,Kensington and Chelsea 016B,0.011948981928773313
2759,Kensington and Chelsea,E01002823,Kensington and Chelsea 014B,0.011637604811271633
2760,Kensington and Chelsea,E01002824,Kensington and Chelsea 008A,0.012548847260669339
2761,Kensington and Chelsea,E01002825,Kensington and Chelsea 008B,0.012617503410843974
2762,Kensington and Chelsea,E01002826,Kensington and Chelsea 008C,0.01215480778846266
2763,Kensington and Chelsea,E01002827,Kensington and Chelsea 008D,0.012979157155735062
2764,Kensington and Chelsea,E01002828,Kensington and Chelsea 008E,0.013052441685922001
2765,Kensington and Chelsea,E01002829,Kensington and Chelsea 004A,0.012496165738393867
2766,Kensington and Chelsea,E01002830,Kensington and Chelsea 004B,0.012448378702707189
2767,Kensington and Chelsea,E01002831,Kensington and Chelsea 004C,0.012642751018219581
2768,Kensington and Chelsea,E01002832,Kensington and Chelsea 004D,0.012650385271027229
2769,Kensington and Chelsea,E01002833,Kensington and Chelsea 007A,0.012698663105755018
2770,Kensington and Chelsea,E01002834,Kensington and Chelsea 013B,0.012453861803073727
2771,Kensington and Chelsea,E01002835,Kensington and Chelsea 016C,0.01188041376610505
2772,Kensington and Chelsea,E01002836,Kensington and Chelsea 016D,0.012447588324824949
2773,Kensington and Chelsea,E01002837,Kensington and Chelsea 016E,0.012263172950703494
2774,Kensington and Chelsea,E01002838,Kensington and Chelsea 020A,0.01192646147995534
2775,Kensington and Chelsea,E01002839,Kensington and Chelsea 013C,0.0120761998313706
2776,Kensington and Chelsea,E01002840,Kensington and Chelsea 021A,0.011794988425677633
2777,Kensington and Chelsea,E01002841,Kensington and Chelsea 021B,0.011651954668867702
2778,Kensington and Chelsea,E01002842,Kensington and Chelsea 021C,0.011743609814169128
2779,Kensington and Chelsea,E01002843,Kensington and Chelsea 021D,0.011724041215628513
2780,Kensington and Chelsea,E01002844,Kensington and Chelsea 019A,0.011434540460923641
2781,Kensington and Chelsea,E01002845,Kensington and Chelsea 019B,0.011415351565646156
2782,Kensington and Chelsea,E01002846,Kensington and Chelsea 017A,0.012247899921347513
2783,Kensington and Chelsea,E01002847,Kensington and Chelsea 015B,0.0127797893790675
2784,Kensington and Chelsea,E01002848,Kensington and Chelsea 015C,0.012809077767834836
2785,Kensington and Chelsea,E01002849,Kensington and Chelsea 017B,0.0125066206914385
2786,Kensington and Chelsea,E01002850,Kensington and Chelsea 013D,0.012314223403696775
2787,Kensington and Chelsea,E01002851,Kensington and Chelsea 015D,0.012441041971952671
2788,Kensington and Chelsea,E01002852,Kensington and Chelsea 001A,0.011674581021019296
2789,Kensington and Chelsea,E01002853,Kensington and Chelsea 001B,0.012037571095356041
2790,Kensington and Chelsea,E01002854,Kensington and Chelsea 001C,0.012280164041078083
2791,Kensington and Chelsea,E01002855,Kensington and Chelsea 001D,0.012307861184814714
2792,Kensington and Chelsea,E01002856,Kensington and Chelsea 004E,0.01236741243898537
2793,Kensington and Chelsea,E01002857,Kensington and Chelsea 001E,0.011991378221636078
2794,Kensington and Chelsea,E01002858,Kensington and Chelsea 014C,0.011511510087575085
2795,Kensington and Chelsea,E01002859,Kensington and Chelsea 012C,0.011840584861154775
2796,Kensington and Chelsea,E01002860,Kensington and Chelsea 012D,0.01163892212787224
2797,Kensington and Chelsea,E01002861,Kensington and Chelsea 014D,0.011787382708781552
2798,Kensington and Chelsea,E01002862,Kensington and Chelsea 014E,0.011718878006351227
2799,Kensington and Chelsea,E01002863,Kensington and Chelsea 012E,0.011886326649117195
2800,Kensington and Chelsea,E01002864,Kensington and Chelsea 009A,0.012341086470838277
2801,Kensington and Chelsea,E01002865,Kensington and Chelsea 011E,0.012278239540812237
2802,Kensington and Chelsea,E01002866,Kensington and Chelsea 009B,0.012246194291552819
2803,Kensington and Chelsea,E01002867,Kensington and Chelsea 009C,0.012210226156366242
2804,Kensington and Chelsea,E01002868,Kensington and Chelsea 009D,0.012636389521922867
2805,Kensington and Chelsea,E01002869,Kensington and Chelsea 009E,0.012505198955989007
2806,Kensington and Chelsea,E01002870,Kensington and Chelsea 005A,0.012904060781730939
2807,Kensington and Chelsea,E01002871,Kensington and Chelsea 007B,0.012948578292332882
2808,Kensington and Chelsea,E01002872,Kensington and Chelsea 005B,0.0129239698808993
2809,Kensington and Chelsea,E01002873,Kensington and Chelsea 007C,0.012788854898681517
2810,Kensington and Chelsea,E01002874,Kensington and Chelsea 007D,0.012781634519451877
2811,Kensington and Chelsea,E01002875,Kensington and Chelsea 007E,0.012943944408043343
2812,Kensington and Chelsea,E01002876,Kensington and Chelsea 003A,0.012357395456286674
2813,Kensington and Chelsea,E01002877,Kensington and Chelsea 003B,0.01272920875919374
2814,Kensington and Chelsea,E01002878,Kensington and Chelsea 003C,0.012746384186155726
2815,Kensington and Chelsea,E01002879,Kensington and Chelsea 005C,0.012762066684690612
2816,Kensington and Chelsea,E01002880,Kensington and Chelsea 005D,0.013002782587463428
2817,Kensington and Chelsea,E01002881,Kensington and Chelsea 005E,0.012834743913423836
2818,Kensington and Chelsea,E01002882,Kensington and Chelsea 006A,0.012901938175409234
2819,Kensington and Chelsea,E01002883,Kensington and Chelsea 006B,0.013048183422479346
2820,Kensington and Chelsea,E01002884,Kensington and Chelsea 006C,0.013037596749894518
2821,Kensington and Chelsea,E01002885,Kensington and Chelsea 006D,0.012920591494500927
2822,Kensington and Chelsea,E01002886,Kensington and Chelsea 006E,0.012768864789599644
2823,Kensington and Chelsea,E01002887,Kensington and Chelsea 010A,0.011647281543887429
2824,Kensington and Chelsea,E01002888,Kensington and Chelsea 013E,0.011803952622418672
2825,Kensington and Chelsea,E01002889,Kensington and Chelsea 010B,0.011802268118762387
2826,Kensington and Chelsea,E01002890,Kensington and Chelsea 010C,0.011593037519839618
2827,Kensington and Chelsea,E01002891,Kensington and Chelsea 010D,0.011409840304780889
2828,Kensington and Chelsea,E01002892,Kensington and Chelsea 010E,0.011464188524924432
2829,Kensington and Chelsea,E01002893,Kensington and Chelsea 017C,0.01124875163887789
2830,Kensington and Chelsea,E01002894,Kensington and Chelsea 017D,0.01183854686452632
2831,Kensington and Chelsea,E01002895,Kensington and Chelsea 020B,0.011542134137955157
2832,Kensington and Chelsea,E01002896,Kensington and Chelsea 020C,0.011426173477026466
2833,Kensington and Chelsea,E01002897,Kensington and Chelsea 020D,0.011099235554994041
2834,Kensington and Chelsea,E01002898,Kensington and Chelsea 017E,0.012343672239053038
2835,Kensington and Chelsea,E01002899,Kensington and Chelsea 018A,0.011385439985213663
2836,Kensington and Chelsea,E01002900,Kensington and Chelsea 018B,0.011334223141147029
2837,Kensington and Chelsea,E01002901,Kensington and Chelsea 018C,0.011533332521925744
2838,Kensington and Chelsea,E01002902,Kensington and Chelsea 018D,0.012037837309476399
2839,Kensington and Chelsea,E01002903,Kensington and Chelsea 018E,0.011598485914938362
2840,Kensington and Chelsea,E01002904,Kensington and Chelsea 002A,0.011766980380005574
2841,Kensington and Chelsea,E01002905,Kensington and Chelsea 002B,0.012163943228156043
2842,Kensington and Chelsea,E01002906,Kensington and Chelsea 002C,0.012049819200488343
2843,Kensington and Chelsea,E01002907,Kensington and Chelsea 002D,0.011697047290634295
2844,Kensington and Chelsea,E01002908,Kensington and Chelsea 003D,0.011887764926198557
2845,Kensington and Chelsea,E01002909,Kensington and Chelsea 003E,0.012616234699301232
2846,Kensington and Chelsea,E01002910,Kensington and Chelsea 019C,0.011609580057614905
2847,Kensington and Chelsea,E01002911,Kensington and Chelsea 019D,0.011367090516682455
2848,Kensington and Chelsea,E01002912,Kensington and Chelsea 020E,0.011163631437278039
2849,Kensington and Chelsea,E01002913,Kensington and Chelsea 021E,0.011710309619635673
2850,Kensington and Chelsea,E01002914,Kensington and Chelsea 019E,0.011757209764821818
2851,Kingston upon Thames,E01002915,Kingston upon Thames 014A,0.012134102476743252
2852,Kingston upon Thames,E01002916,Kingston upon Thames 014B,0.011666949207210457
2853,Kingston upon Thames,E01002917,Kingston upon Thames 014C,0.011789203291209336
2854,Kingston upon Thames,E01002918,Kingston upon Thames 017A,0.012240171279407984
2855,Kingston upon Thames,E01002919,Kingston upon Thames 017B,0.012010207274146688
2856,Kingston upon Thames,E01002920,Kingston upon Thames 014D,0.011451280094581425
2857,Kingston upon Thames,E01002921,Kingston upon Thames 011A,0.011559505675049497
2858,Kingston upon Thames,E01002922,Kingston upon Thames 010A,0.011471145085899088
2859,Kingston upon Thames,E01002923,Kingston upon Thames 013A,0.011686564741297699
2860,Kingston upon Thames,E01002924,Kingston upon Thames 014E,0.01129569926075048
2861,Kingston upon Thames,E01002925,Kingston upon Thames 013B,0.011474914484495167
2862,Kingston upon Thames,E01002926,Kingston upon Thames 010B,0.011102112992728055
2863,Kingston upon Thames,E01002927,Kingston upon Thames 008A,0.010698744544442515
2864,Kingston upon Thames,E01002928,Kingston upon Thames 008B,0.011050830859712838
2865,Kingston upon Thames,E01002929,Kingston upon Thames 007A,0.01283081181164352
2866,Kingston upon Thames,E01002930,Kingston upon Thames 007B,0.011394451518135137
2867,Kingston upon Thames,E01002931,Kingston upon Thames 007C,0.011395247214431652
2868,Kingston upon Thames,E01002932,Kingston upon Thames 006A,0.011172753713111877
2869,Kingston upon Thames,E01002933,Kingston upon Thames 004A,0.012310139308148843
2870,Kingston upon Thames,E01002934,Kingston upon Thames 004B,0.012297825429361134
2871,Kingston upon Thames,E01002935,Kingston upon Thames 003A,0.012582243317749816
2872,Kingston upon Thames,E01002937,Kingston upon Thames 004D,0.012330145555958828
2873,Kingston upon Thames,E01002938,Kingston upon Thames 003B,0.012253002690931505
2874,Kingston upon Thames,E01002939,Kingston upon Thames 018A,0.011411436190453832
2875,Kingston upon Thames,E01002940,Kingston upon Thames 020A,0.009978924908005078
2876,Kingston upon Thames,E01002941,Kingston upon Thames 018B,0.011618534009520749
2877,Kingston upon Thames,E01002942,Kingston upon Thames 018C,0.011077381270969204
2878,Kingston upon Thames,E01002943,Kingston upon Thames 020B,0.01425735474710717
2879,Kingston upon Thames,E01002944,Kingston upon Thames 019A,0.012084521414013697
2880,Kingston upon Thames,E01002945,Kingston upon Thames 019B,0.012218288627480513
2881,Kingston upon Thames,E01002946,Kingston upon Thames 019C,0.01229635205705671
2882,Kingston upon Thames,E01002947,Kingston upon Thames 019D,0.011172639970281707
2883,Kingston upon Thames,E01002948,Kingston upon Thames 020C,0.011353807202335664
2884,Kingston upon Thames,E01002949,Kingston upon Thames 020D,0.011378478183166778
2885,Kingston upon Thames,E01002950,Kingston upon Thames 020E,0.011307167874665866
2886,Kingston upon Thames,E01002951,Kingston upon Thames 003C,0.01203250560268265
2887,Kingston upon Thames,E01002952,Kingston upon Thames 002A,0.011700122400285177
2888,Kingston upon Thames,E01002953,Kingston upon Thames 002B,0.011947637192741093
2889,Kingston upon Thames,E01002954,Kingston upon Thames 003D,0.012476222563860018
2890,Kingston upon Thames,E01002955,Kingston upon Thames 002C,0.011417317776724903
2891,Kingston upon Thames,E01002956,Kingston upon Thames 002D,0.011271531466080086
2892,Kingston upon Thames,E01002957,Kingston upon Thames 003E,0.011605763986513494
2893,Kingston upon Thames,E01002958,Kingston upon Thames 008C,0.011980974666741794
2894,Kingston upon Thames,E01002959,Kingston upon Thames 002E,0.011878578969804378
2895,Kingston upon Thames,E01002960,Kingston upon Thames 006B,0.012682664773975269
2896,Kingston upon Thames,E01002961,Kingston upon Thames 008D,0.01202603284677091
2897,Kingston upon Thames,E01002962,Kingston upon Thames 006C,0.012539791170450579
2898,Kingston upon Thames,E01002963,Kingston upon Thames 007D,0.012488662489514309
2899,Kingston upon Thames,E01002964,Kingston upon Thames 005A,0.012720450430420917
2900,Kingston upon Thames,E01002965,Kingston upon Thames 009A,0.011419643272735617
2901,Kingston upon Thames,E01002966,Kingston upon Thames 010C,0.011649560720539614
2902,Kingston upon Thames,E01002967,Kingston upon Thames 009B,0.01123751922786833
2903,Kingston upon Thames,E01002968,Kingston upon Thames 009C,0.012068280325743174
2904,Kingston upon Thames,E01002969,Kingston upon Thames 005B,0.013124389921595979
2905,Kingston upon Thames,E01002970,Kingston upon Thames 006D,0.013792153439889083
2906,Kingston upon Thames,E01002971,Kingston upon Thames 005C,0.012838927398649584
2907,Kingston upon Thames,E01002972,Kingston upon Thames 005D,0.012219377265420443
2908,Kingston upon Thames,E01002973,Kingston upon Thames 006E,0.012590481042978718
2909,Kingston upon Thames,E01002974,Kingston upon Thames 005E,0.012530626166895549
2910,Kingston upon Thames,E01002975,Kingston upon Thames 012A,0.012120808216676904
2911,Kingston upon Thames,E01002976,Kingston upon Thames 015A,0.011663403097562895
2912,Kingston upon Thames,E01002977,Kingston upon Thames 012B,0.01197227884371266
2913,Kingston upon Thames,E01002978,Kingston upon Thames 015B,0.011960000554973121
2914,Kingston upon Thames,E01002979,Kingston upon Thames 015C,0.012262642231462742
2915,Kingston upon Thames,E01002980,Kingston upon Thames 012C,0.011967899757266797
2916,Kingston upon Thames,E01002981,Kingston upon Thames 012D,0.011905273454147217
2917,Kingston upon Thames,E01002982,Kingston upon Thames 015D,0.011810761815466485
2918,Kingston upon Thames,E01002983,Kingston upon Thames 015E,0.011920079803740376
2919,Kingston upon Thames,E01002984,Kingston upon Thames 012E,0.011346507127488517
2920,Kingston upon Thames,E01002985,Kingston upon Thames 007E,0.011233696511067683
2921,Kingston upon Thames,E01002986,Kingston upon Thames 008E,0.011385415052059606
2922,Kingston upon Thames,E01002987,Kingston upon Thames 011B,0.011868097138347012
2923,Kingston upon Thames,E01002988,Kingston upon Thames 011C,0.012024566738833856
2924,Kingston upon Thames,E01002989,Kingston upon Thames 011D,0.01174664641156833
2925,Kingston upon Thames,E01002990,Kingston upon Thames 009D,0.011334016474239648
2926,Kingston upon Thames,E01002991,Kingston upon Thames 009E,0.01109431965909672
2927,Kingston upon Thames,E01002992,Kingston upon Thames 010D,0.01128154812697567
2928,Kingston upon Thames,E01002993,Kingston upon Thames 013C,0.011498103170664586
2929,Kingston upon Thames,E01002994,Kingston upon Thames 016A,0.010750278876476695
2930,Kingston upon Thames,E01002995,Kingston upon Thames 013D,0.011590403460726918
2931,Kingston upon Thames,E01002996,Kingston upon Thames 016B,0.011461989339725686
2932,Kingston upon Thames,E01002997,Kingston upon Thames 016C,0.01124973606377355
2933,Kingston upon Thames,E01002998,Kingston upon Thames 016D,0.011454389866729345
2934,Kingston upon Thames,E01002999,Kingston upon Thames 013E,0.011603190413208495
2935,Kingston upon Thames,E01003000,Kingston upon Thames 017C,0.011776108789794197
2936,Kingston upon Thames,E01003001,Kingston upon Thames 017D,0.011803519627733931
2937,Kingston upon Thames,E01003002,Kingston upon Thames 016E,0.010915482700515634
2938,Kingston upon Thames,E01003003,Kingston upon Thames 017E,0.011771891143974934
2939,Kingston upon Thames,E01003004,Kingston upon Thames 018D,0.010538586778917938
2940,Kingston upon Thames,E01003005,Kingston upon Thames 018E,0.01094898305671281
2941,Kingston upon Thames,E01003006,Kingston upon Thames 001A,0.01315810090635563
2942,Kingston upon Thames,E01003007,Kingston upon Thames 001B,0.012812373055840588
2943,Kingston upon Thames,E01003008,Kingston upon Thames 001C,0.012883075214912443
2944,Kingston upon Thames,E01003009,Kingston upon Thames 001D,0.01212373588371941
2945,Kingston upon Thames,E01003010,Kingston upon Thames 001E,0.01298073970829161
2946,Kingston upon Thames,E01003011,Kingston upon Thames 004E,0.012617578309137697
2947,Lambeth,E01003013,Lambeth 036A,0.011987276943270427
2948,Lambeth,E01003014,Lambeth 036B,0.011749192203052724
2949,Lambeth,E01003015,Lambeth 002A,0.011433033996500074
2950,Lambeth,E01003016,Lambeth 036C,0.011858543524980822
2951,Lambeth,E01003017,Lambeth 036D,0.011705579461861133
2952,Lambeth,E01003018,Lambeth 020A,0.01159981520304997
2953,Lambeth,E01003019,Lambeth 015A,0.010939246751495086
2954,Lambeth,E01003020,Lambeth 016A,0.011259116290619955
2955,Lambeth,E01003021,Lambeth 021A,0.011790067109543891
2956,Lambeth,E01003022,Lambeth 021B,0.012044864792484379
2957,Lambeth,E01003023,Lambeth 021C,0.012220679150642597
2958,Lambeth,E01003024,Lambeth 021D,0.012044757444222237
2959,Lambeth,E01003025,Lambeth 021E,0.011848145495221122
2960,Lambeth,E01003026,Lambeth 019A,0.011616036330124282
2961,Lambeth,E01003027,Lambeth 019B,0.011055536421608085
2962,Lambeth,E01003028,Lambeth 019C,0.01196559938644199
2963,Lambeth,E01003029,Lambeth 017A,0.010637690045645702
2964,Lambeth,E01003030,Lambeth 019D,0.01110186344618521
2965,Lambeth,E01003031,Lambeth 023A,0.01194227220591261
2966,Lambeth,E01003032,Lambeth 017B,0.011269186316497272
2967,Lambeth,E01003033,Lambeth 019E,0.011350310395645598
2968,Lambeth,E01003034,Lambeth 012A,0.011719576436200736
2969,Lambeth,E01003035,Lambeth 012B,0.011472095509242868
2970,Lambeth,E01003036,Lambeth 012C,0.011697944077073828
2971,Lambeth,E01003037,Lambeth 013A,0.011864555777065354
2972,Lambeth,E01003038,Lambeth 013B,0.01178486198529193
2973,Lambeth,E01003039,Lambeth 013C,0.011681537417831423
2974,Lambeth,E01003040,Lambeth 013D,0.011787227895941358
2975,Lambeth,E01003041,Lambeth 017C,0.011193756080613699
2976,Lambeth,E01003042,Lambeth 013E,0.011874578562465007
2977,Lambeth,E01003043,Lambeth 018A,0.01175837727462239
2978,Lambeth,E01003044,Lambeth 018B,0.011983349684005265
2979,Lambeth,E01003045,Lambeth 011A,0.011611809602455789
2980,Lambeth,E01003046,Lambeth 009A,0.011994737113283574
2981,Lambeth,E01003047,Lambeth 011B,0.011333571199075422
2982,Lambeth,E01003048,Lambeth 009B,0.012175516097456368
2983,Lambeth,E01003049,Lambeth 011C,0.011738859902175248
2984,Lambeth,E01003050,Lambeth 016B,0.011560405273012341
2985,Lambeth,E01003051,Lambeth 018C,0.012127921278265575
2986,Lambeth,E01003052,Lambeth 016C,0.011773038547138475
2987,Lambeth,E01003053,Lambeth 015B,0.011251784303554854
2988,Lambeth,E01003054,Lambeth 015C,0.011066862129122543
2989,Lambeth,E01003055,Lambeth 016D,0.011354893949498342
2990,Lambeth,E01003056,Lambeth 015D,0.011304143845883899
2991,Lambeth,E01003057,Lambeth 017D,0.01088244972307726
2992,Lambeth,E01003058,Lambeth 015E,0.011289359037057104
2993,Lambeth,E01003059,Lambeth 011D,0.011377955543346164
2994,Lambeth,E01003060,Lambeth 011E,0.011805879841816212
2995,Lambeth,E01003061,Lambeth 011F,0.01105019131758467
2996,Lambeth,E01003062,Lambeth 033A,0.011284167659563894
2997,Lambeth,E01003063,Lambeth 033B,0.010997545139184862
2998,Lambeth,E01003064,Lambeth 028A,0.011712024602433013
2999,Lambeth,E01003065,Lambeth 031A,0.011371229529260962
3000,Lambeth,E01003066,Lambeth 028B,0.011441634026675643
3001,Lambeth,E01003067,Lambeth 033C,0.011309475214229463
3002,Lambeth,E01003068,Lambeth 031B,0.010996023482557389
3003,Lambeth,E01003069,Lambeth 033D,0.010906373776618175
3004,Lambeth,E01003070,Lambeth 033E,0.011101569337336288
3005,Lambeth,E01003071,Lambeth 018D,0.011793201046010539
3006,Lambeth,E01003072,Lambeth 014A,0.012112294458210769
3007,Lambeth,E01003073,Lambeth 014B,0.012238686695352084
3008,Lambeth,E01003074,Lambeth 018E,0.011655058091689055
3009,Lambeth,E01003075,Lambeth 009C,0.01158479148466105
3010,Lambeth,E01003076,Lambeth 014C,0.011972023401515427
3011,Lambeth,E01003077,Lambeth 014D,0.0123923313865384
3012,Lambeth,E01003078,Lambeth 014E,0.012191510938479921
3013,Lambeth,E01003079,Lambeth 027A,0.011604314099061932
3014,Lambeth,E01003080,Lambeth 027B,0.011529045260092179
3015,Lambeth,E01003081,Lambeth 028C,0.011245479016593401
3016,Lambeth,E01003082,Lambeth 031C,0.010730958709735105
3017,Lambeth,E01003083,Lambeth 030A,0.011361310939064452
3018,Lambeth,E01003084,Lambeth 030B,0.011176010317779123
3019,Lambeth,E01003085,Lambeth 030C,0.010902967969724257
3020,Lambeth,E01003086,Lambeth 031D,0.010780400593494794
3021,Lambeth,E01003087,Lambeth 031E,0.010956859350251973
3022,Lambeth,E01003088,Lambeth 010A,0.011346789888536567
3023,Lambeth,E01003089,Lambeth 008A,0.01174046079745131
3024,Lambeth,E01003090,Lambeth 012D,0.011645297240441606
3025,Lambeth,E01003091,Lambeth 008B,0.011666715009225635
3026,Lambeth,E01003092,Lambeth 008C,0.011744927666660085
3027,Lambeth,E01003093,Lambeth 010B,0.011967732829776074
3028,Lambeth,E01003094,Lambeth 010C,0.01192992197485064
3029,Lambeth,E01003095,Lambeth 012E,0.011687528011839006
3030,Lambeth,E01003096,Lambeth 010D,0.011805424608611021
3031,Lambeth,E01003097,Lambeth 006A,0.011434498985517688
3032,Lambeth,E01003098,Lambeth 005A,0.011535614955909993
3033,Lambeth,E01003099,Lambeth 005B,0.010989684624616098
3034,Lambeth,E01003100,Lambeth 005C,0.011520219873040319
3035,Lambeth,E01003101,Lambeth 003A,0.010776420879637231
3036,Lambeth,E01003102,Lambeth 004A,0.01068976005440071
3037,Lambeth,E01003104,Lambeth 004C,0.011388538525862054
3038,Lambeth,E01003105,Lambeth 003B,0.011619238506504048
3039,Lambeth,E01003106,Lambeth 003C,0.011341232744426048
3040,Lambeth,E01003107,Lambeth 003D,0.011043304067296257
3041,Lambeth,E01003108,Lambeth 002B,0.011260242712881913
3042,Lambeth,E01003109,Lambeth 003E,0.011236095534904783
3043,Lambeth,E01003110,Lambeth 002C,0.011163052487703535
3044,Lambeth,E01003111,Lambeth 002D,0.011612530463776942
3045,Lambeth,E01003112,Lambeth 002E,0.011424883423426778
3046,Lambeth,E01003113,Lambeth 032A,0.011084955082102747
3047,Lambeth,E01003114,Lambeth 032B,0.01121526565771712
3048,Lambeth,E01003115,Lambeth 034A,0.011347543096371579
3049,Lambeth,E01003116,Lambeth 029A,0.011475635384767318
3050,Lambeth,E01003117,Lambeth 029B,0.011202693414562245
3051,Lambeth,E01003118,Lambeth 029C,0.011043450499335892
3052,Lambeth,E01003119,Lambeth 032C,0.010991256806193669
3053,Lambeth,E01003120,Lambeth 032D,0.010507062838899907
3054,Lambeth,E01003121,Lambeth 006B,0.011637769130452107
3055,Lambeth,E01003122,Lambeth 004D,0.011456866926912923
3056,Lambeth,E01003123,Lambeth 006C,0.011727975417955738
3057,Lambeth,E01003124,Lambeth 006D,0.011828430214128506
3058,Lambeth,E01003125,Lambeth 006E,0.011801229113983461
3059,Lambeth,E01003126,Lambeth 008D,0.0119151206319382
3060,Lambeth,E01003127,Lambeth 010E,0.011779414587320973
3061,Lambeth,E01003128,Lambeth 008E,0.011884649391475616
3062,Lambeth,E01003129,Lambeth 004E,0.011648642003179121
3063,Lambeth,E01003130,Lambeth 026A,0.011719191601642817
3064,Lambeth,E01003131,Lambeth 026B,0.011803933872007006
3065,Lambeth,E01003132,Lambeth 024A,0.011685366739957086
3066,Lambeth,E01003133,Lambeth 027C,0.01149502804961614
3067,Lambeth,E01003134,Lambeth 027D,0.011584129857413398
3068,Lambeth,E01003135,Lambeth 026C,0.01143969297954767
3069,Lambeth,E01003136,Lambeth 022A,0.012150515745461919
3070,Lambeth,E01003137,Lambeth 022B,0.01190411991277576
3071,Lambeth,E01003138,Lambeth 026D,0.012176320980364922
3072,Lambeth,E01003139,Lambeth 035A,0.011265192118697746
3073,Lambeth,E01003140,Lambeth 035B,0.010991589832843124
3074,Lambeth,E01003141,Lambeth 034B,0.010841074256264198
3075,Lambeth,E01003142,Lambeth 035C,0.011502832787163263
3076,Lambeth,E01003143,Lambeth 035D,0.011666487387579775
3077,Lambeth,E01003144,Lambeth 034C,0.010847727532283328
3078,Lambeth,E01003145,Lambeth 034D,0.011277315423016947
3079,Lambeth,E01003146,Lambeth 035E,0.011851775062728517
3080,Lambeth,E01003147,Lambeth 034E,0.010658380178450867
3081,Lambeth,E01003148,Lambeth 032E,0.010918608080862667
3082,Lambeth,E01003149,Lambeth 030D,0.01105504504523121
3083,Lambeth,E01003150,Lambeth 032F,0.010652482170415891
3084,Lambeth,E01003151,Lambeth 026E,0.011137317697059093
3085,Lambeth,E01003152,Lambeth 027E,0.011264985529911321
3086,Lambeth,E01003153,Lambeth 029D,0.010870923960433038
3087,Lambeth,E01003154,Lambeth 030E,0.011355171525664669
3088,Lambeth,E01003155,Lambeth 029E,0.010833979433041277
3089,Lambeth,E01003156,Lambeth 023B,0.0123864294445962
3090,Lambeth,E01003157,Lambeth 023C,0.011408881271333784
3091,Lambeth,E01003158,Lambeth 023D,0.012218418835469527
3092,Lambeth,E01003159,Lambeth 022C,0.01233834192129484
3093,Lambeth,E01003160,Lambeth 022D,0.012272526485043027
3094,Lambeth,E01003161,Lambeth 023E,0.011552123003211186
3095,Lambeth,E01003162,Lambeth 022E,0.012483335785412273
3096,Lambeth,E01003163,Lambeth 023F,0.01260052303640379
3097,Lambeth,E01003164,Lambeth 025A,0.011352630288213693
3098,Lambeth,E01003165,Lambeth 025B,0.011567839465980924
3099,Lambeth,E01003166,Lambeth 028D,0.011446215168965409
3100,Lambeth,E01003167,Lambeth 028E,0.011496992270202221
3101,Lambeth,E01003168,Lambeth 025C,0.011298806853090704
3102,Lambeth,E01003169,Lambeth 025D,0.011409492954945677
3103,Lambeth,E01003170,Lambeth 025E,0.011402626428163682
3104,Lambeth,E01003171,Lambeth 020B,0.011922032449821197
3105,Lambeth,E01003172,Lambeth 024B,0.011665189163128246
3106,Lambeth,E01003173,Lambeth 020C,0.011821844668782307
3107,Lambeth,E01003174,Lambeth 024C,0.011521154086927995
3108,Lambeth,E01003175,Lambeth 024D,0.011632693428933675
3109,Lambeth,E01003176,Lambeth 016E,0.011642246375050472
3110,Lambeth,E01003177,Lambeth 020D,0.011712781060454563
3111,Lambeth,E01003178,Lambeth 020E,0.01177728266596275
3112,Lambeth,E01003179,Lambeth 024E,0.011743491000120633
3113,Lambeth,E01003180,Lambeth 005D,0.011277907493928301
3114,Lambeth,E01003181,Lambeth 007A,0.011737497814341736
3115,Lambeth,E01003182,Lambeth 009D,0.011192112776621705
3116,Lambeth,E01003183,Lambeth 005E,0.011630415177961937
3117,Lambeth,E01003184,Lambeth 007B,0.011704021206564651
3118,Lambeth,E01003185,Lambeth 007C,0.011822855456052698
3119,Lambeth,E01003186,Lambeth 007D,0.01171574453716249
3120,Lambeth,E01003187,Lambeth 007E,0.011691037043038659
3121,Lambeth,E01003188,Lambeth 009E,0.011610389153551193
3122,Lewisham,E01003189,Lewisham 034A,0.012001031095930035
3123,Lewisham,E01003190,Lewisham 034B,0.011898130332622324
3124,Lewisham,E01003191,Lewisham 034C,0.011997756794010092
3125,Lewisham,E01003192,Lewisham 034D,0.011984849098100861
3126,Lewisham,E01003193,Lewisham 029A,0.012028663034595521
3127,Lewisham,E01003194,Lewisham 029B,0.012093052508754662
3128,Lewisham,E01003195,Lewisham 029C,0.012063469237685703
3129,Lewisham,E01003196,Lewisham 029D,0.01226970750774159
3130,Lewisham,E01003197,Lewisham 029E,0.01225644497770066
3131,Lewisham,E01003198,Lewisham 009A,0.012682120909481617
3132,Lewisham,E01003199,Lewisham 007A,0.012494886942495046
3133,Lewisham,E01003200,Lewisham 009B,0.013009599902443552
3134,Lewisham,E01003201,Lewisham 007B,0.012626524351713651
3135,Lewisham,E01003202,Lewisham 009C,0.012329832082944695
3136,Lewisham,E01003203,Lewisham 009D,0.01167246221411077
3137,Lewisham,E01003204,Lewisham 007C,0.012601072741212471
3138,Lewisham,E01003205,Lewisham 007D,0.012283579940822523
3139,Lewisham,E01003206,Lewisham 007E,0.012691800486828195
3140,Lewisham,E01003207,Lewisham 005A,0.012383854708165009
3141,Lewisham,E01003209,Lewisham 005B,0.011827662038725472
3142,Lewisham,E01003210,Lewisham 005C,0.01180165707940541
3143,Lewisham,E01003211,Lewisham 008B,0.012053882485990847
3144,Lewisham,E01003212,Lewisham 005D,0.011634914709560755
3145,Lewisham,E01003213,Lewisham 008C,0.012148943819682333
3146,Lewisham,E01003214,Lewisham 008D,0.011900023799935133
3147,Lewisham,E01003215,Lewisham 005E,0.012399836882973336
3148,Lewisham,E01003216,Lewisham 025A,0.012302720194784105
3149,Lewisham,E01003217,Lewisham 022A,0.01213825604138935
3150,Lewisham,E01003218,Lewisham 022B,0.01215403796724159
3151,Lewisham,E01003219,Lewisham 025B,0.012328553127792054
3152,Lewisham,E01003220,Lewisham 022C,0.01202075673407026
3153,Lewisham,E01003221,Lewisham 025C,0.012323326316829843
3154,Lewisham,E01003222,Lewisham 022D,0.01209054575174411
3155,Lewisham,E01003223,Lewisham 025D,0.012417314717808069
3156,Lewisham,E01003224,Lewisham 022E,0.012093308779608198
3157,Lewisham,E01003225,Lewisham 015A,0.01234847203849968
3158,Lewisham,E01003226,Lewisham 019A,0.01216361210204847
3159,Lewisham,E01003227,Lewisham 019B,0.012069361035595836
3160,Lewisham,E01003228,Lewisham 019C,0.012077126895566876
3161,Lewisham,E01003229,Lewisham 019D,0.011669936802860966
3162,Lewisham,E01003230,Lewisham 019E,0.011637997219476892
3163,Lewisham,E01003231,Lewisham 015B,0.01222196399161521
3164,Lewisham,E01003232,Lewisham 015C,0.012088184348685357
3165,Lewisham,E01003233,Lewisham 015D,0.012285599275837788
3166,Lewisham,E01003235,Lewisham 038A,0.011896659323629962
3167,Lewisham,E01003236,Lewisham 037A,0.012319422760153721
3168,Lewisham,E01003237,Lewisham 037B,0.01233719809235627
3169,Lewisham,E01003238,Lewisham 037C,0.012625561167257257
3170,Lewisham,E01003239,Lewisham 037D,0.01248280621652811
3171,Lewisham,E01003240,Lewisham 038B,0.012403060716874333
3172,Lewisham,E01003241,Lewisham 038C,0.012117106595966794
3173,Lewisham,E01003243,Lewisham 038D,0.012245606466518434
3174,Lewisham,E01003244,Lewisham 001A,0.012337335822380098
3175,Lewisham,E01003245,Lewisham 001B,0.01164689190588916
3176,Lewisham,E01003246,Lewisham 002A,0.012140446767306952
3177,Lewisham,E01003247,Lewisham 001C,0.011916726913018795
3178,Lewisham,E01003248,Lewisham 002B,0.012049880755849519
3179,Lewisham,E01003249,Lewisham 001D,0.012263928459177825
3180,Lewisham,E01003250,Lewisham 001E,0.012266621817994471
3181,Lewisham,E01003251,Lewisham 002C,0.012166274574223888
3182,Lewisham,E01003252,Lewisham 002D,0.012248713517680076
3183,Lewisham,E01003253,Lewisham 002E,0.012223702277159784
3184,Lewisham,E01003254,Lewisham 021A,0.011727831230547933
3185,Lewisham,E01003255,Lewisham 021B,0.011671720774080678
3186,Lewisham,E01003256,Lewisham 028A,0.01193608422342348
3187,Lewisham,E01003257,Lewisham 028B,0.011888670776316215
3188,Lewisham,E01003258,Lewisham 028C,0.012080973420346683
3189,Lewisham,E01003259,Lewisham 028D,0.012168250178711506
3190,Lewisham,E01003260,Lewisham 021C,0.011919650937927897
3191,Lewisham,E01003261,Lewisham 021D,0.012185651972360625
3192,Lewisham,E01003262,Lewisham 021E,0.01185750706182765
3193,Lewisham,E01003263,Lewisham 023A,0.01217302602592379
3194,Lewisham,E01003264,Lewisham 031A,0.011927372049188822
3195,Lewisham,E01003265,Lewisham 031B,0.012226807446667957
3196,Lewisham,E01003266,Lewisham 031C,0.011817536075527761
3197,Lewisham,E01003267,Lewisham 031D,0.01260711880202707
3198,Lewisham,E01003268,Lewisham 023B,0.012158942890271323
3199,Lewisham,E01003269,Lewisham 023C,0.012105110880319084
3200,Lewisham,E01003270,Lewisham 023D,0.012098263221997255
3201,Lewisham,E01003271,Lewisham 023E,0.011888345148672971
3202,Lewisham,E01003272,Lewisham 014A,0.012099433188123485
3203,Lewisham,E01003273,Lewisham 011A,0.012473999656293604
3204,Lewisham,E01003274,Lewisham 014B,0.012430049290374766
3205,Lewisham,E01003275,Lewisham 014C,0.012265953352411398
3206,Lewisham,E01003276,Lewisham 014D,0.012417242460110669
3207,Lewisham,E01003277,Lewisham 011B,0.012712373387491545
3208,Lewisham,E01003278,Lewisham 011C,0.012853228528299608
3209,Lewisham,E01003279,Lewisham 011D,0.01262605455067854
3210,Lewisham,E01003280,Lewisham 016A,0.012140276327703457
3211,Lewisham,E01003281,Lewisham 016B,0.01216858240485458
3212,Lewisham,E01003282,Lewisham 013A,0.01164496545952964
3213,Lewisham,E01003283,Lewisham 013B,0.011792614288062673
3214,Lewisham,E01003284,Lewisham 013C,0.011693763866613999
3215,Lewisham,E01003285,Lewisham 016C,0.012285983250971667
3216,Lewisham,E01003286,Lewisham 013D,0.012326663775412668
3217,Lewisham,E01003287,Lewisham 016D,0.012143064228031186
3218,Lewisham,E01003288,Lewisham 012A,0.011844277875868016
3219,Lewisham,E01003290,Lewisham 012C,0.011989510073731354
3220,Lewisham,E01003291,Lewisham 012D,0.012104341360239773
3221,Lewisham,E01003292,Lewisham 017A,0.01206195701129221
3222,Lewisham,E01003293,Lewisham 017B,0.011991114875056882
3223,Lewisham,E01003295,Lewisham 017D,0.012108564434175299
3224,Lewisham,E01003296,Lewisham 012E,0.012833598609877168
3225,Lewisham,E01003297,Lewisham 003A,0.01155785680387506
3226,Lewisham,E01003298,Lewisham 039A,0.012163645423773437
3227,Lewisham,E01003299,Lewisham 003B,0.012670283709211708
3228,Lewisham,E01003300,Lewisham 039B,0.01233365438258506
3229,Lewisham,E01003301,Lewisham 003C,0.012300061658389398
3230,Lewisham,E01003302,Lewisham 003D,0.0117201205257512
3231,Lewisham,E01003303,Lewisham 039C,0.012188833707099582
3232,Lewisham,E01003304,Lewisham 039D,0.012246278529498927
3233,Lewisham,E01003305,Lewisham 003E,0.012223777160830729
3234,Lewisham,E01003307,Lewisham 024A,0.011963874089064934
3235,Lewisham,E01003308,Lewisham 024B,0.011530139548939536
3236,Lewisham,E01003309,Lewisham 027A,0.012119683688803293
3237,Lewisham,E01003310,Lewisham 027B,0.011897762032047537
3238,Lewisham,E01003311,Lewisham 027C,0.011878568913580651
3239,Lewisham,E01003312,Lewisham 027D,0.012124327787260991
3240,Lewisham,E01003313,Lewisham 027E,0.012131784480865462
3241,Lewisham,E01003314,Lewisham 024C,0.011582867326431486
3242,Lewisham,E01003315,Lewisham 024D,0.011832877471232293
3243,Lewisham,E01003316,Lewisham 024E,0.011675194330011279
3244,Lewisham,E01003317,Lewisham 020A,0.012099893473693104
3245,Lewisham,E01003318,Lewisham 020B,0.012016147974703325
3246,Lewisham,E01003319,Lewisham 018A,0.012167927462581291
3247,Lewisham,E01003320,Lewisham 018B,0.012171820562146348
3248,Lewisham,E01003321,Lewisham 020C,0.011864691805152455
3249,Lewisham,E01003322,Lewisham 020D,0.012006606949666663
3250,Lewisham,E01003323,Lewisham 018C,0.01206189275932267
3251,Lewisham,E01003324,Lewisham 020E,0.012054481312623945
3252,Lewisham,E01003325,Lewisham 018D,0.012107888304509498
3253,Lewisham,E01003326,Lewisham 035A,0.011742712689468197
3254,Lewisham,E01003327,Lewisham 035B,0.011694520829757719
3255,Lewisham,E01003328,Lewisham 035C,0.01181146388273695
3256,Lewisham,E01003329,Lewisham 033A,0.011992654073896759
3257,Lewisham,E01003330,Lewisham 033B,0.011926643216084167
3258,Lewisham,E01003331,Lewisham 033C,0.01214500785353165
3259,Lewisham,E01003332,Lewisham 033D,0.012043311546946642
3260,Lewisham,E01003333,Lewisham 035D,0.011864499396349013
3261,Lewisham,E01003334,Lewisham 033E,0.011886411488769608
3262,Lewisham,E01003335,Lewisham 035E,0.011831137997021308
3263,Lewisham,E01003336,Lewisham 010A,0.011944283043934464
3264,Lewisham,E01003337,Lewisham 010B,0.012136946238917408
3265,Lewisham,E01003338,Lewisham 006A,0.012391212922702531
3266,Lewisham,E01003339,Lewisham 006B,0.012359541243497654
3267,Lewisham,E01003340,Lewisham 006C,0.012516111903116392
3268,Lewisham,E01003341,Lewisham 006D,0.012125618969806694
3269,Lewisham,E01003342,Lewisham 010C,0.011886464186293404
3270,Lewisham,E01003343,Lewisham 006E,0.011690664680645071
3271,Lewisham,E01003344,Lewisham 010D,0.01170379914034824
3272,Lewisham,E01003345,Lewisham 010E,0.011828133717900445
3273,Lewisham,E01003346,Lewisham 026A,0.01240685801160155
3274,Lewisham,E01003347,Lewisham 030A,0.012434219532908101
3275,Lewisham,E01003348,Lewisham 030B,0.012549253969762917
3276,Lewisham,E01003349,Lewisham 026B,0.012386128552759702
3277,Lewisham,E01003350,Lewisham 030C,0.012488308552321217
3278,Lewisham,E01003351,Lewisham 026C,0.012559396094184718
3279,Lewisham,E01003352,Lewisham 030D,0.012314441601428097
3280,Lewisham,E01003353,Lewisham 030E,0.012565673199514418
3281,Lewisham,E01003354,Lewisham 026D,0.012068757335649194
3282,Merton,E01003355,Merton 009A,0.011824000617125787
3283,Merton,E01003356,Merton 009B,0.012314144043128935
3284,Merton,E01003357,Merton 012A,0.01211511410867966
3285,Merton,E01003358,Merton 009C,0.012271477742296987
3286,Merton,E01003359,Merton 006A,0.011862852356953116
3287,Merton,E01003360,Merton 006B,0.011590687730291222
3288,Merton,E01003361,Merton 015A,0.012166760163192854
3289,Merton,E01003362,Merton 021A,0.011732697675271206
3290,Merton,E01003363,Merton 021B,0.011895289444582515
3291,Merton,E01003364,Merton 021C,0.011662654557655406
3292,Merton,E01003365,Merton 021D,0.012108212870246512
3293,Merton,E01003366,Merton 016A,0.012314212683397434
3294,Merton,E01003367,Merton 005A,0.01232249461491397
3295,Merton,E01003368,Merton 008A,0.012298791262974831
3296,Merton,E01003369,Merton 005B,0.012507545366794834
3297,Merton,E01003370,Merton 005C,0.012458102432466717
3298,Merton,E01003371,Merton 005D,0.012401927421183243
3299,Merton,E01003372,Merton 008B,0.01232805891802043
3300,Merton,E01003373,Merton 018A,0.012546455503149366
3301,Merton,E01003374,Merton 022A,0.012676445752676624
3302,Merton,E01003375,Merton 022B,0.011685518578584719
3303,Merton,E01003376,Merton 012B,0.012470118548306456
3304,Merton,E01003377,Merton 012C,0.01267665659294342
3305,Merton,E01003378,Merton 018B,0.012604762019252303
3306,Merton,E01003379,Merton 018C,0.012414599932350464
3307,Merton,E01003380,Merton 011A,0.012006633944992991
3308,Merton,E01003381,Merton 016B,0.012238774392806883
3309,Merton,E01003382,Merton 011B,0.011954235393663422
3310,Merton,E01003383,Merton 009D,0.012312184212415997
3311,Merton,E01003384,Merton 009E,0.012121501817770212
3312,Merton,E01003385,Merton 011C,0.012148952650587564
3313,Merton,E01003386,Merton 013A,0.011408304290910777
3314,Merton,E01003387,Merton 014A,0.011087869630452449
3315,Merton,E01003388,Merton 013B,0.01164060634107017
3316,Merton,E01003389,Merton 013C,0.011852649306262647
3317,Merton,E01003390,Merton 018D,0.011981778389935763
3318,Merton,E01003391,Merton 014B,0.010948832677423765
3319,Merton,E01003392,Merton 013D,0.011940148034466712
3320,Merton,E01003393,Merton 008C,0.01216418041714705
3321,Merton,E01003394,Merton 007A,0.012127008409984449
3322,Merton,E01003395,Merton 007B,0.011634829728208439
3323,Merton,E01003396,Merton 007C,0.012183334781418271
3324,Merton,E01003397,Merton 007D,0.01198586444012541
3325,Merton,E01003398,Merton 007E,0.012009446523525553
3326,Merton,E01003399,Merton 011D,0.011796927211076773
3327,Merton,E01003400,Merton 003A,0.011728891072910159
3328,Merton,E01003401,Merton 004A,0.011509796273857427
3329,Merton,E01003402,Merton 004B,0.011789698291474254
3330,Merton,E01003403,Merton 004C,0.01173514855440307
3331,Merton,E01003404,Merton 004D,0.01176688068121907
3332,Merton,E01003405,Merton 018E,0.011985213187070564
3333,Merton,E01003406,Merton 008D,0.012230049555561315
3334,Merton,E01003407,Merton 008E,0.01238142552453421
3335,Merton,E01003408,Merton 012D,0.012456626299352493
3336,Merton,E01003409,Merton 013E,0.012248182839487493
3337,Merton,E01003410,Merton 012E,0.012564479636868887
3338,Merton,E01003411,Merton 014C,0.01120138408596644
3339,Merton,E01003412,Merton 014D,0.011477264278381931
3340,Merton,E01003413,Merton 017A,0.010284892718199547
3341,Merton,E01003414,Merton 017B,0.010244979719770597
3342,Merton,E01003415,Merton 017C,0.011076908227784992
3343,Merton,E01003416,Merton 017D,0.011649132032037324
3344,Merton,E01003417,Merton 025A,0.011629890647438383
3345,Merton,E01003418,Merton 025B,0.011588831927531573
3346,Merton,E01003419,Merton 025C,0.011714212202609705
3347,Merton,E01003420,Merton 025D,0.011475632145283646
3348,Merton,E01003421,Merton 021E,0.01181043072641177
3349,Merton,E01003422,Merton 025E,0.01180958105900309
3350,Merton,E01003423,Merton 011E,0.012224603902722519
3351,Merton,E01003424,Merton 015B,0.012762534457894733
3352,Merton,E01003425,Merton 015C,0.012393811977337656
3353,Merton,E01003426,Merton 015D,0.012437934508475836
3354,Merton,E01003427,Merton 023A,0.012295621468881565
3355,Merton,E01003428,Merton 015E,0.012519072307165292
3356,Merton,E01003429,Merton 019A,0.010878238253986525
3357,Merton,E01003430,Merton 019B,0.010726087907460343
3358,Merton,E01003431,Merton 019C,0.01067264732812228
3359,Merton,E01003432,Merton 019D,0.01089943026591674
3360,Merton,E01003433,Merton 019E,0.010860734877495452
3361,Merton,E01003434,Merton 017E,0.011748031734556713
3362,Merton,E01003435,Merton 014E,0.012127116314335908
3363,Merton,E01003436,Merton 023B,0.012079633010559492
3364,Merton,E01003437,Merton 022C,0.012233797876664136
3365,Merton,E01003438,Merton 024A,0.012028084359469247
3366,Merton,E01003439,Merton 023C,0.012404339688475647
3367,Merton,E01003440,Merton 022D,0.0123921875551172
3368,Merton,E01003441,Merton 022E,0.012191412698866358
3369,Merton,E01003442,Merton 010A,0.011618434999992664
3370,Merton,E01003443,Merton 010B,0.011815387974488941
3371,Merton,E01003444,Merton 010C,0.011998734426760435
3372,Merton,E01003445,Merton 010D,0.012735042711467942
3373,Merton,E01003446,Merton 016C,0.012102463072364473
3374,Merton,E01003447,Merton 016D,0.012519474236518
3375,Merton,E01003448,Merton 023D,0.012258951809491624
3376,Merton,E01003449,Merton 024B,0.012063508800071336
3377,Merton,E01003450,Merton 024C,0.012177897873934685
3378,Merton,E01003451,Merton 024D,0.011825035294666041
3379,Merton,E01003452,Merton 024E,0.01189937652240064
3380,Merton,E01003453,Merton 023E,0.012250216452611446
3381,Merton,E01003454,Merton 003B,0.011760411808194426
3382,Merton,E01003455,Merton 005E,0.012115374980677829
3383,Merton,E01003456,Merton 003C,0.011906562143523104
3384,Merton,E01003457,Merton 006C,0.011937089154015845
3385,Merton,E01003458,Merton 006D,0.011789628371334083
3386,Merton,E01003459,Merton 006E,0.012149838794369844
3387,Merton,E01003460,Merton 002A,0.011785430586162476
3388,Merton,E01003461,Merton 004E,0.011789354121902518
3389,Merton,E01003462,Merton 002B,0.011378604251023593
3390,Merton,E01003463,Merton 010E,0.012001251527206522
3391,Merton,E01003464,Merton 002C,0.012069931716771632
3392,Merton,E01003465,Merton 002D,0.011752111487813301
3393,Merton,E01003466,Merton 020A,0.010798036921151463
3394,Merton,E01003467,Merton 020B,0.011285495631215404
3395,Merton,E01003468,Merton 020C,0.011598158243763096
3396,Merton,E01003469,Merton 020D,0.011150233940451964
3397,Merton,E01003470,Merton 020E,0.010936376079672013
3398,Merton,E01003471,Merton 016E,0.011639528322687574
3399,Merton,E01003472,Merton 001A,0.012241489216160865
3400,Merton,E01003473,Merton 001B,0.012329029810520578
3401,Merton,E01003474,Merton 001C,0.012090169387010585
3402,Merton,E01003475,Merton 001D,0.012367584393317492
3403,Merton,E01003476,Merton 003D,0.011957574342439428
3404,Merton,E01003477,Merton 003E,0.011995211104917507
3405,Merton,E01003478,Merton 001E,0.012694423858019062
3406,Newham,E01003479,Newham 035A,0.012756631198493651
3407,Newham,E01003480,Newham 033A,0.012354431463653457
3408,Newham,E01003481,Newham 035B,0.01276567929431144
3409,Newham,E01003482,Newham 033B,0.012523496447433563
3410,Newham,E01003483,Newham 032A,0.01248886916799157
3411,Newham,E01003484,Newham 032B,0.01253807866989013
3412,Newham,E01003485,Newham 035C,0.012004733774035475
3413,Newham,E01003486,Newham 033C,0.012049014324267575
3414,Newham,E01003487,Newham 033D,0.01210964580757741
3415,Newham,E01003488,Newham 019A,0.011876128607139767
3416,Newham,E01003489,Newham 019B,0.012230884801252766
3417,Newham,E01003490,Newham 019C,0.011682552809618668
3418,Newham,E01003491,Newham 022A,0.012471350125336355
3419,Newham,E01003492,Newham 025A,0.01215562934846706
3420,Newham,E01003493,Newham 025B,0.012010100943678428
3421,Newham,E01003494,Newham 025C,0.012258749564400775
3422,Newham,E01003495,Newham 025D,0.012321949753850774
3423,Newham,E01003496,Newham 027A,0.011711887441446014
3424,Newham,E01003497,Newham 034A,0.012214589551889756
3425,Newham,E01003498,Newham 027B,0.012125877019769147
3426,Newham,E01003499,Newham 030A,0.012121529217484439
3427,Newham,E01003500,Newham 027C,0.012201159052398823
3428,Newham,E01003501,Newham 030B,0.012408061346770905
3429,Newham,E01003502,Newham 030C,0.01279341882329352
3430,Newham,E01003503,Newham 030D,0.012250344335082361
3431,Newham,E01003506,Newham 034D,0.012983357693962088
3432,Newham,E01003507,Newham 031A,0.012420426966859912
3433,Newham,E01003508,Newham 031B,0.01288183516641761
3434,Newham,E01003509,Newham 031C,0.012854648424814458
3435,Newham,E01003511,Newham 036A,0.012325881182295413
3436,Newham,E01003512,Newham 036B,0.013126564367670743
3437,Newham,E01003513,Newham 035D,0.012552905550270409
3438,Newham,E01003514,Newham 036C,0.013256179972214423
3439,Newham,E01003515,Newham 036D,0.012794904233084515
3440,Newham,E01003516,Newham 032C,0.012337089834476136
3441,Newham,E01003517,Newham 036E,0.01275634347146367
3442,Newham,E01003518,Newham 032D,0.012401970748165533
3443,Newham,E01003519,Newham 032E,0.012914351192558631
3444,Newham,E01003520,Newham 018A,0.012094900591330372
3445,Newham,E01003521,Newham 018B,0.012588474789797178
3446,Newham,E01003522,Newham 018C,0.01199549512949049
3447,Newham,E01003523,Newham 024A,0.012848806387498404
3448,Newham,E01003524,Newham 019D,0.011717982930041514
3449,Newham,E01003525,Newham 018D,0.012003631027734989
3450,Newham,E01003526,Newham 018E,0.012374285938739914
3451,Newham,E01003527,Newham 024B,0.012496861904495976
3452,Newham,E01003528,Newham 005A,0.012130032408839973
3453,Newham,E01003529,Newham 010A,0.012070428582853367
3454,Newham,E01003530,Newham 010B,0.012266051160922612
3455,Newham,E01003531,Newham 010C,0.012123159129013959
3456,Newham,E01003532,Newham 010D,0.012500996021431739
3457,Newham,E01003533,Newham 011A,0.011509103077345921
3458,Newham,E01003534,Newham 010E,0.011949727905943687
3459,Newham,E01003535,Newham 023A,0.012758444216477692
3460,Newham,E01003536,Newham 023B,0.012638335366363287
3461,Newham,E01003537,Newham 024C,0.012841254685595152
3462,Newham,E01003538,Newham 029A,0.01257092212333107
3463,Newham,E01003539,Newham 029B,0.011903609296717197
3464,Newham,E01003540,Newham 029C,0.012766744822713736
3465,Newham,E01003541,Newham 029D,0.012351859992448734
3466,Newham,E01003542,Newham 024D,0.01289201461541412
3467,Newham,E01003543,Newham 001A,0.011789117586032261
3468,Newham,E01003544,Newham 001B,0.011890486634761424
3469,Newham,E01003545,Newham 006A,0.01199121561584399
3470,Newham,E01003546,Newham 001C,0.011852067156545281
3471,Newham,E01003547,Newham 007A,0.011801259562685027
3472,Newham,E01003548,Newham 006B,0.012069344522476442
3473,Newham,E01003549,Newham 006C,0.01200097257487294
3474,Newham,E01003550,Newham 001D,0.011880457501868395
3475,Newham,E01003551,Newham 009A,0.012010913698252938
3476,Newham,E01003552,Newham 016A,0.011952760971674041
3477,Newham,E01003553,Newham 009B,0.012038936956533228
3478,Newham,E01003554,Newham 009C,0.012183223636243998
3479,Newham,E01003555,Newham 007B,0.011911556247594154
3480,Newham,E01003556,Newham 008A,0.01180147258334542
3481,Newham,E01003557,Newham 006D,0.011924706535957204
3482,Newham,E01003558,Newham 008B,0.011936795790481377
3483,Newham,E01003559,Newham 009D,0.012011161205700147
3484,Newham,E01003560,Newham 011B,0.011596139153209993
3485,Newham,E01003561,Newham 007C,0.011711139532859788
3486,Newham,E01003562,Newham 014A,0.011829732251627563
3487,Newham,E01003563,Newham 011C,0.01151078897578133
3488,Newham,E01003564,Newham 014B,0.011891757232894928
3489,Newham,E01003565,Newham 014C,0.011768954840711747
3490,Newham,E01003566,Newham 014D,0.012215756985893982
3491,Newham,E01003567,Newham 007D,0.011816380582952627
3492,Newham,E01003568,Newham 017A,0.012319298487800216
3493,Newham,E01003569,Newham 017B,0.012309982525744674
3494,Newham,E01003570,Newham 008C,0.011868411601763188
3495,Newham,E01003571,Newham 008D,0.011895894181708578
3496,Newham,E01003572,Newham 008E,0.011973664769447096
3497,Newham,E01003573,Newham 017C,0.012101891133051684
3498,Newham,E01003574,Newham 017D,0.012154633186441045
3499,Newham,E01003575,Newham 005B,0.012173133377879767
3500,Newham,E01003576,Newham 002A,0.01194884991017018
3501,Newham,E01003577,Newham 005C,0.011717659084504473
3502,Newham,E01003578,Newham 003A,0.011229788533748458
3503,Newham,E01003579,Newham 004A,0.012362468051642815
3504,Newham,E01003580,Newham 005D,0.011693092236599095
3505,Newham,E01003581,Newham 002B,0.01217296947531664
3506,Newham,E01003582,Newham 002C,0.0118873315095678
3507,Newham,E01003583,Newham 002D,0.012004621834515705
3508,Newham,E01003584,Newham 003B,0.011604152639783186
3509,Newham,E01003585,Newham 004B,0.012549654485984864
3510,Newham,E01003586,Newham 003C,0.011614365706137136
3511,Newham,E01003587,Newham 004C,0.011995367946383255
3512,Newham,E01003588,Newham 011D,0.011068133032197839
3513,Newham,E01003589,Newham 011E,0.012005744680615146
3514,Newham,E01003590,Newham 003D,0.011058339990907565
3515,Newham,E01003591,Newham 004D,0.011704601414950399
3516,Newham,E01003592,Newham 022B,0.012456629215490811
3517,Newham,E01003593,Newham 027D,0.012479424373453687
3518,Newham,E01003594,Newham 026A,0.012301018626583431
3519,Newham,E01003595,Newham 026B,0.012365994273976172
3520,Newham,E01003596,Newham 016B,0.01236704583183781
3521,Newham,E01003597,Newham 016C,0.0124189481284975
3522,Newham,E01003598,Newham 021A,0.012545611895676184
3523,Newham,E01003599,Newham 022C,0.012467586397930101
3524,Newham,E01003600,Newham 021B,0.012576076010666465
3525,Newham,E01003601,Newham 028A,0.012261454225262916
3526,Newham,E01003602,Newham 026C,0.011801327697187168
3527,Newham,E01003603,Newham 028B,0.012346785335890635
3528,Newham,E01003604,Newham 031D,0.012556838945096946
3529,Newham,E01003605,Newham 028C,0.012409961846899558
3530,Newham,E01003606,Newham 022D,0.012352894046021518
3531,Newham,E01003607,Newham 026D,0.012114740045542706
3532,Newham,E01003608,Newham 028D,0.012164522973645814
3533,Newham,E01003609,Newham 037A,0.012275611601471396
3534,Newham,E01003611,Newham 037C,0.013261552432902491
3535,Newham,E01003615,Newham 013C,0.012337871736442397
3536,Newham,E01003616,Newham 012A,0.012434729796912269
3537,Newham,E01003617,Newham 012B,0.012468692769074318
3538,Newham,E01003618,Newham 012C,0.011990660345059039
3539,Newham,E01003619,Newham 012D,0.012386599763042882
3540,Newham,E01003621,Newham 023C,0.012700244703663797
3541,Newham,E01003622,Newham 023D,0.012557369458218481
3542,Newham,E01003623,Newham 023E,0.012816215014218084
3543,Newham,E01003624,Newham 024E,0.01280136966477682
3544,Newham,E01003625,Newham 015A,0.012084406557089797
3545,Newham,E01003626,Newham 015B,0.012318987527491939
3546,Newham,E01003627,Newham 015C,0.012461660127232209
3547,Newham,E01003628,Newham 015D,0.012486078383988105
3548,Newham,E01003629,Newham 015E,0.01254162563694089
3549,Newham,E01003630,Newham 021C,0.01257972263148984
3550,Newham,E01003631,Newham 020A,0.011761848873724357
3551,Newham,E01003632,Newham 020B,0.012421120199487223
3552,Newham,E01003633,Newham 020C,0.01199779758855994
3553,Newham,E01003634,Newham 020D,0.01171004102709887
3554,Newham,E01003635,Newham 016D,0.012264581913538974
3555,Newham,E01003636,Newham 020E,0.012040953402719637
3556,Newham,E01003637,Newham 021D,0.012483656460040602
3557,Redbridge,E01003638,Redbridge 017A,0.012619415183364761
3558,Redbridge,E01003639,Redbridge 013A,0.01257295845135268
3559,Redbridge,E01003640,Redbridge 013B,0.01253266009457216
3560,Redbridge,E01003641,Redbridge 013C,0.012867483814139538
3561,Redbridge,E01003642,Redbridge 013D,0.011994255491971495
3562,Redbridge,E01003643,Redbridge 017B,0.012253777496904157
3563,Redbridge,E01003644,Redbridge 017C,0.0118941730809822
3564,Redbridge,E01003645,Redbridge 017D,0.011665210220721112
3565,Redbridge,E01003646,Redbridge 012A,0.012661694765411112
3566,Redbridge,E01003647,Redbridge 015A,0.012074870563606729
3567,Redbridge,E01003648,Redbridge 012B,0.01255304102811056
3568,Redbridge,E01003649,Redbridge 012C,0.012789557070948549
3569,Redbridge,E01003650,Redbridge 015B,0.012593961263198967
3570,Redbridge,E01003651,Redbridge 012D,0.012813960121679664
3571,Redbridge,E01003652,Redbridge 015C,0.012695128936413457
3572,Redbridge,E01003653,Redbridge 015D,0.012561479286449613
3573,Redbridge,E01003654,Redbridge 004A,0.012435819441784214
3574,Redbridge,E01003655,Redbridge 004B,0.012078617185424047
3575,Redbridge,E01003656,Redbridge 005A,0.011707978223162966
3576,Redbridge,E01003657,Redbridge 005B,0.012009869132552496
3577,Redbridge,E01003658,Redbridge 004C,0.012080986904375377
3578,Redbridge,E01003659,Redbridge 005C,0.01240268171270284
3579,Redbridge,E01003660,Redbridge 004D,0.01215023438245398
3580,Redbridge,E01003661,Redbridge 019A,0.012402088357819965
3581,Redbridge,E01003662,Redbridge 019B,0.012265381821118002
3582,Redbridge,E01003663,Redbridge 019C,0.012917339962865267
3583,Redbridge,E01003664,Redbridge 019D,0.012204514081310036
3584,Redbridge,E01003665,Redbridge 019E,0.0122017599137469
3585,Redbridge,E01003666,Redbridge 019F,0.012743787081620982
3586,Redbridge,E01003668,Redbridge 007A,0.012890555168278337
3587,Redbridge,E01003669,Redbridge 007B,0.012273798570239528
3588,Redbridge,E01003670,Redbridge 007C,0.012050732752223962
3589,Redbridge,E01003671,Redbridge 007D,0.012640291382490424
3590,Redbridge,E01003672,Redbridge 007E,0.013285650449617261
3591,Redbridge,E01003673,Redbridge 007F,0.012413199672475244
3592,Redbridge,E01003674,Redbridge 007G,0.012991520646337028
3593,Redbridge,E01003675,Redbridge 036A,0.011947896269632982
3594,Redbridge,E01003676,Redbridge 036B,0.01201599806333833
3595,Redbridge,E01003677,Redbridge 036C,0.012559125538113596
3596,Redbridge,E01003678,Redbridge 036D,0.012691789873106396
3597,Redbridge,E01003679,Redbridge 036E,0.012250634123599948
3598,Redbridge,E01003680,Redbridge 036F,0.012379389920241565
3599,Redbridge,E01003681,Redbridge 036G,0.012672411663548256
3600,Redbridge,E01003682,Redbridge 036H,0.012183963605053824
3601,Redbridge,E01003683,Redbridge 030A,0.011501084889803172
3602,Redbridge,E01003684,Redbridge 030B,0.011184039832067314
3603,Redbridge,E01003685,Redbridge 030C,0.011577342192103811
3604,Redbridge,E01003686,Redbridge 030D,0.011793340816050931
3605,Redbridge,E01003688,Redbridge 030F,0.011806618426340112
3606,Redbridge,E01003689,Redbridge 030G,0.011733777329260153
3607,Redbridge,E01003690,Redbridge 035A,0.012013572073365824
3608,Redbridge,E01003691,Redbridge 035B,0.01205635237591583
3609,Redbridge,E01003692,Redbridge 035C,0.012311287779931878
3610,Redbridge,E01003693,Redbridge 035D,0.011827035931090303
3611,Redbridge,E01003694,Redbridge 035E,0.012383396933537787
3612,Redbridge,E01003695,Redbridge 035F,0.011770818937558084
3613,Redbridge,E01003696,Redbridge 035G,0.012760309778153395
3614,Redbridge,E01003697,Redbridge 035H,0.011906907213598288
3615,Redbridge,E01003698,Redbridge 006A,0.012261271729470549
3616,Redbridge,E01003699,Redbridge 006B,0.012268991037248184
3617,Redbridge,E01003700,Redbridge 006C,0.012575477440707127
3618,Redbridge,E01003701,Redbridge 006D,0.012471602654174893
3619,Redbridge,E01003702,Redbridge 006E,0.012233626345629961
3620,Redbridge,E01003703,Redbridge 006F,0.011826672286828085
3621,Redbridge,E01003704,Redbridge 006G,0.012319468997482265
3622,Redbridge,E01003705,Redbridge 010A,0.012719510251401367
3623,Redbridge,E01003706,Redbridge 010B,0.012429903008112394
3624,Redbridge,E01003707,Redbridge 008A,0.01234093405263696
3625,Redbridge,E01003708,Redbridge 008B,0.012243538485957767
3626,Redbridge,E01003709,Redbridge 008C,0.012134546631860409
3627,Redbridge,E01003710,Redbridge 008D,0.012546691525149856
3628,Redbridge,E01003711,Redbridge 010C,0.012613952372993096
3629,Redbridge,E01003712,Redbridge 010D,0.012114452486508574
3630,Redbridge,E01003713,Redbridge 034A,0.011636152200341185
3631,Redbridge,E01003714,Redbridge 034B,0.01158421827020914
3632,Redbridge,E01003715,Redbridge 034C,0.011604049329131704
3633,Redbridge,E01003716,Redbridge 034D,0.011487501076184766
3634,Redbridge,E01003718,Redbridge 034E,0.012247907598677827
3635,Redbridge,E01003719,Redbridge 034F,0.012120134978367286
3636,Redbridge,E01003720,Redbridge 002A,0.012023284994331687
3637,Redbridge,E01003721,Redbridge 003A,0.012323360510551284
3638,Redbridge,E01003722,Redbridge 002B,0.01162290439869663
3639,Redbridge,E01003723,Redbridge 002C,0.011757538754989631
3640,Redbridge,E01003724,Redbridge 003B,0.012057196844506008
3641,Redbridge,E01003725,Redbridge 003C,0.012275742898072895
3642,Redbridge,E01003726,Redbridge 002D,0.01183194864356829
3643,Redbridge,E01003727,Redbridge 003D,0.012184393607389458
3644,Redbridge,E01003728,Redbridge 032A,0.011731376667189718
3645,Redbridge,E01003729,Redbridge 032B,0.011561794040615539
3646,Redbridge,E01003730,Redbridge 032C,0.011447495689120178
3647,Redbridge,E01003731,Redbridge 033A,0.011219332381280844
3648,Redbridge,E01003732,Redbridge 032D,0.011453967363928216
3649,Redbridge,E01003733,Redbridge 032E,0.011351596274732837
3650,Redbridge,E01003734,Redbridge 033B,0.011321812265199599
3651,Redbridge,E01003735,Redbridge 033C,0.011250337520130644
3652,Redbridge,E01003736,Redbridge 033D,0.011464568506345587
3653,Redbridge,E01003737,Redbridge 031A,0.01147590293332698
3654,Redbridge,E01003738,Redbridge 031B,0.011667973791596451
3655,Redbridge,E01003739,Redbridge 031C,0.011264422692664132
3656,Redbridge,E01003740,Redbridge 031D,0.011622987509470379
3657,Redbridge,E01003741,Redbridge 031E,0.01172387326032584
3658,Redbridge,E01003742,Redbridge 031F,0.011649100637773272
3659,Redbridge,E01003743,Redbridge 031G,0.011563876106404391
3660,Redbridge,E01003744,Redbridge 001A,0.011600627349442238
3661,Redbridge,E01003745,Redbridge 001B,0.011954024819776273
3662,Redbridge,E01003746,Redbridge 001C,0.011241634185052904
3663,Redbridge,E01003747,Redbridge 001D,0.012293144329996057
3664,Redbridge,E01003748,Redbridge 001E,0.012223323501774097
3665,Redbridge,E01003749,Redbridge 001F,0.01242971170734951
3666,Redbridge,E01003750,Redbridge 001G,0.012407345022205096
3667,Redbridge,E01003751,Redbridge 020A,0.012155827560299827
3668,Redbridge,E01003752,Redbridge 023A,0.012258195635414396
3669,Redbridge,E01003753,Redbridge 020B,0.01177612229200982
3670,Redbridge,E01003754,Redbridge 020C,0.011676146615315262
3671,Redbridge,E01003755,Redbridge 023B,0.011621090877497828
3672,Redbridge,E01003756,Redbridge 023C,0.01151203302333551
3673,Redbridge,E01003757,Redbridge 020D,0.011512326570770991
3674,Redbridge,E01003758,Redbridge 023D,0.011606041072539333
3675,Redbridge,E01003759,Redbridge 009A,0.012782186516947312
3676,Redbridge,E01003760,Redbridge 009B,0.012634528053363587
3677,Redbridge,E01003761,Redbridge 009C,0.01270025399208182
3678,Redbridge,E01003762,Redbridge 009D,0.012561898201184975
3679,Redbridge,E01003763,Redbridge 009E,0.01267540880091079
3680,Redbridge,E01003764,Redbridge 009F,0.012698261444607709
3681,Redbridge,E01003765,Redbridge 009G,0.012524009696444908
3682,Redbridge,E01003766,Redbridge 024A,0.01161889758969133
3683,Redbridge,E01003767,Redbridge 024B,0.01157839614608108
3684,Redbridge,E01003768,Redbridge 024C,0.011506965121296385
3685,Redbridge,E01003769,Redbridge 022A,0.011485702007988685
3686,Redbridge,E01003770,Redbridge 022B,0.012379891375094642
3687,Redbridge,E01003771,Redbridge 022C,0.011825706954865097
3688,Redbridge,E01003772,Redbridge 024D,0.011720683536382462
3689,Redbridge,E01003773,Redbridge 022D,0.012132893107968222
3690,Redbridge,E01003774,Redbridge 014A,0.01206379006448649
3691,Redbridge,E01003775,Redbridge 014B,0.012811262292794227
3692,Redbridge,E01003776,Redbridge 014C,0.01172298299821752
3693,Redbridge,E01003777,Redbridge 014D,0.012370247461171772
3694,Redbridge,E01003778,Redbridge 014E,0.01183786319451454
3695,Redbridge,E01003779,Redbridge 014F,0.01130834481527233
3696,Redbridge,E01003780,Redbridge 014G,0.01285496315855521
3697,Redbridge,E01003781,Redbridge 026A,0.011463365610568222
3698,Redbridge,E01003782,Redbridge 026B,0.011642984870321602
3699,Redbridge,E01003783,Redbridge 029A,0.011611928852633697
3700,Redbridge,E01003784,Redbridge 029B,0.01185893935769546
3701,Redbridge,E01003785,Redbridge 029C,0.011871179582517249
3702,Redbridge,E01003786,Redbridge 026C,0.011244086189558371
3703,Redbridge,E01003787,Redbridge 026D,0.011413158211020926
3704,Redbridge,E01003788,Redbridge 029D,0.011572604510670416
3705,Redbridge,E01003789,Redbridge 018A,0.011394443443754539
3706,Redbridge,E01003790,Redbridge 027A,0.01140569927903019
3707,Redbridge,E01003791,Redbridge 027B,0.011815101660413867
3708,Redbridge,E01003792,Redbridge 027C,0.011522526908444509
3709,Redbridge,E01003793,Redbridge 027D,0.011784970753578705
3710,Redbridge,E01003794,Redbridge 018B,0.012647356546532365
3711,Redbridge,E01003795,Redbridge 018C,0.01219521164118277
3712,Redbridge,E01003796,Redbridge 018D,0.01206957942015013
3713,Richmond upon Thames,E01003797,Richmond upon Thames 001A,0.0115833701642841
3714,Richmond upon Thames,E01003798,Richmond upon Thames 001B,0.01180158620095038
3715,Richmond upon Thames,E01003799,Richmond upon Thames 001C,0.01189345850387245
3716,Richmond upon Thames,E01003800,Richmond upon Thames 001D,0.012229446063135177
3717,Richmond upon Thames,E01003801,Richmond upon Thames 001E,0.01195908428179995
3718,Richmond upon Thames,E01003802,Richmond upon Thames 001F,0.01236349099034752
3719,Richmond upon Thames,E01003803,Richmond upon Thames 001G,0.011642709984821423
3720,Richmond upon Thames,E01003804,Richmond upon Thames 005A,0.012068867276986502
3721,Richmond upon Thames,E01003805,Richmond upon Thames 012A,0.012142666946473651
3722,Richmond upon Thames,E01003806,Richmond upon Thames 012B,0.012233894061461846
3723,Richmond upon Thames,E01003807,Richmond upon Thames 005B,0.012115237920710445
3724,Richmond upon Thames,E01003808,Richmond upon Thames 005C,0.011909036049306494
3725,Richmond upon Thames,E01003809,Richmond upon Thames 005D,0.012182675574178844
3726,Richmond upon Thames,E01003810,Richmond upon Thames 019A,0.011548679433475593
3727,Richmond upon Thames,E01003811,Richmond upon Thames 018A,0.011663949757315172
3728,Richmond upon Thames,E01003812,Richmond upon Thames 018B,0.01170098109992615
3729,Richmond upon Thames,E01003813,Richmond upon Thames 019B,0.011523312243848886
3730,Richmond upon Thames,E01003814,Richmond upon Thames 019C,0.011431639781375857
3731,Richmond upon Thames,E01003815,Richmond upon Thames 019D,0.01135851368644762
3732,Richmond upon Thames,E01003816,Richmond upon Thames 012C,0.011926950701223816
3733,Richmond upon Thames,E01003817,Richmond upon Thames 012D,0.011744664070785598
3734,Richmond upon Thames,E01003818,Richmond upon Thames 017A,0.01242150493300289
3735,Richmond upon Thames,E01003819,Richmond upon Thames 017B,0.012782933650879059
3736,Richmond upon Thames,E01003820,Richmond upon Thames 017C,0.012225907754591835
3737,Richmond upon Thames,E01003821,Richmond upon Thames 008A,0.01285975516066779
3738,Richmond upon Thames,E01003822,Richmond upon Thames 023A,0.01183209827034638
3739,Richmond upon Thames,E01003823,Richmond upon Thames 023B,0.012596324504591654
3740,Richmond upon Thames,E01003824,Richmond upon Thames 023C,0.012513904701034594
3741,Richmond upon Thames,E01003825,Richmond upon Thames 023D,0.01311265703840989
3742,Richmond upon Thames,E01003826,Richmond upon Thames 023E,0.012652603089358895
3743,Richmond upon Thames,E01003827,Richmond upon Thames 023F,0.01178080165501977
3744,Richmond upon Thames,E01003828,Richmond upon Thames 020A,0.01214997404457114
3745,Richmond upon Thames,E01003829,Richmond upon Thames 020B,0.01213193270453934
3746,Richmond upon Thames,E01003830,Richmond upon Thames 020C,0.011439887052938273
3747,Richmond upon Thames,E01003831,Richmond upon Thames 020D,0.012380994664556309
3748,Richmond upon Thames,E01003832,Richmond upon Thames 020E,0.012423721409648305
3749,Richmond upon Thames,E01003833,Richmond upon Thames 020F,0.012054906063707743
3750,Richmond upon Thames,E01003834,Richmond upon Thames 022A,0.012361346536733792
3751,Richmond upon Thames,E01003835,Richmond upon Thames 022B,0.012791127372328672
3752,Richmond upon Thames,E01003836,Richmond upon Thames 022C,0.012209537948829336
3753,Richmond upon Thames,E01003837,Richmond upon Thames 022D,0.013494669727030744
3754,Richmond upon Thames,E01003838,Richmond upon Thames 022E,0.012422051868051492
3755,Richmond upon Thames,E01003839,Richmond upon Thames 022F,0.011883966790658796
3756,Richmond upon Thames,E01003840,Richmond upon Thames 013A,0.012566589168801856
3757,Richmond upon Thames,E01003841,Richmond upon Thames 013B,0.012746746125499985
3758,Richmond upon Thames,E01003842,Richmond upon Thames 013C,0.012753321774138758
3759,Richmond upon Thames,E01003843,Richmond upon Thames 013D,0.012848894647757927
3760,Richmond upon Thames,E01003844,Richmond upon Thames 013E,0.01239078935120457
3761,Richmond upon Thames,E01003845,Richmond upon Thames 013F,0.012749094572331818
3762,Richmond upon Thames,E01003846,Richmond upon Thames 002A,0.01229777324730674
3763,Richmond upon Thames,E01003847,Richmond upon Thames 002B,0.012362836975327997
3764,Richmond upon Thames,E01003848,Richmond upon Thames 004A,0.012298047879130636
3765,Richmond upon Thames,E01003849,Richmond upon Thames 002C,0.01228645160507507
3766,Richmond upon Thames,E01003851,Richmond upon Thames 002D,0.0120068681450393
3767,Richmond upon Thames,E01003852,Richmond upon Thames 003A,0.01183364455178577
3768,Richmond upon Thames,E01003853,Richmond upon Thames 003B,0.011821628759828937
3769,Richmond upon Thames,E01003854,Richmond upon Thames 003C,0.011871456349370703
3770,Richmond upon Thames,E01003855,Richmond upon Thames 003D,0.012113143002677027
3771,Richmond upon Thames,E01003856,Richmond upon Thames 003E,0.011862089324819441
3772,Richmond upon Thames,E01003857,Richmond upon Thames 003F,0.011658803239979282
3773,Richmond upon Thames,E01003858,Richmond upon Thames 003G,0.011770933690412646
3774,Richmond upon Thames,E01003859,Richmond upon Thames 005E,0.012061547444920046
3775,Richmond upon Thames,E01003860,Richmond upon Thames 002E,0.011849259238412404
3776,Richmond upon Thames,E01003861,Richmond upon Thames 004C,0.012214739207906954
3777,Richmond upon Thames,E01003862,Richmond upon Thames 004D,0.01220893508730643
3778,Richmond upon Thames,E01003863,Richmond upon Thames 004E,0.012141383530340227
3779,Richmond upon Thames,E01003864,Richmond upon Thames 002F,0.012274064205850291
3780,Richmond upon Thames,E01003865,Richmond upon Thames 004F,0.012322971064894045
3781,Richmond upon Thames,E01003866,Richmond upon Thames 007A,0.011665422543448016
3782,Richmond upon Thames,E01003867,Richmond upon Thames 011A,0.011958853566761447
3783,Richmond upon Thames,E01003868,Richmond upon Thames 007B,0.01196892854105514
3784,Richmond upon Thames,E01003869,Richmond upon Thames 011B,0.01192164765601136
3785,Richmond upon Thames,E01003870,Richmond upon Thames 011C,0.012275994286581257
3786,Richmond upon Thames,E01003871,Richmond upon Thames 007C,0.011738225673574743
3787,Richmond upon Thames,E01003872,Richmond upon Thames 007D,0.011521384533422586
3788,Richmond upon Thames,E01003873,Richmond upon Thames 006A,0.01250512971672071
3789,Richmond upon Thames,E01003874,Richmond upon Thames 006B,0.012241426574506137
3790,Richmond upon Thames,E01003875,Richmond upon Thames 006C,0.012002157489466573
3791,Richmond upon Thames,E01003876,Richmond upon Thames 008B,0.01219138821040156
3792,Richmond upon Thames,E01003877,Richmond upon Thames 008C,0.012406707512681482
3793,Richmond upon Thames,E01003878,Richmond upon Thames 006D,0.012200683578016841
3794,Richmond upon Thames,E01003879,Richmond upon Thames 008D,0.012603122851738702
3795,Richmond upon Thames,E01003880,Richmond upon Thames 016A,0.012490886056895733
3796,Richmond upon Thames,E01003881,Richmond upon Thames 016B,0.01235348304542716
3797,Richmond upon Thames,E01003882,Richmond upon Thames 014A,0.011859424906360829
3798,Richmond upon Thames,E01003883,Richmond upon Thames 014B,0.012136546367050855
3799,Richmond upon Thames,E01003884,Richmond upon Thames 016C,0.011748302789377349
3800,Richmond upon Thames,E01003885,Richmond upon Thames 016D,0.01207888441729497
3801,Richmond upon Thames,E01003886,Richmond upon Thames 021A,0.012432059519679187
3802,Richmond upon Thames,E01003887,Richmond upon Thames 021B,0.012273526635412275
3803,Richmond upon Thames,E01003888,Richmond upon Thames 021C,0.011858907678459369
3804,Richmond upon Thames,E01003889,Richmond upon Thames 021D,0.011667009589219773
3805,Richmond upon Thames,E01003890,Richmond upon Thames 018C,0.012660485897564478
3806,Richmond upon Thames,E01003891,Richmond upon Thames 018D,0.012982741470573553
3807,Richmond upon Thames,E01003892,Richmond upon Thames 009A,0.012503491107855194
3808,Richmond upon Thames,E01003893,Richmond upon Thames 009B,0.01180460043686867
3809,Richmond upon Thames,E01003894,Richmond upon Thames 009C,0.011982104713564727
3810,Richmond upon Thames,E01003895,Richmond upon Thames 009D,0.0119510091815405
3811,Richmond upon Thames,E01003896,Richmond upon Thames 014C,0.01216582017973112
3812,Richmond upon Thames,E01003897,Richmond upon Thames 014D,0.011777264178630766
3813,Richmond upon Thames,E01003898,Richmond upon Thames 015A,0.012878349003304363
3814,Richmond upon Thames,E01003899,Richmond upon Thames 015B,0.01268180547882286
3815,Richmond upon Thames,E01003900,Richmond upon Thames 015C,0.012013166496216572
3816,Richmond upon Thames,E01003901,Richmond upon Thames 015D,0.012220861419162411
3817,Richmond upon Thames,E01003902,Richmond upon Thames 015E,0.012366181208410152
3818,Richmond upon Thames,E01003903,Richmond upon Thames 015F,0.012223213954100627
3819,Richmond upon Thames,E01003904,Richmond upon Thames 015G,0.012479572038769244
3820,Richmond upon Thames,E01003905,Richmond upon Thames 010A,0.011758657649535412
3821,Richmond upon Thames,E01003906,Richmond upon Thames 010B,0.011846140887130626
3822,Richmond upon Thames,E01003907,Richmond upon Thames 010C,0.012730202992450266
3823,Richmond upon Thames,E01003908,Richmond upon Thames 010D,0.01246753457666644
3824,Richmond upon Thames,E01003909,Richmond upon Thames 010E,0.01217638843456202
3825,Richmond upon Thames,E01003910,Richmond upon Thames 011D,0.012138153565318898
3826,Southwark,E01003911,Southwark 020A,0.011344524308259106
3827,Southwark,E01003912,Southwark 019A,0.011583806428066118
3828,Southwark,E01003913,Southwark 024A,0.011441316505736232
3829,Southwark,E01003914,Southwark 024B,0.011329995589148935
3830,Southwark,E01003915,Southwark 024C,0.011337630816700556
3831,Southwark,E01003916,Southwark 020B,0.011753141002932887
3832,Southwark,E01003917,Southwark 020C,0.011386230419740129
3833,Southwark,E01003918,Southwark 020D,0.011448413239652806
3834,Southwark,E01003919,Southwark 021A,0.010678236949688892
3835,Southwark,E01003920,Southwark 021B,0.011071125840472469
3836,Southwark,E01003921,Southwark 021C,0.010804665522455393
3837,Southwark,E01003922,Southwark 021D,0.010894908634606655
3838,Southwark,E01003923,Southwark 017A,0.01133175874751956
3839,Southwark,E01003924,Southwark 021E,0.011039672113724582
3840,Southwark,E01003925,Southwark 020E,0.011708087446004179
3841,Southwark,E01003926,Southwark 021F,0.011192287986338057
3842,Southwark,E01003927,Southwark 002A,0.011198109584379478
3843,Southwark,E01003929,Southwark 002B,0.011422360973306483
3844,Southwark,E01003930,Southwark 034A,0.011358770305057685
3845,Southwark,E01003932,Southwark 034B,0.01101957833508098
3846,Southwark,E01003933,Southwark 034C,0.010993639813382309
3847,Southwark,E01003934,Southwark 002C,0.011402735103174447
3848,Southwark,E01003935,Southwark 002D,0.011349690275424557
3849,Southwark,E01003936,Southwark 009A,0.011282932410806357
3850,Southwark,E01003937,Southwark 009B,0.011063362271104453
3851,Southwark,E01003938,Southwark 006A,0.011385307876200386
3852,Southwark,E01003939,Southwark 002E,0.011322125337304593
3853,Southwark,E01003940,Southwark 006B,0.011530374394552803
3854,Southwark,E01003941,Southwark 006C,0.011501204624097325
3855,Southwark,E01003942,Southwark 006D,0.01140909115620298
3856,Southwark,E01003943,Southwark 009C,0.010998806108651319
3857,Southwark,E01003945,Southwark 033A,0.011610251322757288
3858,Southwark,E01003946,Southwark 033B,0.011364592149198873
3859,Southwark,E01003947,Southwark 033C,0.01133655353988642
3860,Southwark,E01003948,Southwark 033D,0.011513573521500947
3861,Southwark,E01003949,Southwark 032A,0.011848419995717464
3862,Southwark,E01003950,Southwark 032B,0.011836997303401
3863,Southwark,E01003951,Southwark 033E,0.01167791027811223
3864,Southwark,E01003952,Southwark 030A,0.012370305222328737
3865,Southwark,E01003953,Southwark 028A,0.01215230738091389
3866,Southwark,E01003954,Southwark 030B,0.01230912270599975
3867,Southwark,E01003955,Southwark 028B,0.01220969943013701
3868,Southwark,E01003956,Southwark 030C,0.012068576668457377
3869,Southwark,E01003957,Southwark 032C,0.012033741338099816
3870,Southwark,E01003958,Southwark 032D,0.01194152173264375
3871,Southwark,E01003960,Southwark 012A,0.011543675054410453
3872,Southwark,E01003961,Southwark 012B,0.012180134239082511
3873,Southwark,E01003963,Southwark 016A,0.011843103758738883
3874,Southwark,E01003964,Southwark 015A,0.011668673816233698
3875,Southwark,E01003966,Southwark 015B,0.0120970304603321
3876,Southwark,E01003967,Southwark 016B,0.011946926868249795
3877,Southwark,E01003968,Southwark 015C,0.012277731218468875
3878,Southwark,E01003969,Southwark 017B,0.011873539467226435
3879,Southwark,E01003970,Southwark 016C,0.01178460370278319
3880,Southwark,E01003971,Southwark 015D,0.012205946408731506
3881,Southwark,E01003972,Southwark 016D,0.012277848443689456
3882,Southwark,E01003973,Southwark 016E,0.011706160201487159
3883,Southwark,E01003974,Southwark 015E,0.012552558439619287
3884,Southwark,E01003975,Southwark 004A,0.011718816414505383
3885,Southwark,E01003976,Southwark 003A,0.011651758386472059
3886,Southwark,E01003977,Southwark 010A,0.011926968162830294
3887,Southwark,E01003978,Southwark 004B,0.011792293502589259
3888,Southwark,E01003979,Southwark 006E,0.011599815058984417
3889,Southwark,E01003980,Southwark 013A,0.012014407939660294
3890,Southwark,E01003981,Southwark 006F,0.011576295890688744
3891,Southwark,E01003983,Southwark 018A,0.012025801241449403
3892,Southwark,E01003984,Southwark 023A,0.012035225596854212
3893,Southwark,E01003986,Southwark 011A,0.011567147131196403
3894,Southwark,E01003987,Southwark 011B,0.011439051710678423
3895,Southwark,E01003988,Southwark 018B,0.01177731746455792
3896,Southwark,E01003989,Southwark 018C,0.011569337212274232
3897,Southwark,E01003990,Southwark 018D,0.012018621779619763
3898,Southwark,E01003991,Southwark 017C,0.011182438132669616
3899,Southwark,E01003992,Southwark 014A,0.010675462035818126
3900,Southwark,E01003993,Southwark 017D,0.01126277576703158
3901,Southwark,E01003994,Southwark 012E,0.01089536282333432
3902,Southwark,E01003995,Southwark 014B,0.011023485204489094
3903,Southwark,E01003997,Southwark 017E,0.010857038081140913
3904,Southwark,E01003998,Southwark 014D,0.010775259293971528
3905,Southwark,E01003999,Southwark 014E,0.010519395796830157
3906,Southwark,E01004000,Southwark 026A,0.011510170702190911
3907,Southwark,E01004001,Southwark 026B,0.011547699496100565
3908,Southwark,E01004002,Southwark 029A,0.011904790214400036
3909,Southwark,E01004003,Southwark 023B,0.011859658008233158
3910,Southwark,E01004004,Southwark 023C,0.011950327034038448
3911,Southwark,E01004005,Southwark 023D,0.011933376184157993
3912,Southwark,E01004006,Southwark 023E,0.01159664532754369
3913,Southwark,E01004007,Southwark 018E,0.011948896952644509
3914,Southwark,E01004008,Southwark 022B,0.01238028360744449
3915,Southwark,E01004010,Southwark 022D,0.012248912581672497
3916,Southwark,E01004011,Southwark 019B,0.011723131804691398
3917,Southwark,E01004012,Southwark 019C,0.011822499382519032
3918,Southwark,E01004013,Southwark 019D,0.011974168887670243
3919,Southwark,E01004014,Southwark 019E,0.011753642342495445
3920,Southwark,E01004015,Southwark 028C,0.012071109700778062
3921,Southwark,E01004016,Southwark 029B,0.012188470803854433
3922,Southwark,E01004017,Southwark 029C,0.012115859556479099
3923,Southwark,E01004018,Southwark 032E,0.01201457524541975
3924,Southwark,E01004019,Southwark 026C,0.011670970777013413
3925,Southwark,E01004020,Southwark 029D,0.011995752554964371
3926,Southwark,E01004021,Southwark 028D,0.012147134399787046
3927,Southwark,E01004022,Southwark 004C,0.0118734097494197
3928,Southwark,E01004023,Southwark 004D,0.011857041763284252
3929,Southwark,E01004024,Southwark 011C,0.011928846342591625
3930,Southwark,E01004027,Southwark 003E,0.011560033327460287
3931,Southwark,E01004028,Southwark 004E,0.011668696406895588
3932,Southwark,E01004029,Southwark 001A,0.012395027774289335
3933,Southwark,E01004030,Southwark 007A,0.012210801015121618
3934,Southwark,E01004031,Southwark 007B,0.0120714301130004
3935,Southwark,E01004032,Southwark 001B,0.012389677682103296
3936,Southwark,E01004033,Southwark 007C,0.012366489792320015
3937,Southwark,E01004034,Southwark 007D,0.012048601202796994
3938,Southwark,E01004035,Southwark 011D,0.011798339113897369
3939,Southwark,E01004036,Southwark 007E,0.011735177158047094
3940,Southwark,E01004037,Southwark 010B,0.011790753232187387
3941,Southwark,E01004038,Southwark 010C,0.011633461573787097
3942,Southwark,E01004039,Southwark 013B,0.011942117668058215
3943,Southwark,E01004040,Southwark 013C,0.011737382548415486
3944,Southwark,E01004041,Southwark 013D,0.01172978952285259
3945,Southwark,E01004042,Southwark 010D,0.012007964400053976
3946,Southwark,E01004043,Southwark 010E,0.012089539476861111
3947,Southwark,E01004044,Southwark 013E,0.012004100556948552
3948,Southwark,E01004045,Southwark 027A,0.011444076893600332
3949,Southwark,E01004046,Southwark 028E,0.011683191304750113
3950,Southwark,E01004047,Southwark 027B,0.012153937399807583
3951,Southwark,E01004048,Southwark 027C,0.012205452892243947
3952,Southwark,E01004049,Southwark 027D,0.011738255247258878
3953,Southwark,E01004050,Southwark 024D,0.011397723165777496
3954,Southwark,E01004051,Southwark 027E,0.01163366949581528
3955,Southwark,E01004052,Southwark 024E,0.011379743904121949
3956,Southwark,E01004053,Southwark 001C,0.012236857538452982
3957,Southwark,E01004054,Southwark 001D,0.012106213443931611
3958,Southwark,E01004055,Southwark 001E,0.012207294974414596
3959,Southwark,E01004056,Southwark 008A,0.012018983994371407
3960,Southwark,E01004057,Southwark 008B,0.01229947085820054
3961,Southwark,E01004058,Southwark 008C,0.012110749754957326
3962,Southwark,E01004059,Southwark 008D,0.012252269424987042
3963,Southwark,E01004060,Southwark 008E,0.012089482715853481
3964,Southwark,E01004061,Southwark 025A,0.011396241436243636
3965,Southwark,E01004062,Southwark 025B,0.011412303698085824
3966,Southwark,E01004063,Southwark 025C,0.011270756097094657
3967,Southwark,E01004064,Southwark 026D,0.011435070998165769
3968,Southwark,E01004065,Southwark 025D,0.011658633287367675
3969,Southwark,E01004066,Southwark 025E,0.01161330820431535
3970,Southwark,E01004067,Southwark 022E,0.011854410252390025
3971,Southwark,E01004068,Southwark 026E,0.011227313151025209
3972,Southwark,E01004069,Southwark 031A,0.011679178966907466
3973,Southwark,E01004070,Southwark 031B,0.01209500418614792
3974,Southwark,E01004071,Southwark 030D,0.012352056191127031
3975,Southwark,E01004072,Southwark 030E,0.012085804521218674
3976,Southwark,E01004073,Southwark 031C,0.011997519382761005
3977,Southwark,E01004074,Southwark 031D,0.011760345164760853
3978,Southwark,E01004075,Southwark 031E,0.011876170422221216
3979,Sutton,E01004076,Sutton 011A,0.01136770701019387
3980,Sutton,E01004077,Sutton 011B,0.011870425053630267
3981,Sutton,E01004078,Sutton 011C,0.011712654143544433
3982,Sutton,E01004079,Sutton 011D,0.012030722044512561
3983,Sutton,E01004080,Sutton 011E,0.011397911081501547
3984,Sutton,E01004081,Sutton 011F,0.012180570744622171
3985,Sutton,E01004082,Sutton 011G,0.011497298683640411
3986,Sutton,E01004083,Sutton 019A,0.012277701823558008
3987,Sutton,E01004084,Sutton 024A,0.012021010853903037
3988,Sutton,E01004085,Sutton 024B,0.01236417153981542
3989,Sutton,E01004086,Sutton 019B,0.011558898659094275
3990,Sutton,E01004087,Sutton 017A,0.012104863808993196
3991,Sutton,E01004088,Sutton 019C,0.012030922911911515
3992,Sutton,E01004089,Sutton 019D,0.012038883082230003
3993,Sutton,E01004090,Sutton 021A,0.012070808012788592
3994,Sutton,E01004091,Sutton 022A,0.01219120752138254
3995,Sutton,E01004092,Sutton 022B,0.012032439499131284
3996,Sutton,E01004093,Sutton 025A,0.011911543217107943
3997,Sutton,E01004094,Sutton 025B,0.012308580319890853
3998,Sutton,E01004095,Sutton 025C,0.011718058297310312
3999,Sutton,E01004096,Sutton 021B,0.011630577019086867
4000,Sutton,E01004097,Sutton 015A,0.011706584339456325
4001,Sutton,E01004098,Sutton 015B,0.011663504632330061
4002,Sutton,E01004099,Sutton 015C,0.011211252437284474
4003,Sutton,E01004100,Sutton 015D,0.01148650832480981
4004,Sutton,E01004101,Sutton 013A,0.012027224617724744
4005,Sutton,E01004102,Sutton 015E,0.011494503182687141
4006,Sutton,E01004103,Sutton 013B,0.012127720832076824
4007,Sutton,E01004104,Sutton 020A,0.011966445812942084
4008,Sutton,E01004105,Sutton 022C,0.012025136176268165
4009,Sutton,E01004106,Sutton 022D,0.011917590900483683
4010,Sutton,E01004107,Sutton 020B,0.012253321894480676
4011,Sutton,E01004108,Sutton 024C,0.012338881289033364
4012,Sutton,E01004109,Sutton 024D,0.012342571959046226
4013,Sutton,E01004110,Sutton 016A,0.01203941653732821
4014,Sutton,E01004111,Sutton 016B,0.012125999636596866
4015,Sutton,E01004112,Sutton 016C,0.01220207164257514
4016,Sutton,E01004114,Sutton 025D,0.011247073937384217
4017,Sutton,E01004115,Sutton 009A,0.012205432120831914
4018,Sutton,E01004116,Sutton 008A,0.011628097941343432
4019,Sutton,E01004117,Sutton 006A,0.011891129868424803
4020,Sutton,E01004118,Sutton 009B,0.011740792517975211
4021,Sutton,E01004119,Sutton 009C,0.01183120955012941
4022,Sutton,E01004120,Sutton 016D,0.011641883430911059
4023,Sutton,E01004121,Sutton 006B,0.011821513254428425
4024,Sutton,E01004122,Sutton 008B,0.011527890789861888
4025,Sutton,E01004123,Sutton 002A,0.012019455237382484
4026,Sutton,E01004124,Sutton 002B,0.012019482901279637
4027,Sutton,E01004125,Sutton 001A,0.011895257798069525
4028,Sutton,E01004126,Sutton 002C,0.011919167850023532
4029,Sutton,E01004127,Sutton 005A,0.011880970405391158
4030,Sutton,E01004128,Sutton 002D,0.012246883052596297
4031,Sutton,E01004129,Sutton 002E,0.011821688475400204
4032,Sutton,E01004130,Sutton 003A,0.012058809862043517
4033,Sutton,E01004131,Sutton 003B,0.01172703099875756
4034,Sutton,E01004132,Sutton 009D,0.011984001272359483
4035,Sutton,E01004133,Sutton 009E,0.012018856345491607
4036,Sutton,E01004134,Sutton 003C,0.01162590304851227
4037,Sutton,E01004135,Sutton 003D,0.011849403243636937
4038,Sutton,E01004136,Sutton 003E,0.011851182536719958
4039,Sutton,E01004137,Sutton 012A,0.011838434222364295
4040,Sutton,E01004138,Sutton 013C,0.012281495138956228
4041,Sutton,E01004139,Sutton 013D,0.012290132200971422
4042,Sutton,E01004140,Sutton 012B,0.011837759641381026
4043,Sutton,E01004141,Sutton 012C,0.01226872968882445
4044,Sutton,E01004142,Sutton 012D,0.011560215098921661
4045,Sutton,E01004143,Sutton 014A,0.011428923398747633
4046,Sutton,E01004144,Sutton 007A,0.01235475547318529
4047,Sutton,E01004145,Sutton 007B,0.012259148354445096
4048,Sutton,E01004146,Sutton 007C,0.011722379830252056
4049,Sutton,E01004147,Sutton 007D,0.012166833157871468
4050,Sutton,E01004148,Sutton 014B,0.011811367180505943
4051,Sutton,E01004149,Sutton 012E,0.012179739572822736
4052,Sutton,E01004150,Sutton 021C,0.01185098477231523
4053,Sutton,E01004151,Sutton 021D,0.012093789061784413
4054,Sutton,E01004152,Sutton 018A,0.01157589279101375
4055,Sutton,E01004153,Sutton 021E,0.011792250195856453
4056,Sutton,E01004154,Sutton 022E,0.012002868048138474
4057,Sutton,E01004155,Sutton 018B,0.011559088013375287
4058,Sutton,E01004156,Sutton 018C,0.011415274093002113
4059,Sutton,E01004157,Sutton 016E,0.011707932156479911
4060,Sutton,E01004158,Sutton 018D,0.01157781182076244
4061,Sutton,E01004159,Sutton 014C,0.011986164131871308
4062,Sutton,E01004160,Sutton 014D,0.011732475683086638
4063,Sutton,E01004161,Sutton 014E,0.01183470277742842
4064,Sutton,E01004162,Sutton 018E,0.011462201213871604
4065,Sutton,E01004163,Sutton 005B,0.011603234428820953
4066,Sutton,E01004164,Sutton 004A,0.011653247802678651
4067,Sutton,E01004165,Sutton 005C,0.011677119637938571
4068,Sutton,E01004166,Sutton 004B,0.01155442378636396
4069,Sutton,E01004167,Sutton 005D,0.011836624098493979
4070,Sutton,E01004168,Sutton 013E,0.012172651342202297
4071,Sutton,E01004169,Sutton 004C,0.011555643089925361
4072,Sutton,E01004170,Sutton 017B,0.011566616120922324
4073,Sutton,E01004171,Sutton 010A,0.011615797723287106
4074,Sutton,E01004172,Sutton 010B,0.011124906110673342
4075,Sutton,E01004173,Sutton 010C,0.011541139280046882
4076,Sutton,E01004174,Sutton 017C,0.01169836390360281
4077,Sutton,E01004175,Sutton 010D,0.011614518834466485
4078,Sutton,E01004176,Sutton 010E,0.011403708874803877
4079,Sutton,E01004177,Sutton 020C,0.011840209475653346
4080,Sutton,E01004178,Sutton 017D,0.01225602498251323
4081,Sutton,E01004179,Sutton 017E,0.012046265873933567
4082,Sutton,E01004180,Sutton 020D,0.011933418528374975
4083,Sutton,E01004181,Sutton 020E,0.011754889498331592
4084,Sutton,E01004182,Sutton 019E,0.012261675262707838
4085,Sutton,E01004183,Sutton 001B,0.011794995406708477
4086,Sutton,E01004184,Sutton 001C,0.011548963316613684
4087,Sutton,E01004185,Sutton 001D,0.011427056825182778
4088,Sutton,E01004186,Sutton 004D,0.011449107586858654
4089,Sutton,E01004187,Sutton 005E,0.011676261014349487
4090,Sutton,E01004188,Sutton 004E,0.011565890243351756
4091,Sutton,E01004189,Sutton 001E,0.011708238070902627
4092,Sutton,E01004190,Sutton 008C,0.011419187776875683
4093,Sutton,E01004191,Sutton 008D,0.011291769297446326
4094,Sutton,E01004192,Sutton 006C,0.011537625918369642
4095,Sutton,E01004193,Sutton 006D,0.011329331712628258
4096,Sutton,E01004194,Sutton 008E,0.011547755202979194
4097,Sutton,E01004195,Sutton 006E,0.011622885921025842
4098,Sutton,E01004196,Sutton 008F,0.011677406000559288
4099,Tower Hamlets,E01004197,Tower Hamlets 002A,0.012582821602769243
4100,Tower Hamlets,E01004198,Tower Hamlets 002B,0.012242707857292593
4101,Tower Hamlets,E01004199,Tower Hamlets 002C,0.011981520672275757
4102,Tower Hamlets,E01004200,Tower Hamlets 005A,0.011810380007741284
4103,Tower Hamlets,E01004201,Tower Hamlets 002D,0.01205414935487658
4104,Tower Hamlets,E01004202,Tower Hamlets 005B,0.012046286300382047
4105,Tower Hamlets,E01004203,Tower Hamlets 005C,0.011919929164610278
4106,Tower Hamlets,E01004204,Tower Hamlets 005D,0.011747089727951902
4107,Tower Hamlets,E01004205,Tower Hamlets 013A,0.01189487523730274
4108,Tower Hamlets,E01004206,Tower Hamlets 013B,0.01202276562515103
4109,Tower Hamlets,E01004207,Tower Hamlets 011A,0.012310170813134706
4110,Tower Hamlets,E01004208,Tower Hamlets 013C,0.011611708434371192
4111,Tower Hamlets,E01004209,Tower Hamlets 011B,0.012439882561129424
4112,Tower Hamlets,E01004211,Tower Hamlets 013D,0.011804962270609018
4113,Tower Hamlets,E01004212,Tower Hamlets 011D,0.012130163690825722
4114,Tower Hamlets,E01004214,Tower Hamlets 030A,0.011291991400564819
4115,Tower Hamlets,E01004215,Tower Hamlets 028A,0.010917423008789381
4116,Tower Hamlets,E01004216,Tower Hamlets 030B,0.011298568072994977
4117,Tower Hamlets,E01004217,Tower Hamlets 030C,0.010876091300543442
4118,Tower Hamlets,E01004218,Tower Hamlets 030D,0.011466582262098284
4119,Tower Hamlets,E01004219,Tower Hamlets 028B,0.011025149180787381
4120,Tower Hamlets,E01004221,Tower Hamlets 028D,0.0111094439641293
4121,Tower Hamlets,E01004222,Tower Hamlets 001A,0.011873066345784394
4122,Tower Hamlets,E01004223,Tower Hamlets 001B,0.01233349094259415
4123,Tower Hamlets,E01004224,Tower Hamlets 001C,0.011321118174837377
4124,Tower Hamlets,E01004225,Tower Hamlets 004A,0.011875092402573827
4125,Tower Hamlets,E01004226,Tower Hamlets 001D,0.011619532593863094
4126,Tower Hamlets,E01004228,Tower Hamlets 003A,0.011932143618496286
4127,Tower Hamlets,E01004229,Tower Hamlets 004C,0.012119463680486744
4128,Tower Hamlets,E01004230,Tower Hamlets 003B,0.01199598099277995
4129,Tower Hamlets,E01004231,Tower Hamlets 004D,0.012132597586083026
4130,Tower Hamlets,E01004232,Tower Hamlets 003C,0.012342962698509763
4131,Tower Hamlets,E01004233,Tower Hamlets 003D,0.011772506233820782
4132,Tower Hamlets,E01004234,Tower Hamlets 003E,0.012263660772464907
4133,Tower Hamlets,E01004235,Tower Hamlets 008A,0.0114790106333774
4134,Tower Hamlets,E01004236,Tower Hamlets 008B,0.011450541620186156
4135,Tower Hamlets,E01004237,Tower Hamlets 008C,0.011897126830646804
4136,Tower Hamlets,E01004238,Tower Hamlets 008D,0.011690697119058024
4137,Tower Hamlets,E01004239,Tower Hamlets 008E,0.01166404025785967
4138,Tower Hamlets,E01004240,Tower Hamlets 012A,0.012130152620909267
4139,Tower Hamlets,E01004241,Tower Hamlets 012B,0.012253636960680428
4140,Tower Hamlets,E01004242,Tower Hamlets 012C,0.011737057799131303
4141,Tower Hamlets,E01004243,Tower Hamlets 020A,0.011375274025046702
4142,Tower Hamlets,E01004244,Tower Hamlets 020B,0.011327023887001799
4143,Tower Hamlets,E01004245,Tower Hamlets 018A,0.010956692542877738
4144,Tower Hamlets,E01004246,Tower Hamlets 018B,0.011436766358485154
4145,Tower Hamlets,E01004247,Tower Hamlets 020C,0.0111002170951122
4146,Tower Hamlets,E01004248,Tower Hamlets 018C,0.01187841032497669
4147,Tower Hamlets,E01004249,Tower Hamlets 018D,0.011443534243248553
4148,Tower Hamlets,E01004250,Tower Hamlets 020D,0.011781797550493054
4149,Tower Hamlets,E01004251,Tower Hamlets 023A,0.012090385497352673
4150,Tower Hamlets,E01004252,Tower Hamlets 024A,0.011956884609780668
4151,Tower Hamlets,E01004253,Tower Hamlets 024B,0.011865853520497028
4152,Tower Hamlets,E01004254,Tower Hamlets 023B,0.01214365129060214
4153,Tower Hamlets,E01004255,Tower Hamlets 023C,0.011923647969112142
4154,Tower Hamlets,E01004256,Tower Hamlets 024C,0.01114755158397477
4155,Tower Hamlets,E01004257,Tower Hamlets 024D,0.011134010011797889
4156,Tower Hamlets,E01004258,Tower Hamlets 023D,0.012032293347449489
4157,Tower Hamlets,E01004259,Tower Hamlets 007A,0.012368529168141075
4158,Tower Hamlets,E01004260,Tower Hamlets 007B,0.01229772443228822
4159,Tower Hamlets,E01004261,Tower Hamlets 010A,0.012232943034176122
4160,Tower Hamlets,E01004262,Tower Hamlets 010B,0.01235774255762113
4161,Tower Hamlets,E01004263,Tower Hamlets 007C,0.012314121228122492
4162,Tower Hamlets,E01004264,Tower Hamlets 010C,0.012140453392247806
4163,Tower Hamlets,E01004266,Tower Hamlets 007D,0.012157514240306087
4164,Tower Hamlets,E01004267,Tower Hamlets 012D,0.012343835097097581
4165,Tower Hamlets,E01004268,Tower Hamlets 012E,0.012364229624970186
4166,Tower Hamlets,E01004269,Tower Hamlets 014A,0.01228976557097353
4167,Tower Hamlets,E01004270,Tower Hamlets 014B,0.012188792224113305
4168,Tower Hamlets,E01004271,Tower Hamlets 014C,0.012274373183673535
4169,Tower Hamlets,E01004272,Tower Hamlets 014D,0.012331473310150703
4170,Tower Hamlets,E01004273,Tower Hamlets 014E,0.012087295643660161
4171,Tower Hamlets,E01004274,Tower Hamlets 031A,0.012198852447136796
4172,Tower Hamlets,E01004275,Tower Hamlets 031B,0.011450837807228826
4173,Tower Hamlets,E01004276,Tower Hamlets 031C,0.011623833212527345
4174,Tower Hamlets,E01004277,Tower Hamlets 033A,0.011242556815663362
4175,Tower Hamlets,E01004280,Tower Hamlets 032A,0.011948994015325362
4176,Tower Hamlets,E01004281,Tower Hamlets 031D,0.011157740282425051
4177,Tower Hamlets,E01004283,Tower Hamlets 016A,0.011881462673922094
4178,Tower Hamlets,E01004284,Tower Hamlets 019A,0.011913157179537554
4179,Tower Hamlets,E01004285,Tower Hamlets 019B,0.011952697750951506
4180,Tower Hamlets,E01004286,Tower Hamlets 019C,0.012032082947554666
4181,Tower Hamlets,E01004287,Tower Hamlets 016B,0.011656165961929591
4182,Tower Hamlets,E01004288,Tower Hamlets 019D,0.011838350604539223
4183,Tower Hamlets,E01004289,Tower Hamlets 016C,0.011695950918984864
4184,Tower Hamlets,E01004290,Tower Hamlets 016D,0.011704351554803118
4185,Tower Hamlets,E01004291,Tower Hamlets 027A,0.011743910309201015
4186,Tower Hamlets,E01004292,Tower Hamlets 026A,0.011384444787113552
4187,Tower Hamlets,E01004293,Tower Hamlets 027B,0.011494625326040333
4188,Tower Hamlets,E01004294,Tower Hamlets 026B,0.011408047566480884
4189,Tower Hamlets,E01004295,Tower Hamlets 026C,0.01137541517138694
4190,Tower Hamlets,E01004296,Tower Hamlets 026D,0.011595716131911236
4191,Tower Hamlets,E01004297,Tower Hamlets 027C,0.011843607557190185
4192,Tower Hamlets,E01004298,Tower Hamlets 022A,0.011665477946367594
4193,Tower Hamlets,E01004300,Tower Hamlets 022B,0.012026130800770037
4194,Tower Hamlets,E01004301,Tower Hamlets 025B,0.011581474568704361
4195,Tower Hamlets,E01004302,Tower Hamlets 025C,0.011715098302338724
4196,Tower Hamlets,E01004303,Tower Hamlets 025D,0.011980622263069346
4197,Tower Hamlets,E01004304,Tower Hamlets 022C,0.011665920588514365
4198,Tower Hamlets,E01004305,Tower Hamlets 022D,0.011868928507339496
4199,Tower Hamlets,E01004306,Tower Hamlets 015A,0.011916762303939649
4200,Tower Hamlets,E01004307,Tower Hamlets 015B,0.011684344172253737
4201,Tower Hamlets,E01004308,Tower Hamlets 015C,0.011961556261294097
4202,Tower Hamlets,E01004309,Tower Hamlets 015D,0.011839818363744783
4203,Tower Hamlets,E01004310,Tower Hamlets 015E,0.011870228123917699
4204,Tower Hamlets,E01004311,Tower Hamlets 006A,0.011643502849910004
4205,Tower Hamlets,E01004312,Tower Hamlets 009A,0.011651710599784296
4206,Tower Hamlets,E01004313,Tower Hamlets 009B,0.011751667940632433
4207,Tower Hamlets,E01004314,Tower Hamlets 006B,0.011849706860764751
4208,Tower Hamlets,E01004315,Tower Hamlets 006C,0.011543820172841668
4209,Tower Hamlets,E01004316,Tower Hamlets 009C,0.011442538017929086
4210,Tower Hamlets,E01004317,Tower Hamlets 009D,0.011668955036237877
4211,Tower Hamlets,E01004318,Tower Hamlets 006D,0.011750277620643042
4212,Tower Hamlets,E01004319,Tower Hamlets 021A,0.011652385038730801
4213,Tower Hamlets,E01004321,Tower Hamlets 021C,0.011882606574089368
4214,Tower Hamlets,E01004322,Tower Hamlets 017A,0.011811465685120223
4215,Tower Hamlets,E01004323,Tower Hamlets 017B,0.011707586942436178
4216,Tower Hamlets,E01004324,Tower Hamlets 017C,0.011745161216311209
4217,Tower Hamlets,E01004325,Tower Hamlets 021D,0.012020814698456181
4218,Tower Hamlets,E01004326,Tower Hamlets 017D,0.011715535928251171
4219,Waltham Forest,E01004327,Waltham Forest 028A,0.012279282507510213
4220,Waltham Forest,E01004328,Waltham Forest 028B,0.01231220927574255
4221,Waltham Forest,E01004329,Waltham Forest 028C,0.0121377151453959
4222,Waltham Forest,E01004330,Waltham Forest 028D,0.012253157785360881
4223,Waltham Forest,E01004331,Waltham Forest 028E,0.012019444364939035
4224,Waltham Forest,E01004332,Waltham Forest 028F,0.012200816299098274
4225,Waltham Forest,E01004333,Waltham Forest 024A,0.012415281406153644
4226,Waltham Forest,E01004334,Waltham Forest 024B,0.012394058922885533
4227,Waltham Forest,E01004335,Waltham Forest 027A,0.012452071136090018
4228,Waltham Forest,E01004336,Waltham Forest 026A,0.012736886382187958
4229,Waltham Forest,E01004337,Waltham Forest 027B,0.012910384101735223
4230,Waltham Forest,E01004338,Waltham Forest 027C,0.013077577585481384
4231,Waltham Forest,E01004339,Waltham Forest 027D,0.012497038500923615
4232,Waltham Forest,E01004340,Waltham Forest 027E,0.012957982877995364
4233,Waltham Forest,E01004341,Waltham Forest 027F,0.012462401649070438
4234,Waltham Forest,E01004342,Waltham Forest 011A,0.012654063249437974
4235,Waltham Forest,E01004343,Waltham Forest 008A,0.012808829539667188
4236,Waltham Forest,E01004344,Waltham Forest 008B,0.011160563230735242
4237,Waltham Forest,E01004345,Waltham Forest 010A,0.013350178257574594
4238,Waltham Forest,E01004346,Waltham Forest 011B,0.011752171311545575
4239,Waltham Forest,E01004347,Waltham Forest 011C,0.012144216115904242
4240,Waltham Forest,E01004348,Waltham Forest 010B,0.013672108164939622
4241,Waltham Forest,E01004349,Waltham Forest 001A,0.012004495946309389
4242,Waltham Forest,E01004350,Waltham Forest 001B,0.011683588322307523
4243,Waltham Forest,E01004351,Waltham Forest 001C,0.011926288292297546
4244,Waltham Forest,E01004352,Waltham Forest 002A,0.012110346751105382
4245,Waltham Forest,E01004353,Waltham Forest 002B,0.011827319379174828
4246,Waltham Forest,E01004354,Waltham Forest 002C,0.011987375762673199
4247,Waltham Forest,E01004355,Waltham Forest 004A,0.01111081242577912
4248,Waltham Forest,E01004356,Waltham Forest 001D,0.013097354441505405
4249,Waltham Forest,E01004357,Waltham Forest 001E,0.011975467526804643
4250,Waltham Forest,E01004358,Waltham Forest 002D,0.011268035249190848
4251,Waltham Forest,E01004359,Waltham Forest 002E,0.011133309139444632
4252,Waltham Forest,E01004360,Waltham Forest 004B,0.010753457512377948
4253,Waltham Forest,E01004361,Waltham Forest 005A,0.013850081474360917
4254,Waltham Forest,E01004362,Waltham Forest 021A,0.01152688767555815
4255,Waltham Forest,E01004363,Waltham Forest 019A,0.012058811188907446
4256,Waltham Forest,E01004364,Waltham Forest 019B,0.011847344680697048
4257,Waltham Forest,E01004365,Waltham Forest 020A,0.011496040464628985
4258,Waltham Forest,E01004366,Waltham Forest 019C,0.011761827854304251
4259,Waltham Forest,E01004367,Waltham Forest 019D,0.012045973226242679
4260,Waltham Forest,E01004368,Waltham Forest 019E,0.012230554364911057
4261,Waltham Forest,E01004369,Waltham Forest 023A,0.012665128648198382
4262,Waltham Forest,E01004370,Waltham Forest 023B,0.013231818120439371
4263,Waltham Forest,E01004371,Waltham Forest 025A,0.01289671474475184
4264,Waltham Forest,E01004372,Waltham Forest 023C,0.013337703606354463
4265,Waltham Forest,E01004373,Waltham Forest 025B,0.012442179319528315
4266,Waltham Forest,E01004374,Waltham Forest 025C,0.01320010187280161
4267,Waltham Forest,E01004375,Waltham Forest 025D,0.01293206749126039
4268,Waltham Forest,E01004376,Waltham Forest 025E,0.013295133738293285
4269,Waltham Forest,E01004377,Waltham Forest 010C,0.012446083222851945
4270,Waltham Forest,E01004378,Waltham Forest 010D,0.01406529870081846
4271,Waltham Forest,E01004379,Waltham Forest 007A,0.010783319188227716
4272,Waltham Forest,E01004380,Waltham Forest 007B,0.012248150436858982
4273,Waltham Forest,E01004381,Waltham Forest 007C,0.011896229334258391
4274,Waltham Forest,E01004382,Waltham Forest 008C,0.01080878767119682
4275,Waltham Forest,E01004383,Waltham Forest 007D,0.013504536693919334
4276,Waltham Forest,E01004384,Waltham Forest 003A,0.011198373701737367
4277,Waltham Forest,E01004385,Waltham Forest 003B,0.011114662205450881
4278,Waltham Forest,E01004386,Waltham Forest 003C,0.010751436055906389
4279,Waltham Forest,E01004387,Waltham Forest 007E,0.011148960686678337
4280,Waltham Forest,E01004388,Waltham Forest 007F,0.01121372741871481
4281,Waltham Forest,E01004389,Waltham Forest 003D,0.011688041040835888
4282,Waltham Forest,E01004390,Waltham Forest 003E,0.011048479789191034
4283,Waltham Forest,E01004391,Waltham Forest 014A,0.011296443374364824
4284,Waltham Forest,E01004392,Waltham Forest 017A,0.011362202604547603
4285,Waltham Forest,E01004393,Waltham Forest 014B,0.0118256880017389
4286,Waltham Forest,E01004394,Waltham Forest 017B,0.010970912158661599
4287,Waltham Forest,E01004395,Waltham Forest 018A,0.0114572523467039
4288,Waltham Forest,E01004396,Waltham Forest 012A,0.011886262678087605
4289,Waltham Forest,E01004397,Waltham Forest 017C,0.013613335053406263
4290,Waltham Forest,E01004398,Waltham Forest 009A,0.010852522013940737
4291,Waltham Forest,E01004399,Waltham Forest 009B,0.01084244986166349
4292,Waltham Forest,E01004400,Waltham Forest 009C,0.011235160954556843
4293,Waltham Forest,E01004401,Waltham Forest 014C,0.010023524932443005
4294,Waltham Forest,E01004402,Waltham Forest 009D,0.011825586029560995
4295,Waltham Forest,E01004403,Waltham Forest 009E,0.011133841828219417
4296,Waltham Forest,E01004404,Waltham Forest 014D,0.011858908481861694
4297,Waltham Forest,E01004405,Waltham Forest 020B,0.01145621415902095
4298,Waltham Forest,E01004406,Waltham Forest 016A,0.01313450961227274
4299,Waltham Forest,E01004407,Waltham Forest 013A,0.012157637989304618
4300,Waltham Forest,E01004408,Waltham Forest 016B,0.013352573884560289
4301,Waltham Forest,E01004409,Waltham Forest 016C,0.01294046798499713
4302,Waltham Forest,E01004410,Waltham Forest 013B,0.011725029930741667
4303,Waltham Forest,E01004411,Waltham Forest 016D,0.013196984850058846
4304,Waltham Forest,E01004412,Waltham Forest 015A,0.011840248912140241
4305,Waltham Forest,E01004413,Waltham Forest 004C,0.010735442619236044
4306,Waltham Forest,E01004414,Waltham Forest 005B,0.013413849166858158
4307,Waltham Forest,E01004415,Waltham Forest 004D,0.010747219541107834
4308,Waltham Forest,E01004416,Waltham Forest 004E,0.010729579111360263
4309,Waltham Forest,E01004417,Waltham Forest 005C,0.014337248210059534
4310,Waltham Forest,E01004418,Waltham Forest 008D,0.013419078130082002
4311,Waltham Forest,E01004419,Waltham Forest 008E,0.010930390836656792
4312,Waltham Forest,E01004420,Waltham Forest 020C,0.012481941633764822
4313,Waltham Forest,E01004421,Waltham Forest 018B,0.013348084963313963
4314,Waltham Forest,E01004422,Waltham Forest 022A,0.011390421524403373
4315,Waltham Forest,E01004423,Waltham Forest 020D,0.012769004518262059
4316,Waltham Forest,E01004424,Waltham Forest 022B,0.013622159476142322
4317,Waltham Forest,E01004425,Waltham Forest 022C,0.011697417736862158
4318,Waltham Forest,E01004426,Waltham Forest 022D,0.014677652084143403
4319,Waltham Forest,E01004427,Waltham Forest 022E,0.01340008228988802
4320,Waltham Forest,E01004428,Waltham Forest 026B,0.012450768215652495
4321,Waltham Forest,E01004429,Waltham Forest 026C,0.012155205210948237
4322,Waltham Forest,E01004430,Waltham Forest 026D,0.011962944300644008
4323,Waltham Forest,E01004432,Waltham Forest 023D,0.01176821714497161
4324,Waltham Forest,E01004434,Waltham Forest 026E,0.01133862323603659
4325,Waltham Forest,E01004435,Waltham Forest 023E,0.011545233123207956
4326,Waltham Forest,E01004436,Waltham Forest 021B,0.011745515473412994
4327,Waltham Forest,E01004437,Waltham Forest 021C,0.012547892559759096
4328,Waltham Forest,E01004438,Waltham Forest 024C,0.012059065173259161
4329,Waltham Forest,E01004439,Waltham Forest 021D,0.01307301313298152
4330,Waltham Forest,E01004440,Waltham Forest 024D,0.012454302394785486
4331,Waltham Forest,E01004441,Waltham Forest 024E,0.012337637448960721
4332,Waltham Forest,E01004442,Waltham Forest 021E,0.011458850668301629
4333,Waltham Forest,E01004443,Waltham Forest 016E,0.014402983539364195
4334,Waltham Forest,E01004444,Waltham Forest 017D,0.011348073491408879
4335,Waltham Forest,E01004445,Waltham Forest 018C,0.012940157435571243
4336,Waltham Forest,E01004446,Waltham Forest 017E,0.010838490029146124
4337,Waltham Forest,E01004447,Waltham Forest 016F,0.0139781203121363
4338,Waltham Forest,E01004448,Waltham Forest 018D,0.011791720396877328
4339,Waltham Forest,E01004449,Waltham Forest 018E,0.012373035433972104
4340,Waltham Forest,E01004450,Waltham Forest 006A,0.014242318727590771
4341,Waltham Forest,E01004451,Waltham Forest 005D,0.014979326709923062
4342,Waltham Forest,E01004452,Waltham Forest 005E,0.01565285808228766
4343,Waltham Forest,E01004453,Waltham Forest 006B,0.012719056332575033
4344,Waltham Forest,E01004454,Waltham Forest 006C,0.01572904203035691
4345,Waltham Forest,E01004455,Waltham Forest 006D,0.013276355766225614
4346,Waltham Forest,E01004456,Waltham Forest 006E,0.012184265530655014
4347,Waltham Forest,E01004457,Waltham Forest 012B,0.013527893292712421
4348,Waltham Forest,E01004458,Waltham Forest 012C,0.012020532435794576
4349,Waltham Forest,E01004459,Waltham Forest 012D,0.012614871819000633
4350,Waltham Forest,E01004460,Waltham Forest 011D,0.014482606431178002
4351,Waltham Forest,E01004461,Waltham Forest 014E,0.01193697187574312
4352,Waltham Forest,E01004462,Waltham Forest 011E,0.01343732195243034
4353,Waltham Forest,E01004463,Waltham Forest 012E,0.013711071211086103
4354,Waltham Forest,E01004464,Waltham Forest 013C,0.012887601473675915
4355,Waltham Forest,E01004465,Waltham Forest 015B,0.011986018876987612
4356,Waltham Forest,E01004466,Waltham Forest 015C,0.011958500540984898
4357,Waltham Forest,E01004467,Waltham Forest 015D,0.011724497422770735
4358,Waltham Forest,E01004468,Waltham Forest 015E,0.012031544444491804
4359,Waltham Forest,E01004469,Waltham Forest 013D,0.013005229289698791
4360,Waltham Forest,E01004470,Waltham Forest 013E,0.013288622360821737
4361,Waltham Forest,E01004471,Waltham Forest 013F,0.012868217927610812
4362,Wandsworth,E01004472,Wandsworth 021A,0.010597893618926907
4363,Wandsworth,E01004473,Wandsworth 026A,0.010466179984852528
4364,Wandsworth,E01004474,Wandsworth 021B,0.010910175481273807
4365,Wandsworth,E01004475,Wandsworth 026B,0.010925172828322996
4366,Wandsworth,E01004476,Wandsworth 021C,0.010857633318559311
4367,Wandsworth,E01004477,Wandsworth 017A,0.01136015408041132
4368,Wandsworth,E01004478,Wandsworth 017B,0.011357869934091897
4369,Wandsworth,E01004479,Wandsworth 017C,0.011385226192679915
4370,Wandsworth,E01004480,Wandsworth 026C,0.010803030084595894
4371,Wandsworth,E01004481,Wandsworth 029A,0.011728338898774664
4372,Wandsworth,E01004482,Wandsworth 030A,0.01170095311201882
4373,Wandsworth,E01004483,Wandsworth 026D,0.011739903748962884
4374,Wandsworth,E01004484,Wandsworth 026E,0.011510106554574035
4375,Wandsworth,E01004485,Wandsworth 030B,0.011257271558710863
4376,Wandsworth,E01004486,Wandsworth 026F,0.010876142975782755
4377,Wandsworth,E01004487,Wandsworth 030C,0.01095759170429749
4378,Wandsworth,E01004488,Wandsworth 029B,0.011613912721592177
4379,Wandsworth,E01004489,Wandsworth 030D,0.011054485238349041
4380,Wandsworth,E01004490,Wandsworth 031A,0.012396660287084887
4381,Wandsworth,E01004491,Wandsworth 031B,0.012426210762702249
4382,Wandsworth,E01004492,Wandsworth 031C,0.01264555359895629
4383,Wandsworth,E01004493,Wandsworth 019A,0.012216401756990349
4384,Wandsworth,E01004494,Wandsworth 018A,0.012254521657836021
4385,Wandsworth,E01004495,Wandsworth 024A,0.012301875496678414
4386,Wandsworth,E01004496,Wandsworth 024B,0.012219941979209892
4387,Wandsworth,E01004497,Wandsworth 024C,0.012067892110188702
4388,Wandsworth,E01004498,Wandsworth 031D,0.0123064209395244
4389,Wandsworth,E01004499,Wandsworth 020A,0.012622200932191947
4390,Wandsworth,E01004500,Wandsworth 014A,0.012530284732009225
4391,Wandsworth,E01004501,Wandsworth 014B,0.01203375601412281
4392,Wandsworth,E01004502,Wandsworth 020B,0.012446042116465019
4393,Wandsworth,E01004503,Wandsworth 014C,0.012875113136644058
4394,Wandsworth,E01004504,Wandsworth 020C,0.01207179120656161
4395,Wandsworth,E01004505,Wandsworth 014D,0.012617771176690808
4396,Wandsworth,E01004506,Wandsworth 011A,0.01242408219348702
4397,Wandsworth,E01004507,Wandsworth 014E,0.012942512395326048
4398,Wandsworth,E01004508,Wandsworth 012A,0.01225776432296899
4399,Wandsworth,E01004509,Wandsworth 010A,0.012762761857059424
4400,Wandsworth,E01004510,Wandsworth 012B,0.012390725905156072
4401,Wandsworth,E01004511,Wandsworth 010B,0.012487842742604066
4402,Wandsworth,E01004512,Wandsworth 019B,0.012181946195063804
4403,Wandsworth,E01004513,Wandsworth 018B,0.01232309790706683
4404,Wandsworth,E01004514,Wandsworth 012C,0.012540651007885963
4405,Wandsworth,E01004515,Wandsworth 012D,0.012282116078795756
4406,Wandsworth,E01004516,Wandsworth 036A,0.011620880283527328
4407,Wandsworth,E01004517,Wandsworth 037A,0.011512534197147914
4408,Wandsworth,E01004518,Wandsworth 036B,0.011436530396670126
4409,Wandsworth,E01004519,Wandsworth 036C,0.012009777260256125
4410,Wandsworth,E01004520,Wandsworth 036D,0.011689739153547929
4411,Wandsworth,E01004521,Wandsworth 037B,0.011669834971929607
4412,Wandsworth,E01004522,Wandsworth 037C,0.011658912851550124
4413,Wandsworth,E01004523,Wandsworth 036E,0.011203360185816384
4414,Wandsworth,E01004524,Wandsworth 037D,0.011344202506207655
4415,Wandsworth,E01004525,Wandsworth 035A,0.012336732110693457
4416,Wandsworth,E01004526,Wandsworth 035B,0.012387543302183252
4417,Wandsworth,E01004527,Wandsworth 035C,0.012168009645367456
4418,Wandsworth,E01004528,Wandsworth 035D,0.01228219628461617
4419,Wandsworth,E01004529,Wandsworth 035E,0.012223131472141253
4420,Wandsworth,E01004530,Wandsworth 035F,0.012416451554524656
4421,Wandsworth,E01004531,Wandsworth 033A,0.011981952842185636
4422,Wandsworth,E01004532,Wandsworth 032A,0.011956770075765752
4423,Wandsworth,E01004533,Wandsworth 033B,0.01205212964718766
4424,Wandsworth,E01004534,Wandsworth 008A,0.012235822855820073
4425,Wandsworth,E01004535,Wandsworth 007A,0.0126602954191401
4426,Wandsworth,E01004536,Wandsworth 008B,0.012474321367101714
4427,Wandsworth,E01004537,Wandsworth 007B,0.012396083516237085
4428,Wandsworth,E01004538,Wandsworth 007C,0.012526721496316572
4429,Wandsworth,E01004539,Wandsworth 003A,0.011875500600081901
4430,Wandsworth,E01004540,Wandsworth 003B,0.012008319481375807
4431,Wandsworth,E01004541,Wandsworth 007D,0.012598920637725285
4432,Wandsworth,E01004542,Wandsworth 021D,0.011454426941157479
4433,Wandsworth,E01004543,Wandsworth 027A,0.011591000471425823
4434,Wandsworth,E01004544,Wandsworth 021E,0.011537265294667963
4435,Wandsworth,E01004545,Wandsworth 027B,0.011671983842722966
4436,Wandsworth,E01004546,Wandsworth 027C,0.011857545581068295
4437,Wandsworth,E01004547,Wandsworth 029C,0.011637711720902093
4438,Wandsworth,E01004548,Wandsworth 029D,0.011929489234522965
4439,Wandsworth,E01004549,Wandsworth 027D,0.011694507628878009
4440,Wandsworth,E01004550,Wandsworth 017D,0.011267406333391008
4441,Wandsworth,E01004551,Wandsworth 012E,0.012231446153413313
4442,Wandsworth,E01004552,Wandsworth 008C,0.011749932990984606
4443,Wandsworth,E01004553,Wandsworth 015A,0.011760696800587776
4444,Wandsworth,E01004554,Wandsworth 009A,0.011735728314700537
4445,Wandsworth,E01004555,Wandsworth 017E,0.011430519021931504
4446,Wandsworth,E01004556,Wandsworth 009B,0.010962360682461487
4447,Wandsworth,E01004557,Wandsworth 015B,0.011210327384744829
4448,Wandsworth,E01004558,Wandsworth 015C,0.011565234840348406
4449,Wandsworth,E01004559,Wandsworth 015D,0.011413506387686819
4450,Wandsworth,E01004560,Wandsworth 001A,0.011966021340261571
4451,Wandsworth,E01004562,Wandsworth 002B,0.011228757955579607
4452,Wandsworth,E01004563,Wandsworth 002C,0.011795097771248346
4453,Wandsworth,E01004564,Wandsworth 002D,0.011697420486622156
4454,Wandsworth,E01004565,Wandsworth 005A,0.011794023883522126
4455,Wandsworth,E01004566,Wandsworth 001B,0.011813008427843254
4456,Wandsworth,E01004567,Wandsworth 002E,0.011633987612410366
4457,Wandsworth,E01004568,Wandsworth 013A,0.01211534080749307
4458,Wandsworth,E01004569,Wandsworth 023A,0.012156749535512495
4459,Wandsworth,E01004570,Wandsworth 023B,0.012288096283655807
4460,Wandsworth,E01004571,Wandsworth 023C,0.012310846315638516
4461,Wandsworth,E01004572,Wandsworth 016A,0.012176495794857235
4462,Wandsworth,E01004573,Wandsworth 023D,0.012679662371778583
4463,Wandsworth,E01004574,Wandsworth 013B,0.01208196007509468
4464,Wandsworth,E01004575,Wandsworth 013C,0.011983858809314709
4465,Wandsworth,E01004576,Wandsworth 013D,0.012131140096156212
4466,Wandsworth,E01004577,Wandsworth 003C,0.0119276173434763
4467,Wandsworth,E01004579,Wandsworth 004B,0.011939630357624534
4468,Wandsworth,E01004580,Wandsworth 004C,0.012139018932574464
4469,Wandsworth,E01004581,Wandsworth 004D,0.011765533163202137
4470,Wandsworth,E01004582,Wandsworth 001C,0.012003242929574961
4471,Wandsworth,E01004583,Wandsworth 001D,0.011866064669522674
4472,Wandsworth,E01004584,Wandsworth 003D,0.01182369432791998
4473,Wandsworth,E01004585,Wandsworth 008D,0.012103721918696561
4474,Wandsworth,E01004586,Wandsworth 009C,0.011896364229330526
4475,Wandsworth,E01004587,Wandsworth 009D,0.011948785051746798
4476,Wandsworth,E01004588,Wandsworth 008E,0.012060471820635604
4477,Wandsworth,E01004589,Wandsworth 009E,0.01192183998016401
4478,Wandsworth,E01004590,Wandsworth 005B,0.011895454707597702
4479,Wandsworth,E01004591,Wandsworth 005C,0.011949162187764071
4480,Wandsworth,E01004592,Wandsworth 005D,0.012055957371889733
4481,Wandsworth,E01004593,Wandsworth 025A,0.011823133484167178
4482,Wandsworth,E01004594,Wandsworth 020D,0.011540190496545847
4483,Wandsworth,E01004595,Wandsworth 025B,0.011690214830127655
4484,Wandsworth,E01004596,Wandsworth 020E,0.011553335086033664
4485,Wandsworth,E01004597,Wandsworth 025C,0.012261361654328751
4486,Wandsworth,E01004598,Wandsworth 025D,0.012568730310130295
4487,Wandsworth,E01004599,Wandsworth 025E,0.012099427835134794
4488,Wandsworth,E01004600,Wandsworth 018C,0.012617834697583362
4489,Wandsworth,E01004601,Wandsworth 018D,0.012127716881052863
4490,Wandsworth,E01004602,Wandsworth 010C,0.01279525720518924
4491,Wandsworth,E01004604,Wandsworth 006A,0.012060056197734745
4492,Wandsworth,E01004605,Wandsworth 006B,0.011804647651995438
4493,Wandsworth,E01004606,Wandsworth 006C,0.011750260615459114
4494,Wandsworth,E01004607,Wandsworth 006D,0.012073564592278378
4495,Wandsworth,E01004608,Wandsworth 006E,0.012416798359950295
4496,Wandsworth,E01004609,Wandsworth 010E,0.012315787702327873
4497,Wandsworth,E01004610,Wandsworth 033C,0.012153059201276737
4498,Wandsworth,E01004611,Wandsworth 032B,0.01179972187875353
4499,Wandsworth,E01004612,Wandsworth 032C,0.011918161544329184
4500,Wandsworth,E01004613,Wandsworth 033D,0.012084743790480175
4501,Wandsworth,E01004614,Wandsworth 034A,0.012559719073429598
4502,Wandsworth,E01004615,Wandsworth 034B,0.012651425300263879
4503,Wandsworth,E01004616,Wandsworth 034C,0.012467089292227559
4504,Wandsworth,E01004617,Wandsworth 034D,0.012376956651472242
4505,Wandsworth,E01004618,Wandsworth 032D,0.01179977251144495
4506,Wandsworth,E01004619,Wandsworth 015E,0.011707082552524823
4507,Wandsworth,E01004620,Wandsworth 019C,0.012112496461520558
4508,Wandsworth,E01004621,Wandsworth 019D,0.012058111680323965
4509,Wandsworth,E01004622,Wandsworth 024D,0.011957535245080612
4510,Wandsworth,E01004623,Wandsworth 019E,0.012142968313099833
4511,Wandsworth,E01004624,Wandsworth 024E,0.011945755466432144
4512,Wandsworth,E01004625,Wandsworth 027E,0.011752331440339214
4513,Wandsworth,E01004626,Wandsworth 027F,0.01174850455685731
4514,Wandsworth,E01004627,Wandsworth 019F,0.012007318742205583
4515,Wandsworth,E01004628,Wandsworth 022A,0.012345290851578586
4516,Wandsworth,E01004629,Wandsworth 020F,0.012067579560996406
4517,Wandsworth,E01004630,Wandsworth 022B,0.012418218727226182
4518,Wandsworth,E01004631,Wandsworth 022C,0.012509027138111249
4519,Wandsworth,E01004632,Wandsworth 028A,0.012068625799653347
4520,Wandsworth,E01004633,Wandsworth 022D,0.012472253570232142
4521,Wandsworth,E01004634,Wandsworth 028B,0.012498885697866072
4522,Wandsworth,E01004635,Wandsworth 028C,0.012489731780035327
4523,Wandsworth,E01004636,Wandsworth 028D,0.012503026745173798
4524,Wandsworth,E01004637,Wandsworth 028E,0.012431451623788477
4525,Wandsworth,E01004638,Wandsworth 011B,0.012144846489546656
4526,Wandsworth,E01004639,Wandsworth 011C,0.012011177981975171
4527,Wandsworth,E01004640,Wandsworth 011D,0.011990017495370722
4528,Wandsworth,E01004641,Wandsworth 011E,0.011884941296145063
4529,Wandsworth,E01004642,Wandsworth 016B,0.012181563408450273
4530,Wandsworth,E01004643,Wandsworth 016C,0.012203976795072517
4531,Wandsworth,E01004644,Wandsworth 016D,0.012184746433971855
4532,Wandsworth,E01004645,Wandsworth 016E,0.012281662977690112
4533,Westminster,E01004646,Westminster 002A,0.011837576135328895
4534,Westminster,E01004647,Westminster 001A,0.012131266940402839
4535,Westminster,E01004648,Westminster 002B,0.011962576882831076
4536,Westminster,E01004649,Westminster 001B,0.012056094940898088
4537,Westminster,E01004650,Westminster 002C,0.012330602271908535
4538,Westminster,E01004651,Westminster 003A,0.012336985812772464
4539,Westminster,E01004652,Westminster 017A,0.01233700272764509
4540,Westminster,E01004653,Westminster 014A,0.012604379527664937
4541,Westminster,E01004654,Westminster 014B,0.012564629980252985
4542,Westminster,E01004656,Westminster 014D,0.01245873510407871
4543,Westminster,E01004657,Westminster 012A,0.01184960066800342
4544,Westminster,E01004658,Westminster 012B,0.012219390589989
4545,Westminster,E01004659,Westminster 008A,0.012565058810228803
4546,Westminster,E01004660,Westminster 008B,0.012348693528508701
4547,Westminster,E01004661,Westminster 012C,0.01244090747820357
4548,Westminster,E01004662,Westminster 012D,0.012293015499640127
4549,Westminster,E01004663,Westminster 012E,0.012267725966409258
4550,Westminster,E01004665,Westminster 024A,0.01103985543955234
4551,Westminster,E01004666,Westminster 023B,0.012323836134741323
4552,Westminster,E01004667,Westminster 023C,0.0121429777046926
4553,Westminster,E01004668,Westminster 023D,0.011405255481900087
4554,Westminster,E01004669,Westminster 024B,0.010973907378274287
4555,Westminster,E01004670,Westminster 009A,0.012662477455058666
4556,Westminster,E01004674,Westminster 005A,0.012349659066306397
4557,Westminster,E01004675,Westminster 005B,0.01254057576383443
4558,Westminster,E01004676,Westminster 006A,0.012731472989492908
4559,Westminster,E01004677,Westminster 005C,0.011966755937675105
4560,Westminster,E01004678,Westminster 005D,0.012156160045539101
4561,Westminster,E01004679,Westminster 005E,0.012183578367557053
4562,Westminster,E01004680,Westminster 015A,0.012324588504151761
4563,Westminster,E01004681,Westminster 016A,0.012498031514529138
4564,Westminster,E01004682,Westminster 016B,0.012498383046004986
4565,Westminster,E01004683,Westminster 015B,0.012537334246838176
4566,Westminster,E01004684,Westminster 015C,0.012468307180750801
4567,Westminster,E01004686,Westminster 015E,0.012420529939418203
4568,Westminster,E01004687,Westminster 019A,0.012041006882497369
4569,Westminster,E01004688,Westminster 019B,0.012163995300152098
4570,Westminster,E01004689,Westminster 019C,0.011936684792237553
4571,Westminster,E01004690,Westminster 019D,0.012059366295261647
4572,Westminster,E01004691,Westminster 019E,0.011954120173892625
4573,Westminster,E01004692,Westminster 019F,0.011811700317185743
4574,Westminster,E01004693,Westminster 017B,0.012795787330722489
4575,Westminster,E01004694,Westminster 016C,0.0126171305099894
4576,Westminster,E01004695,Westminster 017C,0.012733533666389832
4577,Westminster,E01004696,Westminster 017D,0.012350018596922835
4578,Westminster,E01004697,Westminster 016D,0.01254316361462617
4579,Westminster,E01004698,Westminster 017E,0.012551763116822427
4580,Westminster,E01004699,Westminster 017F,0.012578643545591012
4581,Westminster,E01004700,Westminster 016E,0.012491431514657309
4582,Westminster,E01004701,Westminster 007A,0.01284777370416734
4583,Westminster,E01004702,Westminster 009E,0.012726633984822648
4584,Westminster,E01004703,Westminster 007B,0.012912608085668386
4585,Westminster,E01004705,Westminster 007D,0.01304575145386136
4586,Westminster,E01004706,Westminster 006B,0.012406271864697064
4587,Westminster,E01004707,Westminster 006C,0.012689594063713639
4588,Westminster,E01004708,Westminster 006D,0.01247957930040542
4589,Westminster,E01004709,Westminster 007E,0.012530492520634248
4590,Westminster,E01004710,Westminster 002D,0.011960406730194831
4591,Westminster,E01004711,Westminster 002E,0.01211956146082671
4592,Westminster,E01004712,Westminster 008C,0.012084462574070219
4593,Westminster,E01004713,Westminster 011A,0.01152733688618529
4594,Westminster,E01004714,Westminster 011B,0.011489895041828384
4595,Westminster,E01004715,Westminster 013A,0.011697853906917959
4596,Westminster,E01004716,Westminster 011C,0.012054973118297506
4597,Westminster,E01004717,Westminster 011D,0.011807478351165355
4598,Westminster,E01004718,Westminster 004A,0.011925733105012099
4599,Westminster,E01004719,Westminster 004B,0.011667474902232225
4600,Westminster,E01004720,Westminster 004C,0.011569058389466237
4601,Westminster,E01004721,Westminster 004D,0.011784613285088842
4602,Westminster,E01004722,Westminster 004E,0.01178696821746053
4603,Westminster,E01004723,Westminster 005F,0.011729840058500822
4604,Westminster,E01004724,Westminster 001C,0.012470252282335033
4605,Westminster,E01004725,Westminster 003B,0.012575176362824441
4606,Westminster,E01004726,Westminster 003C,0.012547457843490583
4607,Westminster,E01004727,Westminster 008D,0.01244459726733788
4608,Westminster,E01004728,Westminster 003D,0.012814223406205081
4609,Westminster,E01004729,Westminster 003E,0.012808348965674957
4610,Westminster,E01004730,Westminster 001D,0.01227753459927262
4611,Westminster,E01004731,Westminster 020A,0.012308820582683398
4612,Westminster,E01004732,Westminster 020B,0.0123173874361378
4613,Westminster,E01004733,Westminster 020C,0.012120055920751702
4614,Westminster,E01004734,Westminster 018A,0.012266247051042069
4615,Westminster,E01004735,Westminster 018B,0.011826495414648372
4616,Westminster,E01004736,Westminster 018C,0.012287070702425731
4617,Westminster,E01004737,Westminster 024C,0.01088491559566541
4618,Westminster,E01004738,Westminster 024D,0.010692739101336491
4619,Westminster,E01004739,Westminster 024E,0.01068752651477078
4620,Westminster,E01004740,Westminster 021A,0.011596255107420347
4621,Westminster,E01004741,Westminster 024F,0.01120617487950959
4622,Westminster,E01004742,Westminster 022A,0.011406468555476997
4623,Westminster,E01004743,Westminster 021B,0.01156647716716701
4624,Westminster,E01004744,Westminster 020D,0.011744126219544517
4625,Westminster,E01004745,Westminster 021C,0.011436349086672577
4626,Westminster,E01004746,Westminster 021D,0.011250128220122264
4627,Westminster,E01004747,Westminster 021E,0.011445549317983425
4628,Westminster,E01004748,Westminster 020E,0.011985462993036995
4629,Westminster,E01004749,Westminster 022B,0.011773533387366834
4630,Westminster,E01004750,Westminster 023E,0.012125008989649825
4631,Westminster,E01004751,Westminster 022C,0.012030074471711436
4632,Westminster,E01004752,Westminster 022D,0.011597201110100949
4633,Westminster,E01004753,Westminster 022E,0.011599615049153642
4634,Westminster,E01004754,Westminster 010A,0.012773622880115854
4635,Westminster,E01004755,Westminster 010B,0.012520010556840154
4636,Westminster,E01004756,Westminster 006E,0.012826392148980924
4637,Westminster,E01004757,Westminster 010C,0.012659782203483261
4638,Westminster,E01004760,Westminster 014E,0.01249047274217012
4639,Westminster,E01004761,Westminster 018D,0.011810330659057813
4640,Westminster,E01004762,Westminster 011E,0.01156209981897435
4641,Westminster,E01004763,Westminster 013B,0.011580923884608994
4642,Westminster,E01004765,Westminster 013D,0.011339783693338554
4643,Westminster,E01032512,Westminster 010F,0.012551004218317514
4644,Westminster,E01032513,Westminster 010G,0.01250966665632933
4645,Bromley,E01032562,Bromley 040D,0.012693569917751762
4646,Bromley,E01032563,Bromley 040E,0.012617068851780017
4647,Lewisham,E01032564,Lewisham 037E,0.012425296883092622
4648,Lewisham,E01032565,Lewisham 038E,0.01224563267091559
4649,Bexley,E01032566,Bexley 029D,0.01224916573970347
4650,Greenwich,E01032567,Greenwich 033D,0.011910720345751417
4651,Bromley,E01032568,Bromley 041E,0.012324114935254682
4652,Croydon,E01032569,Croydon 045E,0.011912672759770941
4653,Bromley,E01032570,Bromley 042D,0.011900104638420617
4654,Ealing,E01032572,Ealing 040D,0.01161011233264694
4655,Hounslow,E01032573,Hounslow 029E,0.012403031592146133
4656,Enfield,E01032574,Enfield 037E,0.01238884731717297
4657,Haringey,E01032575,Haringey 037D,0.012189192928766685
4658,Harrow,E01032576,Harrow 032E,0.01181547941766823
4659,Hillingdon,E01032577,Hillingdon 033E,0.011910333964650093
4660,Lewisham,E01032579,Lewisham 039E,0.012272483668672007
4661,Barking and Dagenham,E01032580,Barking and Dagenham 023F,0.012703331871004898
4662,Redbridge,E01032581,Redbridge 034G,0.01279090221352065
4663,Lambeth,E01032582,Lambeth 036E,0.011904179837948208
4664,Southwark,E01032583,Southwark 034D,0.01143217828687998
4665,Southwark,E01032584,Southwark 034E,0.011610356042255847
4666,Sutton,E01032623,Sutton 025E,0.011959853206508586
4667,Southwark,E01032637,Southwark 003F,0.011556546161805391
4668,Southwark,E01032638,Southwark 003G,0.011502210195107727
4669,Southwark,E01032639,Southwark 014F,0.011218478596175509
4670,Southwark,E01032640,Southwark 003H,0.011606826626788712
4671,Southwark,E01032646,Southwark 003I,0.0116402289062839
4672,Southwark,E01032719,Southwark 014G,0.010783112142651681
4673,Southwark,E01032720,Southwark 009F,0.010933279830256682
4674,Southwark,E01032722,Southwark 012F,0.011388023551495773
4675,City of London,E01032739,City of London 001F,0.011687782642537878
4676,City of London,E01032740,City of London 001G,0.011592668163431429
4677,Havering,E01032741,Havering 013E,0.013255071833135144
4678,Havering,E01032742,Havering 013F,0.011861251244879826
4679,Ealing,E01032743,Ealing 010F,0.011586088972852307
4680,Ealing,E01032744,Ealing 010G,0.012213080917219959
4681,Tower Hamlets,E01032764,Tower Hamlets 004E,0.011779625598178065
4682,Tower Hamlets,E01032765,Tower Hamlets 004F,0.011820883817071323
4683,Tower Hamlets,E01032766,Tower Hamlets 021E,0.011821772178196823
4684,Tower Hamlets,E01032767,Tower Hamlets 021F,0.011657633799727805
4685,Tower Hamlets,E01032768,Tower Hamlets 025E,0.01211154298547
4686,Tower Hamlets,E01032769,Tower Hamlets 025F,0.012023462142142234
4687,Tower Hamlets,E01032770,Tower Hamlets 032B,0.011736146181082738
4688,Tower Hamlets,E01032771,Tower Hamlets 033B,0.01086484976191828
4689,Tower Hamlets,E01032772,Tower Hamlets 032C,0.011340491457014903
4690,Tower Hamlets,E01032773,Tower Hamlets 032D,0.011306069241326058
4691,Tower Hamlets,E01032774,Tower Hamlets 032E,0.011135766143397261
4692,Tower Hamlets,E01032775,Tower Hamlets 031F,0.012153292127176486
4693,Tower Hamlets,E01032776,Tower Hamlets 028E,0.011012326226245976
4694,Tower Hamlets,E01032777,Tower Hamlets 028F,0.010866789492641487
4695,Tower Hamlets,E01032778,Tower Hamlets 028G,0.011085065976194835
4696,Tower Hamlets,E01032779,Tower Hamlets 028H,0.011260848260654143
4697,Tower Hamlets,E01032780,Tower Hamlets 028I,0.01101566981986893
4698,Tower Hamlets,E01032781,Tower Hamlets 033C,0.011630150142761803
4699,Tower Hamlets,E01032782,Tower Hamlets 033D,0.011548072567531443
4700,Tower Hamlets,E01032783,Tower Hamlets 031G,0.01221988350424661
4701,Tower Hamlets,E01032784,Tower Hamlets 004G,0.01186732771102385
4702,Tower Hamlets,E01032785,Tower Hamlets 010E,0.012170822359540777
4703,Tower Hamlets,E01032786,Tower Hamlets 010F,0.012024852968088477
4704,Tower Hamlets,E01032787,Tower Hamlets 011F,0.012362306169891885
4705,Hammersmith and Fulham,E01032788,Hammersmith and Fulham 023D,0.012908988250216417
4706,Hammersmith and Fulham,E01032789,Hammersmith and Fulham 023E,0.011733526640374593
4707,Hammersmith and Fulham,E01032790,Hammersmith and Fulham 023F,0.012537023606772899
4708,Southwark,E01032803,Southwark 003J,0.011432341515656249
4709,Southwark,E01032805,Southwark 022F,0.012308564178002374
4710,Southwark,E01032834,Southwark 003K,0.011568229921640248
4711,Hounslow,E01033000,Hounslow 025F,0.013038453234219554
4712,Hounslow,E01033030,Hounslow 025G,0.012836193115373973
4713,Hounslow,E01033081,Hounslow 003F,0.011451937403781105
4714,Hounslow,E01033082,Hounslow 003G,0.01176600696577356
4715,Hounslow,E01033083,Hounslow 018F,0.012573796035577237
4716,Hounslow,E01033084,Hounslow 018G,0.012269431253515213
4717,Haringey,E01033085,Haringey 020E,0.011212707873839288
4718,Haringey,E01033086,Haringey 020F,0.011375806972875787
4719,Wandsworth,E01033093,Wandsworth 010F,0.012381539217930294
4720,Wandsworth,E01033098,Wandsworth 002F,0.011895295764826844
4721,Wandsworth,E01033099,Wandsworth 004E,0.012326153225227414
4722,Wandsworth,E01033100,Wandsworth 002G,0.011705338734252667
4723,Wandsworth,E01033101,Wandsworth 004F,0.012898637360013536
4724,Wandsworth,E01033132,Wandsworth 002H,0.0116560228985282
4725,Wandsworth,E01033133,Wandsworth 004G,0.012568207009982688
4726,Wandsworth,E01033135,Wandsworth 010G,0.012544624656680475
4727,Enfield,E01033146,Enfield 025F,0.013079020147048601
4728,Enfield,E01033148,Enfield 003F,0.01194550134002002
4729,Enfield,E01033150,Enfield 003G,0.011897207815560789
4730,Enfield,E01033151,Enfield 025G,0.013615961958143937
4731,Waltham Forest,E01033153,Waltham Forest 020G,0.012121855070692111
4732,Lambeth,E01033207,Lambeth 004F,0.011121881020481231
4733,Lambeth,E01033208,Lambeth 004G,0.010478996337173689
4734,Lewisham,E01033320,Lewisham 017E,0.012082750595859197
4735,Lewisham,E01033322,Lewisham 017F,0.012095329027853636
4736,Lewisham,E01033324,Lewisham 008E,0.012143772878569168
4737,Lewisham,E01033325,Lewisham 008F,0.012611917883400953
4738,Lewisham,E01033327,Lewisham 012F,0.012251776566644383
4739,Lewisham,E01033341,Lewisham 012G,0.012212489466729672
4740,Brent,E01033424,Brent 017F,0.011411687028354468
4741,Brent,E01033455,Brent 031G,0.012683997122234785
4742,Brent,E01033456,Brent 027F,0.012260299557784205
4743,Brent,E01033457,Brent 017G,0.010989317172575298
4744,Brent,E01033463,Brent 003G,0.012462474332337867
4745,Brent,E01033464,Brent 010F,0.012425988612904148
4746,Brent,E01033485,Brent 031H,0.012383844271136547
4747,Islington,E01033486,Islington 011E,0.012128399601463835
4748,Islington,E01033487,Islington 011F,0.01263214590896671
4749,Islington,E01033488,Islington 011G,0.012371375984072537
4750,Islington,E01033489,Islington 022G,0.01140734788047452
4751,Islington,E01033490,Islington 022H,0.011399707857018678
4752,Islington,E01033491,Islington 011H,0.011761668002561846
4753,Islington,E01033492,Islington 011I,0.011739313620987554
4754,Islington,E01033493,Islington 006F,0.012017381638521332
4755,Islington,E01033494,Islington 006G,0.012055429216483367
4756,Kingston upon Thames,E01033568,Kingston upon Thames 004F,0.011953910455313368
4757,Kingston upon Thames,E01033569,Kingston upon Thames 004G,0.01209715681714947
4758,Richmond upon Thames,E01033570,Richmond upon Thames 004G,0.01219751242912822
4759,Richmond upon Thames,E01033571,Richmond upon Thames 004H,0.012258652334207504
4760,Barnet,E01033572,Barnet 030E,0.012687796864939987
4761,Barnet,E01033573,Barnet 030F,0.012233097325277283
4762,Newham,E01033574,Newham 034F,0.011991498588282797
4763,Newham,E01033575,Newham 034G,0.012452338999908972
4764,Newham,E01033576,Newham 034H,0.011777431593465004
4765,Newham,E01033577,Newham 037E,0.011297589971247806
4766,Newham,E01033578,Newham 013E,0.011501258672906196
4767,Newham,E01033579,Newham 013F,0.011957693430071331
4768,Newham,E01033580,Newham 037F,0.01161063994920845
4769,Newham,E01033581,Newham 037G,0.012872224482405088
4770,Newham,E01033582,Newham 037H,0.012730161754952715
4771,Newham,E01033583,Newham 013G,0.011861302491840756
4772,Newham,E01033584,Newham 034I,0.012620708415503713
4773,Newham,E01033585,Newham 034J,0.012122998967796483
4774,Newham,E01033586,Newham 013H,0.011907193104685973
4775,Barking and Dagenham,E01033587,Barking and Dagenham 021E,0.012581004161600287
4776,Barking and Dagenham,E01033588,Barking and Dagenham 021F,0.012594078957414398
4777,Redbridge,E01033589,Redbridge 030H,0.011769569966120297
4778,Redbridge,E01033590,Redbridge 019H,0.012830058774550197
4779,Redbridge,E01033591,Redbridge 030I,0.01169029341268309
4780,Redbridge,E01033592,Redbridge 019I,0.012637440039723117
4781,Westminster,E01033593,Westminster 015F,0.012579665723232871
4782,Westminster,E01033594,Westminster 015G,0.012485472847715007
4783,Westminster,E01033595,Westminster 013E,0.011705702171805757
4784,Westminster,E01033596,Westminster 013F,0.011838093520089079
4785,Westminster,E01033597,Westminster 023F,0.011527011407957744
4786,Westminster,E01033598,Westminster 009F,0.012799546935768917
4787,Westminster,E01033599,Westminster 023G,0.011893689791962888
4788,Westminster,E01033600,Westminster 007F,0.012951002537039858
4789,Westminster,E01033601,Westminster 009G,0.012640554165699563
4790,Westminster,E01033602,Westminster 009H,0.012699242067051433
4791,Westminster,E01033603,Westminster 009I,0.012558367820647863
4792,Westminster,E01033604,Westminster 009J,0.012675174034583667
4793,Westminster,E01033605,Westminster 009K,0.01278397908983143
4794,Westminster,E01033606,Westminster 014F,0.012563176321661845
4795,Westminster,E01033607,Westminster 014G,0.012553719565057268
4796,Westminster,E01033608,Westminster 007G,0.012969654839533502
4797,Hackney,E01033698,Hackney 021F,0.011770276015217815
4798,Hackney,E01033699,Hackney 021G,0.011706808264941531
4799,Hackney,E01033700,Hackney 021H,0.012166117051253778
4800,Hackney,E01033701,Hackney 002F,0.012264186503364135
4801,Hackney,E01033702,Hackney 028C,0.009595318337946725
4802,Hackney,E01033703,Hackney 010F,0.00993479633230791
4803,Hackney,E01033704,Hackney 023F,0.011245771786815588
4804,Hackney,E01033705,Hackney 028D,0.011209000847891332
4805,Hackney,E01033706,Hackney 027F,0.011545597567665919
4806,Hackney,E01033707,Hackney 021I,0.011979055535707888
4807,Hackney,E01033708,Hackney 027G,0.011338089029748845
4808,Hackney,E01033709,Hackney 027H,0.011730981250305722
4809,Hackney,E01033710,Hackney 028E,0.011314034179571901
4810,Hackney,E01033711,Hackney 027I,0.011667741072198493
4811,Hackney,E01033712,Hackney 023G,0.011937784253128055
4812,Hackney,E01033713,Hackney 010G,0.01186674282237191
4813,Hillingdon,E01033724,Hillingdon 016F,0.012740718179405605
4814,Hillingdon,E01033725,Hillingdon 015F,0.01197618155893665
4815,Greenwich,E01033726,Greenwich 034E,0.01181849318198424
4816,Greenwich,E01033727,Greenwich 035B,0.012288484665240199
4817,Greenwich,E01033728,Greenwich 035C,0.011875051281659423
4818,Greenwich,E01033729,Greenwich 030E,0.012523692234159058
4819,Greenwich,E01033730,Greenwich 035D,0.011972561144561073
4820,Greenwich,E01033731,Greenwich 004E,0.01230054849423076
4821,Greenwich,E01033732,Greenwich 036D,0.013156583195738654
4822,Greenwich,E01033733,Greenwich 036E,0.012399639285324258
4823,Greenwich,E01033734,Greenwich 004F,0.011718570937878137
4824,Greenwich,E01033735,Greenwich 004G,0.013205407728327219
4825,Greenwich,E01033736,Greenwich 004H,0.012418421836900019
4826,Greenwich,E01033737,Greenwich 004I,0.012957152405049325
4827,Greenwich,E01033738,Greenwich 037D,0.012809083775350704
4828,Greenwich,E01033739,Greenwich 002E,0.012100705560029252
4829,Greenwich,E01033740,Greenwich 002F,0.010875227980075636
4830,Greenwich,E01033741,Greenwich 002G,0.01133412068560249
4831,Greenwich,E01033742,Greenwich 007F,0.010991708019311191
4832,Greenwich,E01033743,Greenwich 002H,0.011479017003249567
4833,Greenwich,E01033744,Greenwich 007G,0.011186726151748662
4834,Greenwich,E01033745,Greenwich 002I,0.011923107223630056
4835,Greenwich,E01033746,Greenwich 038E,0.01199130363622358
