draw,all_cause,mental_disorder,cardiovascular,respiratory,self_harm
1,-517.0738707171972,-39.31874623168247,-177.90978760336483,-67.94723116073995,-2.1812200384534637
2,-461.2576676560362,-43.907434505259715,-205.6606629893959,-84.04553778106566,-1.2680924973425016
3,-551.3339019547005,-20.123953862068845,-184.78728310866757,-67.01828907896275,-2.108115983228753
4,-501.3851228743246,-31.8850804178223,-190.71164335261287,-70.19108076897122,-2.385259077021966
5,-347.3151298778544,-45.45972591485577,-193.88420856125094,-78.85072184535757,-1.453759994555893
6,-471.41515711676533,-24.271027744649896,-192.44474456437356,-73.37876902289263,-1.2638400531136342
7,-544.4232028375087,-35.60724262973067,-187.2267622478111,-72.40230200892162,-0.8781545812060175
8,-526.0582424398369,-27.901011873695303,-204.01212223168426,-76.42761538687103,-3.4392804113855084
9,-455.8971504524696,-40.704603353268624,-195.27953454786189,-70.59480334952424,-1.180985235228648
10,-499.14917246727265,-21.140359418174626,-177.50972591419782,-68.580802869258,-3.0813649480477867
11,-486.2702714066729,-39.7249565926773,-178.1163761206049,-75.64240582844309,-2.740626629249283
12,-523.6244905631036,-37.245934635986856,-198.5333690282026,-69.16728953715585,-1.0647423921606367
13,-461.1884364102872,-51.875227300186474,-202.54807537418662,-69.6417284654558,-1.4225383280050825
14,-495.29840923709185,-39.269384229098016,-203.7627020448153,-73.83170487181526,-2.515295720712467
15,-590.9662554332136,-44.55448900606667,-190.7375216182798,-73.47485717517714,-1.8758478930076887
16,-442.76970563292673,-36.71800066588146,-199.4167623922472,-70.42665389485694,-2.17446140272642
17,-556.2933430523283,-33.3486776883477,-169.85258511004002,-75.92947897828834,-2.5612412526201904
18,-557.7294928529222,-44.42680793183078,-195.02669253880694,-68.80780220559953,-1.7769593573592308
19,-528.0275971052293,-57.07751126322842,-180.1448651244072,-69.30638594338555,-2.284751927573797
20,-324.4062625231627,-23.621871884724577,-210.01042491339484,-75.26559897051493,-3.034303533739024
21,-450.9068325359347,-52.63195814010772,-189.4306672291253,-74.9886079506726,-1.739393768329479
22,-551.5046543881614,-49.89488274660694,-198.6094150822015,-69.59809571173703,-3.2980083383077625
23,-565.6642623245294,-21.60942058138867,-198.22936592193855,-78.84715966376618,-2.6036424837285015
24,-423.0009565012626,-39.88077618359634,-225.3545639073343,-80.2955131738955,-2.7379137293967006
25,-306.9940792719991,-27.48553431028199,-176.49490107165892,-79.09128144663694,-1.3538698643089593
26,-474.85292631008775,-33.23301001363552,-200.24288133849137,-76.01336210255137,-1.2032604123451192
27,-514.1761638486107,-37.42283295647346,-197.07446060871158,-74.36562120659725,-2.379415118257657
28,-489.73601024373306,-57.92445660706881,-170.01583391653952,-77.09169556063154,-1.824557290226654
29,-462.55337248215716,-36.54983427134129,-199.34206380100235,-67.8878075242031,-3.0370865509849385
30,-521.8000726438001,-46.00127065304468,-189.72007501416323,-76.94611478435458,-2.4894090392147774
31,-533.5422680697191,-35.42745136423244,-179.12166049480035,-68.33144143708155,-0.7029447024689311
32,-382.29401771917696,-29.290764484132556,-180.5840823755843,-74.98621172508341,-1.8713875726287397
33,-521.3056522217404,-30.909237147001434,-197.2363057377429,-72.54326027138748,-3.4388156086907715
34,-308.8316398149084,-35.77537222590616,-202.7848820572718,-74.298754057805,-1.367239291827052
35,-656.1219613138595,-30.655424419561236,-182.69498997194185,-71.39789715599204,-2.131886494471499
36,-562.4404752404154,-38.459805197986874,-200.65083187243326,-69.22583597247663,-2.80716565241653
37,-566.7454032698489,-60.60728334253251,-213.1497342464535,-71.76757115706265,-1.2364667606078341
38,-541.9926070606983,-65.04049969202971,-213.9404385911941,-79.9961114788512,-0.41383426317458616
39,-462.55231202449966,-17.90568029623637,-201.03770297010692,-77.04513248186082,-1.1942506184943833
40,-512.7877441604924,-23.629513063112338,-179.22057605022357,-67.90748824308088,-1.960841729634517
41,-480.6785696604865,-34.78147833662537,-175.96483381445512,-67.57639964439136,-1.5722807742726856
42,-543.9153729528568,-44.80555157116961,-187.45266423121888,-72.2911068114324,-3.2139732360516944
43,-482.9573558326486,-32.063326323190985,-181.9738754659642,-70.97792796730425,-1.2220957756625797
44,-563.7278302714296,-39.27245016788459,-186.40743644868172,-71.15625167273178,-2.9251007126391646
45,-474.3230974112638,-47.891125537326126,-194.9897245648599,-71.56893713116635,-3.2738014979471393
46,-467.196319425044,-43.26177985083041,-194.10269862665044,-79.3966937866801,-2.7477411175298494
47,-492.0982974536265,-35.26924508909367,-196.14992395722493,-76.89856813950847,-2.2567157588017492
48,-472.49648315503805,-42.50344050832661,-196.10724868618112,-76.01369919958151,-3.797380850995558
49,-407.98192928902006,-31.180822761495484,-177.83792763026761,-76.17390427862625,-1.0026022554394818
50,-453.3280027185008,-38.17496681853963,-202.00471069627181,-83.89571294973446,-1.75130920377354
51,-443.76004845767585,-37.73757504482766,-187.22044932819685,-75.52078774025934,-2.65825440809142
52,-366.9413151657054,-30.01390522266351,-188.8690637034559,-77.77620992027167,-3.2211176220293525
53,-495.857082930475,-38.85045385186822,-191.78991112410293,-69.72469008825509,-5.053654612542131
54,-505.36573541366215,-39.577194040990975,-200.5753547982996,-72.35520744349066,-3.515528534090288
55,-397.5393902585894,-44.12340791936136,-195.01265671424608,-77.18131928315454,-0.3720941107054971
56,-550.1751542345977,-36.86462802178487,-184.14213160496288,-71.73719426693845,-1.0478062345242884
57,-488.4731323043786,-20.34776365833021,-181.85533679655146,-72.56028645506714,-1.5736818854523247
58,-625.4948000271513,-10.371578644548602,-193.26087931580727,-68.52744274406454,-3.5624562303364047
59,-458.4206943600093,-51.75904527061706,-213.94577349225258,-71.03463338795993,-1.53289129176577
60,-457.17840737231467,-31.877743930079987,-173.71208820034875,-83.59217530681599,-2.996597935797496
61,-406.5986763771444,-39.38023892140961,-184.30576830923607,-82.32297244457821,-2.5203482858389736
62,-629.1216913764202,-36.224351723669294,-190.76502734209015,-71.52835399325937,-3.8683263268623835
63,-565.888126174558,-38.02013265047361,-187.7823915488917,-80.0126707533052,-2.9201944305860845
64,-361.9107924800966,-36.66692887514962,-189.37688008032407,-68.87225219481343,-2.1803011327826742
65,-501.9654678659738,-46.18908495409907,-206.55535103211258,-74.8673429825466,-3.819116092372752
66,-434.4648664398281,-18.00689375854028,-198.53841420292855,-78.90907383457755,-2.9254713662977574
67,-465.79450117580984,-38.52432467797228,-207.34406134474756,-70.64009685174705,-4.071291642143689
68,-476.78661837474164,-36.29520572101366,-201.28957259439906,-79.53842722224624,-2.8034004544957973
69,-437.84844690116654,-22.188711176114957,-190.45721113956313,-76.43633561414734,-2.3646475741696773
70,-399.47745241017276,-35.92554239578711,-186.85276763976142,-76.1292719641665,-2.7300004661555137
71,-467.75729448799325,-43.64584012154634,-182.38569785956602,-79.42824986734945,-2.94527723827357
72,-590.9068821487123,-23.49447713066653,-195.0708053485772,-74.17973096619305,-2.332611336039104
73,-608.7249167384016,-29.072971119904768,-191.0992010845965,-72.98293090430525,-4.385211349173218
74,-493.9384021694544,-44.288456694359006,-184.12094884121217,-74.18968555837188,-2.7177347658584776
75,-575.6483863685679,-36.551745352465474,-204.46747375115086,-80.08574378754666,-4.129697519219654
76,-521.8577631923299,-36.8315704875377,-196.66277309962865,-71.53684828297918,-2.0416029520554635
77,-492.8118493679618,-26.678570180666412,-194.8011305179704,-72.82041422177612,-3.222693201160901
78,-326.1919114403546,-43.97230395922815,-193.22571604819942,-74.27562110252461,-1.5673027911736532
79,-477.57777606558517,-41.141000644575215,-201.20807496366405,-72.24903794481486,-0.13095405481181932
80,-403.99521555853073,-41.72002833866329,-199.44905504620908,-67.51068977333313,-2.57430984144993
81,-541.4010173688818,-26.991878131186926,-189.2326936540392,-66.3404652122175,-2.147960249343112
82,-426.33315818445584,-38.004272355472374,-199.77272222696746,-67.57861312262122,-2.21090005986717
83,-563.6763896999157,-64.70674298124347,-194.96206999455603,-73.36210363594687,-3.094575382041419
84,-515.4887517320651,-19.96178910704535,-171.52909508929343,-77.60368091544383,-4.068744503950095
85,-550.1772427345516,-48.585698284265725,-193.16086880238376,-74.25374571007877,-3.205255330809549
86,-558.8065710988838,-24.005072006280205,-197.5612311406476,-73.3207901440933,-0.9164365408668586
87,-595.1634630060307,-31.518779550271347,-192.1411094858411,-67.25373184296299,-1.8094229852731185
88,-550.6977717508498,-27.56426669177866,-191.5992724282244,-73.96265151383012,-5.220302769985158
89,-483.4678774209921,-28.76308254425437,-193.57269788510445,-75.01817724265292,-1.6511926471066172
90,-599.1555088129572,-18.930720867419616,-220.54445407075403,-73.95805861306397,-3.104640659841304
91,-602.2038956870215,-44.34365209543489,-208.44762127317136,-73.20385229508044,-2.7119003134002164
92,-325.14789205900183,-58.553819801868016,-196.87883555357988,-69.78035129634183,-2.006595814567642
93,-430.88806935283327,-51.816094880192075,-192.2965021997789,-73.9290366439034,-2.859214891634383
94,-388.29839050675986,-25.377405548882148,-198.13369157898595,-73.79148841615998,-1.9659760936401445
95,-432.48678259363726,-50.23746008813876,-207.25159528742094,-75.3744982265778,-2.8876769207361135
96,-443.79771787089254,-26.456829832821153,-204.0355581178487,-75.91800108237102,-2.39236313441592
97,-526.1512990731741,-50.74906650334891,-198.92832574935744,-77.18367127689767,-2.095853151130377
98,-359.3610200504669,-24.004958689429575,-197.97516282707036,-72.53858149681787,-2.7546913184050674
99,-549.3325675713997,-23.069928600893448,-195.66750358605086,-66.6889029191264,-1.0458801199134369
100,-516.1487186197068,-54.68524598654468,-198.6652551929664,-75.56184407072132,-2.0381905585458817
101,-430.86172147890767,-41.451838903884166,-175.38327923845662,-72.88513171981461,-3.1434865660536735
102,-407.13400584881117,-47.41127953404252,-200.64059763722446,-69.98527239357773,-2.9532633340437995
103,-555.407027780383,-35.58538477571564,-206.06808563068478,-71.70440108120187,-2.954637992017148
104,-516.427098526809,-26.448692569949976,-197.13649475636944,-73.47884039378482,-2.5709530120721698
105,-556.6188481592378,-52.02694615976618,-194.1262312143425,-75.75457896670655,-2.8745500799436
106,-436.1857988122618,-15.935795228034372,-197.8416318316038,-78.28522367737865,-1.6453828809410687
107,-413.30354828805935,-38.05169278009588,-176.7246729901198,-69.1894115830895,-2.5839153979421083
108,-464.73299150359486,-36.67704069671285,-206.75800093787564,-68.63065875357759,-2.395011729802397
109,-354.81525700057654,-41.788030087961694,-200.33834042976315,-70.81456390423082,-2.147150183178911
110,-391.15492455426715,-25.883307417433237,-197.21525164084522,-84.56140098879798,-2.6549133279309913
111,-460.31583431250215,-45.44902452620252,-199.5365004034016,-71.66998453570048,-1.3019153829224863
112,-512.2838780197425,-39.94958388844038,-192.50508825943152,-69.93907651790936,-2.1729715805397265
113,-454.7858459828101,-46.44242715134319,-196.6209674800701,-77.26606238505238,-3.1871497012122356
114,-364.97405404481697,-45.903375604533856,-210.04250323840932,-75.23225545349196,-2.1606240123907576
115,-286.60030435574083,-52.47186580474008,-202.31457793911284,-75.19734739521313,-3.925526494145492
116,-390.272236330236,-58.62602623779407,-203.49173655405815,-72.54254096991068,-2.4517909016841672
117,-490.21615020730485,-38.548459271226186,-187.18081612274247,-66.43464751849119,-1.8723470438369096
118,-553.6825544249469,-34.48037619409434,-191.45043419209426,-79.55563247003207,-3.6541045748836805
119,-445.66582609112777,-43.45023359076601,-203.585085319423,-74.9124196187549,-2.0816092524915017
120,-485.55721389573466,-29.308479101070862,-206.49697474804265,-68.76300242565378,-1.7317998784987199
121,-451.6288696719943,-46.00040284652417,-195.3841386852201,-73.1524216665435,-3.177317327245106
122,-503.9307600202158,-34.31702265624924,-203.1973363701387,-70.87273657803192,-3.094229173817829
123,-372.95631921704967,-15.971152245028728,-188.1503682426054,-74.85496029996783,-3.17647169206945
124,-439.3390172126209,-29.668127883195808,-203.62854780166927,-76.11035856660907,-4.5684096502176805
125,-559.1215629249078,-32.04729261643865,-200.71398185989565,-73.62611022315188,-1.7563431799766573
126,-546.3183802446655,-34.39685216453223,-195.8444056484714,-78.86848234735871,-2.0585823450928
127,-487.5460975811084,-42.06075757718863,-173.90682882499627,-69.92002800692606,-2.1109996972070153
128,-462.04517666214764,-30.76376328657302,-173.3276195426362,-63.98013457614667,-1.9304894493690747
129,-406.666635291849,-46.12518980050407,-190.6417826619741,-75.38100475789454,-2.7648070210432416
130,-599.7824071494457,-31.529230831654782,-184.98936226706334,-72.24037763431299,-1.676783650543113
131,-387.84780219113685,-22.434795518320474,-203.44378947319422,-68.55837228410965,-1.9681977075437347
132,-602.4576008775496,-44.249585706577285,-186.6840992906198,-72.82536659817916,-1.880529966454707
133,-444.0724012776105,-50.30391253857729,-194.83912111397274,-83.10646204104204,-3.1951262886716645
134,-438.8942897643555,-16.856528141505542,-204.25795439280847,-68.99401530369248,-2.1557341384453585
135,-499.340050592,-51.61227405590508,-183.00357201387033,-72.2393987727183,-1.5609146106442553
136,-433.03699848841444,-41.44031589072838,-206.31316321637553,-79.06764877148451,-3.5340674869524946
137,-681.1993291493585,-46.67319691314977,-184.8214607171476,-76.1686702795448,-2.2046941056728757
138,-486.27485873505736,-24.752845200349093,-201.72242037253505,-75.11746060832837,-2.3290013813284163
139,-497.5997662665832,-44.09204761293489,-186.94168197209495,-73.23594980158693,-1.9575582769717887
140,-434.7037328784972,-31.864488439144285,-194.133183863562,-70.34048924807122,-3.2585202876782495
141,-493.3735403787208,-34.71440030429487,-195.53442869929643,-74.63746350598777,-2.9732020645403554
142,-519.3516015026253,-35.08675215256452,-186.6174376780386,-75.42300761902115,-1.2540251121536683
143,-370.0650011336733,-47.77726456757968,-204.21472754162397,-81.1072897525722,-1.0230060663873588
144,-534.8995320305945,-47.46058580463884,-198.68079598165232,-70.11739807767351,-0.581234753104884
145,-474.12183099162496,-48.74695165590818,-203.75017236578486,-78.20945399755743,-2.2353746836105493
146,-582.9633305697821,-28.920129712104565,-184.50541908022777,-76.63670892244272,-1.2473300744286178
147,-502.45240064648476,-36.16340931608899,-219.60516196274142,-76.98717600030821,-0.6570932094128908
148,-555.7495313568061,-30.363619492203537,-187.8532414345658,-67.5157643518239,-1.1202758572011828
149,-508.0167337349944,-42.84261299985539,-195.30152416415348,-70.12821051372426,-2.7672833215895736
150,-504.9485754720846,-42.56779709267707,-167.74881298522797,-79.68480819784499,-3.576095644757646
151,-568.0562994891293,-28.080620208001335,-190.61391101178313,-76.85690912172957,-1.6848012790189781
152,-377.5660487435919,-22.024504378667018,-203.49639142453807,-76.59197481715546,-3.169426002384334
153,-398.72510251255005,-37.620251680441385,-196.78534637832684,-69.75805599353814,-1.842658690485324
154,-556.297303769861,-49.93645219956077,-197.03188910565063,-77.15599752357502,-1.8568712932925462
155,-527.5992698022108,-45.43867894079136,-195.56924028953915,-71.66408881522538,-3.598045170146123
156,-442.81490452199466,-28.973661896263405,-191.13873152115127,-72.1609064208444,-0.6979448025190333
157,-617.4513474746971,-41.05007180781204,-196.7182285865998,-75.9503504651953,-3.561999545875566
158,-509.14678455290993,-28.013770752431537,-204.57618540990876,-75.17629568394752,-2.2035234880869288
159,-570.82349207568,-27.587831460831413,-200.69935996376597,-64.0805852138511,-1.714038388156288
160,-699.0474686416065,-29.83374089533621,-191.20321140470614,-74.82926748404202,-1.9410670625418551
161,-611.9925829817695,-37.920275775975746,-191.5519663800952,-74.40066110221517,-0.35651550057048176
162,-494.2199433386244,-19.91391932379944,-207.4696447170837,-79.1319758707201,-1.1902024411598306
163,-593.8612417460173,-58.69391652303428,-192.89742107641814,-75.53490046535394,-3.053445343245006
164,-473.2553274338609,-28.386625420821133,-188.39900928574772,-79.14022875304114,-2.6811800707405897
165,-504.80424965480785,-28.251373448925317,-190.0987460190258,-88.5324838382475,-1.873795770841545
166,-556.182155879771,-46.88497738886047,-189.75756430669597,-75.25330898864122,-2.717766361783307
167,-541.0657198717109,-35.06177278448714,-193.24950662201775,-70.80043803162754,-1.684134634529397
168,-409.9382032831371,-38.121752202137635,-199.3316162458935,-69.95855149339498,-2.5460544123590894
169,-519.6247812530453,-47.57437992410542,-182.52474460839335,-77.5589400525938,-2.238270640358223
170,-454.84702625813577,-32.78347104019232,-193.27215035525106,-71.21624089036172,-2.4445680678656143
171,-428.9021398560093,-49.317468341638346,-202.40930513683503,-73.09370587261637,-2.930116562893701
172,-436.68279811952743,-37.75507019639787,-180.39054550439988,-69.72220660791828,-4.537458260253354
173,-561.2197893787911,-40.62257295982282,-207.77719917385036,-73.76637416895433,-2.5284940089440306
174,-377.70057557487064,-22.901418371910403,-196.54084688572857,-84.67247541044073,-1.2011169872785576
175,-315.04612495219925,-33.300104957461656,-208.48456219883127,-73.12523037600643,-0.8312573616974801
176,-449.63311025361014,-31.65302370729441,-180.75534920754873,-74.18753931653,-1.2982207458357755
177,-406.9297214675118,-27.151380684792485,-178.51996889020765,-76.49338466459236,-2.4765147365056284
178,-503.1701894968936,-37.97014926588355,-202.56873821805993,-70.92415717031588,-2.995246532208835
179,-431.08003088567403,-45.323722196592094,-191.5021098888452,-75.38038017037394,-1.9609352531144357
180,-482.9335583199379,-34.23117146825683,-201.62304397427232,-72.75251733455394,-2.738107553991865
181,-565.7927629557437,-37.5252888013282,-203.18665078016957,-78.2368140490216,-2.0900844958554847
182,-440.59120896290966,-34.45629009576952,-199.23025562914236,-71.41563921954172,-2.8456476005381166
183,-502.7082365884424,-44.818047694548945,-201.9615272606262,-76.26537302725322,-3.2604245062924146
184,-509.7843754127617,-25.152174562737596,-193.28507278000674,-81.4124809088856,-3.2139754418125754
185,-520.9952639920741,-38.1645598736637,-191.72011897662102,-70.93647405538437,-2.5222040091488345
186,-453.50593502570365,-55.8406318802646,-204.7144151710338,-72.9072447250535,-1.0826259715731792
187,-379.7874254624881,-41.59498475593506,-202.070572663731,-68.98757839316288,-2.1153055196879844
188,-429.1079310608402,-13.069863577639147,-184.53971153317235,-78.02796977461767,-3.914569693145422
189,-382.70863527292704,-32.18377298033675,-204.59925288799465,-70.88662031084216,-1.9304293584336472
190,-341.7142491164088,-37.96354822568866,-182.31573537275125,-77.1455689334299,-3.7093711439127177
191,-370.6241539763299,-36.523135042743895,-184.91335313299058,-74.80770741721967,-2.2018713291564245
192,-515.7554010572219,-23.34172782723023,-192.92352796663116,-73.60767376935202,-0.5271346879554222
193,-504.80374793666255,-30.31400474777018,-195.3379577388517,-75.05911619823667,-1.2137220100925372
194,-544.0775584201608,-51.123481455807195,-186.14161885182784,-70.51584706598182,-2.5310361626260787
195,-428.2689606503369,-33.21250362786342,-189.33991638009482,-77.23052560366524,-1.7592165972258111
196,-421.2795350249503,-40.938639368807436,-184.2463508238094,-73.4173179462186,-4.360800517083374
197,-430.4945979626979,-37.32878382851451,-184.99056508414134,-73.85086296209644,-2.305648961997624
198,-541.4900457198319,-36.88902657099102,-187.93036646171652,-78.07240454427571,-2.2267436649894474
199,-598.0441674396841,-32.992205004046895,-193.5798901940296,-70.39965849458677,-2.575111428490556
200,-619.1924127942789,-34.3438819343664,-190.00507662368992,-72.16627947803754,-2.6083670254867717
201,-439.35226762503316,-44.13925353666787,-201.6925865064837,-75.39340417217332,-2.6362281345756067
202,-544.2963747364444,-24.579423008052792,-190.07190873611205,-66.39633160067265,-1.438026970023004
203,-639.342937048698,-21.975219944396237,-197.00699255228088,-72.35227669316453,-3.0123918396103004
204,-583.1300538731961,-44.29819224751344,-194.46854055397208,-75.39104133716785,-2.589798744050054
205,-493.3758580825022,-26.368148349637508,-190.77765719087714,-72.15829127018914,-1.5075724125159502
206,-567.6108851339972,-52.60528889379235,-198.79068088953278,-76.3682537787863,-1.3124291822201775
207,-414.8121690176191,-47.133704434300874,-202.16612902232126,-72.57157183642921,-1.4740513978018706
208,-476.04562565399954,-40.07539377795054,-206.33861525211123,-72.21407349236931,-3.1529143460514133
209,-582.4594519681685,-42.73688638345944,-197.0720420113644,-70.72167110811736,-2.516275386206982
210,-530.1633386813461,-40.20307413229059,-179.26055583874123,-71.09080084456448,-2.335216358768907
211,-452.5443300816185,-43.15560370154139,-183.9368834045166,-73.76960283422875,-2.82018910764554
212,-446.7928524123761,-38.01633308416266,-189.79912203813424,-85.75996667727847,-3.3708779409876475
213,-442.77880110054025,-45.26926094819199,-180.4089376564155,-75.89817897633273,-3.994458288341845
214,-509.99401439886475,-43.70876992960689,-201.5756227534633,-73.71255544654721,-3.022186398020952
215,-533.6907109910244,-42.394679387921265,-201.87276491085154,-75.89112495709072,-1.2880945582946233
216,-381.27572206948355,-35.90005365813828,-191.53716604803475,-66.96397238821154,-3.186245604683823
217,-504.91296985450936,-50.16779965917698,-175.41226782575507,-76.26906227937194,-3.1256515095311386
218,-502.743613208784,-40.050091036047064,-189.23425854801133,-77.06981855056212,-1.9768431992091924
219,-543.9993035093827,-30.058562869988304,-185.93418469248877,-72.10521866722993,-2.275595092318453
220,-365.6709240704331,-34.048226890059176,-195.62699879973002,-78.3773651341109,-2.7394672135938145
221,-490.37704025731637,-47.78085284248532,-188.60516832682683,-75.47023139442473,-2.379900619726388
222,-375.87626023404357,-45.99457539310216,-176.8860593188515,-74.85119869614462,-3.869330300180566
223,-591.5773885071952,-37.98638600147437,-195.09367435704107,-74.0112512702858,-1.5993943016818188
224,-597.7412234666676,-45.14872185650576,-177.31309424102437,-63.230148323372454,-0.6613203851542897
225,-424.4863233252265,-29.4970580578625,-210.27898105027683,-79.04313273931763,-3.036925086266132
226,-443.4062757774053,-50.714116634386976,-214.65467692543146,-74.83815639348514,-1.8125891629117237
227,-594.4007227549979,-25.938759104696064,-204.29508883273448,-82.54597242862141,-0.7020654440219684
228,-525.5239197002851,-46.97419031654816,-178.95763144086203,-66.66861434120631,-2.8027541238381013
229,-582.4633112404046,-48.35286835658228,-192.54544051077684,-71.40056206864742,-1.1947132603921957
230,-439.59031091042357,-36.88863499020042,-195.96866771890436,-74.5025102662445,-2.263184242212196
231,-592.1807750313835,-33.77531770520419,-181.4765511073695,-70.12126459258114,-4.929592785506732
232,-550.5712357746285,-30.283418818488016,-195.97496027867084,-77.94822648692426,-0.4137046894769976
233,-426.7616638157176,-39.25448063192587,-197.72998413695112,-67.59165659098795,-3.117098248446482
234,-503.62119557073623,-41.11748102256076,-196.98310618888067,-81.32581662523728,-2.215899458747512
235,-345.0387802412352,-40.40043702015455,-194.11503563869923,-74.21839109613073,-3.085960389788675
236,-459.5551623178414,-27.323425451968642,-179.24030523581328,-67.3622247935196,-3.5584476102029887
237,-498.7104501637706,-30.20347719307357,-192.6553422743337,-75.06708598254464,-2.4296481700267787
238,-508.7484332224872,-35.95657873775184,-200.85000167432744,-77.88816289841937,-1.9395314135541195
239,-553.0512726622926,-39.191363679891396,-185.6811132114551,-79.43812932758854,-0.6711556161117502
240,-531.9607406984069,-42.44236934930532,-215.0249003362947,-71.91290290168763,-0.14065454457222512
241,-517.6801043504405,-32.46723785006972,-188.10344652671827,-78.03714264746631,-3.4106243924121364
242,-473.4825352697492,-8.220090637310793,-195.55518832989168,-70.49284198173287,-3.2885646991085986
243,-575.3840066904746,-35.416608042734914,-199.272166989293,-70.25838528967029,-0.5516240384642307
244,-319.4471608742979,-41.04058238734969,-191.70883746704897,-79.58153420796867,-1.9451247991114329
245,-505.23248674517333,-24.978740811667407,-186.75161156815105,-69.7630696985581,-4.086185172011464
246,-621.878338593474,-58.45282528303907,-192.0004531605949,-74.37181412022213,-3.9266653710847823
247,-625.051932450023,-31.154421306117655,-185.63436715625605,-72.97019450552197,-3.2762605651108783
248,-606.2146455134895,-46.774440430960894,-207.19163551676525,-73.4327047824436,-2.069602679529769
249,-366.68335301155366,-34.023699804232145,-200.53398795086903,-71.24372962278902,-1.9500794382128428
250,-530.6075653764161,-29.712906435805237,-199.93848312184016,-64.34395358569745,-2.5781403093156396
251,-484.69168768543256,-39.65601550262937,-210.71811567520956,-70.73592827834872,-3.8953792237794347
252,-380.8516694706996,-42.705283592470714,-191.84458875112617,-75.72882892032703,-2.007209267052765
253,-555.2800700680036,-44.80047058630731,-201.68282884644282,-72.75839393085862,-0.7610880965472376
254,-526.4891531266567,-45.80403488351443,-180.61605353214645,-72.60226259350462,-2.7800184937930457
255,-539.3480049816175,-18.8120925898263,-181.02972606869554,-74.27949407986608,-3.2027015633667038
256,-505.16604944382874,-35.828652179818555,-192.121350927327,-73.21336120684343,-2.1790313217603354
257,-468.76754879778395,-42.94808951218665,-203.8547093333009,-72.99489755519417,-0.44484722056677023
258,-440.83125276251656,-37.768384258382405,-201.4661985339615,-76.2253749445549,-1.1164889404141296
259,-602.8083569682569,-33.13707889461896,-194.61965590990363,-68.95994059995874,-3.544556886745512
260,-461.32738809941486,-23.84365069836368,-184.2820825727354,-77.2469216811998,-1.5248673377402815
261,-617.5598822667821,-30.91873573983693,-191.03324925807087,-72.5594804869335,-1.5289959268738986
262,-463.35955075361016,-33.51672336756982,-171.16979999801555,-75.6787238008211,-3.022169650883007
263,-376.241453419222,-44.13122071791666,-188.42549594409084,-68.8996301265581,-1.7692195815521181
264,-533.2950908109988,-53.56163185207793,-204.2452505307683,-74.29040802597899,-3.387515053110412
265,-612.6954039276475,-36.87526811962211,-194.23007976507742,-71.74019030598389,-2.3085769892383783
266,-487.15221944213374,-54.430128818374754,-195.14117302715,-74.10910865424766,-4.418545171805447
267,-399.6946623010293,-47.79115023352074,-198.92340553092671,-73.8072628891266,-1.7446772827207753
268,-510.83532995664865,-25.787929740561225,-210.59006316495888,-68.16880017904893,-1.275994914339561
269,-568.7575592981951,-55.00913957536143,-185.07758812904225,-70.07309938965217,-0.9242329828315807
270,-585.6946219132524,-34.743957236934875,-205.7159789514083,-75.57639228724864,-2.548489114041861
271,-491.2520794625515,-37.031619646323186,-200.34991814800406,-75.58769551722101,-3.53819180489753
272,-366.3464257855974,-45.44398733397632,-207.36545251533215,-69.62959771770251,-1.946397436567426
273,-448.8873038046822,-14.84638976445336,-209.92308117090565,-68.20628902002954,-4.122490879516519
274,-476.8580606282304,-40.84118972626842,-182.64888467456234,-74.00172434595349,-4.185117230576873
275,-503.6066760460722,-36.739074214078215,-187.50102592420845,-72.2990493044663,-3.1988527838135377
276,-400.80645266971624,-38.142840751691566,-184.07788416038005,-76.65047446564287,-3.664508340091252
277,-494.0136657226613,-28.88803130633764,-178.94640513166124,-71.49266441753903,-3.757398938493758
278,-542.3414471877139,-45.58904699406319,-208.7746928821555,-70.0272216478285,-2.816291500335926
279,-542.9219547934148,-27.764938720283556,-186.9851810761682,-78.10468010367019,-4.263052035919033
280,-519.4354378344335,-36.50054509829176,-187.07261129501921,-72.4887580420022,-4.181863348662154
281,-519.4975414820588,-27.113067669574388,-206.3630918459449,-64.3166205658716,-3.8195453528416743
282,-538.5077886484792,-30.460475316972868,-177.23332909791228,-78.37716564078463,-3.4243840688711065
283,-457.4907051385862,-24.732373580677688,-218.77403462354704,-66.98548070081937,-1.370713271932718
284,-456.6788478247448,-37.80368522389012,-194.42773908235168,-73.02102339437891,-2.419566949140947
285,-493.97589238931323,-43.7632404499459,-194.01741945174246,-73.86865293704275,-2.4952977380659163
286,-329.854319529378,-28.37457077911196,-190.4452002804762,-76.31331698608842,-4.188255027054485
287,-472.68350845970923,-36.59024575382367,-205.76323387344004,-78.63735545649381,-0.8462408895772771
288,-529.131654217295,-32.490608223014306,-188.70027487587967,-76.27689420635078,-2.9832027125358365
289,-482.80610303829286,-43.28391075670038,-187.85477748783913,-72.21261651836524,-1.4120274817452672
290,-485.55952761466386,-47.909228222533706,-203.9593877672043,-77.93644483662099,-2.0513373852992833
291,-526.2284143024016,-39.00420247263694,-202.48230595064368,-76.40897359017323,-3.440484366036724
292,-512.4017463547538,-40.11868113595091,-191.17841789281667,-83.55026170345182,-2.984797387158882
293,-462.7718239441339,-22.14930821982501,-198.39608210909643,-74.55665032773611,-3.457780498365746
294,-582.2192540748198,-40.55163950270936,-173.66336342773084,-72.84388060295552,-3.017351007676698
295,-559.1141172775338,-30.55832846776891,-193.1905617613678,-82.3107819715251,-0.951231433747902
296,-630.8860084270854,-41.58873722445516,-205.98014585357257,-72.3739158049845,-2.7484214124764335
297,-452.61474820933864,-44.54332211786679,-202.11037053647624,-66.72477871105109,-2.2282778840823907
298,-469.83286241914413,-25.019441508649642,-186.88325801651018,-71.4334971971038,-1.3606134284123284
299,-369.1280927654381,-22.814068290363185,-190.5266604547159,-79.09430624697819,-3.0570422856528667
300,-505.94705578602634,-39.19446458185594,-184.76672911547047,-70.56540887576493,-4.846541979467965
301,-395.48459645569227,-39.76226811531332,-185.94478317237198,-72.00887851462285,-2.2539144953129098
302,-443.6631772403528,-43.48230576234601,-183.45041016087836,-77.06577010353097,-3.5983170668676308
303,-376.86429382799565,-50.36633152868911,-204.89529854994157,-76.90821217388762,-2.9467425070939086
304,-388.1829637981506,-54.782113654568235,-212.1209229217118,-63.65960254844666,-1.2475203040158716
305,-620.4198933339557,-53.29954252987538,-199.99314761607306,-74.9510170347508,-2.738604920843334
306,-566.4297804905981,-31.464484853279377,-185.98925377196073,-77.12947153688329,-1.428855653021546
307,-375.21753204736007,-36.01434972719621,-191.75456154123077,-71.86452566299486,-3.726320978134388
308,-373.0027796408481,-36.77069111631859,-193.06178478719963,-68.47884786837739,-1.3812738136720022
309,-486.2541934548322,-44.70156208757245,-197.1159624031791,-75.2274420347654,-2.5175008073029206
310,-392.1963372130974,-52.369450157274684,-189.0891745136231,-79.01846581080132,-3.0515197889330996
311,-465.65525100602076,-37.04869971702325,-188.17702991322196,-77.09167225753453,-2.3831171677862604
312,-468.1990347501049,-44.93239835671297,-188.1513274835165,-79.61860740269417,-1.7114995145406269
313,-502.2514971745202,-39.18896774443349,-217.28952956540795,-71.79044946209726,-2.9039484698611164
314,-469.9399010745288,-28.038817291391105,-200.42461668094884,-75.6315370200977,-2.821044796166125
315,-507.52902437886183,-46.79728285369007,-196.58921001178695,-78.20643404657226,-2.844004457566882
316,-521.4713986247266,-29.313900834478176,-201.07832842219452,-69.67958057561621,-1.4749244243428568
317,-574.0711780688583,-49.18378859901839,-199.45292341184853,-70.72441544046018,-1.8380892089130565
318,-444.9873235032083,-32.89965600354443,-186.08453863317987,-74.54326498630058,-2.956688167342315
319,-501.7490552600287,-28.632878714832593,-202.54478841535345,-73.3199541202783,-2.644279404799156
320,-458.57490805226536,-39.74278766465242,-180.10354383359336,-80.73860172162448,-2.0972664237007193
321,-531.1283256428246,-43.74379779785526,-176.54107055104515,-80.70154209842697,-2.454504759179309
322,-475.23003707859175,-25.308052546844735,-201.65870644754693,-83.8615143236624,-0.522550683899202
323,-472.09691727842244,-39.067122914951284,-204.0528807369706,-66.26618604009975,-2.4391971407815296
324,-553.6937949792226,-38.124448390958044,-195.20560299519425,-67.67541132139377,-3.2771229540359963
325,-500.2616491552045,-47.927105243677126,-190.24146116963888,-66.87320437316859,-2.497152294363291
326,-426.40143389909855,-29.175951728871972,-187.26259879071247,-72.5550932481175,-1.5432505273299961
327,-604.114714697732,-58.487867173602964,-198.56639573952512,-65.14128785313824,-0.47101977767793596
328,-453.5481457231599,-52.84728902376574,-191.69245109001594,-76.22065442510359,-2.566235446726308
329,-622.9573419553433,-42.04097972884871,-200.20929074433977,-80.7795240124506,-2.180058039831285
330,-447.36418742374633,-45.980675864505486,-179.97278725241637,-71.02911472405675,-1.8686248032427508
331,-447.996876471872,-44.76839156591518,-208.1628920709704,-79.54641891979752,-1.943424776152964
332,-643.1760218065214,-22.316780221798584,-210.889540936425,-70.41532129459198,-1.9926425710333624
333,-273.51979313626975,-39.01236125940736,-194.7671264306733,-82.21800289727811,-2.8136936582313354
334,-542.7597660785552,-26.82478408515423,-206.3192313965392,-67.45951695911181,-1.9201920108834964
335,-525.3513441436845,-52.58224597240534,-199.67395831718707,-60.71243776088396,-1.7956929051489985
336,-439.97213632780245,-61.47717934813559,-187.28308817192763,-70.28421849467291,-1.7373264174010878
337,-549.3852152631846,-38.88821249586134,-196.19692108497844,-75.4485040801409,-2.715727904858579
338,-499.27968000436573,-39.50011002716349,-192.80490526408457,-68.54298842388094,-1.3027902225077206
339,-550.8300541689883,-45.01710648125299,-189.35470675277924,-75.44177288437906,-2.303357548575803
340,-551.3200643332531,-26.23874322758556,-187.33762204646501,-73.83003660965542,-3.2137358458664673
341,-451.29360197326974,-35.1908877344447,-199.92134696480855,-77.47015557488857,-2.166850923887389
342,-400.87652854051214,-38.29623379352537,-190.59936526741527,-77.02218076915001,-3.552558231204703
343,-547.0109564229698,-39.98078804262077,-188.01186651254534,-65.46212201966162,-1.4970367695252598
344,-479.74735963517304,-25.525496794393536,-226.57859168635866,-73.67623770907542,-2.933380653722329
345,-396.1721521118696,-34.76140334020303,-198.5464282649563,-80.69083048963124,-2.7236631654778716
346,-360.06736233083313,-18.095867990103837,-189.81309431896642,-75.25474441962695,-1.5147480233932609
347,-628.5063419992686,-45.45449754020521,-182.110701895424,-72.66053460111365,-2.4870331473914833
348,-475.85729886109533,-28.215175239368047,-188.0967975199559,-73.63971325290879,-2.4751195173640053
349,-537.5750392185357,-26.85386268913495,-188.72703687347982,-83.31284071638616,-1.6397912245044532
350,-591.5835532922972,-55.157314420143784,-195.30157556161734,-83.57758309696025,-2.973282955301046
351,-456.86516185262496,-35.83407284883653,-196.60995330416577,-69.38174330384051,-2.4935800739528395
352,-358.67740900807263,-49.34054388274567,-201.88645723736536,-72.4732764830994,-2.4507854475853867
353,-482.7121874344163,-28.847564263140338,-178.61955492365942,-73.29324843641527,-3.0502003358945338
354,-499.3023375913238,-34.09524656755302,-189.70675668858547,-70.51161375280272,-1.7944328017008253
355,-508.49922286127014,-52.10861574863163,-185.84981619200707,-64.99840854107386,-1.9083912676483132
356,-562.6860396331292,-25.714933908524248,-185.93840404928085,-79.27646614810277,-2.4585637340104785
357,-560.9177555498884,-44.82817566596561,-211.07236668038843,-87.97793746180093,-2.4298234763538007
358,-517.7697879363174,-31.27057851774548,-185.4241914250639,-72.07614748782538,-1.735218884587533
359,-449.23751227589025,-19.004578519210337,-184.46708198972425,-74.16330362309473,-3.7093627977739763
360,-548.7462223373029,-31.359882787711406,-196.44337080959374,-69.9869374654541,-3.028910581564756
361,-410.70203767703543,-29.348777056700946,-190.78677225038865,-70.41122107596198,-4.089551812981032
362,-459.9017578749197,-31.703174999016063,-203.77034567571363,-80.6084804265802,-3.3681277540728805
363,-535.2387479383971,-18.93760991681456,-202.65939943052268,-71.45018799174773,-2.2856558420115034
364,-502.4912725445408,-49.476956944377264,-197.71962084091055,-70.95776940538786,-2.382982066977909
365,-434.98149576881667,-40.45398978382902,-175.68853711839697,-68.10665573125611,-0.40821919866189854
366,-564.2348116347387,-42.78401924153318,-181.66066576091325,-81.88676898690159,-3.3607997590550203
367,-414.64352973457795,-30.21910945906651,-209.2819289270802,-68.9679270966366,-2.6101417723782845
368,-597.2321003245047,-42.208754343306516,-186.39757899957107,-72.90899785838948,-2.9419533132711884
369,-481.5124502170916,-37.32604220805872,-193.18288953776323,-76.04772114382392,-2.9674198474553526
370,-466.16325307256517,-41.12217480188958,-191.9387913785464,-74.45472980438223,-1.596142170064968
371,-587.6117028638064,-24.577021866896843,-191.21147996443185,-80.36470348129217,-2.237835517035442
372,-542.4610842523244,-34.731151823376656,-194.66212505987676,-81.51390604942524,-2.5043558791819494
373,-511.5557393432607,-32.069374663828974,-196.10347619004642,-78.35359488425593,-3.4082538697737084
374,-487.3313850044888,-41.988045113526965,-190.5642239279376,-72.45456409522895,-1.3382514065232491
375,-496.4478176976878,-29.99407180494332,-181.66796332580017,-79.8308466656402,-5.057927944524462
376,-535.7194895598649,-41.35042420002963,-196.69365698624387,-76.24934971993089,-1.7472461905923293
377,-497.8207623795075,-46.6540264218917,-209.45339494595967,-72.88585254895098,-2.805604003427788
378,-435.33010413689067,-46.776717454010374,-180.51995732519873,-76.6647285757249,-4.273951138744266
379,-456.90023854579,-59.14373152583576,-196.5691667873735,-76.21851942173184,-3.7139729588208983
380,-423.9938325331965,-43.86384783950795,-212.21990847414446,-81.34402443157448,-3.164535746493418
381,-519.1310562293345,-34.65572688355172,-198.86914339838242,-73.26172175469931,-2.436283119668073
382,-461.5351202611044,-33.852874089517826,-198.52208790708326,-74.28447744616221,-2.333286342456839
383,-477.66675067237554,-33.09031172391552,-192.1637680987575,-80.6975618530526,-1.7140573643763257
384,-437.39333786406263,-46.35952481365008,-189.9010236104208,-74.53262935418859,-1.1488597309307
385,-439.67838623608714,-61.68834941234791,-210.05507604459083,-69.92945778113459,-2.2232847603793005
386,-577.6474097451372,-34.88452397892647,-206.40591409096132,-85.16121737848223,-1.9454631087503027
387,-519.4925391388127,-42.32508201247296,-194.11687656796408,-73.04790914077384,-3.7268035118971334
388,-518.9780599774462,-31.60692922800759,-208.5341067692732,-76.22211434770229,-2.4669426507335195
389,-528.8111719588194,-23.266916692966966,-201.47181978083657,-71.58693879134965,-3.2847153372297404
390,-525.6811609846408,-29.471820517619406,-193.70549594810038,-78.09859573640597,-2.2743369867886036
391,-443.6891392789356,-33.51951460087312,-177.66159359502993,-69.66372089324533,-1.7246280649559274
392,-511.0782277857778,-34.70720941982386,-210.73762416440815,-73.85279373536076,-2.5741882057201044
393,-530.9058015548492,-36.35955736023394,-173.91238600561135,-71.48573770013306,-3.0708752951140115
394,-361.32868594094526,-50.36611416025855,-196.6391691557927,-74.17530091837446,-2.4073942491428855
395,-339.09684835610483,-37.790971500198665,-180.10689652105293,-75.92186449896751,-2.4148230924304492
396,-512.2071679802402,-29.753623682938176,-180.1397764293007,-77.02031036177883,-1.8368937888680983
397,-584.6461469209291,-43.617028052596325,-214.0083307001374,-75.86963346488504,-2.601334173775682
398,-464.0785380086005,-51.12344999676987,-193.45239417927874,-76.85754123753087,-2.992590704843818
399,-573.6896084200012,-37.45375852851634,-185.23428949183486,-77.09658373091658,0.06784968144565019
400,-590.7797269556613,-43.30741138965519,-188.20831021930576,-74.52667301746561,-1.9272551211203486
401,-542.1089651406307,-24.994934638025597,-209.09262178397722,-76.70256920562773,-1.246391188122099
402,-588.1599180998437,-44.678571520962834,-186.32985551160272,-78.79163622936241,-3.1623729497308894
403,-528.4854648414707,-28.437390594485944,-196.16633940954736,-67.3620207526134,-2.6627500395058155
404,-505.0013083432231,-29.01427064444502,-196.5481352889754,-76.2837645662413,-1.2780669768360111
405,-559.4533425952919,-33.86711675684915,-181.5442860037136,-70.62033986172146,-2.8636735383285856
406,-466.8023922369119,-30.132244167445794,-196.23157620662815,-78.64046175028636,-2.884423476826176
407,-544.131040441151,-23.621535806136812,-192.84474540801375,-76.62685239993799,-1.561219230854873
408,-459.77070709247954,-36.38962131358654,-184.80729064102457,-67.95139103071023,-3.5714809085825068
409,-437.4990962176056,-44.688694671821594,-205.5177537604997,-78.8153470666108,-3.548446445721446
410,-272.9472240476954,-34.48743164258372,-185.63285624099404,-73.56696724487186,-3.3091214221657586
411,-426.47480651173447,-29.75646412908637,-189.59241872556882,-77.66244991465246,-1.136660789422939
412,-414.840378670664,-48.741375337427215,-197.89784974155165,-69.77926596761631,-2.7598341688495927
413,-647.2947307287852,-39.648376822411045,-192.26074953654404,-70.84220264595277,-2.277708200424348
414,-606.6159939748529,-31.729802455000925,-201.98441004417757,-72.2306510664445,-2.665278034102071
415,-534.8438742427104,-37.96676348474598,-195.9468742037575,-72.99639996253106,-1.6176244074015746
416,-507.74124294240124,-32.277576754527246,-192.46351167827507,-79.16485076636172,-3.08496268708115
417,-576.5027686002512,-21.894831900576236,-183.80475081130783,-71.97038148233129,-3.3830266390257244
418,-582.1175870033403,-61.00499247461087,-183.39722813649044,-76.73425870504545,-2.497821888582353
419,-510.36848536852716,-35.62208036060775,-187.28002450901442,-75.95785120634804,-2.269827497153609
420,-571.5369737910113,-38.355195385838854,-181.7570218284179,-76.54421747437964,-1.3037503525844283
421,-639.2032483623924,-41.53433732498739,-208.5641131296632,-72.54353669901937,-2.333285178721222
422,-594.7138062362585,-33.978485851456654,-204.78442490492384,-70.52636496241766,-2.6733628722037577
423,-573.8448031618375,-26.097918622026235,-191.61045161798862,-77.84265261110083,-2.659372705409338
424,-392.57697905911994,-55.075601999435115,-211.9730681925753,-65.86301729710206,-2.1032643334958543
425,-462.6432905224879,-32.29544262220532,-196.2813137608099,-79.51460098228652,-3.5255512835964433
426,-607.2796983317207,-45.35046774707034,-209.22886915322587,-69.78879487879209,-0.6098649618633162
427,-501.74719350160166,-38.77170474574869,-185.4248939692892,-72.6945245231098,-2.7544260215829137
428,-411.68182858911916,-36.08039909275162,-191.73034569166012,-79.11965236695559,-3.283262622094673
429,-384.8941871324297,-32.87698183093653,-200.78036630551108,-69.23182328391356,-1.00242622491552
430,-339.9590526143175,-40.63302356836601,-196.81672246915798,-75.23592943916218,-1.6253628969785388
431,-464.54160644605463,-43.71939580595025,-208.8589602774676,-68.12471232021846,-3.60260964441515
432,-693.1417419671999,-31.928347228053052,-191.28984864504255,-69.50827518335811,-2.2729820046797475
433,-426.09780347682613,-28.38275540907921,-198.23291720232174,-81.52913244881066,-3.6031035656664
434,-561.6571118907067,-36.5059684647799,-197.8247465176464,-80.45282504173353,-2.2074269222344083
435,-407.1484690169154,-41.08889146139784,-189.884282642002,-66.91532116022387,-1.262590969030337
436,-630.8717423903232,-23.303448884068533,-192.74505805833712,-74.07199820118352,-2.013075392754559
437,-418.2685018042428,-39.64275077523276,-184.5486521627611,-79.35674319765216,-3.4930108738648125
438,-407.6068952197895,-21.42313915767497,-200.51291287401267,-65.18724883317142,-0.40834150273500996
439,-453.4712592138183,-33.33978124508894,-195.33265651927377,-69.12425928081424,-3.693891257780121
440,-432.80013721598255,-57.99515593912031,-191.65907854224383,-72.41772768852857,-2.7282805304975932
441,-536.8614302586637,-30.18178779619196,-180.0507665135007,-74.61214631193982,-2.9271631166534453
442,-499.32983591209495,-34.91452970112256,-201.82059117002746,-70.90710069747296,-1.9539575365328932
443,-438.8320257450529,-56.8478809715982,-189.26076840653946,-72.5520459582281,-2.0890740502093506
444,-557.1133901445122,-47.50818259169675,-193.92747093392737,-70.89530564146692,-1.2194921004857924
445,-456.47078706266365,-24.951035775202175,-199.05385862289378,-75.80298861582962,-2.2223183715085475
446,-601.5918815955953,-43.60538857148101,-195.82294543007768,-75.55257388863815,-2.719809827503348
447,-536.0936857050259,-34.685592196273575,-185.25958807791613,-73.8970599517318,-3.7109618647500824
448,-579.0637822382997,-22.73441874670005,-178.39974766294017,-80.74764565920484,-1.971864366663913
449,-496.7235862202327,-45.96715465167547,-180.25563020291156,-81.58812100614244,-1.2357026825711355
450,-552.8698782554931,-32.81070958442814,-203.36434770627525,-75.79023434346033,-2.414873029191944
451,-520.233923250134,-40.21811166027981,-188.73778190679593,-73.07815347640768,-3.3988321451228223
452,-455.8590978822102,-21.760921774789008,-201.01124132437437,-73.64893555309227,-2.7175703631870394
453,-523.2829297654023,-39.635701742048525,-197.0600382457558,-75.14156169151163,-3.1689032573295237
454,-378.75911818263745,-32.97205299978369,-204.61706621281763,-77.50640514169368,-2.609147540105825
455,-482.1198730563634,-32.75882561128552,-187.67157300495336,-72.30520507750035,-1.0628227469190927
456,-579.5551145394123,-26.287554021928383,-192.63182346369877,-75.21833013586915,-3.6076651694910296
457,-423.0835922112877,-15.199551406070922,-197.54252177383486,-79.544576320188,-1.7666427447579984
458,-572.2042206882185,-20.429239700734282,-183.74572492837277,-80.17536319131429,-2.618546395967268
459,-442.4303894351525,-46.55291820547452,-204.8987596368076,-78.71435271588278,-2.8625749042466446
460,-496.8251560308689,-32.38696399307972,-202.69335922005718,-72.46955369828213,-3.1160886473991587
461,-438.86923713421965,-41.97088763438465,-204.76532799601335,-69.5750813726448,-2.100591182375937
462,-525.1557606134105,-35.18984880819875,-190.41507219435127,-72.69865579584834,-1.4810864959939951
463,-542.9580398153169,-36.785133821131005,-189.81041351710127,-70.66649784190344,-2.959261593601995
464,-414.4071974809405,-35.64554852663956,-196.69026571588574,-74.15638832036505,-2.536678798084277
465,-455.5619831255559,-41.808050536201605,-187.1860237445204,-73.63499749426848,-2.7205501401541583
466,-507.797632291928,-22.87927553216907,-201.76299793357904,-70.95297589640994,-3.1066559022086953
467,-544.9484944705865,-24.88924996945587,-186.2781271440169,-74.48932870603605,-4.228807017635021
468,-614.2113571192717,-40.10850385927019,-214.5578982502373,-74.83644102283728,-2.9734623032274223
469,-347.4542571165529,-43.20712930639462,-205.67645690691361,-69.57641856551125,-1.0474693412704534
470,-492.0207400515033,-31.599568855548583,-185.55752708832105,-71.99455034261086,-2.8752929455745124
471,-490.36126110852564,-53.87806491337852,-178.2856436274403,-77.17826588706838,-1.343882062741508
472,-530.8699353740463,-30.06155267444588,-181.07681628528806,-73.45787936165357,-3.3726898035931927
473,-472.95967717112404,-29.753155426080866,-184.48939304894293,-79.06236198344051,-0.8161791328789852
474,-536.2874958186422,-19.70782987173424,-208.3795595962032,-68.22162052976516,-1.9557945041955949
475,-389.8498374169606,-39.566891996109796,-194.6806729560649,-71.15878012857698,-1.7558473702734165
476,-600.1378738788401,-29.6442509596434,-210.10623847440098,-69.52439182942531,-1.6695220095461913
477,-547.920820655395,-44.758310173359085,-206.8118350824644,-72.21875345035245,-2.0512179803461077
478,-619.3702960466632,-26.169913605805768,-191.04313117927998,-74.85720794395193,-1.326942951454383
479,-459.91303849745975,-63.45097864087341,-180.94400518687723,-74.22175476902657,-1.270584147587875
480,-540.6684821563553,-25.86474249370287,-202.14102839581625,-76.00211225403889,-3.8692517215604436
481,-572.5721239297085,-47.42008778499586,-212.28329911215877,-81.4791861504522,-2.3768508515087743
482,-442.4360763972,-32.217419340478045,-191.46085243373741,-75.62339574636579,-2.2051914807636908
483,-450.0481882926308,-31.57325852074926,-197.17724598711584,-81.83673429491196,-2.2472306131186155
484,-440.86476702109036,-33.36378217069946,-192.71652860072203,-73.56504184627758,-1.7003294132393048
485,-489.71663554003675,-36.48540568101831,-190.37060716224804,-77.44335509211851,-0.7543444419646289
486,-462.58715775734635,-42.4651790389419,-182.958792935922,-73.29395476858036,-2.4700296403953903
487,-464.5839938905814,-17.403301567919236,-197.70312691469744,-74.42064001229832,-2.849270676940421
488,-550.8754056785883,-66.27610022053135,-192.2299975047691,-75.42282208081434,-1.6218064525283453
489,-458.9018751642872,-38.321127635155875,-214.08818663195345,-75.87984358229396,-1.9325770691602275
490,-496.6028593411365,-47.951814637198744,-173.3285883527371,-74.0052942568435,-2.442616362733282
491,-390.2428243606245,-36.451643071695734,-197.1531376869297,-73.8630059203767,-3.5504591930031144
492,-412.45631543923207,-41.31929323208748,-190.09400264326217,-73.9046538901118,-3.139181597843599
493,-449.18633335646183,-41.36106048995775,-181.17279144210923,-79.96788092062964,-1.9982177067881546
494,-567.5826078586188,-26.0937775342354,-186.17848701676678,-74.07251197828104,-0.07607047992379835
495,-535.2851865609219,-47.03899075445726,-209.51053709415459,-64.82684962903498,-3.6073162703460286
496,-478.3466795121389,-48.677587493949375,-214.05524728892576,-68.12334443371095,-3.1441807706266984
497,-494.3556849055928,-38.65709416296906,-203.51511713352312,-76.58150178532269,-2.6997119809642602
498,-736.4459926565478,-31.965561265546377,-192.18374371904957,-70.36803447072374,-2.821749962475792
499,-479.0160826731495,-47.542864586578155,-190.1412896015301,-79.48639560632124,-3.1742024931361636
500,-547.806492262113,-43.56966348234186,-185.3425831902545,-68.61341129041818,-2.81094613295865
501,-475.2020169384383,-37.78593877959121,-187.85328804405052,-79.25397875122016,-2.2181609771753465
502,-487.7085590848897,-30.902557801832014,-196.4868561368691,-72.29746064513579,-2.1960621019876654
503,-488.61793287501087,-43.15017269639077,-202.07205620421547,-82.8428669388214,-3.2350372855347898
504,-491.56861967318224,-35.51021224074669,-190.88783393144638,-74.28245776941577,-2.923340916641537
505,-462.183840183687,-20.538345273637027,-197.330563073625,-64.45537027974842,-2.430942880104068
506,-530.3457549810215,-34.65835285442098,-196.37766988549177,-83.8115103874132,-3.927320878878993
507,-408.35328073801884,-24.92154170356691,-192.52525471813422,-70.87977288778865,-2.39508006966449
508,-562.0750962240135,-25.831674898298886,-198.5889941947415,-68.04207406642807,-4.1807378642269555
509,-614.3392540961729,-48.30154583357764,-201.89970866885716,-68.56716634930237,-1.6681002177168405
510,-546.1664229231915,-41.3114693590505,-192.16516673756772,-75.29112134548913,-2.2757491273304127
511,-534.4205650931074,-28.122096246520552,-206.8662386422493,-69.81750229102073,-3.1250090287280585
512,-477.549441268796,-50.18138705976922,-177.3879422684064,-83.56774425731682,-2.2458287340089185
513,-405.0127360267464,-50.496017257865,-193.3445150004668,-70.43504853993971,-1.7410770144494212
514,-546.0647843872196,-35.06046143221356,-174.49765160803724,-71.69008837681827,-2.4667442732568365
515,-395.9056650265997,-33.732694965939835,-204.68724761577693,-74.19060792501998,-2.8974770520654585
516,-548.098367356568,-37.88289182752547,-172.09486666625708,-77.73018981723793,-1.7044988916043633
517,-304.46604411319436,-28.673678410207213,-191.27347307207395,-78.31805627241894,-3.0999745950073234
518,-404.51203002147577,-39.951929425318966,-191.84050641490282,-74.93492763351747,-3.119004291660967
519,-445.688745465721,-32.146678013739496,-203.33477832277057,-76.08023033494375,-2.659328302082275
520,-476.7954708915983,-27.787881603437537,-201.4974895821346,-74.57318152796603,-0.7368622072590615
521,-477.36228207670905,-42.23465910110817,-196.30471822846025,-79.18792726655849,-1.7978491899783886
522,-483.83048967177746,-29.72254193234913,-205.73737623217872,-63.33508691917937,-3.049730583249316
523,-506.92944759650953,-42.70841076012595,-201.3066175925708,-77.76893669737207,-1.2449471566677313
524,-546.8185746644403,-43.83913435721061,-188.65465117889164,-78.02138955842204,-1.2481527630699718
525,-505.7765784824394,-37.00509991190142,-202.53533754403264,-66.92616211601349,-2.0303010018193395
526,-442.11789552059344,-33.94149764536485,-201.61210082622796,-76.09325623341158,-2.3268020779649294
527,-514.6072147466527,-28.977752618695945,-195.92266016573473,-73.79319961892219,-1.7799005231749705
528,-458.77534863562425,-16.51086767224812,-203.639155882132,-78.75482118713602,-2.5191507363154475
529,-390.1470036110582,-38.62575046621102,-197.1524232319437,-74.57029778667267,-2.7198811131253726
530,-513.9259633995526,-39.42213715988796,-183.5465669887994,-76.27036250226192,-3.422900394893168
531,-521.295847691781,-31.13127774220854,-196.93521855299784,-72.09866186469388,-2.5762630557902977
532,-433.040639695503,-32.47728767517842,-211.6844056733254,-75.93407005585136,-1.332731043015459
533,-498.20983562402927,-30.295298018902994,-200.23587199228237,-71.1722206679668,-4.1989178119032164
534,-614.9867326239258,-30.104944026471163,-195.2646124189249,-76.4085206051611,-2.746836290662883
535,-470.91758509694773,-33.6007592886322,-204.98759617803475,-71.70965272227473,-2.025539981236371
536,-495.83078934161273,-44.24342237758319,-203.27883433107547,-78.03458343879987,-1.9742272244496013
537,-458.9250096369722,-45.383664009216524,-192.78285249280415,-73.48761987343474,-2.5839688774648155
538,-475.5750626516846,-51.7789926234752,-197.26294232887565,-83.5811309914124,-3.441593237701467
539,-471.306856962801,-43.4096383366798,-208.47080103911992,-74.24290102926624,-3.018244147565684
540,-362.78848062921145,-31.972636599926563,-191.29804766803758,-78.38080573152921,-0.6617226544865847
541,-510.8099752592245,-42.5011191405298,-195.51057326681715,-74.63190759670584,-1.0572178570946578
542,-562.7276684018694,-34.752756956329726,-208.9773783623319,-64.71507232399405,-1.4062470059576366
543,-455.5733336219943,-24.270203405921034,-200.0629417497485,-68.68320715990552,-0.6854253063218005
544,-572.0834501011703,-35.16775462936543,-192.46443408292458,-70.30416883368474,-2.4774809588622113
545,-420.09272626452525,-40.26981520826209,-213.15588770617606,-74.22402429694414,-2.224304967637895
546,-569.242492854735,-30.209978792304753,-199.098689707702,-70.15615198869516,-3.0443184770580696
547,-571.8002135569584,-42.60906029240926,-192.49825313328367,-72.93507481831641,-3.2389494730521675
548,-437.6329621293936,-39.089890406139155,-196.18259173858394,-63.011214873703466,-3.4334779755607365
549,-417.9628369509749,-37.0667813772455,-194.87048583254838,-80.20357629898412,-4.04267130964138
550,-373.353727804137,-44.066800080274334,-196.65603957506366,-71.22318897019375,-3.648596098456752
551,-485.6868112185526,-39.49349660845429,-198.55210224331947,-74.4472237449199,-3.3645151476291555
552,-523.2649526978257,-16.840756962706553,-193.59804168906774,-73.84210768390027,-1.925803160260832
553,-409.31191221297235,-48.15674748554376,-194.54681196945208,-73.56155843761127,-1.5020885909714947
554,-448.7117965110157,-52.40975902815026,-200.2492384974393,-77.66601317851674,-4.480734088730737
555,-561.0815602745166,-31.73073964631135,-189.87951112802747,-68.85193684813828,-2.3049026972209505
556,-389.55276075940685,-35.21739330742866,-190.67509428168205,-63.82457597923141,-2.653356608725829
557,-380.06993946876185,-36.02662250184103,-194.74364051592033,-71.76124789594952,-2.81069947166196
558,-561.6743888830697,-53.63141306747025,-190.3795403095318,-75.06846894737122,-2.7676333052877844
559,-546.6276050162924,-28.027174008482962,-176.370101018482,-72.24623411249743,-0.37490374756287786
560,-602.4821375365963,-50.20015863476799,-209.41945776480333,-69.42737146781407,-3.7046944085344893
561,-402.2233961514433,-28.6378443522654,-185.56374878187592,-77.37892842963244,-2.968023533897842
562,-480.4045447559002,-42.49527501023079,-200.87464778775978,-72.44710573633107,-0.8066056958836008
563,-543.939412713181,-34.5714783480773,-213.16618849699316,-79.94323991855688,-1.4937710068157752
564,-408.17709298306596,-29.662318004559967,-188.51401752795573,-69.83232572676054,-1.7025694048717697
565,-576.1190371568867,-13.630938619439869,-177.80592514087402,-72.50289697483836,-2.639001474085766
566,-532.8765258751164,-37.08417948672092,-175.63591718934782,-78.03600597438229,-3.013460753154755
567,-490.97589896983607,-24.371400324597225,-197.67122820202303,-76.48808423884091,-2.020869495109685
568,-647.8029602015671,-46.80491752704934,-204.4773076109404,-73.25518035155378,-3.244583457553053
569,-458.7731009528271,-39.01877655324139,-177.11072541707935,-75.44015085657591,-2.005934131158328
570,-545.6596692064221,-23.687497766412324,-201.5732248751854,-74.03898894531574,-3.58965050097613
571,-586.1297483616498,-68.61607348858425,-203.36892904115217,-70.17896668598644,-3.0243538792937295
572,-494.7616201864228,-33.044461322990735,-194.25068723476042,-80.87429639586762,-2.4497153417295836
573,-639.4464443928804,-37.46986621880424,-204.3853951351526,-74.19969529824478,-1.998613975363422
574,-482.8537445286046,-32.58316315331094,-194.43467309557238,-77.53212079650875,-2.335801431958312
575,-517.8385147950793,-54.00452632609502,-177.48333996989604,-71.37828443310937,-3.595736776993435
576,-590.0803921226709,-40.56067149491176,-178.92791708286825,-71.29801782457608,-2.44453270153233
577,-608.5484714808202,-21.989951077358246,-195.58174627646895,-71.0123905107949,-1.7564933977420627
578,-464.4286292312512,-66.41779849761264,-195.54246732272654,-73.06097892254343,-0.9775507746614177
579,-450.91234532433873,-32.77601117836885,-191.4677256488942,-72.16000563586721,-1.6075227727256673
580,-403.3079382880541,-49.11213524956784,-201.6241218367736,-85.8318651334116,-2.4725751703200474
581,-504.20204312560696,-38.18351259166362,-192.07352085668578,-73.05096639336516,-3.9601385679238463
582,-563.816843985161,-50.35946511775741,-185.85855399751668,-68.14535301899298,-2.2824785917886916
583,-625.0134355210132,-35.577739613525,-189.58351533241964,-74.64504273428862,-3.1142807629784452
584,-402.8327922964503,-30.27381822819621,-194.56484748565194,-70.58590751189945,-2.2659328237044876
585,-418.55227206247696,-23.000083389625154,-198.29409732082834,-70.57018152623866,-1.1260783211032304
586,-515.6490280846476,-24.02305410183247,-185.61142618463245,-76.06933471925731,-1.8234643960362178
587,-611.2322659970343,-37.13091706963813,-181.58204211989877,-69.72045020070864,-0.7160229786526364
588,-528.0833878809153,-30.10564062398756,-205.61672031251953,-71.311974155523,-1.58897395789874
589,-659.624108242209,-43.24998139995216,-200.02950166679636,-75.31771397552899,-2.628132987957156
590,-381.69997805572496,-39.48715401082031,-200.93135546365897,-84.54407593836842,-2.4506797851211313
591,-508.7774464881593,-31.802182538991943,-183.86167220113165,-78.77925739255616,-1.7600306286575276
592,-657.9762728325918,-52.13749481867534,-210.30687517818194,-85.98745971833551,-3.085190954219781
593,-426.98522161143273,-48.299537687388025,-185.31145139153432,-73.32888833887255,-2.056949639344446
594,-485.16330829464533,-51.67173588132939,-175.50782549838934,-83.67595034452387,-3.0705612632338366
595,-399.8281994307335,-51.13022008793545,-199.6134489831209,-69.33674387767591,-3.455879149775469
596,-410.29328720796315,-24.400144505511058,-199.30751479164368,-80.54062238956678,-3.30238945372892
597,-315.77010063564916,-31.584872150358198,-193.12165979918987,-67.28424682409927,-3.5949695905105625
598,-508.29963213735897,-38.596060224693815,-184.04330183713182,-74.92747887251925,-2.464445189064671
599,-510.6328638061697,-27.98238866136577,-195.11588105758378,-70.41606447758339,-1.5128842222735723
600,-600.37018092459,-33.739029861909394,-206.86910518338732,-74.47670717510886,-1.2065025275400063
601,-374.9006041467553,-41.310709590727555,-209.11014595833058,-75.66117156593765,-1.2489971910859823
602,-546.0921880312898,-43.78824690562981,-191.3249144032101,-84.84395183607974,-0.8758663576455117
603,-458.13974111830294,-30.218220691865163,-186.9932393839136,-77.83528933881824,-4.470952204660651
604,-554.3841288604162,-32.09621005369788,-175.39308431416808,-74.80255500103034,-1.9779336703757524
605,-443.4887441388621,-25.683989676365933,-197.97706050955045,-79.57362641535174,-1.26509206434901
606,-382.07150195620494,-38.93269300470588,-198.639019811669,-67.83486174491323,-4.179481593185511
607,-469.4863315995814,-27.476618432898423,-188.68406568046277,-71.98114183742624,-1.2916806923454296
608,-599.5602173794451,-39.01088150213553,-186.49214681267176,-88.12375114566042,-2.9761520847581373
609,-585.8204857097287,-41.69514651531077,-203.4321137038768,-72.08530182702488,-1.5527428572459576
610,-409.7188130013568,-40.54176261078183,-201.80321201688787,-75.81274105560136,-2.1111587830545098
611,-422.9621334818256,-42.87115676500802,-209.6473943873816,-69.68351386201272,-2.5224438470652273
612,-559.087232833114,-25.91579903516212,-197.92636105879416,-73.90216359692644,-3.2981115019706073
613,-596.572268740402,-34.04835878856403,-191.30311286044085,-72.01203091582889,-2.366770217901408
614,-490.8609266953028,-37.943785484322916,-195.64020790241082,-74.58121480255218,-0.8589911830900713
615,-556.5189156116766,-49.347398472906306,-194.84184872015788,-66.78674837291113,-2.7956851246780827
616,-464.0734524549114,-25.370090354334934,-181.61314968373472,-75.46030249219628,-1.303815769292015
617,-466.3723781125563,-33.48514211469869,-183.9511046322864,-60.98355608991003,-3.4978766781044626
618,-564.7374624689784,-25.602212510824284,-192.96296695265727,-70.77251127004622,-1.3988783709581452
619,-622.1953573493021,-32.0443390204239,-209.4895011172009,-67.17223601002048,-1.3322134956946337
620,-460.3849110618809,-47.826391328470336,-196.25093171174768,-73.22662504331628,-1.9558091944301552
621,-322.07838622186506,-40.099500730361186,-199.50509540311174,-69.45360356718932,-0.9914281172211749
622,-510.3705532742818,-47.16259985717206,-211.16964862886059,-76.06845745408735,-2.7530528380924557
623,-553.338596684836,-32.804563833136854,-177.8339149180204,-73.04892893429847,-2.367667769613298
624,-543.9256813996438,-39.5888907889588,-198.35523589360312,-73.27841111741758,-1.9469604185634624
625,-505.82859756465757,-43.92869340246429,-208.20288206007825,-75.42009220538479,-3.0136660009674228
626,-488.931626083455,-36.742177373569355,-185.23104714329557,-70.97320199564096,-1.9863988241566153
627,-412.8930422432592,-43.95443608743455,-181.27842269779717,-73.25400412435046,-0.5739858747902397
628,-625.7437305459187,-50.55628220475153,-187.9384063277357,-67.18967273771408,-2.7659414770256037
629,-487.03492434652554,-38.13615560486767,-200.1824645519833,-72.38795350429069,-1.879587868170216
630,-565.7379114295662,-43.90537055576532,-191.35034003326416,-75.82383044306725,-3.8075898134139794
631,-505.915840243674,-25.915152639432037,-195.6874787964515,-70.18221898555088,-1.0898368324487955
632,-502.64131591138016,-28.737272104136213,-210.6746734008678,-73.82387039205359,-3.3152243107144534
633,-677.4184096173395,-38.31463075366933,-194.06045060355237,-69.07781899853931,-2.215808848137944
634,-430.66009708096686,-51.28670341898543,-190.9830355471804,-71.92739505884235,-0.9988811994597258
635,-545.6554951146678,-15.949574917466448,-189.35113779866035,-68.92560097526216,-1.491397840497797
636,-535.1091986493342,-27.087365137627295,-185.49115140245596,-73.02792467353424,-3.1719538599066133
637,-405.5560611259309,-35.96550901970897,-199.1627234849968,-77.05542210954465,-1.9282993154377055
638,-405.1692235703836,-33.64772441062923,-200.3098001805947,-76.35524665089523,-1.5017794300102758
639,-425.6895166746306,-41.21344378727568,-195.95610074518473,-73.18147399647205,-1.9119953160663745
640,-405.0914973694603,-45.91838384160349,-176.4688431314742,-72.55756747704422,-2.6363506808027517
641,-630.6371547642693,-31.584986133462465,-217.8525343518654,-79.08046562998213,-3.4843746140270158
642,-352.09326469155997,-28.9211643053398,-196.43768562150728,-81.44216707775405,-1.961361073853619
643,-494.1707876523657,-23.84082613698448,-196.7680272183404,-75.45590061106967,-1.1639958082644672
644,-454.3066105864285,-48.67067969206117,-185.59713008507768,-64.00090346348496,-1.5262035080543848
645,-467.1249981725343,-47.54084442418009,-188.9058537066835,-77.54722647396603,-3.220601641407853
646,-586.6830891145783,-44.58918801602293,-210.17296313391526,-82.12122170345744,-2.5958750874065677
647,-493.71056335589583,-41.92727792593697,-206.80889660639076,-68.79037702973552,-3.027221755504404
648,-497.7022555220953,-36.707736864572546,-196.85562548954306,-74.44755884551861,-2.463458968652141
649,-431.0806064537507,-23.333678952118344,-174.64055760443887,-73.40291308512867,-2.5098888175334
650,-487.6581114575077,-27.250959249465417,-198.51899307489165,-75.49406216698574,-2.3983292621977914
651,-406.644729990972,-57.03776283357319,-190.6298827055302,-77.97722289294775,-1.7319977707358245
652,-572.401786796742,-31.83213480244086,-204.91116968139116,-69.87539128506293,-4.92249700461785
653,-493.6505175993748,-24.91635129719638,-182.76434372704685,-77.89396961412362,-3.275540264122436
654,-630.8556435719643,-50.94016388509391,-189.4486552386245,-74.22105161904915,-2.5542005614523515
655,-518.9892299380346,-36.8429422159926,-181.58796552024842,-70.18930534792676,-1.7323718650536803
656,-507.98952682850773,-27.19146061176367,-190.05783584852745,-76.42056936190288,-3.115871067826812
657,-468.5996027251929,-48.92681563222173,-193.1961325114694,-72.97447963293317,-1.2417790026830144
658,-486.05250461013435,-27.08615584386202,-179.28833208977764,-78.61744363243884,-1.9796566662682538
659,-554.1000426735668,-44.70401070319468,-185.2290227874533,-65.12326227928654,-3.8815875481662547
660,-564.5575963841708,-40.74808204276764,-189.67984259205178,-75.46304326301036,-3.9754845769444387
661,-486.5861746659233,-49.39975124972255,-175.64013677720516,-76.64050472206931,-2.185943328783768
662,-556.1574682604751,-36.151654685564324,-188.84171542902914,-75.84849263912375,-1.898860285658936
663,-646.646769400027,-51.08114487845446,-197.33762489129566,-75.76247388121925,-2.056417437661266
664,-522.1963612443152,-24.47434236154347,-199.55687676222658,-74.50375092622603,-3.4505665077567937
665,-493.34061854980536,-55.31530336114308,-195.65456387480873,-71.62307949055715,-2.365730993114815
666,-384.27722333049707,-43.74385222349,-195.24869847159735,-79.4706935927772,-2.378248052645846
667,-517.1419480825988,-55.67846559987455,-187.5764810872828,-82.39360935785928,-5.0003988861845166
668,-475.5613579488761,-47.22121092194164,-178.49841666095244,-76.79532016579388,-1.160817247220629
669,-498.2512557599828,-33.261032818554575,-198.5922397929069,-77.16127782127428,-2.4447115269034336
670,-378.2812796306033,-42.500102593057996,-183.48242237592916,-79.00393016975157,-2.9372068640248714
671,-421.3402282546965,-49.81909997916797,-198.7156799592087,-68.91785496945215,-3.669052417317812
672,-615.1870775614611,-47.65776469239866,-181.7609591963128,-83.9158803930827,-3.4647713660875117
673,-649.5220618250853,-50.571816724144256,-190.84090040441095,-82.00713322410536,-2.056057319564365
674,-561.6040164010856,-31.390425568467883,-194.64297469831823,-69.41020755021582,-1.2440106446312402
675,-617.1247840377765,-44.061971547169826,-175.0290908027346,-79.15948545317598,-3.342254855851213
676,-615.9458966750203,-36.83288704424482,-202.58331638989216,-74.58805793239162,-2.1629564569867505
677,-506.47626065362897,-43.406193886373345,-194.13525107363088,-75.3905522977301,-2.0424168661791025
678,-454.9986103350049,-34.711607092283785,-189.1293527346859,-73.53748858323634,-0.4037608596654067
679,-491.2734778009476,-21.561016688448408,-192.66437095613597,-78.24102937085696,-1.7405478836448576
680,-546.0809029402919,-27.37694823301871,-200.505614532278,-77.61137794726304,-2.6167547937236875
681,-399.26909543563846,-40.96689088780638,-205.19963599874995,-73.39013716309192,-1.8059857582422032
682,-538.004029380409,-38.66731587473631,-182.6586516405698,-72.10989419431934,-2.5772437357057347
683,-625.8543717460584,-31.864904026849025,-196.93659618061517,-75.09169538070623,-3.270488378869103
684,-419.9398300584308,-25.542524831271464,-179.23313722449862,-79.6358244809814,-3.396747023977937
685,-385.1293078113991,-27.424722870402007,-202.8311815079503,-68.23799686929067,-2.1395318783133477
686,-495.2841885454173,-36.95302379472754,-205.33025017790004,-74.00460500697574,-1.943123738058702
687,-360.96153488720324,-39.72187913486537,-211.86536320345476,-68.93323545958688,-1.9217612905690324
688,-391.67525458775617,-29.578084349707645,-192.33246600794283,-73.50129520322317,-1.51648852478987
689,-493.355234434024,-48.35604621210396,-188.3879882700791,-76.68577529171557,-2.7758373709768587
690,-491.0261701917341,-48.08681855235027,-192.94750979456313,-76.54262265877549,-4.104940199224583
691,-478.2036286913022,-27.903181909435663,-172.2296651228895,-74.98687967550755,-2.1140496348780142
692,-479.66624364295353,-46.21021598627247,-182.39167885379717,-71.639501190527,-4.41557062078936
693,-457.90676583474163,-39.33312232460303,-191.7244503490424,-75.28985370967743,-2.898276541656557
694,-439.7119614134625,-50.28994005322401,-197.75162371717784,-73.71006405193214,-1.0524079630310998
695,-565.7215877198119,-40.78000160149768,-182.61047206211762,-69.59966045894123,-3.17151123664497
696,-431.1605623647149,-41.878875548497476,-212.60219836798947,-67.71883247275018,-1.2480064069031154
697,-443.6377226693807,-33.949349007409864,-185.0775628234268,-74.17732335461874,-1.9775207472668153
698,-376.3248472857062,-31.661012435961474,-194.78628349045567,-67.72927713061293,-1.2305200905628417
699,-440.71596554931466,-16.273728313625856,-187.63882193079633,-72.3090183200843,-2.501850080607907
700,-623.419660145435,-59.132718716068865,-190.87752062249803,-78.62925306162354,-1.7257124588067305
701,-339.0730345444141,-41.47099219306294,-209.20438774246796,-71.36201533331541,-1.5141494785008738
702,-483.88396611727796,-37.17388674280209,-192.0429943407379,-72.35713039855608,-2.8720168152659826
703,-415.5545613427902,-43.603257266805656,-181.3341911836421,-77.83734245378784,-2.5816052420710998
704,-517.6731824414168,-48.77571694898537,-196.63974833554184,-70.55034241785648,-1.4299431640221316
705,-516.3617832425895,-30.523726539227415,-199.3235772299863,-78.8062204939975,-2.5995390492079533
706,-441.20844168699176,-44.225909624937515,-180.93380429140143,-72.99443298351638,-3.3326680942532576
707,-603.0262392482952,-39.95147676266847,-184.6598379524787,-75.71465426963978,-3.422548927822046
708,-466.1628640715321,-42.32373503573679,-204.45923831565398,-69.81984117808055,-4.570519524906713
709,-375.1188280916496,-43.18245174902497,-207.00655945400666,-68.77690940511269,-2.8725463238746247
710,-409.37693708267983,-43.30370546823444,-200.80183246651535,-78.01848869738664,-2.15543968844353
711,-578.0538728635083,-31.717526395443947,-214.44401534610134,-78.78949703134826,-1.496821533537347
712,-591.600072787638,-28.24686386280962,-194.34930717147608,-77.71975435335469,-2.298392930885649
713,-540.6924518562713,-39.81915862586527,-191.82156879630918,-66.93216490045829,-0.1762682415616869
714,-462.4614081494006,-34.640100857141036,-173.32248052587272,-71.69695120264353,-2.2527691040565117
715,-590.1035195403724,-47.534070113675405,-185.63033597398876,-73.66642571992428,-2.79613288247095
716,-374.65115795522934,-35.4583719802475,-195.40419234086428,-73.79769962711165,-3.3355818748826414
717,-590.9941828277674,-45.077795436766074,-195.91319150667124,-64.63262066465802,-2.9084709055949785
718,-524.9256833350698,-38.93092267892242,-198.3246826861203,-67.55448095762263,-3.283720050382786
719,-575.2663869553231,-49.41971888719235,-183.836363808533,-73.63526025226058,-0.841010772233164
720,-623.3179976406565,-34.510637408271016,-188.99477585847805,-73.64679633400904,-1.3855793049424627
721,-537.4033658914567,-48.075958536456845,-202.96165263316288,-75.85655563200164,-2.0680202256801823
722,-441.01208059619853,-39.59793841055972,-197.55142105472723,-76.2555464763487,-2.643736736632455
723,-435.0026222603383,-38.91070048996452,-184.73131134783094,-75.64607076957665,-1.6509365699395513
724,-363.75868087520547,-42.61024232346256,-193.8685328699767,-77.0503309684334,-2.9274097834503663
725,-533.9785932744587,-43.73386186526731,-194.44604592318282,-80.28821442394971,-2.3637449546859277
726,-528.7636554195739,-36.18332020224554,-192.88132226583784,-70.04492659492553,-1.0176512898950016
727,-548.9756380371922,-45.496452524607946,-191.21050735050835,-70.94848485477223,-2.331231538025251
728,-666.0951167947485,-32.66456187254922,-199.21354018434616,-72.47741961441182,-3.792050956031036
729,-403.62457441521656,-38.92571441867068,-190.52892761018336,-78.59044507120909,-3.8249726750352973
730,-519.0463384510656,-35.903255844777476,-204.11599130436954,-66.60811905409095,-3.3246805710229324
731,-635.1362744404403,-61.04156488057473,-201.4088381182158,-73.13426627733402,-1.3015856036729405
732,-472.3845785866475,-35.96327702866969,-192.99277116459007,-84.38126207328598,-3.330012003302987
733,-460.8730974560034,-43.88571645291701,-204.93004804782186,-77.34681378768872,-2.236533644150979
734,-474.9770733944167,-38.97343271855271,-184.6078431714849,-78.32182308177886,-2.9748790345435117
735,-579.0701584100585,-28.73235484885634,-195.22420263759142,-71.05530534107754,-2.0144799824465087
736,-378.5050275186572,-27.904413062728544,-197.9316980758203,-79.30934613813999,-0.9388699537421776
737,-640.6229571834972,-32.09938658770418,-192.68936967482287,-74.38986690502016,-1.3524421641454176
738,-601.4251258687177,-25.44000647373319,-187.65360222043589,-76.91517762589459,-2.57169925209783
739,-417.8920259429149,-55.750714069687945,-187.6801444927202,-77.5910385875444,-3.312274473168961
740,-379.42595948938987,-56.68332097129269,-198.61242678935514,-73.2360961616301,-0.7896536254665218
741,-448.2941675385909,-43.970638280902335,-194.49693629292463,-71.76410718301399,-1.8072778447458089
742,-308.3163601713372,-48.44601298399816,-182.94190870834584,-75.17386925094371,-2.1690010898955587
743,-418.9679530891769,-32.38031696889079,-210.34635676805715,-76.52165888787304,-2.2619520760685803
744,-596.0379746265598,-27.77035126279286,-183.82979319378973,-73.61135571992348,-3.150378556602055
745,-481.01681484762463,-47.22095173255188,-187.65645529360503,-79.82464067545078,-3.1599487477298447
746,-430.883035204458,-29.149844178437117,-191.03692187110954,-80.70893916524972,-1.5821709536279305
747,-468.3317536422828,-49.58557033252403,-193.593904995274,-80.0292695277938,-1.1110694283546858
748,-480.04474900868206,-59.04833000905031,-208.62646427212874,-72.80417474033108,-1.6708101108680318
749,-605.7914080126285,-53.92329277047465,-197.55707145928926,-74.01126116665928,-3.2784982746678244
750,-558.7980241797555,-23.40117670772362,-210.04394005954978,-73.47021496065769,-1.14201995878607
751,-514.3831231563906,-34.47050464999999,-191.46037281434496,-69.93243960993537,-2.8090385066684602
752,-506.4179522531879,-35.16080784535963,-176.9070174444356,-70.6273488479136,-3.5369748775551435
753,-466.26332531187694,-32.38035422588947,-184.0700929152778,-71.03128585679741,-1.1270408926729674
754,-608.6505167500371,-42.18177824182662,-192.10008575949627,-79.48738804630595,-2.8844606936430086
755,-488.41720711359716,-35.71274711410889,-183.572078566097,-70.56232837269904,-1.5067157794161636
756,-505.0083154699519,-38.13365383185481,-185.5894326837338,-81.8827819515479,-2.10181372611393
757,-418.63563899235066,-33.73018508029789,-201.19310182841247,-72.10102606781776,-0.9968126301948658
758,-524.8854355783466,-33.13409886400634,-187.67562324761832,-74.04460448601564,-2.854635830253552
759,-465.785550477971,-47.2301208120251,-214.98275649582567,-77.25073445403073,0.3720274644172591
760,-635.4991634939144,-19.348398068233212,-199.0966038187618,-82.53638776300681,-1.2620477669040422
761,-518.4295042773546,-26.71480881877041,-197.07702888164098,-75.48144606388729,-1.8379024552986813
762,-467.399385898577,-39.35908360809646,-173.33468507452346,-78.58032304376857,0.6952430763951426
763,-432.26576624393437,-44.47301094767193,-200.76674910553828,-76.03209583679102,-2.829614050580354
764,-602.2264739234698,-39.037879547299134,-196.3819186884254,-74.572200597438,-1.8019415374887253
765,-594.8945350792902,-32.1507361863941,-198.8505177933634,-84.98403763886351,-2.8655141636698267
766,-390.8678009810738,-30.691510041740532,-188.40301974338362,-67.41454526933306,-3.2597763461144553
767,-304.1738710309731,-45.723420339521624,-197.073970763386,-73.66561068725629,-1.0138025565437032
768,-427.70643120756307,-27.552785435159198,-199.10288708100467,-74.39317065068428,-2.193276363696857
769,-355.287379355509,-64.69250174419376,-210.84053090212137,-77.23842648173807,-1.3307697071189746
770,-529.0172217447995,-32.748178258336566,-192.95101470847007,-80.03857811034314,-3.0677136534710563
771,-558.8545497219427,-38.68066906513326,-199.7951280415037,-67.39524340500394,-2.119637581478198
772,-519.7262263817158,-26.683454307745528,-191.3078709512935,-79.91359317271612,-3.6853240814659016
773,-535.2862140430045,-37.17394374045077,-195.6957747165601,-72.8275388443093,-2.451033861824527
774,-622.042369684343,-34.901347096178924,-203.90779076087534,-73.18528347517132,-1.3645870959489232
775,-505.87657400666916,-30.20696509386665,-213.7281603886486,-78.24990991847807,-2.9243671612858533
776,-476.7061312769464,-23.78987457567115,-184.31557116485217,-78.27206206998993,-3.248603527534651
777,-576.7139257030985,-49.13861553645855,-204.14306973705695,-73.33714990151977,-1.7153446984459613
778,-689.3874698963111,-42.53455433972257,-208.00407441889493,-76.31420666092163,-2.9141116142532337
779,-641.4607879625232,-34.42199919897769,-195.31576575712637,-72.49949627345443,-0.39852846219549265
780,-475.17988516064264,-18.050013962398705,-182.98090653241417,-68.36413778931117,-2.0443120743516165
781,-574.4883094986187,-28.741534138575528,-194.30767451510405,-68.69488734342553,-1.2839032535332433
782,-613.872916891304,-22.796300777270215,-192.18342297925474,-70.47560973816987,-1.2041663192765268
783,-584.4680360622103,-39.7809657362084,-202.6157114472269,-77.88773357556028,-2.1962765999593854
784,-428.5044242758742,-60.46489552619213,-204.85902803606348,-73.81345006802503,-1.4470441168198425
785,-540.320535961747,-44.57754617645396,-183.67793525584764,-69.90403690376684,-3.3646497759565888
786,-483.61501260969857,-44.085340464886336,-179.62080365884822,-71.04591564530409,-2.681884232069194
787,-628.1075344808313,-41.00927836737366,-190.95340322660564,-77.0505163814497,-2.152542424022407
788,-433.0023920437367,-50.06413953663046,-176.21586489770186,-71.94444151590547,-1.5074176223018851
789,-306.8506042757477,-44.52762693214517,-194.91027201063207,-73.22494559892732,-3.8076585786730077
790,-392.5462734171506,-38.196203513561365,-183.2405377278966,-77.50669569249827,-1.5259442854275371
791,-654.705838771578,-54.485587140176456,-172.9056717914185,-73.48472089134412,-2.303816254017437
792,-548.2958358879498,-34.09455055915345,-204.9695161165972,-67.65469806448057,-3.4843284818903197
793,-487.25495867584846,-47.18334195293677,-205.95174466411612,-76.91763024058754,-3.299865627808778
794,-579.819094606867,-55.4659151016234,-199.52197872098736,-73.99479060926434,-2.1858396957588724
795,-424.779588114206,-41.875864655608034,-188.2296562360169,-73.82858404312681,-3.3029526144953274
796,-509.4320908884988,-34.41885485562992,-194.55661202691243,-69.60274280910853,-2.855311738121728
797,-541.9285339455058,-28.71074968578353,-188.60856611119178,-74.8736710636728,-2.3511747946013672
798,-547.2497729187768,-49.5372745605347,-208.04179521669408,-72.34051687783689,-2.2787571023130666
799,-597.424215473941,-39.90693214383421,-178.29976580602766,-79.04653357223506,-3.4420425441263034
800,-474.42779940124774,-25.654184536065184,-176.62839043810706,-70.86979768483752,-0.8864564551820258
801,-552.6378732105215,-47.06348096514253,-186.63134688352497,-74.98830996715222,-1.9885758394371205
802,-462.4032384092526,-29.689742966187836,-209.59815054899656,-72.35032456955162,-3.0271939699749932
803,-517.9922882411664,-36.274793372105876,-200.05829592580503,-65.95945883131506,-1.6710040355562512
804,-481.5632909850468,-40.13261188892624,-208.7853699852979,-72.94833763506605,-1.9890286352362299
805,-458.7110214637446,-44.7836949781445,-185.11363423249122,-71.28582649465405,-3.045043668184007
806,-477.6039325342221,-49.43288574503937,-208.37491029188,-81.29243339540722,-0.3752163367577507
807,-540.8536608539063,-28.633404508332745,-196.38842195000373,-73.53537856296481,-3.210891180656825
808,-592.7832087652583,-58.97631025897461,-191.86002601097425,-71.73813901578855,-2.3747638067013135
809,-662.5442150961272,-28.490924142226948,-203.08803294210824,-80.37838398266095,-2.407204477719723
810,-468.0522701621574,-29.29255137387799,-182.20367947948873,-78.4795598299108,-1.586378588374167
811,-391.54683925703137,-37.41101096457303,-198.04819746870533,-75.7638325661185,-2.5230593046648218
812,-464.34093582071444,-34.62061895774387,-194.28737528073452,-71.00753684508916,-3.5101284159932122
813,-577.1718909090567,-32.483987720207296,-196.70576009287666,-78.59272950938282,-2.0003559860810243
814,-466.36924809059394,-11.326000484336097,-201.16941912718164,-78.51545873853664,-1.5390826415074794
815,-467.08074358402575,-31.29485671035202,-195.0461932943417,-79.54290226776253,-2.3716794427358416
816,-508.5601098393341,-41.15452062449873,-190.74410274456795,-69.8566051865706,-2.094272688723297
817,-520.824779964282,-12.28708494652516,-205.16730003385024,-68.99978921719885,-2.843937353350055
818,-470.1976179733532,-30.781071906529874,-185.35421122910927,-71.64506226221899,-0.9351539081953528
819,-392.641355553973,-43.215785668377166,-205.73602420904444,-71.88064079615111,-1.3298695449520006
820,-455.38784437999465,-46.089621227421695,-182.71356844754888,-76.60468993888772,-3.460618914359527
821,-581.300434782815,-29.75773279394067,-181.754546039332,-72.38507561298842,-2.8394940663655386
822,-446.645262907554,-32.94524473318841,-208.19831396056793,-69.13781509280778,-3.2618553929496255
823,-461.15664792653746,-35.01233143521784,-186.74711188254773,-82.0522640267918,-2.8516804484331266
824,-558.3619411745318,-34.480924224085,-197.4061129591497,-77.02630986239919,-1.8462472018750191
825,-443.480213755476,-41.86154404374381,-187.2160207525156,-70.66045657741692,-0.9977595272574401
826,-462.8460859991771,-39.24971584259133,-197.32687018514812,-77.9168493889719,-1.6393460915107985
827,-410.5954713466264,-44.50012309266931,-196.47221917377726,-74.03776005633402,-1.0024188156070513
828,-517.5896725956485,-49.19143549966332,-192.03082048317938,-75.61975367472672,-2.4349312582866625
829,-413.369756127352,-30.296567535473343,-195.69860216047746,-73.35093470170946,-2.862659275694879
830,-512.8321751370386,-27.8031519402898,-197.501430439681,-79.63464608043746,-2.393344932416032
831,-545.7413058262653,-31.97868625437505,-200.1682719456832,-77.80224331885326,-3.826146885025787
832,-601.5345030832145,-44.13418772656204,-185.94885526753947,-69.71241790536665,-2.567994235998855
833,-592.3555023547162,-32.160581289639936,-195.5588789360005,-76.08369785804594,-2.248904517645925
834,-550.4960666432656,-53.469976201061435,-198.80585393878846,-66.17086910447945,-3.1934228026817784
835,-456.7368044682215,-32.89269791591333,-184.04124082672746,-77.2421737725091,-3.1535843359443403
836,-432.32940424187456,-49.69465645028915,-199.89368836518247,-78.76845950758451,-0.4988560904581351
837,-590.9104462079681,-49.852442764756006,-213.35789949238202,-75.83923407387728,-1.4029189057830531
838,-342.11189468271,-41.89999279724767,-190.25752496080526,-79.45356460629007,-3.181303924527129
839,-508.9888483348863,-45.2670654253336,-207.0891542661863,-77.4389660257966,-2.374355466749195
840,-561.7691373395285,-41.53353437857025,-204.93647112884653,-77.50801452438516,-2.3793071291132732
841,-544.6603603521141,-26.990631492559793,-212.85627379651982,-81.24174687624425,-3.9349707660568565
842,-481.3268637271584,-19.652695629291774,-206.61791535012284,-72.52308098585713,-3.133740422163744
843,-390.88189664916075,-35.10763188691788,-207.3866014520838,-73.61069723007601,-3.1588208490980976
844,-488.5606461326852,-42.62842410462958,-188.38740072759595,-78.8634010358851,-3.7671074374893845
845,-428.39529643701695,-28.24659332275931,-200.74416857482757,-75.76259431406488,-3.02698510517758
846,-448.3375883796919,-51.38330599217657,-199.92484472271502,-70.8044896611658,-2.0948175834973592
847,-492.98018635135685,-19.587027646376363,-192.3466715606827,-75.20366056129971,-1.9915469915445891
848,-552.4373540260043,-31.597604440437486,-174.04317849337374,-71.76434298574145,-0.4949492186275587
849,-516.8599204051591,-43.45825650694247,-195.7094125687487,-67.52025839046594,-4.84123117044833
850,-443.11099297997845,-28.899123034670115,-175.83324130196047,-72.45856583249727,-2.0493246886784444
851,-540.9776569769039,-44.3087756435644,-197.78158696339273,-69.20936256721464,-2.1571817041116024
852,-440.54438478691293,-30.425555302148044,-198.28500593721267,-69.63526488842007,-3.383573282834806
853,-404.2414004909486,-13.021029971672263,-193.61697351140992,-70.52971518159332,-2.20246601600414
854,-521.4323674529122,-33.78066685516745,-191.25143436146814,-84.78950050440845,-2.285477087602963
855,-373.8958871028109,-54.811814131215904,-192.06552417142532,-74.99092560731233,-1.269186309205934
856,-525.324462226398,-41.33450055640467,-194.53576023906575,-71.34587603391158,-2.1783058793414734
857,-395.7443295603209,-29.656289147189206,-191.81132258450353,-69.02301929074586,-2.449919473481862
858,-541.0508877275389,-38.08944509926008,-195.2102331301418,-81.26165246868216,-2.0949311667542014
859,-440.2213173074335,-33.4508326044521,-202.77744831741936,-79.46065626165552,-1.5216865687101322
860,-566.1864595263656,-27.749575969493222,-196.2310472302957,-66.23935838646031,-1.6923759964460536
861,-392.51811236094744,-42.2366575676134,-197.23215864896008,-74.13694385940522,-2.477760906174851
862,-367.11621177298616,-35.58438289061456,-192.64198869002522,-68.86286729924915,-2.9039237050918953
863,-545.0465551557771,-36.32932222360516,-186.36936841700717,-80.06639313884068,-2.1995410502457062
864,-563.340139899309,-45.217005755163065,-203.86742058400586,-69.33723755427373,-2.9647410577773927
865,-466.42075178260836,-42.761309523591706,-191.65221864331838,-72.25615382369048,-1.548567548682675
866,-560.2166396156438,-26.298329685528582,-194.44597918316805,-70.22054104123994,-1.9884618226442934
867,-483.51504909169665,-30.986697304180357,-194.89213297109123,-83.07351836815218,-1.93592071944202
868,-525.6365714814278,-32.58585042904502,-198.01743785942224,-71.31668385889296,-1.2956801514981273
869,-381.7058270810828,-19.842610630587437,-187.2733662308794,-70.11630272159752,-1.1321065957373244
870,-532.3207551326882,-22.200554199454746,-173.5987699589791,-74.31805898154983,-2.1228913106813803
871,-487.07319430464264,-28.96963521383417,-203.1786123989044,-74.24380222481446,-3.009364279367905
872,-457.2620094094352,-42.68072396604071,-192.3371215372631,-69.67825715114027,-4.855938131983632
873,-581.9594526813271,-24.48345769469728,-203.12929257648867,-77.48278388656841,-2.544099017120028
874,-581.6572663399724,-43.70310375377369,-199.4814773714365,-80.59772332779418,-2.766288776085461
875,-567.3380396601522,-38.17533707288259,-177.7065965054745,-73.55448257583323,-2.192997678233544
876,-598.1411372651136,-27.18300346425584,-192.99137578180014,-73.36809415903512,-2.3565959406100982
877,-415.80461696206385,-43.0133707885995,-205.05454247567005,-76.92512036609725,-2.2325370126322337
878,-448.473700833884,-29.306139953300832,-191.57336193237742,-80.96769624525582,-2.183690641032819
879,-560.5737714882073,-41.8431247597133,-192.39535439362012,-84.29419125553306,-3.0236146302629123
880,-461.9520717572164,-19.034020265002344,-175.41558191355352,-83.75415900748226,-2.7273203691334205
881,-506.0417806678935,-33.78614791537297,-187.80577876743936,-79.17089534397425,-2.1384947951026656
882,-416.45096100022784,-27.928378524997022,-182.73587858115894,-80.387280333735,-1.9788682175782766
883,-383.5703738855599,-22.789479861394177,-185.88429988045277,-73.32755895119145,-2.5866170159069157
884,-533.8127054656868,-40.922276933179425,-192.25465418538747,-77.55409311021121,-3.1169636620983994
885,-535.6136801169104,-45.94998759314662,-190.54647191560997,-70.84530992009307,-1.6536734390120118
886,-518.3619135767653,-40.066613809323606,-193.18592466823296,-69.1798436485534,-1.24142757994591
887,-471.5269126675028,-39.66661450433441,-199.5887798266621,-75.08564072013613,-1.9453300950834052
888,-576.5993589883624,-18.340777462552282,-201.8060717622172,-73.26100466277114,-1.701788009648619
889,-671.8737380303314,-37.04308373019246,-200.55527728725525,-74.47524145983738,-3.0990181487875113
890,-512.2304068281585,-55.079487398722236,-198.52497521250922,-81.11312645831032,-2.974681644778171
891,-499.5371323679295,-61.94620717816995,-175.7008189782601,-67.9907974817381,-1.9330057152973916
892,-416.67868377595045,-36.94062173511006,-188.53690268105242,-70.78659766599846,-2.3761502958164944
893,-445.41307612195317,-28.490775545694223,-191.11098435939758,-75.49381144637367,-1.6906633454660478
894,-452.53244508202283,-46.18507686853627,-198.76589513236726,-71.24032219123151,-2.0793351711254346
895,-538.1884836898166,-54.89048167464071,-199.24352660980026,-72.80046447208505,-4.5246343843816605
896,-485.63027817243216,-27.678074863048536,-200.00872238801685,-74.77473313850554,-0.8808540396183256
897,-466.9632835951454,-52.30706146923354,-193.36547524447653,-76.93032834658557,-1.6700518220322509
898,-661.1226525142928,-34.25914717006799,-190.797944687358,-78.19165731162036,-3.6584527907171656
899,-524.6524208864064,-32.82139814977588,-180.48965062943032,-74.64941580554546,-2.350142824859442
900,-569.9772663151672,-33.041090780048506,-202.84504631752094,-76.03066520400854,-2.5670750241380804
901,-550.5457017070111,-25.58493436991316,-194.78448293720592,-74.98081492502614,-2.055807770788504
902,-450.4881975547276,-15.323357533191707,-191.78630620395276,-68.04585092789624,-0.8937276313742553
903,-410.3022961708388,-45.821451666638296,-182.24485594107904,-65.87985281596914,-0.8894716144979561
904,-552.2255419931614,-33.9565862676653,-182.55278615330266,-67.60470790062914,-1.3465104154020204
905,-535.0966364310633,-44.01573997320561,-189.8056016761735,-70.11126686651623,-3.6023464502701796
906,-622.506975270576,-40.82811970658882,-196.897830175054,-75.49293780377376,-3.6398188153535584
907,-469.8067597146627,-29.861402348169825,-195.08237355584947,-74.47743573937368,-2.3576860473535532
908,-572.5786120687494,-25.46987573348324,-201.539454749799,-67.28186422621542,-3.2589417233013225
909,-361.18619788123135,-27.480076658652816,-187.5333268374829,-73.38243855439835,-1.5406532086797757
910,-446.7038610321977,-49.159516628033714,-185.29913412372582,-77.04638327440821,-3.60844703059073
911,-576.9149687397447,-45.0735796164725,-205.11226512108962,-76.59152535147152,-3.2947024888003775
912,-481.926081565895,-52.278024825096615,-195.92323660021057,-72.17934861114679,-2.990419864768777
913,-371.9182981128756,-56.123642967367346,-192.85067413339775,-75.74383872862197,-2.844391203096706
914,-458.5769164160252,-20.678139185210238,-200.8885131131905,-76.54446471633034,-3.4889351986309745
915,-517.7541862473383,-36.0837853410593,-191.15023641586936,-72.37537502204516,-0.954908797669213
916,-488.12597837315826,-52.47538969603245,-190.16355644706226,-75.15076826306466,-1.5966042392187216
917,-472.5896380445234,-38.83309022772754,-184.00152625674554,-77.72774884557688,-2.7758014822958392
918,-580.0781145026134,-36.64348248594624,-200.01650299148122,-76.07808307478935,-3.678557597605054
919,-502.7953633281295,-57.37389128461656,-171.44052963927086,-82.99551954048894,-1.3822922901166947
920,-498.9158579507333,-44.16545028650809,-192.59332227790816,-77.88590181674716,-3.1672849771179705
921,-564.3218524439687,-34.227027925183236,-198.6491621320526,-73.31034503305641,-2.360675875645929
922,-617.3390440647697,-29.692696117093305,-188.8191740840296,-72.53661486925924,-2.2303139259217994
923,-535.0826005286741,-36.00498923543221,-186.75702265532155,-67.30609607776202,-1.261271867655146
924,-619.723628191621,-31.899305862121324,-187.97142358889067,-72.09394405569749,-1.7627342633369394
925,-543.1619318605225,-35.16576996489695,-200.9385485052354,-66.90821960279663,-3.437766218519573
926,-342.86153775062,-24.54963128013961,-204.58795205214034,-72.26369991393538,-2.133421711141468
927,-568.0944596468738,-44.65790370228523,-180.1563206357967,-85.00163992516504,-2.792027629274931
928,-493.88406225697213,-42.63910324070245,-202.74885987544022,-72.40194344000705,-0.8965905759257515
929,-376.169764397142,-46.6355731348597,-200.10488094511055,-66.99149815925388,-3.2190758108381665
930,-560.9181331880176,-32.35965262776141,-189.89434627356377,-74.20424562743683,-0.6782261137619492
931,-480.9054404339279,-38.24408841343285,-180.8160861515568,-75.91813348012509,-3.258507674298551
932,-494.9900796354306,-30.059729822900582,-176.63792427392033,-71.68301201458387,-2.836213242019451
933,-462.85910160818526,-30.766889777064588,-189.54225943201945,-72.89672579832809,-3.2171159840708
934,-282.26325161478354,-42.983637323211454,-194.0011413296844,-77.0104827655617,-3.238700277683303
935,-533.7655211966393,-44.35349283960428,-180.10269179963473,-71.25014393352028,-3.862103413299365
936,-477.65742408912655,-38.80479237897649,-200.90611374812937,-81.21089656048458,-1.2834371356850713
937,-423.51740278507776,-41.705645486590846,-222.65817141365025,-72.5496490247316,-1.957242118566087
938,-594.2277524420595,-36.02647581013751,-186.74443758312188,-72.13061768321234,-0.9310986686216078
939,-526.5443098636883,-40.36243646360765,-198.70257507708408,-69.81894859640191,-1.707147958247661
940,-526.3642671416076,-34.903862201936924,-198.0592189492133,-71.92127478102654,-3.372948406704135
941,-425.78707503182125,-29.38288477831757,-210.5539805048006,-86.32032170394683,-4.955206154633546
942,-460.2297279137447,-39.1748154380934,-189.66150575183354,-78.89602447827586,-2.7677291918519606
943,-606.378072045874,-18.004326810850216,-182.88552697826296,-75.20139614646799,-1.4414545433372665
944,-586.1741207312797,-29.357595089936694,-195.22864444307095,-80.58066390651952,-2.724529154641104
945,-456.34532286072107,-28.767852751703312,-176.93113351604842,-71.11343972127047,-3.1542956383836946
946,-506.73294263705213,-30.84908597607973,-185.54329972230173,-68.64213575799364,-0.9748777662704263
947,-462.26708075677305,-22.244317797730353,-189.57927893987295,-70.95048230645628,-2.8243399307804045
948,-561.0411030605978,-23.09411093646803,-190.57904917608494,-68.65256891022709,-1.6112675732511117
949,-512.7893473109657,-52.26694015058549,-189.35217470653825,-77.94278916990979,-2.7716385024245795
950,-436.6667803318445,-38.459318444846346,-190.31698102404715,-69.46447376081359,-3.0758683321202462
951,-562.5032145400296,-34.83394062418301,-189.68597093819128,-72.71435782455379,-2.8005477400260594
952,-570.1889237195642,-47.72689518356321,-207.8134678685886,-74.09886730595629,-3.214457329222523
953,-408.91645394095326,-44.66620308480931,-182.16818249855598,-76.4690681890507,-0.5462419887161373
954,-400.2095431710727,-31.442066294576083,-197.81872853928706,-80.45740229311646,-2.2647017925080344
955,-455.27063328760005,-33.290524496191225,-199.87403791620406,-75.05968504464025,-1.5064298980520316
956,-650.088630244241,-31.863229399051967,-186.47503878104206,-70.93017687562731,-2.6545673066192244
957,-345.44710136379064,-46.23088323895444,-187.73079713177697,-79.42072656181506,-0.9090964469080018
958,-471.83864147157044,-16.65369766167824,-193.3072589923389,-82.4442418695637,-0.7756766823387149
959,-627.9908971576771,-27.36513093627707,-205.3340195716597,-74.63250854083775,-2.6968189722148104
960,-592.958734021662,-44.197624969922174,-198.9337507047997,-75.65043832324355,-2.9275516443402494
961,-491.9599130428041,-31.254537191196313,-176.13041869039998,-70.37267817727101,-2.205033025435271
962,-486.0748653275442,-42.47929177046153,-175.86936975186075,-71.41197583617814,-2.4428729172186583
963,-553.358891654104,-30.853846098335563,-191.68159263629389,-70.32808191034424,-1.5806224542488811
964,-610.7262177643358,-46.54663544918031,-193.98093350556607,-78.96793155729934,-3.489581133055109
965,-531.479804332634,-6.387073583822048,-191.840749218439,-80.3378311483488,0.33862037780287113
966,-467.1889461922025,-47.98029598865245,-200.74055233391852,-75.93367115458122,-1.5081352751700483
967,-435.4795483541477,-14.604200396306684,-200.80973708105748,-74.34446158271462,-2.422871992820527
968,-577.4670832388174,-26.190630142187374,-189.51237655341365,-77.46563601507651,-1.5070388182445367
969,-534.639769587426,-33.62439193456612,-194.16928680947348,-71.30066235139094,-3.139764724340452
970,-473.1989091451659,-34.901980461166985,-198.1396811570421,-78.12863794995002,-1.8688963506460616
971,-482.434599655539,-41.45651520155603,-187.97724531124322,-75.96642986290675,-2.864482110975026
972,-376.5179835244588,-40.8773564879895,-195.68556722816587,-77.01997490416763,-2.974782683415264
973,-581.821761306244,-33.27014226685875,-218.29416528425185,-67.64755000377332,-2.922632751496171
974,-510.85949980584206,-47.31190697469275,-197.8318457798936,-75.02397545054744,-2.9935304191511567
975,-262.83808282379465,-23.226395156907962,-199.88570478452857,-74.00764144287743,-2.8698758436902696
976,-478.17472434064575,-52.37087118348121,-198.89559521597752,-75.36585788062564,-2.390558553129805
977,-515.0484232093519,-26.60993510715191,-195.23735691708714,-73.09081167622347,-2.631750075767456
978,-608.0801523417057,-49.55966798863581,-189.88668866089844,-69.42404756342366,-2.7706028680757036
979,-450.03625779968047,-24.512045878572753,-194.544487755397,-78.77935296635984,-2.6004403702013814
980,-554.7882194057192,-49.3807651132872,-178.88244057678077,-73.61608826655545,-3.3457616494970166
981,-600.6046841391158,-36.91521004459202,-188.7153977363624,-77.11779515337722,-2.965660916718139
982,-449.5617513124401,-38.51478113239729,-180.0840269489706,-79.4102509117223,-3.1436828151612635
983,-676.2783851754672,-41.64648803812078,-190.34774138780125,-74.62727763173875,-1.2715340289500257
984,-398.15443114998743,-36.67725346928999,-191.89244286813906,-72.23377025933942,-4.720884440665682
985,-539.3543972632347,-17.98500262332958,-192.90754655684285,-73.59633336220108,-2.692850316545907
986,-411.31843570236236,-21.423493161924846,-194.56132654219365,-76.06908225098115,-2.0573775990728773
987,-418.4396214463934,-37.33505061555562,-193.4214356301412,-76.1980533011512,-1.7763984476923296
988,-576.4181483768816,-28.237828246710393,-192.47577426093113,-71.27406394600065,-3.428546582432458
989,-524.2350277877143,-30.612573666207474,-189.4954903200567,-76.43714563998842,-3.632647879402317
990,-568.5094999841075,-20.091517036875942,-181.7522554338179,-78.60547484023444,-3.0015014939167544
991,-377.53313927161804,-28.99935448253326,-196.3162651216947,-79.43957081768055,-2.772546893032004
992,-505.0929214068927,-33.32708599026324,-220.0733283015259,-79.70177209934951,-2.833505966250973
993,-543.509417875711,-45.01238844438252,-205.11715642084218,-70.2568354555259,-3.837232196172664
994,-478.9573158556564,-43.689211749002354,-190.58035026311055,-70.97710704753432,-2.6686656392051558
995,-559.4212433577324,-36.55745610466884,-199.3116873648463,-69.74762370153823,-1.593673384414901
996,-406.84004160387786,-35.27360175746629,-200.93870160321416,-76.09528065407953,-0.42062604755761407
997,-351.45251213357216,-24.262671841012622,-191.74414806746228,-73.78610887648145,-1.315448741937062
998,-497.90018146209155,-39.00417589405701,-189.70750997460786,-69.49487644882001,-1.7296681361370803
999,-553.7506209376194,-56.54323277625201,-207.80622633913015,-70.20138031597092,-3.922344906317739
1000,-529.7476125276519,-31.06568489342582,-180.7241725473134,-78.64883357693127,-2.1977093072984992
1001,-476.76225655081504,-39.118828368114485,-200.44663329112265,-77.13695680738256,-3.6969940401711097
1002,-479.0004779861622,-38.22818751006718,-208.13849652966428,-72.16026912264964,-2.802744946462392
1003,-415.6566452230037,-51.71647019845535,-179.28453286590985,-73.44815364660202,-3.111229112362376
1004,-560.4443929111519,-33.19866194955051,-204.30579054462157,-72.63689787035241,-1.8092583228665446
1005,-475.8410891697961,-38.40535040196985,-180.15863472721747,-73.27679872544533,-2.735495332419549
1006,-295.7041374602146,-19.327502743288193,-204.70860561026004,-72.8520590082987,-3.9627694965771685
1007,-447.1826939839011,-23.8678994680136,-173.69645989074573,-74.97519116140523,-1.881292588196271
1008,-623.4971762506873,-43.41682106188725,-205.1922188325718,-73.79239270064281,-2.0494386435943404
1009,-530.1746898982823,-49.26723093802992,-201.62422324136858,-78.26155035848652,-2.8471931252652185
1010,-409.4579167946911,-17.765467585122792,-181.28890680094835,-73.08690406370482,-2.184642674584081
1011,-441.7848442776082,-40.534356662225186,-207.89820608624555,-70.61778064352374,-2.041084823064993
1012,-472.8291526163402,-26.733666123173688,-201.5680039328996,-76.2389056327335,-3.0143864012272346
1013,-528.9225748159618,-22.079658628353645,-219.83830541223472,-78.33091480125145,-3.1575195749262814
1014,-500.58782113662943,-36.084194087481315,-192.076441181581,-78.1396340161385,-3.6052388672346627
1015,-588.7681532849979,-28.679130621391792,-211.8152614056657,-73.82495578462749,-2.8923862345281783
1016,-526.5764187269313,-47.680329000011824,-202.1664416408193,-61.808824793059564,-2.66770121740743
1017,-635.4815963875286,-27.531533636865813,-209.91882461509022,-76.12924157372015,-3.4920431347822296
1018,-487.4991129089419,-44.61358171398997,-190.6564448829024,-73.38768028668048,-2.9540895412403207
1019,-430.35757043771224,-45.181336058561726,-187.54376181754506,-70.02977359202193,-2.620057545966093
1020,-319.02406160231413,-21.760046992928167,-178.55543248280253,-77.83306768180337,-2.355921321711041
1021,-530.6547426677027,-32.28744716926134,-216.8857060435693,-76.72384931940324,-2.9360022616879746
1022,-567.7198673948419,-37.79386480111106,-198.99901602794174,-65.760584312278,-2.8304298138524477
1023,-516.5842341650482,-24.151555842076974,-197.11097737006884,-77.57907809299424,-3.450542694741269
1024,-486.29668779151126,-44.64128932825409,-212.29027384449137,-72.35585085946916,-3.955199044728292
1025,-504.0602196940827,-31.087905188567994,-187.0812406107861,-66.8953042424639,-2.257932207051395
1026,-455.57302338454997,-28.580519253240556,-202.21555666040996,-73.75634356587986,-2.2678788395599154
1027,-505.24630387968915,-55.482980761256705,-200.28701213278987,-77.76546242706443,-0.10932065249744324
1028,-432.7576978599283,-47.847703741611824,-191.97962200624673,-65.80021505156931,-0.800055638239869
1029,-467.41891869295006,-35.225409392378964,-210.29806305412544,-73.4862635248149,-3.0492725786414945
1030,-574.2022414712263,-35.958558658781826,-201.6666375999977,-80.65048149305926,-1.6143973287856161
1031,-545.3367978060998,-32.941478687672564,-179.56478396118965,-75.56632945725491,-3.3938751156497053
1032,-554.4348320796669,-34.69524641168495,-193.87725095011,-77.63004817566008,0.36190925594470585
1033,-507.8152557648321,-44.91456356124296,-196.03725931110444,-75.52592040423025,-3.6092894093347687
1034,-517.4047584175903,-56.51586254697215,-191.40998564306756,-73.56780995520633,-2.1916012015476727
1035,-578.2804475295766,-42.31902964146552,-203.53585606158128,-71.29044734055108,-2.200856341875957
1036,-421.95334782056267,-40.634650214292954,-176.0712878682158,-73.2879070764931,-2.83132468731558
1037,-486.1396612719455,-36.70177029729073,-200.19042433509625,-74.64064711633301,-4.129332270938417
1038,-392.1222704825078,-33.06052278076565,-210.97216358475487,-74.05291055634345,-2.8049389316032145
1039,-564.0890614996393,-27.253277160007794,-188.7416412074113,-74.57374208087158,-2.8806478306660512
1040,-650.9540230660759,-40.83530796743317,-192.0921762757246,-67.85062321073613,-0.9471378376519619
1041,-487.9306651776307,-39.53513444201003,-190.1682102506991,-67.1292748213282,-1.5551817558055698
1042,-444.2632248597094,-23.368171833564354,-188.78842349917267,-63.30290334513502,-2.9435623771774244
1043,-501.13897070008005,-32.28011561089102,-190.09042300161627,-79.10738927981983,-2.329537832922112
1044,-512.3673860622631,-35.765231638269206,-187.16147834082662,-70.44752568359138,-1.1792457189931678
1045,-410.78567440252374,-31.019881642869663,-200.51737584177368,-67.1327373800885,-2.1759909592972586
1046,-596.531022465488,-40.257795156579775,-184.20395901557785,-78.70221778899281,-1.2198457173312538
1047,-449.1213373360101,-54.57773739054839,-206.5992717948783,-70.10460904439996,-2.373117169658056
1048,-625.9918480511421,-38.18823989332915,-188.14633183120674,-68.34662556814457,-3.4823083301073794
1049,-428.37796265799597,-45.09109474830328,-199.69851029867675,-80.46614482249605,-3.867084244667198
1050,-508.37400611045683,-38.055472899684126,-187.10594676798692,-74.94422817714468,-2.4329840981007202
1051,-497.8761495241144,-42.55342021459883,-204.4629838175292,-82.43532031536881,-1.554998796779652
1052,-476.7406536850497,-48.57815398805632,-188.73659915861268,-78.75491288309975,-3.566079643138426
1053,-611.1604724569775,-17.35591131293127,-215.7004916415395,-72.9730694323363,-2.0464969301085696
1054,-542.8028118284938,-31.458348206362228,-199.8063553946532,-70.93316987046535,-2.1968213309408084
1055,-571.2765491729402,-30.194165667329205,-178.38830230559822,-69.50238252887902,-2.6376903698364913
1056,-359.9769795592654,-44.7252860646777,-201.9281572071285,-70.95622211298276,-1.2941826717005867
1057,-319.69407777403,-23.940174357810776,-196.83950003369876,-66.92827829120607,-0.9087307619604625
1058,-597.4599308688461,-1.4724098543811437,-191.98824091179895,-69.44277765461011,-2.4271701041549516
1059,-489.0517258986736,-45.02358598587587,-196.31730675469043,-71.35039854796156,-3.4391351226851112
1060,-484.2023340887647,-43.472994183911865,-191.98876450233792,-72.30559489549667,-1.9077586997530087
1061,-326.9196070380031,-54.54603908970117,-183.96309920088027,-69.79357822598148,-2.5542889138714875
1062,-479.134412561223,-41.30025449283271,-190.7604590332352,-67.2704297986091,-1.9209969328967755
1063,-476.2729938754957,-36.78474801896764,-217.1321625562021,-71.78723639568251,-3.2247195492247682
1064,-523.793629487865,-45.632882260848724,-190.4727202027362,-77.7874793351041,-2.405921302514313
1065,-530.2550028360171,-31.824345141540938,-190.99062710689674,-73.89152651871355,-2.2043500633728903
1066,-517.034674732827,-31.00786835920044,-183.76331084471397,-75.68179218528631,-3.227394494567983
1067,-410.9558271051872,-16.027335680091742,-200.88873325247192,-70.55228893397526,-1.420636291360685
1068,-411.6256543694748,-32.37022210339373,-213.87215777326588,-63.744172169619084,-4.00817757895277
1069,-568.7893356792028,-41.949775231598856,-190.133529862599,-72.2676542386275,-1.411108091859132
1070,-542.195185564842,-51.36573449449338,-203.2941878780653,-78.27504250812817,-3.9031290848878415
1071,-482.7705930196414,-36.742412632978926,-190.51384809864075,-64.16975977764676,-0.06464727872551104
1072,-564.5263400806442,-38.121282490075956,-211.40142353779385,-77.27103443372978,-2.8244081389599662
1073,-481.2109902015691,-29.190066178144303,-218.4070393956519,-80.33917574492523,-3.891469218121086
1074,-529.4084480547632,-33.24015508252479,-209.72187344285172,-80.31447270242991,-2.375712166351452
1075,-488.3845221622662,-31.43609845518202,-197.5345073608775,-76.93602969448976,-1.855290453863708
1076,-561.2378974933338,-32.29477633668797,-175.63241330253246,-81.41431250217548,-3.0252476811018667
1077,-375.8027215052434,-41.109100011345916,-197.2745228749343,-74.75313311351624,-1.4659210946557215
1078,-533.933451053143,-23.95412853666828,-187.3481023682474,-75.64415628544552,-0.526363516165453
1079,-473.58536450507484,-23.667921834344064,-189.8424264357396,-82.0511235797666,-3.1443955177208665
1080,-453.51017706130847,-38.75786772651809,-193.13512465224204,-75.44089782868217,-2.725458082105756
1081,-534.9935108372576,-43.097663603129824,-201.00718123757,-80.44034616181727,-2.9214229267046665
1082,-467.5606106887037,-22.264486131161206,-187.9163046042807,-78.86629706469816,-3.3609937383634256
1083,-476.8713026375784,-37.01410434038928,-198.86322359621005,-77.23968142708118,-3.586566127130537
1084,-536.9985015052472,-39.06418545598123,-197.8232320074506,-71.4581130777053,-2.4067068418041937
1085,-614.165331042932,-34.432029317279984,-188.71167529240452,-70.56628735108795,-3.0823022737714485
1086,-597.5368190747236,-32.71528387934399,-177.32887497024228,-77.25327424933894,-2.760249614058692
1087,-505.5562503611013,-29.36936868695896,-194.24918283734416,-71.41746024973311,-1.1917330207009804
1088,-451.65305116382433,-39.78804460502588,-196.51729475897332,-77.87059510874633,-2.003429974701478
1089,-556.5546233603532,-31.707559514545082,-186.43965944616198,-73.61852138752823,-3.0170377990686696
1090,-417.2453756465443,-40.054023227795824,-193.478632869314,-67.61318896533813,-2.0240947774845712
1091,-564.8532589321122,-40.418495789890855,-193.83319057298772,-73.49290410907673,-2.846293043319797
1092,-412.8131315354543,-19.051519101986088,-193.4824456009834,-79.73820842228395,-3.4301633856748555
1093,-433.4513642780873,-30.588932450070413,-197.4000808116603,-80.5384040901122,-2.9527351241831634
1094,-473.92653336318364,-23.665100893417144,-203.30672681904178,-80.8629882483016,-0.17894380611085292
1095,-389.46007824587275,-24.56886527568931,-186.66242203075504,-71.1443031319095,-2.161291446247104
1096,-523.4452621368215,-41.06344284088684,-176.490612197201,-78.74668212825186,-1.3950280895636322
1097,-598.4895696280123,-32.87218621178269,-193.79029966972013,-73.22276431989536,-2.536529166885076
1098,-530.2519811958553,-29.514488289198848,-184.3220041209031,-72.47532653531246,-2.192308241925904
1099,-430.7212644183232,-28.490843485760234,-212.7818344820934,-80.47635015170167,-1.1155433821041707
1100,-591.7589791629248,-37.96876320451269,-200.7030369588957,-74.88286599954898,-3.34196297525641
1101,-595.0741592119173,-45.60755327937313,-169.74847377303377,-81.70601751710572,-2.258269197004443
1102,-435.809935663374,-16.803727190357346,-187.82909926954608,-72.42515568498258,-2.302914236214951
1103,-499.79575666614494,-41.421434417878096,-190.2133958151934,-81.55114815224937,-2.3485990033460276
1104,-549.1244527045092,-19.146049412790816,-195.09675537143164,-82.75410266008781,-2.267170480586545
1105,-493.0881679018638,-36.777942597489016,-217.26540358693978,-71.34672966756062,-2.7506899185458042
1106,-526.1707286937886,-31.904778057184586,-200.75601658931905,-61.18242494432374,-3.4040881052202403
1107,-573.5585159335398,-43.35524537302928,-182.33879491132816,-73.3017979269844,-2.883836612119962
1108,-565.7794953115086,-39.52363177228192,-194.5855406793232,-74.31051776106963,-0.9400396649092723
1109,-505.6028533030669,-19.937218346579137,-187.982996448212,-69.11140341603982,-1.4237916661590602
1110,-491.51942857218944,-50.64583799306137,-181.70004553130013,-76.99834190988919,-3.214427921391734
1111,-418.7128867281423,-34.61587126763185,-193.61758876392778,-72.22775606711384,-2.9930523349426914
1112,-598.1394208063807,-43.71562298725771,-194.49645438347036,-71.57440282652043,-1.9002439898547654
1113,-473.38768206013265,-45.11970881822147,-187.60204454661488,-73.98478844355935,-2.9330717527032717
1114,-568.4691461535131,-40.263304106163,-206.02444881302466,-70.12980811844865,-2.3907306121009824
1115,-532.4756298935371,-19.506937909660966,-182.2014866476249,-79.19902216123,-2.5198431246152286
1116,-386.8541153202505,-59.09691583269117,-192.86675388049028,-74.51717142246382,-1.5874045737971798
1117,-485.49577078360085,-62.88220899015841,-194.8141748483513,-81.35784736482343,-1.0902827681207192
1118,-393.3413504654969,-45.723691517424264,-189.07494717614654,-74.0973570814443,-2.6098080777080463
1119,-433.77470631976604,-51.3173759279864,-189.59275515510905,-66.40502746096395,-1.6661427946902523
1120,-497.6220909194619,-43.37163768888208,-185.78844004172404,-70.51088852791564,-3.004401960949493
1121,-417.9400405688778,-34.54294905250097,-195.8598018915509,-79.64836608918732,-1.90971723445603
1122,-523.8615362124895,-47.74663765448539,-195.02778616976948,-79.43930225862822,-3.4493397944217685
1123,-607.1838740248108,-48.93345014639886,-195.82834320813924,-73.03586612074804,-1.7802444767156518
1124,-453.9934209547417,-21.583393076163908,-189.16558901094226,-74.0483146047287,-1.9893619894815087
1125,-502.21345211486323,-39.37272832248808,-171.23101775736276,-68.40107926511155,-1.4248342490983292
1126,-560.6914461315524,-20.415040638570524,-205.02249907606966,-75.23469636118556,-2.7336105917023836
1127,-598.7592688853953,-32.778557943051524,-203.106532791174,-68.51441378008043,-1.4937643685132092
1128,-570.4964223012856,-36.40750179075442,-194.08408500971612,-73.1030887029602,-3.415919152771738
1129,-517.8344835875001,-53.084075977592605,-189.94003748719751,-69.73794170782416,-4.497794474818694
1130,-550.6109701582238,-39.22156745633922,-196.14603967134326,-66.76311602486406,-3.57826090603793
1131,-483.8374999938654,-27.86065821885869,-171.5659565726804,-70.88343571255382,-1.4376518536038536
1132,-477.22541638034795,-43.69914438680026,-175.4979440315857,-76.3838286533251,-2.5819512139751826
1133,-506.2821188667412,-33.62884737865175,-190.4243208048208,-77.54421694109823,-1.3943340217617641
1134,-525.7695097086873,-28.929943771315777,-190.58863926145148,-72.23023960419215,-3.7038543851405366
1135,-501.8769090414238,-30.95895429649789,-182.2583083576447,-78.03583180136694,-1.6208317253931956
1136,-630.8777965079713,-43.88097401757712,-210.51481737188845,-75.21624246407232,-2.5319034609750735
1137,-380.3472307188998,-40.13354124450317,-215.55638966116766,-72.20780811842393,-0.8929606503614075
1138,-611.2778681683708,-40.227775370209535,-196.25966090490948,-65.94393054253045,-2.5205139810333668
1139,-543.3993850264053,-43.15746633055004,-199.96950409393622,-74.11024057966877,-2.474649598119188
1140,-540.3668112062788,-41.43497531218745,-203.648975689722,-67.93589863304614,-2.479858545624265
1141,-515.4998658147739,-40.09593979576862,-187.48860657481833,-77.8568778646382,-1.5887302528524376
1142,-549.6761693118962,-43.284945952400754,-198.86479572849586,-80.32882868054715,-2.3402088435650095
1143,-564.3869962590377,-26.04597271336347,-190.01567439166686,-65.77198800622958,-1.9478529088955616
1144,-554.7460872906234,-42.620155486806205,-195.9007958728924,-80.49210466992824,-2.937553840164824
1145,-496.5746468059759,-33.41798896491061,-186.98385462815952,-79.66121093597015,-2.4013190306923264
1146,-504.52466969104063,-46.636575532253126,-204.42607563668693,-78.36698932367345,-3.9140775378421204
1147,-487.02848697091156,-59.98085671599675,-199.14412283618685,-68.55870629641252,-0.9724900160419242
1148,-497.20419102719563,-35.57398872324963,-195.64854630149702,-68.81833111768984,-2.4617198768078916
1149,-573.1230719669228,-35.63039442374546,-173.57865848061556,-73.36958883103762,-1.4150943879585332
1150,-567.1258147013589,-42.541575502344564,-211.56907143036142,-74.07393353804473,-2.7727557095384845
1151,-571.9714383636427,-37.73738649856606,-207.44477404364798,-72.65056919078097,-2.6989673017607205
1152,-676.3161489957341,-23.582745909892473,-202.03056966807725,-76.3252363136113,-4.159831976091324
1153,-564.1547765588128,-34.294729702880325,-187.54858287103733,-71.12093470631375,-3.715780600742997
1154,-515.3135916200672,-37.450542680933005,-196.2696851034364,-62.717959444976096,-1.699914322977719
1155,-579.4926040245491,-37.03714215384755,-214.02964090825327,-68.7666101386072,-4.006533061389296
1156,-480.119319739942,-22.438052177809652,-186.0287253542816,-81.9435935599724,-3.0672319366670058
1157,-516.2604285200152,-27.005482544360163,-201.935670532938,-78.51994378720515,-3.215853860651131
1158,-558.2900107398507,-52.63809047801547,-191.68554465536977,-77.1835414053075,-1.6883867607735736
1159,-479.17410159061603,-34.30137974587846,-196.012499899523,-76.39929534860106,-3.2396670027970798
1160,-546.0707993286809,-33.4937748845114,-197.58259184140456,-67.29881278727619,-2.4289117246764085
1161,-478.1284817546809,-39.96707160569566,-202.38003515529869,-65.59023324661054,-1.981641766498201
1162,-479.8749301408698,-31.64566069771785,-181.82341582312515,-66.08922515049011,0.5001402803203782
1163,-491.9179998796684,-38.604329560762324,-191.54231219883636,-75.4377675980735,-2.350184529134571
1164,-527.9888327875418,-31.274364650036613,-177.36018857777418,-77.04089891213538,-3.026384446302495
1165,-428.7416507473922,-37.59176665514727,-203.01027213157818,-72.31721458398958,-3.268445419153208
1166,-546.418562286575,-34.144659049501385,-194.43867345435874,-77.32269017945623,-0.7209786719962733
1167,-530.2780266678524,-37.743300018891006,-192.4486134319043,-73.42415854053476,-1.1795670832929155
1168,-552.0871857494625,-46.085046574556706,-193.2380892656025,-77.94373820010586,-3.5856793934475037
1169,-388.0771949116312,-36.58888509384835,-189.02495134179833,-73.16050448120156,-2.4600377468375
1170,-527.799169073134,-50.997509233987294,-190.10871161364238,-73.40450366321824,-2.8889278840980435
1171,-550.6284997301275,-22.9873796246248,-200.8164729746065,-70.5457639493773,-2.554926348552846
1172,-502.7448343474772,-38.50285230032547,-198.57093920123015,-82.4810524155179,-1.6713883796237115
1173,-380.3295711350883,-42.106069592803394,-184.19235127894163,-74.30463615543788,-3.4210300492611876
1174,-522.442104991563,-38.18879431680423,-203.67530166021675,-73.8608389951652,-1.9710366936544925
1175,-453.81038650143535,-35.52752291764768,-207.5042194025461,-69.90367346106099,-3.856093813526035
1176,-550.2215548457202,-52.43842087190671,-188.34178711139378,-74.02061852086192,-3.286718607322177
1177,-526.7938789245583,-25.254953345030923,-195.39996252954853,-78.77421055238963,-3.02210661015739
1178,-443.0717314374303,-30.73093813120073,-207.96588260436988,-71.6591771277901,-1.3087196491696753
1179,-605.0148783269784,-39.47641811589235,-188.28165033872008,-69.18031150621493,-3.0394115500844228
1180,-454.75505432943214,-34.589919795493586,-188.24028198626505,-83.11358878605982,-2.8324669910054947
1181,-383.0996739414468,-29.02562659745021,-205.72174959831344,-73.35370717698343,-2.2169494235912364
1182,-483.7740004610654,-52.081930734592156,-192.8199374163128,-70.86551116817527,-1.5432227948384574
1183,-560.168727137788,-26.50386051278612,-189.3574430660115,-76.30436253149313,-2.5182935841053977
1184,-449.65719826655715,-44.24715623325973,-210.5048315204802,-72.15755204810041,-3.270545061460066
1185,-530.5085195282066,-33.4334091542083,-191.2558903005418,-61.930121232728986,-0.23635069345314397
1186,-573.2555986877622,-21.952301711477674,-178.12131134797914,-74.00644394018028,-3.941753365545437
1187,-367.8867522770745,-34.44750408587722,-216.53894452771843,-75.2533682297364,-2.332240456196152
1188,-486.15692696393086,-25.61742006462367,-199.7183717618032,-75.15689294514685,-2.5756849678362705
1189,-566.3003116743495,-55.433490710363635,-183.28755015449914,-73.36638896956462,0.018321074237572104
1190,-590.4099796606644,-45.8067252603031,-201.35550762458354,-75.70243067372206,-1.5077504349004027
1191,-506.7620685247274,-44.917117625193036,-176.21976846848452,-73.526659619231,-1.7929652480297409
1192,-542.5190533800832,-39.290614939045,-196.00551370854924,-80.4080130971614,-2.1124142348698594
1193,-485.2999864974214,-32.778117115354256,-190.8270818861438,-78.95612727367667,-3.863654955951611
1194,-544.5063826954223,-30.389130820626093,-196.62455863790981,-76.84673931918024,-0.6334644543841457
1195,-533.518728465374,-40.879592680990775,-206.2647567241881,-75.95661832201422,-2.8033519656070376
1196,-476.80331184494554,-32.04502488144936,-189.2274714702198,-70.65862808712936,-1.7185592367409785
1197,-433.3182818128574,-33.279992497778586,-196.97558605239786,-68.56595183522418,-1.161385469638552
1198,-590.9696209087064,-46.50250004989608,-202.53493779474096,-83.65023271964422,-1.9961741801419683
1199,-449.4107769939471,-32.11078879166075,-197.29985263964528,-72.62785014076506,-2.9643781460158736
1200,-468.25333706570575,-50.928924409014506,-200.55555558385808,-64.29038553273361,-3.086899081895514
1201,-485.47504214941563,-41.461568091126,-193.0791065982388,-76.35891797021624,-2.6897761778044313
1202,-407.14765047915876,-43.68214384268026,-191.75030568888087,-76.23154141791568,-2.38487618254759
1203,-392.5091648742195,-28.208246748185402,-191.8171500761311,-73.29368623456826,-1.0888951960221263
1204,-557.4304213201801,-29.709155181736264,-179.10352942306886,-75.17803334670292,-2.2056499682800657
1205,-342.01705584116087,-49.17713832170495,-188.04461588281262,-71.4008195591176,-2.0777895095183028
1206,-479.5405961070865,-45.49311569351091,-192.64350341193114,-71.53972888192406,-1.9122755145932426
1207,-500.88851093131166,-41.611208667884775,-191.82054349348135,-70.88470590109354,-2.690162347077064
1208,-551.9360382781423,-24.988452937387112,-180.84927601779034,-70.68741216694978,-0.63767193672232
1209,-495.8940172397937,-31.230183401851146,-181.7675820985973,-72.06845466189469,-2.826622045573519
1210,-534.3861437839514,-28.29129684251135,-175.34427893779267,-73.53939714369338,-2.3819591186781333
1211,-466.2562995491398,-37.041312930040036,-198.52256597653397,-71.8047160076884,-3.0271966087771607
1212,-546.311955568579,-45.17555250789447,-195.40077909018436,-74.45089017724845,-2.2428417501433695
1213,-451.8453560029,-28.521180074707747,-196.81947784063956,-78.78645171966664,-3.673297343805496
1214,-591.4681712682052,-35.74917622932197,-197.111277213421,-75.10281566481152,-3.1531080114765104
1215,-487.151534064621,-52.1265335649865,-178.94635252749788,-77.14379787117615,-3.4081299618315
1216,-372.2821773193981,-48.84720843943993,-188.69178251362618,-76.79235661463142,-3.129361886701681
1217,-583.7052505208331,-26.845782770193768,-196.67999472837005,-73.97230279193529,-4.088374365354834
1218,-397.69205029840526,-35.30925004195204,-194.62471634863576,-83.63245526281727,-1.9641795235742139
1219,-450.5117966955355,-35.08100601674395,-200.95769644523583,-75.16341022798753,-2.072512555546961
1220,-523.3496717378696,-40.740849062636194,-189.24745117620853,-80.89425462366492,-2.6555477904699547
1221,-625.0612936651711,-40.903380478761264,-196.6603001072507,-64.12255985175119,-1.723607399187182
1222,-525.3884099187347,-42.21883043104468,-196.99592775725208,-78.89874263997444,-1.719039526502363
1223,-514.4917515719973,-36.599089335208426,-189.05540486047923,-70.37984692162202,-2.002147248744183
1224,-621.416424337341,-37.43993405035616,-187.75780609773986,-74.14894739481346,-1.6953886980476962
1225,-367.8017707044733,-25.465268550164264,-201.0957998454688,-76.25944236575239,-2.2509261219948344
1226,-602.3995446318343,-35.56098328455413,-205.3648962125214,-75.79200231221917,-2.753956735896991
1227,-486.2115917082737,-17.621067503050835,-198.19325436774457,-79.74976203366614,-2.5612340090993913
1228,-466.31966762183384,-50.74567737963722,-200.7954787572992,-73.68571037534402,-1.7490842070424555
1229,-676.9619091303243,-42.62818372955363,-180.597772331481,-78.9140450385497,-1.779350271762776
1230,-552.6861182016305,-43.04455712733056,-198.99340958333931,-76.35220610027044,-2.831471588270636
1231,-493.4136117367245,-42.817734789964646,-202.6201215562861,-69.30142464512217,-1.5125869926073248
1232,-434.51975748106815,-48.43216380814791,-186.12046408723205,-79.49285431944726,-1.9702857473350432
1233,-595.6642625368638,-35.449074614190906,-187.03007929206402,-72.92356892386249,-1.7413992091035597
1234,-407.16568836572503,-38.1022150278131,-189.5860685551491,-79.31555467151883,-2.76093898589273
1235,-560.6976980362264,-31.289106693420415,-211.8668989260313,-72.86603241444192,-2.9653510871411326
1236,-485.5050817442727,-41.99231813743235,-208.39659489796557,-74.02763796717667,-2.5993045287810284
1237,-562.5243938654868,-48.626493187868945,-191.4293982241664,-67.39049575923472,-1.838573900258906
1238,-408.78972337035236,-46.21838658145892,-198.5110652899627,-77.86840792359044,-1.52449505832581
1239,-416.4820071087893,-22.616170195765225,-202.39307320024966,-79.27488903927815,-2.9036696372818263
1240,-628.3024514554829,-41.329626107074446,-196.61114392187682,-79.01023067393291,-1.9490377865711748
1241,-419.1981327128303,-42.17803437319242,-204.9368912659561,-77.22585228304487,-1.7128984730209935
1242,-541.808838297676,-9.59216277323983,-203.51187881222063,-80.85433857141001,-3.1041832440952106
1243,-565.3037253416638,-43.5532220136884,-180.0099537336593,-80.91285938731345,-3.3014125850594476
1244,-447.12437878074144,-40.38075231820166,-194.38843403157514,-74.13574162064026,-3.153212565646303
1245,-473.40511133459677,-14.791667109285665,-189.78098820176623,-67.3139822818988,-1.121222539480948
1246,-670.0829890689247,-48.34204762129858,-195.5477794584776,-71.21228316120659,-1.833949653157835
1247,-348.9099786294191,-45.95061055018503,-205.02265403999147,-74.05983947233011,-2.5076802537390135
1248,-411.52724035597697,-55.56284923242079,-208.6762822826657,-70.94326924172123,-2.420137371337223
1249,-531.7898142600594,-37.0514814966176,-189.41890356180326,-74.66306577553316,-2.9169457474791685
1250,-524.7081960136824,-23.439379104365937,-171.3556639092863,-69.4402050635337,-2.166597207054526
1251,-585.3278147163746,-37.028911710009545,-192.2806741988537,-85.04935630203136,-1.4875662097755098
1252,-381.68071568107615,-36.923835138265424,-182.58468593424803,-80.80662905296657,-2.2966004103087068
1253,-512.0884148333914,-41.854702262029726,-182.24820119759707,-75.23097143401279,-0.6852533376199623
1254,-460.7536796852669,-41.69173271510246,-189.63776352237034,-76.52442805060262,-2.4870295710542414
1255,-470.38962957666513,-27.714982637714044,-202.35732373694043,-73.37790956905282,-2.927645815239251
1256,-439.52985754303154,-44.46126204460095,-196.16282450386717,-71.82999762579503,-3.4531502554869546
1257,-526.0657630954626,-23.48203743711738,-178.94559844256696,-75.9713094155073,-2.4110672702091818
1258,-544.8388958540087,-49.80334937616323,-187.40607818418417,-72.00758896114553,-3.089416001934319
1259,-493.27325958651585,-28.551671857474215,-186.32471140338416,-78.17447150701658,-2.029454007144386
1260,-432.4817098352271,-38.21353887034122,-189.13639174877613,-74.43675685780968,-1.9081211761317816
1261,-319.5584114923009,-57.39857646500202,-199.8414274213963,-75.25870700059419,-2.856178605768215
1262,-436.6669840066967,-39.14960969638737,-200.96918190542914,-75.23511801260818,-2.128313850732115
1263,-577.1462676762267,-51.59921050943346,-185.99226867468752,-70.39698211106366,-1.2628309720951845
1264,-573.5679784122175,-40.88862473644986,-188.18638040771617,-72.30382875967729,-1.713169039123069
1265,-479.7588971447246,-54.61701531492966,-194.09058431079924,-73.21550905792752,-1.5212474049220084
1266,-498.8074343209689,-35.23954819082153,-200.3658799771224,-71.09723652005178,-1.8780394547948045
1267,-412.08839584059496,-38.15349596479352,-194.78720196113778,-68.16785389814386,-2.2576259352011174
1268,-665.930974590018,-35.90036579951501,-192.71425497424505,-71.29995287447349,-3.101888325027833
1269,-469.72233197192884,-45.13476181557196,-204.0021595232517,-74.3355016896033,-3.0570408366661717
1270,-504.55457050979265,-22.99061660322896,-197.17851572261307,-70.35252162481613,-2.5014254365716146
1271,-443.49062758644556,-41.567501897641044,-187.5302562613629,-73.91355963894672,-3.588674489297791
1272,-595.7698707156967,-18.570450251642473,-185.9938747648993,-67.09232945847234,-2.1431359647362047
1273,-323.95817397875663,-42.8972271824788,-175.38486628005677,-80.17557395198848,-2.9543244634953214
1274,-510.1052732395573,-39.77141585380739,-188.7033784068701,-83.08869001264574,-2.0297589107838343
1275,-474.66898779981005,-30.373680778253384,-197.98259075595362,-76.83478532651496,-1.9836082407525597
1276,-521.18349414303,-47.69587773007689,-207.5018161023591,-74.13110848898779,-1.6330006472157865
1277,-405.61918363976736,-21.039708384787936,-183.6442538502937,-73.89690367365012,-4.462050039413608
1278,-579.9129602710144,-52.80996667802117,-184.24104486060213,-70.00828150017493,-2.6015733202563447
1279,-477.0345965603542,-46.75956334121676,-197.06971880840132,-76.28078201459273,-1.0987585250014487
1280,-430.3615718084529,-35.10253033274735,-205.74618980207885,-75.02203902592663,-2.6114638208690435
1281,-503.3938603331754,-28.71559375613738,-185.2863789098825,-79.40250727865548,-1.8509841034115255
1282,-475.61690984468464,-32.3459353342869,-198.21876302777432,-82.09065830577457,-1.9327284371019189
1283,-513.5112665838423,-40.46482105877534,-206.29113745507576,-67.45458317554146,-2.009702413796102
1284,-444.4591074053903,-52.37797089375454,-220.59074791532558,-74.93084015828832,-3.2539139056341204
1285,-449.64295122242163,-37.95109913165167,-190.20798410599937,-81.67048079044113,-1.8057054672631172
1286,-577.4172478489648,-44.79692244788932,-184.6623171713114,-68.94521662493644,-2.366910886804261
1287,-456.9472253937634,-36.79889978226026,-198.01525383386257,-71.1948897294014,-3.136246258176225
1288,-684.4978252486391,-42.934986102302354,-176.58738375125765,-75.82216364895686,-2.610311873870495
1289,-530.9364001376294,-32.52467285447478,-198.50377018232925,-69.14598114267973,-3.1023718479436395
1290,-568.3826152509322,-27.99240985587379,-199.0082948539619,-78.60897203544583,-4.627363077371025
1291,-451.34749462807275,-24.044567186177336,-204.0413241138447,-63.56096989607629,-3.4698095263270847
1292,-336.3987314546367,-35.91705952679404,-183.45012688881968,-79.54632528784194,-2.964755592355356
1293,-495.8379074195432,-37.00616677596974,-200.89162349855053,-75.69264372486028,-0.3538128825007652
1294,-497.1572436809944,-41.16955191384085,-204.7650709504095,-73.98314065559585,-0.3270670554333841
1295,-436.41091638471335,-40.064456418053815,-181.09082746959407,-69.43055490189278,-0.8452853444827371
1296,-462.1884736999856,-21.352828085512012,-195.69763839256666,-78.11353905898295,-3.9960078353048996
1297,-486.23323873234483,-55.67534387723743,-186.0462545173511,-81.81460819930537,-3.3518522223941547
1298,-580.0319891394058,-44.939341354182304,-200.25357668426125,-74.86576589937155,-1.3966904913113247
1299,-474.639718988041,-40.73213291057064,-184.39115166279035,-75.82010263440918,-1.7356727540148635
1300,-354.1877873741617,-45.67598749568373,-195.1028086163953,-73.02544177451927,-0.3177635070895733
1301,-539.4217451035901,-31.675535670950143,-184.632153860548,-79.52910352978901,-2.18313122799477
1302,-584.6111056684138,-33.689199889938145,-188.1112377660323,-73.48821643124533,-1.844365112127857
1303,-577.7995544751617,-28.631104094934496,-183.39329910976065,-78.23013069784356,-2.480042398028723
1304,-440.5183444492782,-45.35017758092899,-201.353860140077,-75.97169732241811,-1.9920306090523376
1305,-526.1432174546422,-29.55222688288236,-211.80559614531623,-76.55055398336465,-1.2551655208133667
1306,-566.8218460598963,-28.61478491075667,-187.07504879385863,-64.23903180605737,-2.6849832572267496
1307,-556.3793705512362,-42.28223181135891,-206.98047177935166,-84.17985041477066,-4.597124885140758
1308,-419.2376852529564,-32.74132380914947,-201.4661842213267,-75.51087658545289,-2.2058194856282163
1309,-467.726343299542,-32.51474468468813,-181.53768691964757,-66.77508006110716,-2.6938223544658735
1310,-592.214695592722,-46.81490795305437,-204.06039619396248,-79.20573438029379,-4.563589961950451
1311,-539.7937656120209,-40.407692288848864,-188.33964951989364,-71.69309112269993,-2.1323306670938287
1312,-436.18646237921837,-59.3682891372293,-200.958759980308,-71.44233558830433,-3.176144972802294
1313,-595.0931501817541,-45.0448841086147,-190.19603285544343,-67.35110016725628,-2.2082419119978987
1314,-417.8942941833677,-55.81764800793715,-199.1052971503465,-67.5451237149952,-4.288994910345837
1315,-362.2635206605675,-56.179378734645226,-191.34960007343528,-73.83792553007419,-2.2752273462825507
1316,-379.81490521880704,-42.26605684925197,-181.55241252763986,-71.7364369258775,-3.292000844799763
1317,-527.6499273145437,-29.29375089738618,-189.32625405657106,-79.51293080942342,-2.6905639996600663
1318,-510.13157308971694,-30.780145127879745,-180.31759691581223,-75.71806997900144,-2.9278417513273296
1319,-465.9653533021643,-15.67561377283165,-194.59363007584065,-73.23037820054974,-2.596913451590906
1320,-490.58844838582735,-49.18092327689884,-209.27937580132107,-75.34495734631886,-1.5100363907328134
1321,-633.1443472418046,-19.078296553785904,-196.09434665432633,-79.71134978244687,-1.9832392655211661
1322,-580.6104238453986,-55.458192082868926,-184.61752936295005,-76.29201237398188,-2.6205520671165154
1323,-602.7632048842169,-47.61994381203459,-191.88914610175794,-73.66318464864489,-0.41956195948303454
1324,-513.6466465332113,-59.94854784587387,-181.98356344412863,-76.25874980427827,-1.8999475635338068
1325,-428.07712893741217,-28.588601149389902,-192.24615070265511,-79.77405022421185,-0.9969600730866213
1326,-392.9819340975325,-27.033339337806737,-181.96091988360274,-79.97120136677646,-1.19101391002818
1327,-453.592199681622,-28.654988348927066,-197.55122748174097,-81.3621703372607,-1.4697366574738626
1328,-448.53625401381083,-49.785246378084345,-194.24299083179818,-76.33144228059214,-1.787704603301558
1329,-512.8965082433405,-40.987743617329215,-199.83368541917167,-74.25700214220363,-3.4168288576432775
1330,-442.9197988650534,-40.476908787948574,-186.68243956698018,-72.67260797613046,-0.7163088354720352
1331,-411.0094801610804,-52.06942350298436,-210.02078590205736,-67.38725497690508,-3.077866247839408
1332,-618.582838820978,-37.96600745091802,-201.25307609250936,-81.70273469176993,-3.4107889202343262
1333,-530.8409436280964,-52.396758799177896,-171.70223714889468,-79.9934226190922,-2.8136808555606376
1334,-450.7869402797701,-37.77702010421799,-191.01426409042037,-69.21244021162335,-1.4327114494357815
1335,-464.445929270587,-25.47318188430857,-181.78451145155506,-72.0414645657693,-1.7906837543878067
1336,-413.11449595501693,-17.790021011620727,-198.76757426704722,-78.80883093453238,-1.5563041314196397
1337,-521.6288859916717,-47.84276761193921,-192.65698334146302,-76.63096075531209,-1.7597780967622083
1338,-489.6681553254247,-44.00735831260761,-177.4661502079743,-72.28862960300843,-1.3773418136123041
1339,-544.252965442266,-22.53299181779983,-193.38858738530294,-76.94967123478132,-1.8652487139165086
1340,-573.4514761214044,-42.95628880880345,-180.33457511437854,-74.17637303574297,-2.9601367437151143
1341,-507.4129381132516,-31.94567800372978,-204.21760020270256,-70.89225328092533,-2.371584125222518
1342,-537.7024263303699,-35.577989876261555,-187.47585185857574,-76.88990170008726,-3.67534967044556
1343,-541.2308052604221,-53.55303795085689,-196.7656097999228,-71.98809689667276,-2.959145505446917
1344,-518.0530547975704,-27.924909617461005,-213.84458116111063,-78.74068681550256,-2.185672940187742
1345,-356.5882726430308,-50.59672174041414,-186.575417719691,-77.24918924142038,-1.3568968492485123
1346,-601.0653576339303,-32.32749206534779,-197.76831890895247,-74.35347760002547,-1.4444340595175198
1347,-445.8145574525684,-34.2847455948854,-188.3753947035886,-76.36552822319688,-1.9287868284142708
1348,-422.20428665067317,-26.734926404386893,-183.17611011559424,-81.62062806952089,-2.986109545356205
1349,-450.14726035772634,-30.469968106465174,-190.12354382346618,-74.60929076630522,-5.831520620316576
1350,-422.34789039054453,-40.173586505776136,-209.1216008698479,-69.19832637862065,-2.1709827271870163
1351,-459.9659229187586,-49.578816246135226,-211.78799965869192,-82.60101572981412,-2.4326866928780326
1352,-493.25562297457407,-38.40010500922131,-213.45238819605927,-73.77240460131901,-1.9692969145680002
1353,-516.8121066088863,-29.48346860819715,-191.13490821514594,-72.60747562216173,-3.0309466146536157
1354,-501.96611194877994,-39.6883709874315,-187.4749808986218,-74.23819283730478,-1.9805180918637524
1355,-545.2580669704003,-40.916316242971995,-189.9038502405701,-68.67037166250654,-2.8613228992302546
1356,-526.4606962557857,-53.975644582518186,-197.32327823666932,-81.70179976630855,-1.5977819706342364
1357,-495.1292985934977,-30.64773158747558,-186.83232936054827,-84.27241830140287,-3.9871278261616965
1358,-498.5696247518253,-31.215753657784003,-193.5332535280848,-78.58038320787973,-2.7560104015203812
1359,-490.21729983614205,-29.014255574572523,-205.9525456145261,-68.30000982901826,-1.7109926958283377
1360,-652.401593415184,-60.93963283349975,-190.5696565983128,-70.44491603343721,-2.421216880472229
1361,-728.3946873753333,-36.09991782245748,-186.8729787412083,-77.65801661922386,-1.2025910485060645
1362,-598.2854061937506,-44.69925970467582,-194.21146317169328,-75.21491539721629,-0.7463520537235673
1363,-533.5660333827727,-34.75843307664124,-207.91838106011383,-70.873942371791,-3.1794528171793206
1364,-579.7494401113178,-47.82544131879357,-194.78600566815427,-78.91010434527385,-2.993459256149964
1365,-551.3470474188534,-42.14167079216025,-193.32873246106692,-78.7291062852358,-2.053167490311393
1366,-442.0678440729081,-38.612410763678284,-176.1752813982797,-77.92255865228088,-1.8696213701975959
1367,-489.5110661293136,-40.95582222828333,-203.61097769292894,-76.21324218480785,-0.9982539819001439
1368,-537.9571843343889,-42.93965634939117,-180.6029819737476,-74.84289236446557,-0.41637986652882125
1369,-489.90823776049933,-15.25763870611424,-180.9797389128927,-79.08139476380492,-2.699929613572754
1370,-397.1217053760832,-49.394919855587155,-187.8784755242466,-72.98930060842548,-0.7844842487745411
1371,-486.9434852024121,-46.965236553734016,-204.82456761916893,-76.18602762974224,-3.1295224834167383
1372,-559.8259038979506,-38.05501515117893,-179.18809724037882,-69.1796760669679,-1.4062886219422914
1373,-554.955898472482,-36.98681025262374,-192.2832449992475,-73.68692059036654,-3.236503141730893
1374,-556.6303981955463,-45.11482541305298,-182.65502512811022,-73.81070326890034,-0.18797893504217544
1375,-587.0391273727718,-47.107815790505285,-188.52431821997143,-75.26805935613766,-1.44868201531132
1376,-502.72385541247496,-31.040877777254632,-200.70488083840675,-69.25765723120948,-2.770543326427089
1377,-520.2486290294655,-41.97990884440236,-201.90576008892214,-73.81761361138544,-1.0797966137742898
1378,-500.45498225999467,-35.898412403098305,-210.4001501526285,-75.57893657977415,-2.019646649151463
1379,-472.69278856165164,-39.92731431059418,-189.17583034178838,-75.49658549791803,-3.20726266307479
1380,-581.0114228887549,-27.37521709212573,-185.0948726229282,-75.48194485604128,-2.3718069160271646
1381,-500.47211187473465,-50.857681338226115,-202.25377602395346,-75.0189163780083,-4.853208132095768
1382,-468.35360238939256,-30.160704191420365,-191.16356401326908,-74.54582720477377,-1.684855662103774
1383,-511.9314021595285,-18.39919745254827,-192.51743305396477,-73.57068167047355,-3.7608754690484556
1384,-575.4790742918539,-22.052335920703644,-194.23692326739368,-75.76980950832673,-1.2903442844364064
1385,-429.4939422051042,-33.66308233794838,-206.28187855782272,-75.80829468680146,-1.851166141394248
1386,-512.7568738953394,-43.15183868467259,-189.1424344211589,-71.18744364227132,-2.223390389940731
1387,-526.1212496087118,-43.36404373435859,-195.11113705358247,-75.24479734571662,-1.4544826022499235
1388,-549.2745347123821,-29.753974182845518,-195.9882502004159,-68.33428127262029,-3.175941727956392
1389,-470.70856325276026,-23.783174839998004,-211.1666293013794,-69.86405004297721,-2.5464809248521543
1390,-423.2028676466155,-24.32148973415657,-195.95736480456085,-70.33167427729664,-2.1905498355935378
1391,-452.7509035788597,-33.05371003606902,-197.84484734572854,-78.06941943391496,-2.0514111595202693
1392,-448.6640655105269,-38.253190364008525,-203.78410540948317,-67.72975412428302,-4.166282763660407
1393,-412.87759870793246,-43.74211414057933,-177.07774236731723,-77.51874647921855,-2.867310179941772
1394,-460.52253739175814,-40.322287589223436,-190.02826304401643,-72.81743492300471,-2.358744319095768
1395,-519.421589234442,-39.8765658866544,-191.6356596306351,-69.57464275494742,-2.657447685688377
1396,-516.1384910541967,-41.0828665747605,-186.0203100102795,-75.61526970638283,-0.4428983383897268
1397,-525.8275943031823,-37.47875577162043,-186.20201151478437,-74.67183826591953,-1.6454124731046116
1398,-540.1814696192545,-50.18005672085813,-188.64068198424607,-81.00664413789555,-1.5220051103099526
1399,-515.230139797151,-21.368538782158172,-189.6572369130429,-72.33021679676615,-2.5211596642543097
1400,-570.5624153643581,-42.59499550399721,-197.4186916777799,-72.18403215029488,-3.00494915910679
1401,-479.53541080640747,-37.244007015241586,-206.2204961709172,-76.66907453150654,-2.1002460140208243
1402,-504.9190626216645,-44.44922804016011,-183.217422786726,-73.58212729095432,-1.524014085086951
1403,-465.20665832709886,-41.54917505162589,-185.6212077725304,-72.19274144196281,-1.5198961705996739
1404,-366.6689088376615,-42.12488304258636,-174.65878984017755,-72.88685158998437,-2.23561602599788
1405,-553.7606936966321,-29.62740654396896,-185.46790701147097,-75.63846761973572,-3.988644589995979
1406,-376.01809246158274,-47.5781112887668,-207.6958741835761,-82.04527105707191,-1.6690559967132725
1407,-284.90774560345926,-32.8895083405003,-200.88383689881658,-72.85480622506843,-2.537531691785185
1408,-542.908435424417,-57.35351360829567,-187.91004574176822,-71.95053932287338,-2.196684373210626
1409,-519.9160357083662,-48.445902903486385,-190.13663197182223,-68.8827602739817,-2.5211282139933187
1410,-504.40141183229366,-46.79783988385292,-189.70958104557383,-71.09730107343856,-1.7672991438126495
1411,-445.22474949081885,-40.39436062284599,-179.56025469155227,-80.25249683510432,-3.6380590135523723
1412,-447.7304633992427,-44.72440522174228,-200.4125791172004,-77.6356805081269,-1.4329978273108874
1413,-350.7643854611848,-32.01547579691849,-195.15641813120425,-75.16574212476029,-2.846111264691036
1414,-563.5218388946688,-49.638146619661256,-190.54411521865225,-75.91806119503613,-0.9006110484141545
1415,-453.888029093739,-47.30106329112905,-184.77139447169156,-81.7240471777088,-2.9213260469534643
1416,-381.42753280574806,-40.086467976930244,-193.67371871750152,-74.48417801712336,-3.423193105636906
1417,-395.3889468637798,-29.055472546571213,-187.20171870830183,-77.41597944320014,-2.650820156793633
1418,-570.2460620757764,-33.08948559034595,-200.53282110111874,-78.19264647720416,-2.6282051645845854
1419,-518.701915552048,-30.329876846160793,-221.74282623741755,-73.31602334300365,-3.204173010028108
1420,-478.1642807775419,-44.38671783554503,-202.38414446817248,-74.85423069166416,-3.929544751360494
1421,-468.430575918672,-40.348754422295464,-182.79382961310935,-69.71135562146787,-0.9410401718574037
1422,-580.6180582058329,-29.218115023394496,-181.7548606933572,-76.61469516708216,-3.5681070418268575
1423,-540.6906494873399,-52.888165255032696,-196.31817607693273,-75.00316992510815,-2.1317564108183102
1424,-494.26989075220115,-38.865504206554796,-183.84981769998024,-77.06300460538597,-2.6467422714338964
1425,-487.04382581321875,-26.582933632673974,-196.45852665312694,-74.0907376414459,-4.46991579462449
1426,-504.44329071483327,-37.21481105343102,-184.67033584974862,-57.4619360023381,-2.709941325750402
1427,-595.89845781576,-39.29801790246481,-184.4472245829867,-69.18931496652199,-3.3778831705345422
1428,-713.0742549933944,-41.150814339502496,-207.21112210570277,-76.36959558462391,-2.7409732949995353
1429,-450.1286826222024,-36.262893795696634,-189.07751509254294,-73.54342915649848,-3.144511143301151
1430,-594.1485457563234,-46.64334879731592,-176.16721838991162,-69.50712394450184,-0.9071578765023088
1431,-493.15080656169715,-34.79477098553298,-199.60270249140663,-72.4168409546246,-2.119761767204369
1432,-635.0547585154416,-39.53614785946682,-196.88713412869208,-68.12852009998572,-3.090820893742596
1433,-414.65252805458846,-24.320420020933856,-203.5435568310717,-73.59609704346796,-2.530881464334061
1434,-597.6833123401885,-36.70264667192329,-184.4833981567144,-68.98590803678533,-2.0040954084667773
1435,-504.5976268092172,-12.09124568258503,-190.39918165661058,-74.09371404365697,-2.626321964666799
1436,-492.5451480097269,-40.57908549149186,-185.21722437990906,-76.3281861268693,-0.992633946843883
1437,-520.6313485066314,-35.912675164237726,-197.05748843773338,-70.5721075462361,-2.684942801642118
1438,-510.2482827013013,-33.85143002519685,-202.01129409034385,-71.57309925953561,-0.49124765634763423
1439,-551.5645225592168,-44.19603596951099,-196.6468544953641,-76.5961395902565,-1.8504603437964378
1440,-423.6617215602229,-40.991708122668946,-208.1090026064127,-69.43151272339647,-3.358245610250132
1441,-456.8130626567573,-29.5614712706166,-211.19179866074148,-78.18263623969038,-4.903556467803322
1442,-419.9733513329836,-37.569080104791134,-196.78461494366312,-78.76441121412041,-2.3937515405588643
1443,-360.11017019236556,-53.29954310232413,-198.24412062181838,-72.01552919532767,-2.6867326598695827
1444,-597.0273355225614,-52.751989986139485,-202.08101550647984,-71.9939870429261,-2.0372157517950256
1445,-578.8799991076629,-49.0064477479979,-184.8169951894187,-71.54639702987228,-2.599921310708159
1446,-436.71568633648684,-37.398766559551945,-189.02845534108133,-74.27841322660359,-2.3487237663840577
1447,-566.9542104325743,-25.852417010384226,-181.17409300226362,-76.24633410213843,-1.18077971389668
1448,-511.9427967335079,-35.049964358242335,-167.99928785875773,-66.83565909084905,-1.995019176075839
1449,-490.41347526692243,-27.244134748126495,-198.9626885131642,-75.96433118601503,-1.5786683239453114
1450,-418.10319240770554,-23.893215977783726,-193.780693775392,-71.06879717010597,-2.7359007470179186
1451,-603.6172906435175,-40.61504946588872,-198.50064919774786,-77.59566616320566,-3.0938754512278965
1452,-445.13045232760453,-37.396466304038434,-198.47025736354433,-77.78426653542844,-2.075405954457141
1453,-523.0856664849368,-44.32022639286105,-191.9928774228443,-70.28363853605045,-1.8801749266263266
1454,-454.9543687333526,-6.356606324453659,-195.40623191015482,-82.38404485288547,-1.8510157208998228
1455,-628.7076940104062,-36.65951387913183,-184.64010436492384,-65.04750904569428,-3.009202026693651
1456,-482.1688076289405,-21.15423078874889,-205.28692370144708,-74.12603578207438,-3.0318910594526804
1457,-474.67799961603794,-48.359936363421006,-203.97125667717808,-76.22141290608322,-2.3174400178751355
1458,-398.9999243209413,-45.369052253097095,-206.2388802280488,-76.32804645547803,-2.7786069171168415
1459,-508.44425434530325,-37.170267845198644,-196.93944180155827,-72.54453423998805,-1.9470495826954994
1460,-605.2188065503229,-26.22365956661344,-205.86064288119388,-67.85279036638818,-2.8655619449438094
1461,-470.7725425254066,-16.303339484274407,-204.18378610469134,-72.05926632233854,-1.4192519738017144
1462,-379.34903346270653,-19.058581817220126,-198.1110455590893,-78.01221632536291,-1.1361123057246072
1463,-539.737832845065,-14.736514929176943,-190.06002960256708,-73.04030653594694,-2.0898244004539293
1464,-520.7791430719449,-42.87003616154791,-188.64534856927557,-81.30332613849207,-1.3077097898255268
1465,-591.2551759795966,-45.743428811189276,-212.27440428775375,-74.06377335128346,-4.1191812159737955
1466,-510.15282456237327,-43.261116349239586,-207.1678988985689,-71.02172505137219,-2.371279865260715
1467,-516.8217695421054,-28.90868291025958,-204.3380061741428,-73.80424188974057,-1.4497094097213792
1468,-488.2445789426078,-49.362119115039526,-182.99656841041386,-72.65501756703993,-1.636318715656303
1469,-416.8830075899901,-45.223074307214944,-189.11625335522896,-71.80679243739709,-1.7919810888484629
1470,-565.5468091407417,-36.27216090267786,-180.9242619263057,-71.18284907870719,-3.3184568322771155
1471,-558.7849817609767,-50.95971535223347,-194.4475653928375,-76.26985619387901,-3.095478615764956
1472,-606.3070026548088,-32.384611818561204,-184.05854005558894,-75.82811131411029,-2.9486836144642568
1473,-461.3589758523989,-35.31899563105199,-185.963495445672,-67.11862890445592,-1.272022610567671
1474,-674.2272653464554,-24.72543697825383,-187.24073124815885,-76.70654323431539,-1.613493269859683
1475,-316.5520591610687,-31.759511433694453,-192.81663018592366,-80.51389678976639,-3.0968974334610238
1476,-470.7567209108974,-51.261858674933094,-211.93617299658857,-77.44623958716478,-1.5966817547234664
1477,-607.811825703327,-38.34528073746432,-188.29612072328973,-73.71383791647874,-0.6415958080736858
1478,-590.8776931303491,-51.23725283565312,-197.73571936661992,-74.75163777869622,-2.6152061239759408
1479,-444.3612725182407,-40.42677791193039,-195.88411716026798,-73.51387791463658,-1.4942288635394967
1480,-463.3451352654688,-33.68663545652044,-197.31614910985954,-71.55426125335497,-1.6108604475235557
1481,-519.9162322422272,-53.07454024453759,-184.70504139445697,-68.12925388707072,-2.2695625345625
1482,-428.9377805093717,-32.22107601960147,-197.60406255330244,-68.23016851853387,-1.2445312802192958
1483,-443.5294142640439,-33.70889877401679,-197.45913659457068,-73.01923557056492,0.10388787849428253
1484,-531.0042069254158,-36.5906520521599,-210.56741931496308,-69.81218303704124,-2.192858007496539
1485,-578.5636955987858,-50.69872690668849,-185.6296225059502,-76.23578890388609,-3.654129440006729
1486,-504.2207839639439,-32.441805601037586,-177.48939521859077,-74.56657540657167,-1.9912620022372034
1487,-461.5605248405698,-35.192171546000644,-175.34562389007408,-80.01844453203604,-1.7624949277051696
1488,-535.4613388896122,-29.1000850809964,-204.93502985235696,-84.70725654598434,-2.7037005871231807
1489,-358.470834759403,-40.253116220494505,-188.25101661233035,-69.03714929813448,-1.9931938219462626
1490,-542.379241436577,-45.10825171102075,-181.24667119481455,-73.23719909138934,-2.1409038370148648
1491,-495.7941296408084,-34.542427806919754,-210.90900636001592,-76.39660617029206,-2.4610514291844865
1492,-441.41319141775165,-36.46508408775658,-188.49044018887082,-67.57788586659673,-2.7923031090332744
1493,-504.7056627240224,-39.3897337776163,-181.47994041816827,-71.94680869381527,-1.5834646997719601
1494,-599.8378691265981,-27.15286797395775,-196.5457593434991,-70.16858866604572,-1.3168884500213898
1495,-459.13205500822806,-29.827934666949325,-199.4323440121656,-76.15064969448393,-2.327565955851129
1496,-481.9943458463677,-13.154974553837508,-196.61122661574393,-83.94784784751576,-1.8885307223860444
1497,-466.19402673627326,-39.37867775407285,-213.7577791268998,-69.38006792114982,-2.5089668166694223
1498,-562.3772264052859,-29.4210468313639,-186.204879910961,-73.89828332155166,-3.588421339156993
1499,-600.5255850535731,-20.21825582059988,-195.29252378888125,-70.4674085622986,-1.1684496327271803
1500,-492.5383586281582,-45.452689412822984,-197.78338235960825,-83.51429427176534,-4.295219627460841
1501,-394.48989642681244,-39.371728652902334,-197.13223970519448,-76.81823732575154,-2.684961546423663
1502,-520.6480140824801,-54.93324271937592,-199.0761053325564,-66.20508615585682,-1.1499136793098461
1503,-446.86815810724175,-35.64438216246455,-201.65289951198676,-79.74194614317491,-1.6422000849404945
1504,-518.3254223943795,-54.151721734045545,-187.68965461459445,-69.11403332798372,-1.7758295493705507
1505,-504.6788570926152,-27.280215488456204,-196.91938184176556,-71.4394872583313,-3.671140726449848
1506,-475.0340632726589,-31.95652023102473,-194.92099838303793,-72.7303418588932,-0.8510019529601976
1507,-292.54901443487915,-35.01160453414374,-195.95130021822837,-75.8050738662501,-1.9242479267758157
1508,-455.24346622582505,-48.40186330628295,-195.4695936001226,-74.23762845925889,-3.4392898461364934
1509,-504.10481849884417,-29.047565013426475,-199.492389612609,-73.67170878198277,-2.8436660313020137
1510,-422.31999682148876,-23.570852599732195,-186.50231477348478,-64.36108158605977,-1.6483933591069535
1511,-472.5653803303824,-40.8000962159606,-194.3704047401953,-77.24624497747153,-1.2605574514188989
1512,-328.7575548596243,-41.93089587739409,-185.00531374448522,-77.88599920803941,-2.6833674403994063
1513,-661.839226662981,-33.82209671839133,-191.38341828563716,-73.68944322224344,-2.08696236687394
1514,-467.6663465089825,-42.92997552127538,-177.5168117972129,-71.39701521565092,-1.7570034304141007
1515,-465.92972525640675,-30.610781819313345,-191.44781064586283,-80.38000436936602,-1.611352621493722
1516,-427.81203472942565,-41.70462158992644,-186.52607767225342,-76.76662197113228,-1.2675550291627096
1517,-524.2077516343859,-38.04759336782196,-188.81167410046433,-65.28478915107739,-3.542105440727648
1518,-487.7302156265198,-29.7789052189599,-201.76174343743634,-66.05357021947418,-3.560628998432836
1519,-418.0160062942819,-32.394338106112556,-205.14715738897482,-78.13657532875814,-1.9641414835130213
1520,-468.4324273587163,-38.704896351289555,-194.41555262368016,-69.73916338132568,-1.8319895528756316
1521,-547.6879470449552,-55.94108841177408,-189.42785508143365,-65.82584312263397,-3.0145956979556274
1522,-531.9246641210374,-42.380593531328735,-203.89708750743688,-70.50833951847733,-3.688312005836255
1523,-581.8213197757802,-44.129419674237084,-191.6295060165237,-72.97996905173433,-1.6199384923339721
1524,-453.8297483030811,-46.90720653453689,-199.48878190180213,-70.79980075626082,-1.9945922344410882
1525,-475.31354082664154,-49.80049701189598,-192.6246623607301,-65.12459416960492,-0.8364574146126416
1526,-470.898071587857,-32.26791606460692,-201.51699419720987,-81.17151205631674,-3.380737082291881
1527,-552.2747666858501,-32.2448301783832,-197.97092814664938,-73.85261935696036,-1.7614290624063387
1528,-469.6142054221945,-33.38704044997625,-202.9175790888656,-74.5698641408611,-2.9351875268180425
1529,-672.9939196172954,-39.496785595809,-205.3794069928221,-65.80104903780642,-2.9210558729028415
1530,-615.3375243492891,-37.652340546413384,-210.03284572199652,-72.7124328436298,-2.1484124962406437
1531,-470.7216402477437,-37.275092344771835,-188.8388357071686,-72.59890697519721,-1.2257935167678948
1532,-493.82768533830154,-49.40695783394783,-185.400244297846,-80.50093210046663,-1.4917318574884721
1533,-481.84027128720265,-29.461409972101574,-181.78888243540044,-70.32734182462501,-1.3493248381806657
1534,-546.6202808979859,-39.82044415560894,-200.43051709010282,-79.7427808021074,-2.5649911389845594
1535,-603.1434181910224,-46.93964496779534,-184.47462791938284,-77.49267022938007,-2.8722579205755228
1536,-548.2587243952371,-43.413011425231005,-200.90499897053311,-79.34321358980255,-2.7634696926500926
1537,-551.2214653860685,-43.369390516731706,-203.81011694940668,-73.63727693964341,-2.981561833450742
1538,-381.144992683051,-38.21338587066889,-196.48659162239338,-64.40552875332342,-3.318794059311663
1539,-499.0578762976347,-53.60572942384349,-180.32260449876273,-72.45991470363505,-1.680505021478172
1540,-552.0565480304715,-58.32926234657991,-210.71915996830376,-81.94225714522975,-2.4958490578345676
1541,-471.6128936012008,-46.41624688735536,-188.18605954862585,-74.19412074741393,-3.1477904664152923
1542,-486.0867930786673,-41.676649981761,-209.22936035949883,-74.45443334404321,-2.1892757343917117
1543,-592.6514324451279,-48.81563716236857,-201.56142908751872,-79.06142410935796,-3.487296263421113
1544,-457.7549580655523,-34.01727098829438,-195.04249947341776,-68.67047831723075,-3.4537241339537834
1545,-334.6271057330386,-50.678271419978,-179.23922717656612,-78.6977950305822,-1.5859914269348856
1546,-405.81954408815636,-34.67236391408184,-191.7754557169034,-70.16327658200086,-2.5782066731249476
1547,-614.2134529937723,-44.45588590733591,-174.9228448916446,-77.78609697342853,-1.8368403398945476
1548,-443.93589516657295,-31.50056115341027,-191.06298157812066,-77.52680207095537,-2.1340453859814086
1549,-558.0478395477046,-47.296010961897295,-200.67916717036334,-73.94987266388613,-2.9543856667242276
1550,-591.498731856516,-47.80089852953072,-197.55200968773107,-70.43570081924992,-2.3062666750144376
1551,-591.3346926272905,-40.81444693462106,-202.5856652988387,-73.73619455330766,-2.0318480544991804
1552,-456.4450086774425,-36.40036424329154,-184.97734625385874,-65.29217198313634,-0.7393807192943554
1553,-453.20225018718355,-34.49634235188539,-196.7571564384042,-72.71049089570849,-3.603587519085821
1554,-441.83883433567337,-32.29063424988496,-197.31383351516405,-64.13643985674348,-3.0405667930545994
1555,-608.5641114062159,-41.21049311587112,-193.03713054747578,-79.15374742296916,-2.1079522313335213
1556,-392.7667164793261,-4.355931127659012,-200.25295777508566,-74.7240230282856,-1.6844967166711564
1557,-499.3383670362303,-35.418913506895194,-190.82136938141977,-72.04195953053802,-2.9405724872417127
1558,-458.4336673191684,-40.57198920157302,-190.8341413936015,-71.44070612328404,-2.5947318399345822
1559,-498.50119437141876,-25.896113992212612,-191.94658068283022,-72.83456234105894,-2.223567938355337
1560,-534.7782285148133,-38.154681886025905,-183.18827017989628,-74.6684427892612,-2.403910767427683
1561,-624.9519884034779,-59.08743033154864,-188.32105339470607,-76.00216845633372,-2.1897615294679897
1562,-475.45475855386445,-34.405571089292934,-177.7748354014962,-78.93638645623452,-2.408197408953776
1563,-466.39264656936103,-52.21521491868624,-186.12854979289145,-78.06755695493577,-1.3119101808728018
1564,-380.3010740263565,-46.70959653201928,-189.75308215376288,-73.30829566792521,-0.8925368184131658
1565,-510.6791414945491,-31.727335909841106,-187.80461621047297,-67.11342056536824,-1.5063735033160017
1566,-453.57714267985466,-36.90650331520536,-192.5165676613201,-80.7228616947126,-3.29542597784006
1567,-564.6637166323806,-38.60287226580392,-196.84070471718704,-76.4333766424544,-2.3289219992064143
1568,-495.0123125867305,-38.4229807309167,-178.51965007824862,-80.44229926908271,-1.9757328148626891
1569,-600.0598722122447,-32.06092064476061,-199.3663174332652,-72.25225427503564,-2.1461113862258805
1570,-498.6005915020135,-43.605023033420565,-202.42803900828244,-74.50921648765869,-2.2163080974006557
1571,-415.22109173170526,-38.85547963799774,-208.13580724462437,-73.71622856302673,-4.0275670283207115
1572,-595.3804957101094,-46.03220098067012,-190.82787999542845,-61.74998323088995,-1.1237044643537242
1573,-757.7356454659713,-48.41495552666399,-186.46318560583418,-75.86738246401946,-1.2296158703708013
1574,-443.8316182155115,-28.80073926763471,-181.95805575097472,-79.94012763090836,-1.8560131715179933
1575,-542.346028460514,-45.3386790634531,-177.9923823761217,-70.86671617066072,-2.7668672568830273
1576,-629.6356582416756,-19.7452660542258,-189.6026146530535,-69.17388262235984,-1.0731139685642803
1577,-559.0365978289597,-38.31934357178633,-200.2379203606755,-67.6320715722717,-1.835161292041736
1578,-498.02454051739085,-35.92597424250555,-177.23355059875328,-77.03881464740475,-3.213669774375998
1579,-439.5276048647599,-46.34331137778386,-202.03812956384294,-69.2482659333507,-2.011369737708175
1580,-596.2486690266306,-38.81928699983561,-201.21414880808464,-68.8477600918917,-0.8997911006113213
1581,-528.5194280977706,-40.730277246499966,-190.4740488474044,-79.40984555034564,-0.8785983369076085
1582,-511.17265918384544,-44.37643361592093,-202.6702960391354,-76.24841646165358,-4.047007370459934
1583,-571.1653889659732,-21.837796071146776,-188.16453020587127,-76.72419108948041,-3.933654897183665
1584,-513.3490872201677,-36.768140500661666,-187.46975192377835,-67.27539039578593,-3.729366873760254
1585,-447.4281918329014,-26.290602000590965,-201.59968809168322,-76.38417493506329,-1.8496069393810217
1586,-473.1733814391583,-24.18881094357895,-193.23973302897681,-76.85819565824852,0.0695542353101572
1587,-481.5467741184749,-34.601143006225506,-195.26831076826764,-70.5919037091401,-0.9295315768815191
1588,-444.7256940984682,-47.945332457876816,-197.80714585496588,-71.65232512419205,-2.336380325596388
1589,-447.53147735754663,-63.71752261461766,-198.0184025650113,-77.82715657874229,-2.256198109926805
1590,-544.4945238229428,-42.15806546310347,-201.82967602553614,-73.69141369814432,-1.9487552237486583
1591,-514.7085839110309,-45.22687670780769,-193.43378303290206,-69.79803641438723,-1.6169815175347164
1592,-499.0616185774566,-16.88258474300456,-199.93998877635718,-73.83776300493106,-3.5668504066558944
1593,-537.3884458629984,-21.823171401202508,-202.1219549379536,-67.16245077329627,-3.864711466174709
1594,-409.1288783013924,-32.2097270671335,-176.83442453933534,-72.0132989005214,-0.9990757497990526
1595,-650.660488037414,-45.77923742613345,-200.40672408952264,-71.50951856100136,-0.9125939518150914
1596,-524.9376273438729,-50.730337132804685,-206.4064766651459,-73.03133904992183,-2.5763393873678107
1597,-494.25556173825845,-43.29770025250806,-169.34857201932783,-77.17177399020177,-1.0742824554506982
1598,-337.1599116226845,-39.40926156111858,-181.3440498849744,-71.50087466292615,-0.7840409091786933
1599,-517.9490657734133,-25.812919747061557,-171.45438941293858,-68.86044870472551,-3.861697845525008
1600,-457.7848403114515,-32.8968779132364,-211.64249487604292,-72.75568240087406,-3.3020455497214165
1601,-509.784016702201,-41.075619257722536,-185.45262555137717,-70.48089937082622,-2.569237209577161
1602,-596.0932506822179,-20.63468420420857,-213.206621785737,-77.38887171812993,-3.150515757188868
1603,-387.8773140674347,-48.6917955777674,-184.1852289232684,-75.52230462034235,-2.265967355904345
1604,-487.1831759145106,-30.380500570691517,-194.6964920945855,-67.3233273859693,-1.943909204184244
1605,-539.1543276237946,-52.34186083187654,-199.3143214155272,-69.9804565077389,-3.7126591366690245
1606,-373.137858295482,-42.17745540355612,-193.52059206774229,-74.81952587460064,-2.752614888370732
1607,-577.8987966903612,-37.714456164790334,-218.89866254499745,-72.74222053651343,-2.940007354945093
1608,-376.3221482323725,-39.52378428807767,-200.69648938957573,-69.32876522301703,-1.586563259045548
1609,-455.5212759218859,-37.705926018392255,-193.0695472614893,-68.38050548215773,-0.6814751167844197
1610,-401.90128110422955,-42.535221736837464,-189.22070987697987,-67.20420447853377,-3.22320356383281
1611,-517.0206703423929,-52.4300138302549,-176.36080222289482,-69.86269517196152,-1.757138381783248
1612,-490.03356159731163,-32.24381939792583,-204.02903503386244,-69.84148818603995,-2.5500888960318777
1613,-522.2465286600245,-30.709430119153033,-207.54243018482677,-75.25470146421326,-2.6439532964091823
1614,-527.1122870524277,-47.20081272407701,-191.49600144203868,-78.77714462321134,-3.330696900466029
1615,-601.4862924862315,-28.57334090187979,-201.10562530791216,-75.93153660739648,-3.142127650475495
1616,-632.6201360483412,-34.018236696372476,-195.28649377850343,-80.74811508965091,-4.106631056447339
1617,-493.5592607502293,-21.349477525274008,-199.26357370246953,-71.46202650354874,-1.6172223516794113
1618,-534.0971190204247,-40.29415592662199,-181.45322329551095,-79.34418130588567,-2.016221485366311
1619,-564.1533784066598,-27.913373100409984,-202.38262554390056,-75.43848733151559,-2.8158947149154434
1620,-395.4788390356396,-20.204661647388154,-186.4644069064935,-76.26623970289053,-3.35538405139348
1621,-477.0312324905845,-43.51048931387535,-199.30633497313892,-72.11359522192188,-3.6012397879120215
1622,-422.35238792611335,-49.23637666634083,-195.05296000565087,-81.08485187796472,-1.8681055007900558
1623,-614.8393820765899,-46.284931361699044,-189.06496253122026,-69.72902647371149,-1.8540309547477338
1624,-505.535675049553,-28.488581919240126,-205.55368108238062,-74.1492737639875,-1.7160455951048694
1625,-448.45902807420293,-43.56108398385303,-180.44157918196004,-76.43375310879603,-2.739073199422116
1626,-584.8071262713796,-46.13685653154545,-189.38071355508583,-71.88510398993004,-3.490950548027946
1627,-585.761555806609,-26.008176134223312,-209.65123382915866,-77.8864491891904,-2.4866492327808793
1628,-425.6119839356519,-42.14685326415426,-194.425445646346,-76.07128143444993,-2.3390532193680516
1629,-443.34346578169567,-55.54123891629219,-185.02734053064376,-72.59447370806976,-3.1808891354080053
1630,-451.7842521526558,-57.68699628853679,-200.6984405264017,-82.94397051649115,-2.4052274416563555
1631,-578.6670176219305,-19.12573578422657,-183.58962660386013,-77.46464661826182,-1.1668314312577706
1632,-511.95305354677294,-47.79698173059254,-186.90545304329862,-75.50844967725817,-1.9392135374093957
1633,-529.500812844351,-26.8128129024438,-196.1728770171846,-70.95809818894739,-1.1905096398104402
1634,-478.6148681270577,-32.932614368446956,-178.63959210831783,-69.0494901277142,-1.9846832680164015
1635,-439.66018618442047,-60.869603925903334,-204.13249766961002,-72.20313203469914,-2.898752194266011
1636,-530.2708939618964,-36.047058461779095,-193.1061538082366,-68.4300681565961,-2.5811187874814943
1637,-520.107203453489,-39.49118443215592,-191.20858411732078,-74.33336391497589,-2.54804112016163
1638,-581.743245548424,-74.54623317656076,-195.87710332056847,-71.71674716339393,-3.0229426320079424
1639,-430.48632758399816,-55.81338716961843,-221.38613255239986,-75.7871799147405,-1.99843305469832
1640,-367.068180935393,-30.35309746472954,-211.1942567725085,-65.85171332064456,-3.40965864219553
1641,-504.4933805881381,-46.651837339385864,-188.60669327774423,-71.27513749218897,-2.2337448746465816
1642,-460.0913633494471,-41.52140990188025,-191.7183692846821,-76.66771470397916,-2.533523761562151
1643,-541.8716404831661,-32.958720123207435,-178.4511817501473,-75.4551677918766,-2.4931648486140316
1644,-436.8365816570608,-42.1264900446554,-192.55004463953594,-73.43930916773076,-3.6016167335932145
1645,-364.57197646360066,-41.7643101504966,-187.32696966172927,-76.38718102731744,-1.3978273311743614
1646,-414.40804981617663,-35.721031457879114,-203.7777865007381,-70.66559850855523,-3.442425916829272
1647,-514.8050299330162,-35.11420937493994,-206.43664479285013,-69.58396561250115,-3.1325760235278106
1648,-426.32050441499155,-35.94082371020721,-204.19416460087834,-70.35376801873225,-2.7805433725124664
1649,-451.79160325295163,-35.491522472713484,-196.51093166757076,-59.59894648252877,-2.384632842092776
1650,-556.9506953005366,-54.3018910540186,-190.13098523536414,-76.63298075137956,-3.01622280598881
1651,-385.5690052840122,-49.52623554387006,-191.84346233817482,-72.27430026682937,-1.3925117374578477
1652,-510.76190733019337,-50.06121551529905,-182.53099060265743,-79.73227189085229,-1.834300336265063
1653,-416.0099911270232,-34.97393864346817,-202.88032539354296,-63.88138025452376,-2.011421868933748
1654,-503.1321269574883,-54.702772377909554,-197.75276926420034,-72.74502365473568,-0.8735524023021962
1655,-447.10397197930934,-45.840364340538905,-184.03365418889834,-80.4539157202146,-3.2457921330465167
1656,-405.91939664936746,-32.59813536123271,-185.33043239265737,-66.78966745861212,-2.6894519732915163
1657,-387.33879969028646,-9.525290148797524,-194.50080281866,-67.55694476314372,-1.9871575864001318
1658,-524.8134580835095,-41.59298852019009,-190.29753389098065,-73.03426556539621,-1.8425120872822343
1659,-516.945267984314,-37.551084176214296,-192.61369997620224,-73.94677430144898,-3.2059775904143835
1660,-396.38870008225246,-27.639302330987118,-198.5173463079729,-69.7897625838075,-0.9913884404821857
1661,-451.4898136608316,-39.69682664844288,-193.45870929200967,-75.78593313777642,-0.2927636804296623
1662,-520.4134554414312,-27.77086091734805,-195.62436612448914,-71.02082504855964,-0.7311143652955711
1663,-489.8977508393168,-42.533339309763214,-196.58555993146135,-70.4776478207513,-2.8825434641232075
1664,-533.4535714406844,-58.21749042452632,-197.20900382756705,-72.93601812691624,-3.7881229363120834
1665,-437.9753113428843,-34.427231021005134,-181.3776410535037,-75.4341782561319,-2.7519258538786024
1666,-285.16989473449433,-46.9074987550229,-179.77835290642176,-74.71165466962572,-4.014809880587166
1667,-463.8367632040672,-34.510875947446515,-200.36245543924537,-75.2616599023895,-1.9434017127313932
1668,-481.02277094340883,-38.88116266398699,-207.5842770225567,-77.44202184403751,-2.1801684794277385
1669,-635.2003945741081,-35.9207924950754,-182.03279969104202,-80.91189072176573,-2.596991607881221
1670,-597.4770351687339,-22.316762483879113,-186.57549797106492,-72.79672264102959,-2.0354605489596356
1671,-538.6960649275002,-37.4331500651772,-194.34422979030484,-73.77327440151781,-1.2262190816351355
1672,-373.0777648493505,-38.76658156752045,-185.61653551109185,-68.19422187398428,-3.0959105960786384
1673,-412.9786061488078,-35.10045201601333,-201.75059810892586,-87.98796597883894,-2.7416096515442665
1674,-482.71275900351407,-32.95121665988628,-168.40650225482446,-78.61859750383604,-2.074613931634997
1675,-415.9757251543598,-47.01201438735852,-193.4506249437673,-65.9683337017622,-1.2398127244518822
1676,-442.96816965551153,-41.629757904350626,-197.97085450867476,-83.23891970824361,-3.558394915000383
1677,-565.5730512831881,-27.326112791848225,-189.60174313031987,-78.39141007908776,-1.929061615703408
1678,-460.1535584745565,-30.984181474825586,-201.8523025343981,-68.6409637336407,-1.890046944462664
1679,-406.3147576283262,-20.373067952656026,-195.04581435854575,-71.21353362742195,-1.9490609274677502
1680,-563.7016038837613,-63.75522482361223,-190.6117139128129,-73.97228397743602,-2.0011896072567197
1681,-412.29419237283196,-42.10407471810954,-195.90565951412242,-77.94785831541907,-2.045929942109911
1682,-431.9288346873659,-28.003672834016992,-200.81040650944814,-68.60187157617082,-2.071628969077423
1683,-448.2113620903211,-41.70283387340537,-185.1974828917695,-80.05418568191503,-3.9770157064923515
1684,-457.83134856074014,-16.354893463684252,-198.19646833364067,-70.38954549280353,-2.8912708440210437
1685,-511.7271281844573,-38.80930825861942,-211.66032892407432,-77.27941365799012,-1.747083478226129
1686,-324.8416200797641,-40.28694690091035,-206.06605344420333,-74.67940944935455,-2.278730716267416
1687,-452.36899144218734,-29.14941327252801,-188.02219991437218,-68.40987017697067,-0.618290448794267
1688,-484.1480940274119,-30.278393025209528,-185.62884859385196,-77.9231888313769,-3.28226246712013
1689,-389.5830534451589,-38.37222879838267,-206.1341932967099,-70.22584221550115,-2.9238766624466637
1690,-422.8154432596067,-42.800091863143315,-192.35999571504883,-69.99106150807299,-2.2727283299677974
1691,-530.9304202805222,-26.028858585890077,-190.62301956886475,-74.8332848125671,-2.807956162185149
1692,-512.6554186857265,-26.409832973406434,-190.32921697013964,-80.16632164709381,-3.048545308730439
1693,-532.964194124829,-48.63389581184868,-207.33474976410992,-69.75545478086454,-1.6324133580974385
1694,-499.39570683539006,-37.12706788934731,-192.20874319037245,-72.96592018682817,-4.061006424101476
1695,-537.4916656566237,-23.651072343247645,-195.20232075291275,-70.26122437297096,-0.9797599340496185
1696,-612.3819932876512,-42.95366198342675,-201.83351350636886,-69.65188641247117,-3.5255765861073267
1697,-535.1492013256999,-34.115774233095536,-203.98564204830714,-80.37755984275003,-2.1431932882270734
1698,-527.1561089359203,-32.48743643226497,-200.40409589150858,-71.84746432914523,-1.6813445137176488
1699,-362.1360424576911,-38.811994728224036,-183.53216306957924,-78.93989325264653,-1.6128011571294227
1700,-394.6625249022208,-36.372656512046554,-186.07586770557202,-74.08008004256374,-1.1311578556492163
1701,-591.6364050934393,-25.75688446413517,-198.9273064832756,-77.17033770427295,-2.930790105806841
1702,-376.7917672426583,-42.636331922619,-157.37294777578072,-81.83456693065914,-2.936115016746619
1703,-532.7513067168127,-44.89839561697022,-181.6223775014925,-82.64018543751304,-2.791754172989462
1704,-501.72274223954633,-26.427519919433948,-214.41885665712024,-77.62635142388444,-2.1314817741569936
1705,-491.80347954881483,-18.313092182039256,-181.2061352947886,-77.0060323676241,0.14857904607788003
1706,-383.15510748152565,-36.56875244200498,-178.85756596323392,-78.10700935364294,-1.6026805983045347
1707,-521.8737809268144,-41.41760812521156,-185.15773765919812,-74.82719011200437,-2.5596567751397052
1708,-451.6614060151539,-32.637421392954245,-208.5684992088562,-70.83190107408902,-0.8526261867630142
1709,-499.13099508852974,-52.76601225782111,-183.50596644429783,-75.41313728210042,-3.2840010965196202
1710,-596.301086900229,-48.41674705083605,-194.94384020546335,-67.87117212650408,-0.0856715075213343
1711,-447.74937227259363,-54.109318088432794,-196.25004459932694,-68.88710641397036,-1.903331568328043
1712,-436.8201404997844,-22.0393445805787,-183.06188790476784,-74.76457728072681,-3.6051284204680134
1713,-511.9178247497798,-43.6370725890269,-204.1785248724853,-73.82801490253158,-1.9609949987306388
1714,-509.1820236909168,-45.63456671792944,-200.5553967311142,-73.54478247660136,-2.832038264791073
1715,-487.54459089249696,-22.952264307605162,-195.10508558470468,-67.35408589706567,-2.4578384759260903
1716,-489.1974838941185,-47.61203563688704,-189.2612520498382,-83.14578971613437,-2.9717190760444963
1717,-515.8688427241477,-35.194571322301776,-192.7818731289153,-73.59742717830115,-1.998090510607543
1718,-431.86826018268056,-33.075253556166494,-203.9163757328514,-68.95786135285333,-0.6050766373630772
1719,-462.88598866453316,-45.36180672368394,-202.38638612333702,-78.02906526391618,-2.2109487578637554
1720,-561.4063612909893,-40.011756860252824,-202.954570151048,-70.04540247677343,-2.3911316974266703
1721,-680.0592016994725,-4.073810174023458,-199.63151593823173,-72.95472828613806,-2.786385863942515
1722,-540.7895027028123,-32.70226976561776,-190.5656830247162,-77.82166603252975,-4.0312912833259125
1723,-538.0359301514278,-48.02496648323479,-195.12219625498332,-73.88569247783778,-2.93456625069293
1724,-512.0171962368912,-28.086553003491318,-194.90913121813895,-76.16985204331719,-2.5035826607478704
1725,-499.3692860762223,-37.3952426174562,-190.4861539840107,-73.30935298592074,0.02638200774363613
1726,-567.9646356563519,-21.53376140507811,-200.3046509092998,-72.59152117680435,-4.505554957243261
1727,-450.43514362773607,-25.860263555488434,-173.7175678672144,-84.08265826429732,-3.8916386267721066
1728,-583.9998191135193,-28.048379833934924,-200.8606299542616,-71.31367004776477,-0.5163529333931023
1729,-472.01367376026985,-42.28163398949111,-188.84461091809263,-73.22640878587393,-1.7385602766835426
1730,-591.8733190994692,-28.341929030808817,-211.07957966433915,-85.66726552723458,-2.1567682201757306
1731,-490.7470625894675,-27.952088312947897,-217.1917610896851,-72.98103096189264,-2.920046685106709
1732,-507.9556342806926,-50.548125977871855,-178.59844335719046,-79.23749556650431,-2.3740311126967506
1733,-488.49481691320767,-43.69123666942597,-206.90705663900619,-68.81873833141255,-3.498156834654273
1734,-516.6980254825992,-31.506514128046575,-198.14942647409194,-77.33600691249585,-2.915805488655206
1735,-508.31366876060224,-35.58657639260174,-204.70099435093846,-70.53364219111678,-1.240210346743534
1736,-625.3087078016838,-37.19240262377388,-177.77319315284382,-73.21287965874657,-2.3536368876100733
1737,-338.2398707518034,-29.691769083679247,-187.2345264066614,-77.91708462994086,-0.14724700103174315
1738,-489.62572218025105,-54.15648884139134,-191.30223411203792,-75.91133168725234,-2.2680638509037387
1739,-411.3151745824057,-30.13308508325338,-190.7514115146542,-86.79249543595218,-2.029982612589714
1740,-553.8119229452437,-48.81127725751708,-205.548255984993,-67.71071828216043,-3.0200316427130396
1741,-310.5664528131812,-40.97867228415795,-189.39066858125867,-71.27971814781647,-4.120893349254769
1742,-638.5399759162369,-28.71241181199541,-201.43197328605203,-71.80571505351193,-1.783347793485183
1743,-561.1156619280798,-32.59265810957961,-174.65607388863492,-76.7371580708225,-1.554712835367428
1744,-656.0254651521366,-37.437888871357735,-192.80643533378944,-73.53597370991312,-2.1383867087433823
1745,-422.22033890740096,-32.68551363568667,-198.25682043099113,-76.1734643777807,-3.793397886899329
1746,-640.424486836631,-42.15046257446618,-212.7840978102112,-69.56149174309184,-1.6444396184159864
1747,-371.6426644160898,-49.08114366626819,-205.49365760710356,-82.69100073726341,-1.8606690673812
1748,-336.2139825304872,-35.64101616955009,-196.4963509686765,-70.60978687681506,-2.701605211562238
1749,-575.7599945298139,-47.063966876878936,-178.82818652658372,-78.42523524778233,-3.3828116783550675
1750,-531.8233955855177,-33.605037622313766,-203.31128224450643,-74.06317750283254,-1.5683828903219879
1751,-473.5129440198185,-27.20835372114129,-188.12984252893025,-64.95980291807444,-1.3967596117387986
1752,-515.071066025201,-43.36744609862927,-190.68173892677913,-79.56701953775521,-1.098792300575083
1753,-457.20700082330086,-34.97597649211883,-193.98428932591165,-74.92904526067572,-0.8327165331991235
1754,-435.38382198246484,-37.28140695263526,-205.6549818970202,-73.01351301490506,-2.324524614452066
1755,-507.9140202824068,-28.536351105221442,-181.2119773933305,-81.05597582562184,-3.617630157799204
1756,-380.33158764951656,-44.44851032649282,-180.65804730424367,-72.03439936528893,-3.8559230618662172
1757,-503.1540607729651,-41.43856984035525,-187.99442399018446,-73.60958982073163,-2.9090020616141623
1758,-389.5231374447636,-41.7313003620065,-197.2427694058559,-78.66366448022467,-1.782372351990832
1759,-669.1520177904692,-38.86376319375025,-185.10321223781693,-73.01297864977133,-3.117744217569239
1760,-404.44609933766606,-20.56937045338782,-192.07195792749164,-77.88133088110901,-2.1043885053993203
1761,-453.3605359325506,-33.319939109934325,-192.3991681607214,-77.56579572703201,-2.4358928658786096
1762,-448.92420283163653,-16.884686578817522,-200.9173186885946,-73.2187729679092,-2.492893854835108
1763,-484.4892577240892,-44.381564134380355,-191.70145603062278,-73.34429165023336,-3.799493973560434
1764,-446.17869004172,-36.87104673484798,-173.3388631313161,-86.90527518340701,-1.7297050761779937
1765,-620.2205809351138,-22.21512031317163,-200.9475751717236,-71.20521584761549,-2.7720203087201396
1766,-461.44826672399745,-25.810578789266728,-193.0448603832062,-67.8639148659483,-0.8545930499692423
1767,-443.13497796531465,-10.367516545334095,-184.5626937533448,-69.02210303207437,-2.6065703376187015
1768,-526.5925209836876,-18.553521948211763,-209.24560612863033,-75.95766219923908,-2.476387097522884
1769,-371.26701075119405,-42.94674007791596,-204.5618375415772,-66.8719797702814,-2.441761748148902
1770,-487.1774488086991,-9.913796909762315,-189.66192542218408,-78.94320682667913,-3.534257685259731
1771,-498.657881458374,-33.71939883790611,-178.10736880445074,-67.06221878108168,-3.385306941506853
1772,-502.70219535893403,-32.471893090670804,-191.46845980730888,-71.63447325258554,-2.6561254962049805
1773,-400.050985719971,-18.765954014140494,-184.82804926336922,-74.97059411115154,-1.409074002053417
1774,-596.9213962604505,-36.92003200405582,-212.8656332965055,-71.19627459823145,-2.481411164090865
1775,-440.50928485952284,-27.036541402951045,-174.15095713404617,-68.30392016771503,-2.448414023746588
1776,-549.3998723337613,-29.981987558209084,-209.45875680828962,-68.42245801977585,-2.6699030570383115
1777,-574.4353934438226,-42.39603994499499,-192.96270627498276,-73.66667718492717,-1.9084402721246498
1778,-528.7271193079157,-46.943784066951395,-197.6346731464548,-77.30024842967887,-4.034527531109138
1779,-508.68067306219217,-37.21468424213921,-185.92023016222723,-76.78194469562405,-1.0155708110239436
1780,-570.8367444247971,-35.0690424039275,-204.16640300512938,-75.674355899648,-2.4066512949687398
1781,-428.7332044072661,-52.11909228081318,-201.53441771015355,-66.5355302475281,-1.307411927788269
1782,-494.4458116517957,-37.68630748530308,-187.87790698700456,-69.65149069477658,-2.02813452766212
1783,-539.9330138720659,-20.425519027001698,-190.25192702444156,-75.73037262834563,-2.4721598586378657
1784,-579.5853484220447,-32.65088896803834,-210.58520691306433,-66.87783417829525,-1.6320660289789422
1785,-555.8044933919358,-33.199287904458835,-179.38649049548283,-75.42139537543997,-1.8948831260635735
1786,-438.62534123601483,-38.20897930849557,-186.4744225996395,-73.98461664958315,-2.4845096163177067
1787,-432.1137531206987,-61.333533024606886,-188.36521487122567,-68.1367150072364,-4.301532320323501
1788,-524.5629089180022,-51.531792703632604,-181.48461498397978,-78.89015368012149,-1.02954481106959
1789,-311.7681546507636,-42.43820723905168,-220.51302063425797,-77.42313799602137,-2.158436193424408
1790,-493.2018521280948,-34.276551737840386,-196.14102846606946,-75.68212383895222,-3.0488033377134274
1791,-469.23095172379925,-41.66141791381356,-184.9794570001557,-72.17414845639107,-1.7552761632542428
1792,-434.58951474627924,-37.5499227237799,-189.19466149442755,-68.65630775154447,-1.345223185572921
1793,-449.3414713363058,-28.45583671952826,-200.48976426242578,-83.02088482060701,-3.434871345433478
1794,-555.0921832079439,-62.157658630928985,-181.20638098957767,-72.10730376866908,-2.7934967669685924
1795,-581.0750697410881,-37.32334465726477,-191.50405000147543,-75.26182084371098,-1.3230614243104712
1796,-366.88439997959136,-32.683576276097185,-179.84275261209552,-79.42003018771331,-2.5059356441438805
1797,-392.8204471934774,-33.37625478091492,-168.88982861296577,-70.11255346553574,-1.1924754889348177
1798,-400.1598779404001,-22.50395638788405,-210.46036220192818,-78.25299762182581,-3.4064836679479313
1799,-473.1751127446461,-33.59705621752203,-178.92299629206016,-74.176566981381,-3.481160250440827
1800,-550.0846661127084,-16.640385892355404,-197.38047634826566,-72.74359827711852,-4.189498058631595
1801,-445.8848137125727,-33.07726532822036,-186.78408540162584,-75.24244167775802,-3.201764180538826
1802,-413.24214705263995,-49.12159001721154,-187.87903618019456,-75.00539096155504,-0.9502344859738517
1803,-530.7440103977807,-36.83247568437152,-191.4103192136464,-71.17605822285856,-2.1459916195674325
1804,-517.4153175921308,-26.59259937145422,-194.72610303856104,-77.28409209570617,-2.0760833683518554
1805,-326.60751992956307,-41.20596007907463,-178.28991002309556,-78.04740235685273,-2.9073127731437785
1806,-621.3987281333808,-33.55519859642841,-190.79852923694506,-70.5105211528425,-2.34362024882135
1807,-430.8701395841599,-49.92329312718465,-201.44273088562332,-73.89953460368379,-3.267867813996498
1808,-486.04569153794665,-24.615054539004884,-181.9648480025523,-80.02375255413966,-1.5672038656999716
1809,-614.1623990981233,-56.57584898208461,-189.1854653211856,-72.55019357254707,-1.6652322831127548
1810,-571.1909729140558,-30.80187658569111,-195.71490280828198,-77.19736498140476,-1.6972278536543766
1811,-435.8223797905604,-59.810802227363915,-194.44140595111608,-79.06538559055971,-1.6583651570802251
1812,-424.1271964061879,-25.87667041771925,-189.393555336389,-67.95324964756395,-1.1927348685825319
1813,-537.1630015627076,-44.08917435660396,-184.1737827045883,-78.50184590167304,-2.891278593347626
1814,-508.9765606231299,-41.18848622854912,-196.08427026712278,-76.98997317425734,-2.565604494703006
1815,-538.4086067655309,-30.99821317180854,-191.99231357203107,-82.07056975165088,-1.9362822293819177
1816,-512.6111562739754,-49.055210080463105,-198.04088701134307,-76.05932528703691,-1.9885195138188212
1817,-405.9881580450033,-27.018454919495923,-191.82272518179084,-67.88662758743894,-1.1496801563196766
1818,-571.0609067130829,-46.45684881552547,-197.48951985651445,-76.00747171054445,-2.299448925829472
1819,-472.3290813416372,-52.21297134592195,-186.56327971135332,-75.7042618132874,-2.706684250676405
1820,-640.305840123232,-54.70091512473264,-195.4278926960688,-77.58855493878337,-1.526695414227099
1821,-647.271512207968,-28.967216953568254,-210.5483879060658,-73.00933966446,-2.887318402188544
1822,-400.79532297515163,-54.32494079195463,-204.37640388172608,-76.8485651652359,-2.363179137970669
1823,-463.0069324384748,-48.18238136454797,-194.04934732803125,-76.16642363897249,-3.545075714240991
1824,-500.9576324658134,-34.225852308455636,-201.94614142199555,-72.79668800677119,-3.153411940977851
1825,-551.1273911843008,-27.907560033341632,-208.49104148206519,-68.73096636461571,-0.1301806693652171
1826,-495.24431311718746,-47.46815322129363,-183.29859679808465,-76.10049866213909,-2.2857589192100707
1827,-366.42024869112913,-32.77585027825411,-189.13262193424882,-73.38561229350758,-2.480377234837347
1828,-392.3623434246793,-9.969396166606618,-174.45455052725853,-75.27266491393905,-0.8070726508644247
1829,-537.6174194412513,-39.754824385571844,-193.55963128524567,-77.05534270864369,-2.4944187556488693
1830,-484.9683845712139,-41.41316741870786,-186.45466882247771,-74.7371801826766,-1.819233737646185
1831,-413.0528937443747,-33.11697004030758,-189.09248989921414,-81.11501703618283,-2.7210262824381295
1832,-583.8324269488504,-39.773608228740976,-207.84259181599685,-67.23698476665714,-3.06903632933443
1833,-480.0904844508178,-42.7681032399883,-189.12134217015443,-77.90677982866967,-2.287070225286189
1834,-390.38833135520986,-33.48881965918337,-196.59249851703373,-77.94272506750845,-3.871552193866955
1835,-590.1609389947369,-33.72261424703737,-195.90529148817822,-75.0033540367683,-1.9179299930365206
1836,-454.7259639662815,-47.3737098312369,-194.48362595522488,-73.49188786483886,-2.6167464419460917
1837,-546.2348176249786,-29.65893879774185,-205.5009305706318,-74.77920639038054,-2.2702571882647544
1838,-509.4257463055348,-43.88330327421248,-200.3674268207956,-76.14612909197622,-4.195141546005198
1839,-599.5883602939961,-27.131924906853275,-191.67890217106827,-76.59219797224888,-1.0266153438501435
1840,-564.5014788725505,-33.965902605843134,-192.33098880596677,-74.57036727247959,-0.7616478862366901
1841,-683.5947927843691,-36.65317734569216,-186.40942864749,-71.04759217738855,-2.1584629348520994
1842,-530.1847951865328,-33.577032388002365,-204.78055036736737,-80.85563067782958,-4.602795731417117
1843,-437.09393163696984,-45.31828382848983,-205.02802612614715,-82.6582980806495,-3.812737116551251
1844,-498.4440654955447,-35.61598359099912,-193.96876509179006,-76.08682270289684,-2.315149010785645
1845,-527.1264208742209,-35.366949451518984,-200.25309100613353,-80.5759801264216,-1.9211164251640511
1846,-469.0236989602791,-33.526949314389675,-176.59260250670314,-76.64889808907823,-1.5723385827421654
1847,-598.221629900465,-35.67252942995155,-196.67108602734004,-67.04551614054517,-1.527169470794414
1848,-565.2933263337771,-34.40763751929478,-195.20996933071604,-74.38788304347763,-2.7984462449296776
1849,-445.1453988301442,-48.52706131954642,-165.72989293732567,-75.00055267479036,-2.4794819313599312
1850,-502.79378138642437,-35.15190453956039,-214.26082598287863,-72.09130560854916,-2.746006231855968
1851,-483.23570018820465,-35.04635576609643,-191.03839570183555,-70.62883888632794,-2.690180872841231
1852,-629.5524960143656,-32.15138074331788,-195.6896134285986,-75.88418728297296,-2.050652061129252
1853,-570.615211813946,-33.31846083024456,-222.02057408770585,-69.32520766431898,-1.93682071525472
1854,-403.81197221573973,-45.322765883086205,-193.96935566606513,-71.78586576082925,-1.2753392293687051
1855,-473.8684291692691,-45.92418275528979,-194.8017224160591,-70.06802479101894,-2.299963691300774
1856,-446.6158208518045,-50.488134275567965,-201.22339303763925,-87.34343853387814,-1.0756192701582579
1857,-501.20885718647946,-37.14630004573711,-196.00289303590276,-68.38836393038822,-2.7518950790694054
1858,-443.20412925922244,-51.4503847103173,-212.7723053639694,-73.5144074717986,-2.2074010431279247
1859,-421.74766859889036,-53.47721876434598,-175.66155876023785,-78.84528952610559,-2.2449727689089083
1860,-540.4691505172051,-33.0464073696042,-209.14895636362218,-80.67635683146528,-3.2469175798170835
1861,-370.3241848504632,-33.90386416486614,-188.68358127260618,-73.38493722542505,-2.8528967935430365
1862,-420.47733589909467,-48.75367721582286,-216.80675088702543,-79.31078330671136,-1.7550466932959203
1863,-460.48015055890824,-29.80744415354406,-185.7136417387131,-74.32970179432303,-1.0113029252288872
1864,-471.1514853707138,-36.13946297042544,-193.68054610735666,-77.55889027402749,-2.620464601834977
1865,-554.7430616474478,-27.18061779488811,-196.2548243180117,-74.83265998471506,-1.6967637998418705
1866,-527.7594221050972,-53.7923216012013,-177.03950298114907,-74.25197755756629,-3.4016809583272303
1867,-521.2139659512032,-26.566187251181454,-193.56345052339074,-72.37370161609574,-2.4619334628417544
1868,-508.8399311134389,-35.13906254492911,-198.2730961360948,-68.67436332728407,-1.99944517779447
1869,-431.46112423487347,-51.61901234978796,-187.5812471117021,-78.60993533119722,-2.4799384611932336
1870,-557.9092136931059,-32.99780862194601,-183.8884523483341,-69.47567756346703,-4.436591978164133
1871,-547.7105144921758,-42.687938509356755,-201.81216970951363,-77.99985637216582,-3.057527369790956
1872,-368.9942104347383,-46.178545771712,-195.65951981324147,-72.47445402538627,-3.0329169896873345
1873,-433.68956757351305,-57.59019595804424,-205.6513888580663,-69.67277317094458,-2.3981144521556064
1874,-406.8159193924661,-40.42763744282703,-206.01472296954242,-76.26162652210475,-2.2215489278209164
1875,-448.65499380427633,-42.61438332814238,-195.27936028019386,-75.33185127312105,-1.0351215895459944
1876,-379.74046792044857,-13.04872819824097,-183.62442704881667,-77.27679278517846,-2.6063227590710887
1877,-437.7111720497309,-34.27811386458312,-187.01266870398493,-68.609067507563,-3.1557078640760907
1878,-465.22054000279803,-14.661171023138174,-201.98491993230317,-77.12725588524842,-4.5413703757606685
1879,-613.2450735544721,-37.33781083773349,-187.84081191618424,-75.70897521708338,-2.611356455280811
1880,-494.57091533085014,-43.62024435600634,-177.1302620861053,-79.68046544436274,-2.5024254054263637
1881,-593.6946509823662,-35.473869611704316,-191.17393777402148,-78.67933015182788,-2.9293838786586397
1882,-482.12684198430935,-53.27124919790137,-183.48912004558377,-68.36102943670626,-4.102815408840582
1883,-428.9839001509676,-38.47092469374903,-185.87013246384842,-66.45670480492363,-2.876687845550998
1884,-590.4720542645757,-33.88610002825324,-185.84711851453724,-75.23505719607658,-2.875781697555079
1885,-501.85960263825126,-41.75006873121718,-191.2234810556604,-69.01883520871709,-1.647698444974288
1886,-658.3728994860419,-51.956145996101185,-196.68041393605816,-74.81212077973366,-2.958385290277331
1887,-483.8300993497764,-38.729025256465476,-192.55241056649604,-75.1847969323931,-2.9582727681085563
1888,-661.2330806933386,-50.39228583422577,-195.96046002237557,-72.08709230655867,-0.879809039603948
1889,-582.4417994938757,-24.070735065459886,-190.9944492087227,-81.09629556785633,-2.369299394815182
1890,-574.7938087902459,-20.174442370408997,-186.13451822646405,-71.98643239734221,-0.9453248083456298
1891,-529.0769708131933,-45.87476061392296,-192.09124438591107,-76.40635962547275,-1.1177172063359357
1892,-455.83781378774444,-36.86313315095775,-191.89934920722655,-76.20009977130276,-1.914937780726832
1893,-470.44376231867204,-26.810607106921672,-200.5084205603865,-76.23125564079113,-2.0665652049132808
1894,-425.0050981094836,-31.64066252641291,-193.91566977702527,-77.93898536251513,-2.7852374098673813
1895,-447.57874004053724,-36.35107174594788,-189.14800259023738,-71.76303882455103,-2.895322132050088
1896,-555.8478619833638,-22.823597804517686,-204.5741313727404,-76.04088378777394,-1.3091547174737301
1897,-547.4123778076103,-43.03613396170435,-195.21659042046852,-80.18196679308842,-1.6341400244939501
1898,-460.59731775984574,-38.8629792374655,-183.28153107100874,-70.28028281706368,-3.435056256234061
1899,-519.9758650181662,-30.720844442113073,-200.70845004355007,-74.88578366166168,-1.8752641738250349
1900,-429.6805696400857,-27.629452989435404,-189.52438164456007,-75.96057250821006,-3.575113636381732
1901,-452.0352702689089,-47.39542983662153,-190.14955473762217,-76.63853691105938,-3.3144585290917346
1902,-432.89870322181906,-36.3182804490659,-193.6109132870583,-72.27790366031842,-2.4543066109557845
1903,-421.35214810735835,-43.6238104687943,-184.96954791797634,-74.06069092233139,-3.88521864431843
1904,-533.8949400273422,-20.29607410320783,-196.96406220745922,-74.47265067730794,-0.9713507094915967
1905,-554.6959183025931,-21.943565984940893,-201.2372095612706,-65.07928531555318,-2.3032610290211912
1906,-555.6704531410097,-22.26695194025577,-198.52231182520467,-75.90945879410616,-3.123182737042961
1907,-380.43408662031175,-46.07031696756702,-197.8132688616651,-72.62933303804893,-1.8523697361027365
1908,-645.3703046582583,-51.3136550236744,-191.15613224976119,-77.50479035187092,-2.4809321875653376
1909,-451.0834724196211,-24.08545660307497,-203.92091178827087,-71.89528498981751,-1.8668431026187926
1910,-439.24688439191686,-36.80083545072012,-192.3275619447521,-73.98452540570587,-2.451641056310413
1911,-527.8851089160589,-45.05654821917919,-188.86241301926864,-72.0951685840699,-2.1746272939160205
1912,-389.2275623883367,-28.24549767272396,-185.50935521800537,-66.724413146732,-1.185957536535042
1913,-552.2664229064352,-18.877653498092048,-193.26088750970527,-76.61097732561332,-1.9947493461931012
1914,-555.292774231985,-26.99201161227942,-199.98209081125322,-72.55158145837203,-1.7997524837108685
1915,-666.5124622211782,-36.6670595855406,-205.27588378186712,-73.78529110822697,-0.6783367366759292
1916,-491.76374148821617,-34.88891602976524,-186.87007500489452,-74.30294428861453,-3.9427492200086673
1917,-418.21819772616493,-25.492802079240157,-185.0086313807999,-76.72567607123383,-4.106172727026808
1918,-458.48089507064253,-46.49696964799877,-190.1333941763626,-82.40124274538039,-3.3418983047419375
1919,-398.9700076838482,-61.5498059231843,-170.3604199576698,-72.15110956017502,-3.0852536569337228
1920,-611.482603155549,-49.94252012380594,-196.41020024050934,-75.49655196392291,-2.6934050549616657
1921,-379.52301026455575,-34.354587041829454,-184.49549559570664,-74.52827050263038,-3.0539082879706547
1922,-452.3967830161273,-19.909598687162134,-197.93580499237274,-65.0393384858278,-1.581803705023535
1923,-550.932365659836,-28.589552102142946,-200.28682775883024,-73.62644692471295,-3.122734829359096
1924,-544.4524527466285,-26.586383796105086,-184.75104268790216,-78.34433484976043,-2.3955066646957013
1925,-587.3865032264257,-47.29860477246373,-187.81104636317585,-75.04464539608033,-2.4842491281581074
1926,-588.0797890486317,-26.62894962593197,-199.12367704030083,-78.16827282766977,-2.085165477600386
1927,-476.7064501133074,-38.21167527573129,-215.37919781623572,-71.77830188188699,-1.3936469164735
1928,-528.1690010452687,-52.304002687803894,-195.82472652713133,-71.66531746024215,-2.235305280934978
1929,-370.6184598544745,-41.03472423913569,-227.2219334091007,-64.72062356573906,-1.5527938327071706
1930,-433.851830526781,-35.43674090764461,-199.34857530827037,-69.7130315101253,-1.7105962341809315
1931,-555.0592492338088,-55.25507727325679,-193.384521026011,-81.24308901992651,-1.4683894821258647
1932,-567.3471043057067,-50.68353489206044,-175.75627853835107,-69.89904242868172,-1.760807344117729
1933,-546.5367864830392,-61.25013510887513,-205.98246808694628,-71.31590269759441,-2.2395996001184244
1934,-571.0478765065059,-39.0169273169572,-195.59228825523942,-72.60848404204988,-3.0648349612637245
1935,-498.8839300274598,-28.97428162659945,-200.016026058487,-72.91570502915943,-2.583202623676746
1936,-495.8846664464285,-40.38959185841863,-198.0841717717379,-72.19467923184453,-3.3907718374800515
1937,-549.9781846642406,-53.19686019388734,-201.60359265500222,-71.35919352938589,-3.6282229893444873
1938,-548.7005380989509,-35.57698688524998,-200.80533219568292,-81.52264440798986,-2.489852668749292
1939,-673.2770363861243,-35.82397899907879,-191.597947624534,-68.3370972333703,-2.4625391073856084
1940,-552.036546858866,-32.54315123033991,-194.54305758647226,-74.43928633185904,-2.9893718111069827
1941,-456.18100461895705,-41.12414864725399,-194.8088181854124,-71.02352395487915,-0.8737211355308342
1942,-570.7111394778623,-25.496209173330342,-192.47852872356464,-78.28464308999425,-3.1771663412046283
1943,-491.716979645752,-27.686661855773938,-202.98064223099271,-74.26468323703821,-3.1664046203013547
1944,-447.3609454608222,-47.01517429876858,-178.02059432912665,-70.35318896861237,-2.1060397941075837
1945,-421.0691353349867,-44.04458776138994,-195.03395893853084,-73.47173092136421,-1.6663578686780858
1946,-538.3168483812244,-34.47574152001178,-212.04193259485177,-72.1896317059115,-2.0753436999109693
1947,-439.89302412061625,-27.50112959861776,-178.16027654124406,-76.13605016122068,-2.6055198227587613
1948,-547.9648710789335,-29.183405288235786,-192.2678782538185,-68.70610317075129,-2.0124599013771656
1949,-606.3830158451567,-37.954673575394516,-184.55108087835524,-76.17477466005414,-1.3828424962276518
1950,-521.5780180022555,-41.07472345187318,-186.99630644694076,-78.51286831833558,-1.5257737742704134
1951,-541.8351141193327,-29.27240878282793,-198.70985653679168,-70.61885622216403,-0.9385861172249147
1952,-594.7725498306448,-27.430667844704256,-192.90851515601622,-71.42482200553367,-1.9908705455597289
1953,-416.3759676467825,-41.13282704913469,-178.7062618597123,-76.32493979116556,-2.5085646915371926
1954,-464.41314035304055,-49.104959267771584,-201.03751920027148,-72.29517261282177,-2.1656940866788816
1955,-430.76021926675287,-25.449066191943967,-199.71541724386404,-70.1867260670715,-1.4569725184266111
1956,-586.6312915185927,-14.66067199747322,-212.02737827429087,-82.49545466929007,-2.1756721082948878
1957,-465.7412149679111,-39.417736746675125,-200.2460572086116,-78.66006447312014,-3.708370075745266
1958,-503.25252495277357,-21.39404671187914,-188.3205284422409,-79.54167064978068,-2.9080694337721034
1959,-356.68314203482186,-40.91298055649242,-208.28912120258107,-80.81512518750752,-3.8113201818111184
1960,-490.17753055260454,-48.55327792433326,-198.10165090772296,-65.10252527594352,-2.8083600077174635
1961,-658.6180265861268,-46.68046742460425,-212.62078170775567,-68.07621445830948,-3.201951120908122
1962,-505.764377504173,-18.44615172097598,-196.94384486845905,-70.14528536697826,-3.560137780588853
1963,-473.1612010931311,-49.54461649917677,-198.00616124269513,-69.8330891067282,-0.9014155297281962
1964,-535.4792506259959,-36.18974495796492,-197.0245597305747,-77.41005941831334,-1.1225794565686738
1965,-451.70099785993636,-33.71470540960229,-180.18407698586904,-75.03378817782578,-1.5760484647409023
1966,-470.5848039973704,-51.53158686534073,-188.92517090057737,-74.03469579548621,-2.1847553023127335
1967,-461.3340959938704,-46.501275857626446,-196.18485488828983,-75.17645215866507,-3.337492068084321
1968,-492.19799121510937,-46.11881763848428,-200.35110086153287,-71.30802677152197,-2.1836413243177657
1969,-607.1073890348573,-43.6717628178533,-200.40953970570249,-67.61061388598303,-1.3476506607404939
1970,-444.6259631283382,-36.61159391233625,-174.52402259706608,-77.26058388557819,-2.5243012185015927
1971,-435.1052899994961,-53.76933162669827,-196.2794724537695,-72.97590511231158,-2.2384761630997554
1972,-563.1137216941228,-44.25271298102469,-200.58513516496413,-73.28061607275986,-3.6648838893505133
1973,-518.4347531142901,-32.97055911987572,-197.63690621866542,-72.84115488542338,-0.9650850390897133
1974,-558.9562049503666,-29.86771195995789,-182.63148040876249,-70.98939452781934,-1.6310834586846696
1975,-431.1345403807396,-25.573419550552526,-192.37457292408925,-79.45526292936174,-2.690537975219214
1976,-438.26661667078054,-30.080819607910357,-191.85425927817013,-76.03072094134986,-2.3633885004611983
1977,-320.8867889081828,-34.97205315393509,-187.83485270463984,-72.63555138395908,-2.903504449034147
1978,-499.3785902228783,-50.28211943553076,-188.90698612633017,-73.33919192332246,-1.6251448605452332
1979,-450.2370802989572,-33.093757709469486,-181.52326568967163,-75.20015621254564,-1.5213437703424073
1980,-403.9028478284631,-20.796152401339768,-194.25815657272514,-72.90857138488796,-3.1999318524724223
1981,-554.8878906265037,-49.34875925169307,-202.57111037169125,-75.67921763256065,-0.954647570057765
1982,-587.3260715612143,-38.615561989404455,-187.26357210391328,-73.3328424852296,-3.597961857205729
1983,-530.5048481110329,-46.723755534995725,-184.57682114917503,-75.90898254431087,-2.6186493229086345
1984,-462.2953579807135,-15.801392369639434,-203.43625673473366,-70.95736077535483,-1.238547036753264
1985,-435.0893232228323,-28.538702343223118,-187.6220545711639,-74.20559094287867,-0.412948423816324
1986,-474.7064259904637,-35.727140210753596,-187.06303677326102,-65.4557605152601,-1.8603811699400143
1987,-356.5326729712863,-42.79597794190325,-202.69424442345283,-72.7595668150723,-1.6404922757360536
1988,-520.3045915596051,-36.97309580563575,-200.25788428085076,-76.46017262170069,-1.5623274866618555
1989,-411.7197415371148,-37.669550212189556,-203.21672001990183,-80.40589725414807,-3.729352951852723
1990,-480.88228243324056,-34.43340254728063,-186.73803610832232,-75.19506535510337,-1.8068593353144262
1991,-638.1646059719005,-30.204976994687065,-187.8661919076899,-65.909312262888,-2.1046221258750233
1992,-453.20679390059104,-47.45053283818463,-197.08814430277107,-70.97837927054637,-2.579625979247378
1993,-468.91700016780527,-41.854417061176946,-177.93343193150062,-71.65975633341102,-1.3652775734395037
1994,-476.28797816790615,-32.37645449525862,-200.39771796270378,-79.48896079370414,-1.223497914320509
1995,-637.9253962614222,-42.04090890927935,-196.23176249021503,-75.88821437512443,-1.937012454875725
1996,-532.1881560714581,-50.45169443873065,-185.0567072964847,-77.46036119442108,-3.4812977342242335
1997,-487.9839814642602,-67.90731310938622,-191.64909048975153,-81.44120569150152,-1.2445130125018997
1998,-558.3850735909224,-35.53334973652655,-190.2498882523098,-75.62750827261716,-2.711452281223451
1999,-533.0532668470129,-59.70357168034119,-204.55083956339075,-76.05461647812419,-2.8400770790100713
2000,-656.0526525013714,-52.62033297092409,-197.92624313599538,-70.66486209964681,-2.194123133915551
