draw,all_cause,mental_disorder,cardiovascular,respiratory,self_harm
1,-532.5031700639961,-40.53809034707979,-183.21576413448201,-69.99954359579014,-2.2431699103208733
2,-475.0163791883715,-45.269725802790134,-211.79919389462694,-86.58724929483877,-1.3040805736532102
3,-567.7892123670696,-20.746795131842386,-190.29946869707382,-69.0423977448,-2.1679859185791717
4,-516.3447324681523,-32.87313474518125,-196.40152488769525,-72.31153563612206,-2.4530155560985527
5,-357.6673082765335,-46.87040459407467,-199.66927306607172,-81.2343763478157,-1.4950237017055537
6,-485.47779325669376,-25.02254527166373,-198.18662028789626,-75.59606950064449,-1.299707318022276
7,-560.6715164175353,-36.71106366104946,-192.81211058372915,-74.58993129488088,-0.9030681587073138
8,-541.7565592202368,-28.765251631951973,-210.10115846747502,-78.73758738850802,-3.537064044929352
9,-469.49548497097265,-41.967105693493714,-201.1064669258883,-72.72752116230104,-1.214498777383794
10,-514.0418500056359,-21.794727735540953,-182.80370982361137,-70.65235358221082,-3.1689463098942623
11,-500.7774635358567,-40.95694960538706,-183.42854564879107,-77.92850679281527,-2.81850099342272
12,-539.2499308332226,-38.400750263053894,-204.45794824345126,-71.25665046160455,-1.0949542834510042
13,-474.945076596867,-53.48604939949318,-208.59315995154313,-71.74549814535406,-1.462914775227724
14,-510.0758206872521,-40.48719134320564,-209.8442502623271,-76.06276988249476,-2.586753855975548
15,-608.6090374367052,-45.936948158115754,-196.42817948075793,-75.69507765259455,-1.9291110876796016
16,-455.9753381408584,-37.85638560365879,-205.3678551656502,-72.55426412923477,-2.236218969081354
17,-572.897215568287,-34.38224228584252,-174.91708428090402,-78.22430687883099,-2.6340074771688187
18,-574.3763876209475,-45.80528721891921,-200.8460379430349,-70.8862461614799,-1.8274105002661023
19,-543.7848861326316,-58.850819526028076,-185.5178474633781,-71.39997113066373,-2.3496478951839928
20,-334.0741503597342,-24.35324000023622,-216.27957239399683,-77.54024570102646,-3.120543876022947
21,-464.3558758405677,-54.26640504543969,-195.08212193051563,-77.2548350844705,-1.788776796393625
22,-567.965079600523,-51.44389651124366,-204.53627663872422,-71.70054021711466,-3.3917643289829047
23,-582.5488707969764,-22.278340553574363,-204.1448213063854,-81.23070582644957,-2.6776159787476326
24,-435.6153424250633,-41.117621507637374,-232.08472976410667,-82.72311423476454,-2.8157108302346985
25,-316.14200092013186,-28.336867935827662,-181.75846487623676,-81.48225243665199,-1.3922950489014079
26,-489.01843388240945,-34.26297745027714,-206.2187698817926,-78.31074009657834,-1.2374067109990088
27,-529.5187044025663,-38.58315451998619,-202.95525607429823,-76.61291293517928,-2.4470052605850867
28,-504.346930915302,-59.72423422912219,-175.08522461086082,-79.42185839307682,-1.8763618974465093
29,-476.3508508546831,-37.68298580271665,-205.29091457088074,-69.93831566807097,-3.1234061926928023
30,-537.3708838779737,-47.42883373759115,-195.38021115016696,-79.27185117394953,-2.560130213561553
31,-549.4647017587175,-36.525678497126634,-184.4639669287808,-70.39542011767155,-0.7228845654455899
32,-393.6914167178632,-30.198182655215557,-185.9702330964458,-77.25236602322279,-1.9245239210168998
33,-536.8616591162877,-31.866955412798124,-203.12195820793656,-74.73517248025716,-3.536585989238157
34,-318.0344294550596,-36.884424509038354,-208.83707548024634,-76.54401349603839,-1.4060443604687574
35,-675.718281072706,-31.605253399363217,-188.144433428086,-73.55501093793754,-2.192432713995351
36,-579.2285009594817,-39.65240638930904,-206.63896538712783,-71.3169749012207,-2.8869351560589074
37,-583.6624029933133,-62.490936529919885,-219.5131703609519,-73.93591571087578,-1.2715563743882707
38,-558.1681212045355,-67.06285187763116,-220.3276260304548,-82.41460477407506,-0.42557030320654987
39,-476.3497586683945,-18.459737766028113,-207.0374490022177,-79.37387953423483,-1.2281409789312159
40,-528.0887158970719,-24.36111834056468,-184.56584791653552,-69.95859395454413,-2.0165222303537007
41,-495.0184137040325,-35.859608820437025,-181.2125091729046,-69.61745271974284,-1.6169130377882215
42,-560.1484761910735,-46.195836735383914,-193.0447881390672,-74.47535757041454,-3.305333848822949
43,-497.3653977644916,-33.05692244130495,-187.40169641225378,-73.12228376865424,-1.2567771367270386
44,-580.5544238990601,-40.49035274670875,-191.9682111385102,-73.30602455811416,-3.008229714669641
45,-488.472750139832,-49.37762552168164,-200.8079606884925,-73.73124706377313,-3.3668674506122445
46,-481.1327178401201,-44.60394957506543,-199.89431888099833,-81.79695411052177,-2.82581810385183
47,-506.7799233764545,-36.36255007404814,-202.00297475180832,-79.22285887525344,-2.3208138809551286
48,-486.5914762797793,-43.821980266427,-201.95901886226187,-78.31108744161085,-3.905378101991733
49,-420.1472262775947,-32.146983205060586,-183.14174999972502,-78.4761629347313,-1.0310494420428244
50,-466.84947695216493,-39.358700671400456,-208.03348403687426,-86.43286415824043,-1.8010310200852127
51,-456.99530430439256,-38.907693406065086,-192.80560831935125,-77.8031916670278,-2.7337829687679456
52,-377.8798937657077,-30.94379563142114,-194.50367225818545,-80.12718700690937,-3.3126818688746753
53,-510.6512169738717,-40.055217213831604,-197.5121408053826,-71.83097942788203,-5.1975308086362
54,-520.4445074853335,-40.80458578584025,-206.56122278499078,-74.54140581299016,-3.6154863815548777
55,-409.3924934799089,-45.49243053420144,-200.8315809518172,-79.51420721024526,-0.38264605867718826
56,-566.5957552646721,-38.007576209308596,-189.63497007040462,-73.90461594069788,-1.0775371411617154
57,-503.04625486749075,-20.977546531530162,-187.2796034638802,-74.75271599942505,-1.6183539748659639
58,-644.1726316964655,-10.692256023246124,-199.0272414032373,-70.59737311562428,-3.6637523571418584
59,-472.09452736381957,-53.36624053867526,-220.33312118589026,-73.1807117599275,-1.5764039668409815
60,-470.8150737663714,-32.86557016521048,-178.8922442380084,-86.12008788220575,-3.0817639292116357
61,-418.72261670264766,-40.601497777066825,-189.80351392582426,-84.81225950203859,-2.5919502649220183
62,-647.9082720197216,-37.34737461777498,-196.45651035567,-73.68943100824293,-3.9783477806593384
63,-582.7794416260641,-39.199046558513515,-193.38440526172224,-82.43166776894292,-3.0031836590974197
64,-372.6990524098476,-37.80372441904477,-195.02672133152208,-70.9526533340903,-2.2422248586206917
65,-516.9424501158126,-47.62250419030046,-212.72074538697186,-77.12988418051485,-3.9277334638319537
66,-447.4220979918702,-18.56408894870209,-204.46314483677986,-81.29450305598179,-3.008610927809597
67,-479.6889553733649,-39.718934504843695,-213.5331382491051,-72.77419048751604,-4.187105378469734
68,-491.00999156956834,-37.42043345142778,-207.29687900923477,-81.94299861616574,-2.8830627135753186
69,-450.9068793961902,-22.875604389145032,-196.1394599715263,-78.7465727341375,-2.4318173947420276
70,-411.38849338101375,-37.03926728617366,-192.42689879213012,-78.430173735905,-2.807572199405189
71,-481.7104782188097,-44.99997861402012,-187.825867129287,-81.82947001647159,-3.0289810549734897
72,-608.5478847410749,-24.221891305459366,-200.89147442818367,-76.42137299206132,-2.398869359665647
73,-626.8999856522119,-29.97362182405756,-196.80070916337613,-75.18820280453409,-4.509987651513626
74,-508.6751054918572,-45.662623640491695,-189.6131520795166,-76.43163012692148,-2.7949571811697878
75,-592.8321390155899,-37.68495635644882,-210.57018068815796,-82.50696364393478,-4.247178420170739
76,-537.4303018501923,-37.97348986610213,-202.5312139427198,-73.69818335424844,-2.0995806977673177
77,-507.51483293118383,-27.504839934642415,-200.61370762515895,-75.02074783756423,-3.314302356543509
78,-335.913129419471,-45.33661703411238,-198.9910231141075,-76.52017746667917,-1.6117935587176204
79,-491.824825029773,-42.417095754133186,-207.21293504830612,-74.43201050886509,-0.1346669305244035
80,-416.0413193300323,-43.01416069438494,-205.40111705428288,-69.5497478015093,-2.6474481527269913
81,-557.5588129977262,-27.827878567127737,-194.87820977722248,-68.34399688168133,-2.2089637913024522
82,-439.0471933534812,-39.182692545531346,-205.73449890984978,-69.61973340273755,-2.2736944521034053
83,-580.5014422054936,-66.71864883952306,-200.7794763020403,-75.57889767763453,-3.1825331953656377
84,-530.8705914172828,-20.57960093423991,-176.64383072425605,-79.94941165108064,-4.184485537244078
85,-566.597906323538,-50.093864863004114,-198.9242302287177,-76.49763722322707,-3.2963674632844735
86,-575.4857320625287,-24.748334099323884,-203.45663482215443,-75.53632873640434,-0.942437030454421
87,-612.9320383650106,-32.49544596197471,-197.87387558405152,-69.2849884475332,-1.8607972314001255
88,-567.1340273152681,-28.418045925591688,-197.31578278394886,-76.19769611600971,-5.3689440009664695
89,-497.8911981574269,-29.65410464033374,-199.3484157172171,-77.28530316666158,-1.6980680876173735
90,-617.0437350541127,-19.516558675910293,-227.13005580952898,-76.19296363132798,-3.192885304172496
91,-620.1834933448631,-45.719539440873874,-214.66983647701377,-75.41583738052685,-2.788956570391534
92,-334.8379292314038,-60.37326967914985,-202.75376033199788,-71.88833116208835,-2.0635777476034183
93,-443.73832583654547,-53.425071043859454,-198.0339303529367,-76.16305965101326,-2.9404669886497747
94,-399.8752572280361,-26.163270599088648,-204.0462755895338,-76.02133122691971,-2.021802631597283
95,-445.3848528727847,-51.797164223274386,-213.43789566497276,-77.6524552261168,-2.9697397970553325
96,-457.03410050044255,-27.276213180076248,-210.12529794426763,-78.21248005105022,-2.4603218186473677
97,-541.8524023966553,-52.32473706575994,-204.8647587579673,-79.51663071909933,-2.155374212644374
98,-370.073093197676,-24.74821726514318,-203.88298911457517,-74.73035154276009,-2.83296625025547
99,-565.7279299056507,-23.784166847249725,-201.5060778770076,-68.70301199823535,-1.0755563260158327
100,-531.5503180935508,-56.38381389185599,-204.59379266377206,-77.84549605086514,-2.0960712327818047
101,-443.71118996736004,-42.7376166466904,-180.61352340314284,-75.08743184773711,-3.232838250253908
102,-419.2739514307867,-48.88281292475864,-206.62842395944008,-72.09947618758434,-3.0371946741901854
103,-571.984349652295,-36.68852572620928,-212.21884943212248,-73.8708264702556,-3.0386084964017974
104,-531.837032906388,-27.267823210937472,-203.01915187381087,-75.6991819171952,-2.6439957474767324
105,-573.2324716506422,-53.64250456508802,-199.91855756401839,-78.04408991479917,-2.9562390157139182
106,-449.19450190047746,-16.428797347005105,-203.7454506554549,-80.65167992033354,-1.692093160853214
107,-425.62795867366117,-39.23158913386015,-181.995124218803,-71.2794443329527,-2.657327202228705
108,-478.59568446837926,-37.814150927047415,-212.92948014592238,-70.70372340957901,-2.463045802501487
109,-365.3915098169898,-43.08428090064775,-206.31709423085672,-72.95395719227045,-2.2081306772467877
110,-402.81717662016786,-26.684880811287833,-203.10027227085808,-87.11881492394342,-2.730346747826245
111,-474.0463670745644,-46.859369573835345,-205.49118701337287,-73.8353643263725,-1.3388643938400546
112,-527.5697643601959,-41.188571972980114,-198.24877442645234,-72.05187721917734,-2.2346867568242854
113,-468.3509336812875,-47.88374608900144,-202.4881537648701,-79.6015270410944,-3.277745793224894
114,-375.85384709954116,-47.32788635715534,-216.3126141011183,-77.50588863424453,-2.221987866058237
115,-295.13937428728485,-54.10131439511507,-208.35265310699307,-77.46991947404511,-4.03718014559929
116,-401.9081034092638,-60.447733260211514,-209.5651500470317,-74.7344313230502,-2.5214411922263302
117,-504.8414416968542,-39.74382046871014,-192.76478638814987,-68.44103819382673,-1.925510678381708
118,-570.2082184940953,-35.54914009927527,-197.16247931536722,-81.96072719795335,-3.7580146206789276
119,-458.9580890313956,-44.79827612808186,-209.6613012454795,-77.17633094550669,-2.1407250884101447
120,-500.04306500613205,-30.216447729631895,-212.66061628450942,-70.8400859367275,-1.7809669951423905
121,-465.0995129615508,-47.427938872912605,-201.21420992823454,-75.36284389834498,-3.267633186809227
122,-518.9665743653991,-35.380705259305124,-209.26191174177492,-73.0138969643124,-3.1821771213047474
123,-384.0746471171191,-16.465250012995817,-193.76341922761668,-77.11712512123825,-3.2667634504030802
124,-452.442033229105,-30.5872725388481,-209.7060685245449,-78.41068534757032,-4.698418507445287
125,-575.8101602318033,-33.04039022701883,-206.70401089890785,-75.85092717967555,-1.8062081279591922
126,-562.6234583997249,-35.46301793620693,-201.68828838247384,-81.25267701652625,-2.1170431074453573
127,-502.0914742657075,-43.3655049584676,-179.09282128788618,-72.03225015667178,-2.1709516743802606
128,-475.8274499916987,-31.716959723744225,-178.49625314922756,-65.91202931694193,-1.9853066627225855
129,-418.7926074437076,-47.556616726085906,-196.32956843759894,-77.65915954169188,-2.8433700577440892
130,-617.689423553864,-32.50622215103684,-190.50760805189896,-74.4230870697597,-1.7243866137328343
131,-399.4112005609297,-23.129324467236703,-209.51576354760599,-70.62924186501095,-2.0240874354801015
132,-620.4448031805542,-45.6225410847446,-192.25317166805843,-75.02585069666769,-1.9339263148265717
133,-457.31700036590644,-51.865690455946705,-200.65283817488057,-85.61959207547287,-3.2859497247368004
134,-451.9840037237287,-17.37806469878361,-210.35437103220667,-71.07811413370017,-2.216958863618783
135,-514.238441895137,-53.21488771836679,-188.46226852801186,-74.422078467165,-1.6052237999905794
136,-445.9515246769489,-42.72573467991776,-212.47128562773807,-81.45790097485511,-3.634554013956067
137,-701.5479743583289,-48.121712054238245,-190.33467126047887,-78.47076981432852,-2.2673119091707967
138,-500.7821881585247,-25.51931979812526,-207.74271985327113,-77.38760438592332,-2.395156663562936
139,-512.4460642525231,-45.46009279199263,-192.51847990161718,-75.44891025961188,-2.0131453867704154
140,-447.668108641141,-32.85190256044258,-199.92571882766902,-72.46548226231651,-3.3511506498400605
141,-508.0933363059395,-35.79044409845113,-201.36900973991618,-76.89301753919611,-3.0577014712725585
142,-534.8490995508797,-36.174379575780776,-192.18451072464455,-77.70243920224533,-1.2896135391251944
143,-381.0969245946913,-49.26021304949357,-210.30984641166017,-83.5595870522877,-1.052032676207538
144,-550.8626127395421,-48.93365701086023,-204.6097998749327,-72.235614938028,-0.5977204770274689
145,-488.26546096001647,-50.26014883105635,-209.8313444238216,-80.57360600139693,-2.2988655124609116
146,-600.3662781478431,-29.816031374549645,-190.00915190286582,-78.9530380267593,-1.2827283011083055
147,-517.4439593547254,-37.28453582854135,-226.16253860907372,-79.31416086297249,-0.6757317198789616
148,-572.3371133005174,-31.30437877888328,-193.45738023536907,-69.5549764508628,-1.152064987638617
149,-523.174868768753,-44.171720971437374,-201.1291163848592,-72.24675578484515,-2.8459168864297792
150,-520.0148592726681,-43.88834206961196,-172.75027963768176,-82.09383212250971,-3.677780758576932
151,-585.0125746003936,-28.95043954767886,-196.30086066467254,-79.17993322529999,-1.7326321805465534
152,-388.82214103993226,-22.70630264486264,-209.56994466151426,-78.90694384660785,-3.259516954647663
153,-410.61365204855247,-38.786718110416516,-202.65746557960327,-71.86535871106712,-1.894978045833538
154,-572.9012949345833,-51.48676312902381,-202.91140699937495,-79.48811551467671,-1.9095948222674266
155,-543.3437324566893,-46.84870145022017,-201.4048659375134,-73.82928949039574,-3.700356288302488
156,-456.021889020057,-29.871226877463688,-196.8414255082616,-74.34120127672995,-0.7177427539532211
157,-635.8880219658371,-42.32333459393106,-202.58833361585536,-78.24581286746438,-3.663282648496815
158,-524.3387507635991,-28.881513371630323,-210.6821561736185,-77.44822785563332,-2.2661079821852192
159,-587.8626764564328,-28.442342678098193,-206.6889501080282,-66.01552814189345,-1.7627005162819935
160,-719.9317102429475,-30.758032226020383,-196.90783978628394,-77.09065136393895,-1.9961851221135292
161,-630.2656082543582,-39.096081248068515,-197.26705752313606,-76.6490178050999,-0.3666255331167245
162,-508.96507377398297,-20.530246530616118,-213.66249260261122,-81.52418458568827,-1.2239778076305312
163,-611.5907878542253,-60.517745799413,-198.6528782422071,-77.81773339777916,-3.1402311205728504
164,-487.37302805587535,-29.26595136986002,-194.01951826245255,-81.53268848118051,-2.757361478137473
165,-519.8662128743711,-29.12649747529712,-195.77024145617096,-91.21081520443211,-1.9270006054466626
166,-572.7826976329179,-48.34009687864801,-195.41882502846374,-77.52758213744116,-2.794989676913666
167,-557.213473172365,-36.1486230878107,-199.01552748846174,-72.93940222357887,-1.7319465834735355
168,-422.1619904679603,-39.30382948150232,-205.28015344361182,-72.07194370073353,-2.618388249861945
169,-535.1304588519238,-49.051000319108866,-187.96908320268585,-79.90331030749957,-2.301843876867101
170,-468.41394427016934,-33.79945902844185,-199.03885061389576,-73.36783615010042,-2.5140127521017623
171,-441.6930031999223,-50.84846516009245,-208.45022392951006,-75.30234388703848,-3.013388461077864
172,-449.7063662248136,-38.925733137753895,-185.77089366331572,-71.82842052033361,-4.666582965033598
173,-577.9712451303182,-41.88252037762681,-213.97928232933484,-75.99545374791151,-2.6003278949498916
174,-388.9606884073894,-23.610427197511868,-202.40562881417713,-87.23327051403922,-1.2352023980184788
175,-324.43448364649817,-34.33215897623712,-214.70788672090077,-75.33482633455823,-0.8548395156310963
176,-463.04405022307316,-32.633863531804856,-186.1466348504889,-76.42941865587316,-1.3350647865725331
177,-419.06355935099594,-27.992335173589634,-183.84423731157028,-78.80535623778233,-2.546868838324081
178,-518.1832355685117,-39.147507237565804,-208.61444308223412,-73.0668795614501,-3.080374021215254
179,-443.93602843959536,-46.730160813228785,-197.21570530836667,-77.65851596807423,-2.0166184139202583
180,-497.34088804629187,-35.292183638264824,-207.64036038241593,-74.9507878498624,-2.8159101749390025
181,-582.6812213151078,-38.688799380343546,-209.2509053649101,-80.60179809898506,-2.1494414433588513
182,-453.7316791800995,-35.52430476410822,-205.1757506063557,-73.57329199452622,-2.926513228490153
183,-517.7074538487361,-46.20872239289312,-207.98900430149388,-78.57041248923471,-3.353109147552886
184,-524.9954298783043,-25.931046677157052,-199.05216075755797,-83.87406366243425,-3.30533611745353
185,-536.5419770378226,-39.347969756426444,-197.4402548259764,-73.07957059872237,-2.593858819983995
186,-467.0327323140879,-57.57529241858532,-210.82453600621892,-75.11021678533771,-1.1133457690299833
187,-391.10990784326077,-42.88522170844422,-208.1013230845393,-71.07148174594865,-2.175379998486226
188,-441.90494892504717,-13.474082446444271,-190.04447273827674,-80.38660275217627,-4.025910682045519
189,-394.1184265303596,-33.181113984626144,-210.70591620422337,-73.0282024424759,-1.9852448627087993
190,-351.89910953026293,-39.140700714306725,-187.75380682589176,-79.47736983262587,-3.8148576496971542
191,-381.67278696125464,-37.655455699862834,-190.42931945494902,-77.06843597433772,-2.264408811922476
192,-531.1452243562857,-24.06440127116947,-198.67976841595745,-75.83193044868105,-0.5420852745754217
193,-519.8656961366547,-31.253221994935537,-201.16664322408877,-77.3274865122143,-1.2481654927326653
194,-560.3155193694178,-52.71083796721483,-191.69442124861595,-72.64616654712535,-2.602942423826534
195,-441.04088784547247,-34.24183334321855,-194.9886488360459,-79.56490971162016,-1.8091632459790334
196,-433.8424436697536,-42.20843124071473,-189.74231461858622,-75.63578987275335,-4.484879710900121
197,-443.33308678552834,-38.48617810075924,-190.50884694073264,-76.08251020017715,-2.371139635882079
198,-557.6505077998094,-38.03273408900107,-193.5368185783097,-80.43238879137395,-2.289988891005557
199,-615.8990835752797,-34.014683894748295,-199.3558238247644,-72.52644874969117,-2.64827256268708
200,-637.6812854180282,-35.408400014879376,-195.67376216121025,-74.34673758298052,-2.6824750454666444
201,-452.4556799702608,-45.50877002894667,-207.71199043489747,-77.67193587146855,-2.7111294836557978
202,-560.5408895964335,-25.34051388546012,-195.74259910544828,-68.40155914986755,-1.478843568959645
203,-658.4360198371702,-22.6554890653751,-202.88576330125662,-74.53838601538588,-3.098007841886746
204,-600.5379976182159,-45.67266264214047,-200.27113800292935,-77.6695012113112,-2.6633780633393123
205,-508.0957233827789,-27.184777677371518,-196.4695190908893,-74.33850667026329,-1.5503654745101547
206,-584.5538152375782,-54.23890313530729,-204.72298274758887,-78.6764210373089,-1.349676909506343
207,-427.1816883272919,-48.59658081033525,-208.19974791882322,-74.76434428445847,-1.5158917726562553
208,-490.2468245119786,-41.31829982224983,-212.49750188286532,-74.39598372394676,-3.242534716156917
209,-599.8472999735687,-44.062699960388066,-202.9527648947018,-72.85824264512388,-2.587761411926615
210,-545.9845841172432,-41.44995648910133,-184.60702628122493,-73.23858545984035,-2.401548523228809
211,-466.0423599719662,-44.494464741334475,-189.4235669345803,-75.99878053342353,-2.900329565041145
212,-460.1188285038528,-39.195128714672414,-195.4616293915487,-88.35386864465008,-3.4667113136047045
213,-455.98470567222824,-46.674001709592176,-185.78983724032358,-78.19205534781578,-4.108079103173044
214,-525.2113450906991,-45.064869641838214,-207.59151568122644,-75.93999946331412,-3.108081478353186
215,-549.6175901784701,-43.70983043296125,-207.89757745370582,-78.18478688498729,-1.3246509021934214
216,-392.6426861179391,-37.01298544573655,-197.25181317212596,-68.98643205977297,-3.276815928853835
217,-519.9781877538732,-51.72532993068978,-180.64338086453222,-78.5742139017199,-3.214494917166761
218,-517.7438894844815,-41.29220909664877,-194.87982161277856,-79.39931619732943,-2.0329788354937413
219,-560.2349205991171,-30.989841164086698,-191.4807658924889,-74.2838215755737,-2.3402304731599894
220,-376.57154076802334,-35.10354865782869,-201.46435763837997,-80.74662353570726,-2.817308557589008
221,-505.0071472829133,-49.26391324707391,-194.2318611271546,-77.75109849175158,-2.4475045808328306
222,-387.08185126983983,-47.42192971994746,-182.16134816442062,-77.11324918207022,-3.9793804008617024
223,-609.238486184916,-39.16424940591767,-200.91502965911556,-76.24777288496217,-1.6447972705251195
224,-615.5870595813639,-46.54970482151484,-182.6011838367831,-65.13928611987414,-0.6800788666974207
225,-437.14512849715527,-30.41088664365524,-216.55619391195413,-81.43263929151647,-3.123240127180686
226,-456.6309494586938,-52.28869641390125,-221.06331970607064,-77.0998104542869,-1.8640534419817785
227,-612.1464377246449,-26.74205438292128,-210.39262033586294,-85.04204548176789,-0.7219803510282146
228,-541.206236468781,-48.43209198592171,-184.2950204136292,-68.68210751111583,-2.8823979734752725
229,-599.8512748950343,-49.85377166695988,-198.29033733751365,-73.55775680891624,-1.2286167628492135
230,-452.70084330206106,-38.03233032142181,-201.81627931718737,-76.75396252272408,-2.327466439342465
231,-609.859956361918,-34.82215116187736,-186.88946037631274,-72.23959889219209,-5.069922483937962
232,-567.0037010587059,-31.221685454628805,-201.8227607051982,-80.30443447932835,-0.42543705361035933
233,-439.4885137294681,-40.47182369075821,-203.63045227092346,-69.63317289227862,-3.2056979043049876
234,-518.6477428346903,-42.39284351926151,-202.8611601098715,-83.78476257047879,-2.278836108850824
235,-355.32295459480423,-41.653465996521575,-199.90702606499354,-76.46120809378789,-3.173672704822154
236,-473.2629367405826,-28.16972372950343,-184.5861685739398,-69.39677528301097,-3.6596294155073936
237,-513.5899949990343,-31.13925927080665,-198.40353641914095,-77.33569854883403,-2.4986681499899515
238,-523.928473634374,-37.07126935473131,-206.84411353801931,-80.2425443827369,-1.9946057961943306
239,-569.5580265359322,-40.40674147350789,-191.2201045968979,-81.83964997618317,-0.690193233724064
240,-547.8358120873918,-43.7590062800013,-221.44466477463249,-74.08566283729782,-0.14464248614474762
241,-533.1275550503351,-33.4733926121173,-193.7150901060436,-80.39605457303085,-3.5075909712607323
242,-487.60703485526824,-8.474189456516376,-201.39039231401864,-72.62246267882743,-3.3820514869519416
243,-592.5598374962863,-36.51449781076891,-205.21891988489284,-72.38088445779273,-0.5672695147800527
244,-328.9669468785258,-42.313549592511585,-197.4286348609883,-81.98741679461772,-2.0003582693745336
245,-520.307269822668,-25.7522284037708,-192.3227087975158,-71.87052469107361,-4.202424020890046
246,-640.447739123449,-60.26911816610882,-197.7289993570613,-76.61929407080777,-4.038351521781905
247,-643.7164854968196,-32.11976104572101,-191.17195660239622,-75.17507938899712,-3.369396614455668
248,-624.3144656799078,-48.22611280350362,-213.37613545863388,-75.65164429570167,-2.1283769471732232
249,-377.614223119893,-35.07825868513018,-206.51861426993193,-73.39615995085713,-2.0054538300528897
250,-546.4421137429038,-30.6334426354829,-205.90523508710618,-66.28688868289996,-2.651387682586029
251,-499.1516348254143,-40.88586169957416,-217.00851706184653,-72.87293289461277,-4.006172608388778
252,-392.205959500871,-44.03011245418017,-197.56845881991728,-78.01755708014485,-2.064208649849708
253,-571.8535887934655,-46.190597364323295,-207.70193986996617,-74.95684301033639,-0.7826783239982563
254,-542.2003733809481,-47.2254482908249,-186.00316280839726,-74.7959675759923,-2.859014776877308
255,-555.4443125483215,-19.3942521045538,-186.4292381832319,-76.52416815427182,-3.2937409082940206
256,-520.2388436259313,-36.939362274420446,-197.85352423696102,-75.42563524669187,-2.2409189171699118
257,-482.75096134415435,-44.28048415604458,-209.93901975375167,-75.20053308278652,-0.45746309563638476
258,-453.978902979433,-38.93946163434708,-207.47880680283598,-78.52919839187177,-1.148170511687846
259,-620.8060729942491,-34.16406302429331,-200.42678768632933,-71.04300464560544,-3.6453425495606666
260,-475.08818561581836,-24.58190239290552,-189.77911789664387,-79.58180433527207,-1.568151952720689
261,-635.9998106584483,-31.876749259311968,-196.73277879595472,-74.75188554216088,-1.5723978859157703
262,-477.18114990813126,-34.55551418684429,-176.2737689837547,-77.9659287993714,-3.1080642540322434
263,-387.4579585758569,-45.50048684247353,-194.04679939472973,-70.98086267031276,-1.8194506513518287
264,-549.2101221713716,-55.225107724332226,-210.34128577071695,-76.53541380508477,-3.4838227552953693
265,-630.9894985361703,-38.01854744729787,-200.02552210197672,-73.90770300219108,-2.374150993168043
266,-501.6858075707693,-56.12072835895735,-200.96395360833142,-76.3486043207358,-4.54427344503333
267,-411.61219678394383,-49.2745318267595,-204.85969086791332,-76.03758509378942,-1.7942105346393515
268,-526.0778483444053,-26.58654151524296,-216.8766187180882,-70.22784030094002,-1.3122074996071156
269,-585.7348449299017,-56.717824610418084,-190.59847976061718,-72.18997075258562,-0.9504548397530019
270,-603.1794189690278,-35.820920496173834,-211.8561707060333,-77.86048651411788,-2.6208922696023675
271,-505.908377115483,-38.179765015041184,-206.3290194618178,-77.87213334815213,-3.6387959482280605
272,-377.267227786913,-46.85417533995831,-213.55517174566845,-71.73299897261789,-2.001667103518324
273,-462.27593330808213,-15.305637144249646,-216.18960553720586,-70.26646746974735,-4.239766062058124
274,-491.08357175634416,-42.10794628689252,-188.09694564367248,-76.23795642361853,-4.304180206733646
275,-518.6327886563378,-37.878114981919936,-193.09460037572933,-74.48354138426164,-3.289782431307709
276,-412.75722452972076,-39.32557451643382,-189.56879598061946,-78.96722209297732,-3.768715138685857
277,-508.75262183676756,-29.782935635847092,-184.28345755024833,-73.65265718786205,-3.8642555381053345
278,-558.5274093954578,-47.00375750625138,-215.00672997007155,-72.14269956186486,-2.896320939339867
279,-559.1253038119947,-28.624951466525587,-192.56328366436594,-80.46564586221476,-4.384340074786927
280,-534.9354461078129,-37.632162764739235,-192.65333616755865,-74.6790142260083,-4.300833431729525
281,-534.9994092629059,-27.952832164447866,-212.52271340864698,-66.25872620102962,-3.9281749716041587
282,-554.5789320709622,-31.4042449538509,-182.51902763910516,-80.74641797544999,-3.5217429656177965
283,-471.13671476713245,-25.49821264725901,-225.3064377100095,-69.00859333917326,-1.4096170529746372
284,-470.30056861969007,-38.97586143915427,-200.22911225981844,-75.22745280304352,-2.4882999668015935
285,-508.7137178702089,-45.121037766884896,-199.8064809122555,-76.1008408260925,-2.566186553386069
286,-339.68492280544757,-29.25352221742677,-196.12708880183152,-78.61981404162943,-4.30740758272227
287,-486.78409806958643,-37.72465489048516,-211.90484445067395,-81.01452076216692,-0.8702484181250539
288,-544.9220048535606,-33.497489661666435,-194.3298204600288,-78.58228393456496,-3.067987050927653
289,-497.20961832140637,-44.62677013809343,-193.45896236147718,-74.39448248251148,-1.452105241316551
290,-500.04544797177584,-49.39629286563969,-210.04684081581175,-80.29229455275149,-2.109592046961398
291,-541.931826812657,-40.213752798446066,-208.52541617217744,-78.71837883225454,-3.538302328187154
292,-527.6911615809612,-41.3629352543609,-196.8823024689805,-86.07689860759444,-3.0696271603738507
293,-476.57583833981164,-22.834978836977783,-204.3165410093201,-76.80974811029672,-3.5560916362732407
294,-599.5999041798348,-41.809377658276,-178.84205918193013,-75.04492726821955,-3.1031083118224005
295,-575.8024915315772,-31.505139513286416,-198.95481407732203,-84.79969807371727,-0.9782198903530844
296,-649.7254923340753,-42.87877955419564,-212.12826923243802,-74.56068260619466,-2.8265177738699307
297,-466.1148847179143,-45.92543318986863,-208.14231563497216,-68.73997689188712,-2.2915667673236593
298,-483.84815169743604,-25.79419270032725,-192.45830365479455,-73.59169248799904,-1.3992302261604483
299,-380.1320182660662,-23.52036643024216,-196.2109926832855,-81.48536923633253,-3.143930557761424
300,-521.0432306161717,-40.40993892730536,-190.27829830955906,-72.697233815169,-4.984497948686271
301,-407.27627387926105,-40.99542301615283,-191.49168223158577,-74.18455437739672,-2.317932901946266
302,-456.8955354383054,-44.831347792170384,-188.92250573222793,-79.395144654699,-3.7006359397095068
303,-388.0994132408871,-51.93005738153164,-211.0108500952571,-79.23279613526853,-3.0304880689984306
304,-399.7563803391984,-56.48370724573441,-218.453457006493,-65.58177101823678,-1.282923934925815
305,-638.9455672352957,-54.95483413631735,-205.961540336245,-77.21610155836198,-2.8164217067672217
306,-583.3373240301329,-32.4394633717863,-191.5374865518759,-79.46078297932974,-1.469411622764051
307,-386.40343654177843,-37.13083796220699,-197.4757306997947,-74.03581581950814,-3.832291001114698
308,-384.1224959956282,-37.91071583933554,-198.82217336745205,-70.54730261231367,-1.420477673777614
309,-500.7609043865964,-46.0886056886728,-202.99800334162856,-77.50092890146254,-2.5890217200497134
310,-403.88971919001636,-53.995701267622835,-194.73038556053143,-81.40722212514868,-3.1382506978928912
311,-479.5455387001201,-38.197376668650996,-193.7908806103677,-79.42183438143178,-2.4508126814565463
312,-482.1654361778526,-46.32663768542857,-193.7644072407696,-82.02561765807609,-1.7600894595217893
313,-517.2370417742707,-40.404270936584766,-223.77732945063565,-73.95948908433732,-2.9864748804832706
314,-483.9583932299798,-28.90733799376659,-206.40596012516946,-77.9173075835157,-2.901209626858471
315,-522.6725586468295,-48.24966756542365,-202.45544327849768,-80.57049421093903,-2.924823280605964
316,-537.0323684226485,-30.2220379363855,-207.07929390313998,-71.78449987271817,-1.5167896104506053
317,-591.207671837974,-50.71061453632507,-205.40510152552207,-72.86107033989758,-1.8902786207929307
318,-458.25929038671256,-33.9192569069724,-191.63562911907968,-76.79595593524692,-3.040717081735443
319,-516.7195591724217,-29.51985540548306,-208.58977432014305,-75.53546730727612,-2.719410016046621
320,-472.25335484701793,-40.97533593933461,-185.47528731623476,-83.17968224722387,-2.156827692023977
321,-546.9784689326824,-45.1009891713354,-181.80601828068814,-83.14149517599391,-2.524232303449903
322,-489.40682955394095,-26.0917643015107,-207.6770933669548,-86.39762462330492,-0.5373712017707541
323,-486.1799539680615,-40.278632312319196,-210.14314062252083,-68.26746291394937,-2.5084889369826473
324,-570.2197957632603,-39.30660960237332,-201.03031691429615,-69.71947057302224,-3.3702835861852156
325,-515.1876278817601,-49.414727508661414,-195.9172378124978,-68.89290845941062,-2.568093906003923
326,-439.11751089377833,-30.07980229930358,-192.84902198110612,-74.74736499829615,-1.587057641362261
327,-622.151588507898,-60.3052554261071,-204.4919661716761,-67.108420799422,-0.4843782018148861
328,-467.0762057961354,-54.488459127423496,-197.41175687831966,-78.52433436050865,-2.6391438641967655
329,-641.5590933445559,-43.34511093395648,-206.18417105095168,-83.22184950564372,-2.2419748488447775
330,-460.70725425857273,-47.40759680600309,-185.34061053268545,-73.17502545199058,-1.9216825821827348
331,-461.358869525262,-46.15751836951668,-214.3765570720136,-81.95123339793068,-1.9986098940381443
332,-662.3840569189159,-23.007647232951904,-217.18509082520438,-72.54258730334774,-2.0492276064992576
333,-281.668433250946,-40.222165613273255,-200.57868320624385,-84.70409576105779,-2.8936491014043644
334,-558.9582573619984,-27.655594855508962,-212.47753601016032,-69.49702132017536,-1.9747163518031376
335,-541.0284932522144,-54.21514077438322,-205.632770642033,-62.545199426468265,-1.846676730340656
336,-453.09408943947153,-63.38803860623435,-192.87012590649044,-72.40750232363767,-1.7866506657421215
337,-565.7821545892127,-40.09415145940541,-202.05138219386342,-77.72871070662602,-2.7928931669548254
338,-514.1762641667874,-40.72510146119936,-198.55758669261752,-70.61339085647062,-1.3397640890253033
339,-567.2702721503364,-46.41398645294144,-195.00388287331106,-77.72177489519801,-2.3687830103785585
340,-567.7749602473947,-27.051353946047936,-192.92629543541753,-76.06105092079314,-3.305089692425206
341,-464.7542155909526,-36.28175490744188,-205.88758458933737,-79.81182609771344,-2.2283919495798337
342,-412.82939536036235,-39.483742760314676,-196.2858785624722,-79.35022996377404,-3.653572079184064
343,-563.3367790504343,-41.2207478746115,-193.62076318201957,-67.43899261537399,-1.539530396519603
344,-494.05933567320903,-26.315959934836116,-233.34555104176184,-75.90257802982119,-3.0167455429682204
345,-407.98438307040254,-35.83890932017052,-204.4713994214042,-83.1304576939879,-2.8010544162688853
346,-370.80054061437454,-18.655821526307243,-195.47602080774837,-77.52906120155234,-1.5577450274678024
347,-647.2744716010866,-46.865013217036726,-187.54262549316874,-74.85601018260968,-2.557686684713328
348,-490.05286204105767,-29.08917470250082,-193.7082416642126,-75.86494360162075,-2.54543390082605
349,-553.6182474902927,-27.68557658015963,-194.35738520423106,-85.8322516920551,-1.6863425457811596
350,-609.2448357295309,-56.870628060992225,-201.12916932460828,-86.10505154682316,-3.057784666698743
351,-470.49245669590925,-36.94495160914869,-202.4768090615137,-71.47761708018848,-2.5644199902049016
352,-369.36905640271164,-50.87226068217338,-207.9116808001956,-74.66306226965929,-2.520407116566943
353,-497.1128920437174,-29.741211246280994,-183.94680877535606,-75.50795008572003,-3.13689364734851
354,-514.1995999886184,-35.15203083918076,-195.36649330844364,-72.6418046460248,-1.8453807957401587
355,-523.6718024719972,-53.726723746782774,-191.3938671015443,-66.96120510615725,-1.9625799864139075
356,-579.4814221733973,-26.51127909301376,-191.48511179206852,-81.67306961115784,-2.528406823298606
357,-577.6601628982803,-46.21916607819166,-217.37340752307819,-90.63937879997947,-2.4988484464603813
358,-533.2199238811993,-32.2395291023095,-190.95547763434095,-74.25386713927583,-1.7844832109480349
359,-462.63661808183144,-19.592706469256154,-189.9696651392828,-76.40444638567458,-3.8148490654767433
360,-565.1240215509031,-32.33160952942911,-202.3052275720552,-72.10119183234781,-3.1149972578621536
361,-422.94866298153875,-30.257997896548908,-196.47890759583777,-72.53836254148746,-4.205886758821926
362,-473.6199019681588,-32.68557396776462,-209.85212336644884,-83.04560235932186,-3.4638827192147374
363,-551.2119875174465,-19.523661336063846,-208.7078259013366,-73.6088903414919,-2.350577533588051
364,-517.4839948970714,-51.01293004266524,-203.61977796021625,-73.10151284301348,-2.4506737352658248
365,-447.95417911667687,-41.708686636561275,-180.92793084094552,-70.16380888589684,-0.41979594469560194
366,-581.076594109957,-44.11130144872281,-187.07909543864713,-84.36278283050764,-3.456345805751105
367,-427.0080065552934,-31.15537737907711,-215.52919855621812,-71.0512336766115,-2.6843003261585228
368,-615.0626767715205,-43.51811262256325,-191.9580580466443,-75.11202319000228,-3.0255624324152404
369,-495.87724980801596,-38.483351147856965,-198.94691166080656,-78.34614368116803,-3.0517545133564816
370,-480.0687407299429,-42.39768350487194,-197.66548763928574,-76.70472983892367,-1.6414526948211898
371,-605.1539514328546,-25.338038204603478,-196.91635640305427,-82.79440936249178,-2.301396371602514
372,-558.6506297047024,-35.80771672765157,-200.47053116143016,-83.97857476257036,-2.5755025671785288
373,-526.8198259016266,-33.0631588326696,-201.95513315953605,-80.72213039346346,-3.505152860841507
374,-501.87033545229815,-43.290527160133266,-196.24968301933075,-74.64378131911712,-1.3762328130504944
375,-511.25963414044145,-30.923345828176807,-187.08661181154696,-82.24431280168835,-5.2019263132950755
376,-551.7071265114423,-42.6330428003076,-202.56302463574593,-78.55390204325565,-1.7968524836254802
377,-512.6736755525502,-48.10194374755311,-215.7058138810394,-75.08817458016654,-2.8853290263618057
378,-448.3132140237036,-48.228460835192756,-185.90418546174993,-78.9819095812282,-4.3955503732316945
379,-470.52858279726166,-60.98162277828346,-202.4347985726598,-78.5221344493956,-3.8195907363227213
380,-436.63790988669587,-45.22478069242696,-218.55541567325892,-83.80352435641505,-3.2544873251307234
381,-534.6219507302357,-35.729945465506624,-204.803800156514,-75.47546536911547,-2.5054919663384623
382,-475.30213298132344,-34.90211973886981,-204.4463285471793,-76.52930297864351,-2.3995635772238835
383,-491.91646225920755,-34.11584148939249,-197.89721399266867,-83.13739384180585,-1.7627200320193035
384,-450.4381580490471,-47.798258650686584,-195.5665877775741,-76.78499704468487,-1.1814607464253295
385,-452.791553029881,-63.60581375173092,-216.32556449658694,-72.04196633679507,-2.2864315613737998
386,-594.8910617732314,-35.965860102725784,-212.56682143290124,-87.73689074257383,-2.0007062012972257
387,-534.9942571394386,-43.63806462411066,-199.9089222313484,-75.2551555249764,-3.832787300011829
388,-534.464373489069,-32.58633604392574,-214.758919094617,-78.52583866725477,-2.5370242613650786
389,-544.5919255252398,-23.98726835133733,-207.48459678588355,-73.74979561767938,-3.37809239537611
390,-541.3681862486739,-30.384864851598646,-199.48519827835784,-80.45937646677022,-2.338936564561362
391,-456.92227406291863,-34.55839222904277,-182.9601299991764,-71.76815851061352,-1.773591273281937
392,-526.3280182130067,-35.78302951883633,-217.0286114569041,-76.08449965104933,-2.647323053767115
393,-546.749281024381,-37.48678761413501,-179.09854501954786,-73.64552003836853,-3.1581577441862803
394,-372.09955239807795,-51.929833229550944,-202.50690166017,-76.41680830516859,-2.475780776912191
395,-349.20352203350257,-38.96275196505497,-185.47874052072794,-78.2164609167314,-2.4834210777162085
396,-527.490757685029,-30.675425228107965,-185.51260620361202,-79.348302685884,-1.889049206458974
397,-602.0995236485531,-44.970268619707355,-220.39755754497088,-78.1626420485701,-2.6752419431646293
398,-477.9216494121516,-52.710805526265155,-199.22450242232713,-79.18058456036647,-3.0776425238435636
399,-590.8146691250681,-38.615042666759756,-190.7598805468869,-79.42689519187577,0.06977306704744111
400,-608.416918724807,-44.65100311590552,-193.823099165297,-76.778859671826,-1.981980345462637
401,-558.2879643044497,-25.768924984674673,-215.33420637762694,-79.02090071213676,-1.2817627420162976
402,-605.7185959699772,-46.06489846873804,-191.88830341308798,-81.17349371639415,-3.252262888432477
403,-544.2564649170184,-29.3182937139804,-202.01988280714968,-69.39656504729832,-2.7384066188647362
404,-520.0691707729078,-29.91309740763979,-202.4131359362495,-78.58936316703944,-1.3143384302301928
405,-576.1518792078577,-34.91680539205458,-186.9592261977772,-72.75383336341322,-2.9450526433718758
406,-480.7270037626937,-31.06581238145368,-202.08707726688192,-81.01772152739508,-2.966393672459648
407,-560.3706032637034,-24.35289349066772,-198.59862215227716,-78.94288183034702,-1.6055370787083416
408,-473.4849303179531,-37.51778712025828,-190.32007623661238,-70.00382977329804,-3.6730344122140277
409,-450.5470796274208,-46.075337174247665,-211.6519938722654,-81.1979256872866,-3.6493430319730633
410,-281.0787755370987,-35.55641501954214,-191.17040037403635,-75.78998687315638,-3.4031942107090263
411,-439.193077759854,-30.678353945494198,-195.2487255076628,-80.00996771285834,-1.1689153062336102
412,-427.2107414792226,-50.25439854628236,-203.8033557447284,-71.88721286993506,-2.8382555733742687
413,-666.6262902708568,-40.87798515379765,-197.99710504321422,-72.98243550788115,-2.3424037161004523
414,-624.727844934824,-32.71302924632906,-208.0125739903058,-74.41306497731073,-2.7410066016652594
415,-550.8052881112511,-39.14401606077982,-201.79383181891393,-75.20208114341314,-1.6635455889187762
416,-522.8911304778078,-33.277834337714026,-198.20595045580126,-81.55805938014701,-3.1726465711720286
417,-593.7121220412229,-22.57260685987789,-189.2874720179942,-74.14488772470509,-3.479206373749211
418,-599.4951905045126,-62.901083456394716,-188.8677289536819,-79.05355369958805,-2.568782562564469
419,-525.5970271120234,-36.726363051802245,-192.866970354169,-78.25354163470477,-2.3342987448412913
420,-588.5975356460629,-39.544539896302254,-187.17834062513708,-78.85773452209844,-1.3407514979841093
421,-658.29214206404,-42.82268500243462,-214.78982653582742,-74.73545730704907,-2.3995623803675423
422,-612.4689047271381,-35.0316384142658,-210.89664765447222,-72.65700392759362,-2.749321668948468
423,-590.9745139977887,-26.906156226726125,-197.32729735734748,-80.19565015813457,-2.7349331108998225
424,-404.2817392895486,-56.78636313464252,-218.30116136733133,-67.85205615232287,-2.1629962400345595
425,-476.44345922216587,-33.29625570339877,-202.13830737856773,-81.91844765298623,-3.625794950069141
426,-625.4114445850889,-46.757740175813574,-215.47454535139008,-71.89703119183999,-0.6271631499462369
427,-516.7176416821111,-39.9740163122617,-190.95620124796454,-74.89103289802503,-2.832693397592389
428,-423.9577492982791,-37.19894256407293,-197.45078835183654,-81.51148626052259,-3.3765982694062124
429,-396.3693021698871,-33.895877646153664,-206.7723879624145,-71.32314404299294,-1.0308684127267966
430,-350.0914816751099,-41.89329647892813,-202.689783254177,-77.50967429856175,-1.671504059153416
431,-478.3985730611508,-45.07582667817451,-215.09352792517998,-70.18241374712412,-3.705050945048158
432,-713.848747686291,-32.91774673238935,-196.99707615228553,-71.60799176873378,-2.3375430225617895
433,-438.8048002380176,-29.261961125418157,-204.14847916793016,-83.9942644442327,-3.7055589533898234
434,-578.4216691198311,-37.63775490407941,-203.72805859029762,-82.8852116780634,-2.2701224870584644
435,-419.2888470195979,-42.363363426409286,-195.54934461723272,-68.93630384629,-1.2984227477822197
436,-649.7107985235833,-24.024934325264727,-198.495943908436,-76.31036601285773,-2.0702416394076626
437,-430.7413714918386,-40.872183913915755,-190.05368148511172,-81.75578837132807,-3.5923266019787863
438,-419.7609793202915,-22.086279964272734,-206.49690660452177,-67.15577671346676,-0.41992171840197673
439,-466.99701913344177,-34.373069168155894,-201.1611829303457,-71.21231342396833,-3.798936190527889
440,-445.7075793204937,-59.797143313577955,-197.37738312636068,-74.60582566899625,-2.8058032808400686
441,-552.8832667029294,-31.116895781916313,-185.42092768009908,-76.8669308464253,-3.0103508742011753
442,-514.227921447627,-35.99679928364556,-207.84383755029518,-73.04930496226677,-2.009442231415866
443,-451.91987735750644,-58.61401344018777,-194.90712667901298,-74.7442251173914,-2.1484022514382883
444,-573.7418284342502,-48.9827383108862,-199.71383351087252,-73.03715160734447,-1.2540994970782458
445,-470.08628321758613,-25.723663238901775,-204.9940592918867,-78.09397120088022,-2.285437673481098
446,-619.5531346394065,-44.958266396775485,-201.66618418712545,-77.83594406790154,-2.7970913385108713
447,-552.0925292405288,-35.76073982534435,-190.7859378333687,-76.13011115476537,-3.8164937474431406
448,-596.3498758520303,-23.438245209885284,-183.72041206642015,-83.18900132536163,-2.0278583869143514
449,-511.54365725879234,-47.39365400483391,-185.6319334113857,-84.05504781244932,-1.2707705900803312
450,-569.3711984452561,-33.827544581184,-209.43393686929198,-78.08082920189155,-2.4834724359061924
451,-535.7578398893214,-41.465462333318555,-194.36845254339056,-75.28631889740157,-3.4954625088375697
452,-469.45629397657484,-22.434542060096298,-207.01019306227334,-75.87444616536033,-2.7947880964821716
453,-538.898142489867,-40.86491537713624,-202.9404008955257,-77.41243806135958,-3.2589793111621623
454,-390.0508673966006,-33.993905220914975,-210.72426433728478,-79.84917792619056,-2.6832777842898494
455,-496.5028511646385,-33.77404723050029,-193.2702628177869,-74.4898841914859,-1.0929801198487787
456,-596.8559311027659,-27.101680521837253,-198.37931198570544,-77.49154002739739,-3.7102506589158954
457,-435.7004492973233,-15.66974050576213,-203.43736397083347,-81.94933475176984,-1.816800545306114
458,-589.2847749009076,-21.061549685019298,-189.22667610728385,-82.59930925348344,-2.692944263408669
459,-455.62587233529473,-47.99768259616862,-211.01441509580593,-81.0938597454985,-2.9439227137538144
460,-511.6482673721819,-33.39062275243931,-208.74280515127595,-74.65922637052873,-3.2046595317646456
461,-451.9582017571311,-43.27283514984984,-210.8769773949285,-71.67682691089728,-2.160247038587074
462,-540.8270531176065,-36.280683658943026,-196.09605691224792,-74.89528970102259,-1.5231268080753047
463,-559.1624696224426,-37.92560802022252,-195.47325958814397,-72.80139343129561,-3.043363825836023
464,-426.7646077416155,-36.75056140718653,-202.5595315953739,-76.3973209119748,-2.6087457063891715
465,-469.15029041511053,-43.10492505106033,-192.77015020289625,-75.86008453232535,-2.797852734580715
466,-522.9492079795876,-23.587597206914076,-207.7845154730732,-73.09657372020513,-3.1949579756361395
467,-561.2125415064936,-25.659959253531785,-191.8350236267738,-76.74038032592323,-4.349117315327154
468,-632.5508979939106,-41.35244103134241,-220.96363379974457,-77.09804294443677,-3.057969124443141
469,-357.8105918912599,-44.54759598944009,-211.81546202045462,-71.67820471550156,-1.077190680322577
470,-506.7000445811512,-32.57874684972326,-191.09281206767804,-74.16979088473256,-2.957003042926726
471,-504.9908958542533,-55.55142262286293,-183.60288741842544,-79.51106097213064,-1.3820234556653115
472,-546.7123407783649,-30.992923887144713,-186.47774028959915,-75.67758390127979,-3.468574832375905
473,-487.0685307898173,-30.674942419452695,-189.9926452741171,-81.4524533897685,-0.8393332345122336
474,-552.2921436826363,-20.31776564436896,-214.59973094672705,-70.28226451413802,-2.011331447390773
475,-401.4730784133702,-40.79396294450384,-200.48963560493033,-73.30862982397711,-1.805698220783477
476,-618.0555448346669,-30.56265361820108,-216.37826345055194,-71.62459788724459,-1.716918529496874
477,-564.2738963867764,-46.14712271888092,-212.98493074946668,-74.40080587377031,-2.1094692452617343
478,-637.8645017784202,-26.98038689951643,-196.7429571722436,-77.11944108322707,-1.3646030502706068
479,-473.63152009246426,-65.42358633053216,-186.3409471714297,-76.46467399689956,-1.3066430117672785
480,-556.8043380450274,-26.665739414416077,-208.1738938031478,-78.29914824454067,-3.9792995801159026
481,-589.6637015023862,-48.89189589551873,-218.62071031119171,-83.94279847118553,-2.4443680075579195
482,-455.63172940507263,-33.21580648240102,-197.17321010900204,-77.90891882352528,-2.267823436867004
483,-463.4715452300988,-32.55161857318112,-203.06112605722458,-84.31122569157424,-2.3110588181072718
484,-454.01341969171915,-34.39781651033437,-198.46655849189716,-75.78800296284619,-1.7486017828306508
485,-504.3269763193803,-37.61655221624852,-196.05025798976135,-79.7842106809816,-0.7757432466487302
486,-476.38564697718937,-43.782526660803924,-188.4161467065829,-75.50867788200644,-2.5401991287313836
487,-478.4422287608719,-17.941785758540142,-203.60278903231463,-76.66960394059683,-2.9302395086443824
488,-567.3169821306989,-68.3371318524189,-197.96543039495788,-77.70224802404579,-1.6678465159393006
489,-472.5901042463563,-39.50941157379769,-220.4798122727325,-78.17316255463459,-1.9874536577288633
490,-511.41931665108996,-49.440207643457235,-178.49725099401053,-76.24163482921513,-2.512005489854325
491,-401.8778122732927,-37.581738936391694,-203.03629426173654,-76.0950221921043,-3.6514131795771494
492,-424.755393299663,-42.60094209295736,-195.76535578800198,-76.13793588019823,-3.228410594511089
493,-462.5839081689053,-42.644010415412325,-186.57659304830491,-82.38551546687552,-2.054961324903354
494,-584.5246907526546,-26.901886545088878,-191.73239514131194,-76.31089540454109,-0.07822716877138408
495,-551.2598168917295,-48.49891331120029,-215.76467207954423,-66.78443951362817,-3.709891808768382
496,-492.61673851139545,-50.18862070590466,-220.4458834619723,-70.18100432590634,-3.233552239084638
497,-509.10487837953883,-39.85583748385591,-209.58923253592977,-78.89615239894134,-2.7764211338477267
498,-758.4529106527157,-32.9561177740525,-197.91778891519272,-72.49386415744553,-2.9019348790401045
499,-493.30617427210166,-49.01850202377692,-195.81406126833696,-81.88938435693011,-3.2644295777825922
500,-564.1561435048466,-44.92142794862431,-190.8714219630504,-70.6859522019827,-2.8908233171375333
501,-489.37797091933936,-38.95756258714806,-193.45742824287237,-81.64989824187347,-2.2811619791632554
502,-502.25879817056784,-31.8600684476171,-202.35001785137362,-74.48190445586172,-2.2584342872144445
503,-503.1953893072476,-44.48886449593559,-208.1028511588308,-85.34797499022568,-3.3269982869013663
504,-506.2343917029789,-36.61101431150756,-196.58300106646146,-76.5272219184056,-3.0064197842685285
505,-475.97026226776904,-21.17403941017217,-203.21904424589903,-66.4016865218699,-2.4999997143845034
506,-546.1724630945499,-35.73265312458314,-202.2375550337578,-86.34609871925889,-4.039025735318808
507,-420.52968056479625,-25.693253502013032,-198.26954592463386,-73.02114701553423,-2.4631160875641167
508,-578.8521756598284,-26.631645018174357,-204.51524286597095,-70.09726626864625,-4.299675816642384
509,-632.6826291935237,-49.800848153477894,-207.92533001706173,-70.6383029724311,-1.7154563174408375
510,-562.4669495831052,-42.5928745047918,-197.89865459297525,-77.56654388837457,-2.340388891693444
511,-550.3693017314065,-28.99320407983574,-213.04096787086414,-71.92661050403999,-3.2138341267544415
512,-491.795642296517,-51.739341345148155,-182.6782755322776,-86.0949132548161,-2.309617046326912
513,-417.0892606378641,-52.06379034626818,-199.11338646065977,-72.56291376048254,-1.790507901370179
514,-562.3622667282807,-36.147270938860785,-179.70135157510086,-73.85607893537703,-2.5368202366684915
515,-407.709929696601,-34.7782027678118,-210.79655279700046,-76.43258052641164,-2.9798191072462368
516,-564.456761170375,-39.057533594271156,-177.22655668046218,-80.07976748735439,-1.752889802282915
517,-313.53848295239754,-29.56192272710836,-196.98020930954593,-80.68551099887667,-3.1880862695274508
518,-416.57358495961984,-41.19099055342698,-197.5642540090479,-77.19952310710018,-3.20765826584869
519,-458.98169399668575,-33.14286566418084,-209.403479789759,-78.37964118366456,-2.7348874431353574
520,-491.0191090008391,-28.64860704510684,-207.51103713292926,-76.82678176041287,-0.7577647781168247
521,-491.60288225675765,-43.54482446768597,-202.1624141844645,-81.58183776130973,-1.8488943294941136
522,-498.2646626688158,-30.64337756762324,-211.8782104367772,-65.24740872568854,-3.136410509231439
523,-522.0550322025642,-44.033337061350984,-207.31443565185833,-80.11969261331153,-1.2802776872091501
524,-563.1386349350485,-45.199296982292736,-194.2828282481532,-80.37982243116996,-1.2835743615146478
525,-520.8676497871696,-38.15241991080885,-208.580039739338,-68.94747391788603,-2.087957245996105
526,-455.3040311594917,-34.99349975036347,-207.62908874488008,-78.39306308362855,-2.3928947670616063
527,-529.9626609723788,-29.875444705034067,-201.76889116329698,-76.02309443391005,-1.8304352960609187
528,-472.4597922590554,-17.02169122612179,-209.71699507303387,-81.13555899868082,-2.5907186216960234
529,-401.7791273051267,-39.82351795800699,-203.0355583658171,-76.82381037049315,-2.797164654280294
530,-529.2610129807838,-40.644700643650175,-189.02154599974114,-78.57555365390378,-3.5202169884800085
531,-536.851561012059,-32.09589805488205,-202.81183537254284,-74.27706556023956,-2.6494569793641496
532,-445.95527478600053,-33.48375492529906,-218.0038287947987,-78.2290375268539,-1.3705555984107816
533,-513.0743951673454,-31.23393386001634,-206.21155014676668,-73.32247866368607,-4.318374777997301
534,-633.3495185740508,-31.037663783186012,-201.09109702892047,-78.71791207532897,-2.824887507188713
535,-484.9653323286264,-34.64216369316526,-211.10591882128728,-73.87623766028838,-2.083060792604516
536,-510.6241363450524,-45.6161856521239,-209.34585631974704,-80.39341753852666,-2.030288452788171
537,-472.61393086381196,-46.79197136203635,-198.53487227769523,-75.70822819662989,-2.657382204452723
538,-489.76217994093776,-53.386810577994524,-203.14939417277287,-86.10870742417755,-3.539442817398479
539,-485.3662524157667,-44.75641577874586,-214.69371231991084,-76.48646294471814,-3.1040269001230767
540,-373.60296632691404,-32.96341308533208,-197.00552114743545,-80.75016876756798,-0.6804925528422899
541,-526.051734562232,-43.81958657007465,-201.34443846772947,-76.88729276161341,-1.0872160508872486
542,-579.5242980935586,-35.82999396070351,-215.21550213955132,-66.66926992731507,-1.4461605034799905
543,-469.1619804845811,-25.021695344241074,-206.03342934840583,-70.75786753361346,-0.7048679236824309
544,-589.1603857172519,-36.257902105094466,-198.20690053460058,-72.42805863874,-2.5478625666389845
545,-432.6201453309351,-41.5187761044418,-219.51950865532825,-76.46701250133053,-2.2874807991285153
546,-586.2343077450201,-31.1459629359966,-205.04023591365706,-72.2755459407553,-3.1308441873242967
547,-588.8686627018941,-43.9308909596438,-198.2417342311825,-75.13889253532452,-3.3310219858140964
548,-450.68494946538505,-40.30210869132281,-202.03662284457468,-64.91371003327896,-3.53109616402144
549,-430.4265665378313,-38.21602108627005,-200.68514403157965,-82.6283806063934,-4.157668152708649
550,-384.48393215839604,-45.434058350581324,-202.5242783494474,-73.37499530231754,-3.7523490247685305
551,-500.17654101800207,-40.718282109716895,-204.47724369050582,-76.69699564398849,-3.46016711837053
552,-538.8796271261817,-17.36180470949205,-199.3745199391296,-76.07348884290722,-1.9804870888811663
553,-421.5169738987934,-49.651532955068966,-200.35175800496134,-75.78441369551004,-1.5447257958376466
554,-462.09517582392687,-54.037268598523674,-206.22531785392317,-80.01363932986446,-4.608238537308058
555,-577.828874920395,-32.71399557411888,-195.5444299685095,-70.93172105956377,-2.370372132885393
556,-401.1671217691148,-36.30908510320641,-196.36387937564564,-65.75175036740887,-2.7287456995809385
557,-391.4008654586411,-37.14349262262827,-200.55449257085112,-73.92940034246496,-2.890569630094071
558,-578.4394637045712,-55.29706807165786,-196.05945911902162,-77.33712355076626,-2.8462768381252985
559,-562.9419452408799,-28.895333005991542,-181.62992397346943,-74.42912148689862,-0.38553539719633334
560,-620.4700753110465,-51.75869871536008,-215.67085752644724,-71.52463097585945,-3.8100475064415065
561,-414.2165287535971,-29.524975322233733,-191.09922035213043,-79.7178249824983,-3.0523753993222686
562,-494.7361881141778,-43.81356035008195,-206.8694994423468,-74.6360963437115,-0.8294880250961095
563,-560.1732359795601,-35.643076165780165,-219.53011885647388,-82.36012491000962,-1.536171818180241
564,-420.3482250597305,-30.581282112619483,-194.1379762143253,-71.94188415786594,-1.7509054588358441
565,-593.3168923955943,-14.052534789702275,-183.10878816776315,-74.69358276241202,-2.7139817944351705
566,-548.7790223373595,-38.2339606808862,-180.87373371244342,-80.39488333358042,-3.0991072119494705
567,-505.6239302861216,-25.12603359750009,-203.5699330039184,-78.7998946633951,-2.078257450075869
568,-667.1497625400799,-48.2575403262206,-210.58030978697036,-75.468725185956,-3.336816560383081
569,-472.45747732946654,-40.22878065090481,-182.39274878908603,-77.72010356083781,-2.0628972425161
570,-561.9450174125534,-24.420902747671335,-207.58904582403727,-76.2763535504555,-3.691722198992658
571,-603.6275852589907,-70.75038235943234,-209.43865573956006,-72.29905360339067,-3.1103107186616428
572,-509.5229642239745,-34.068565247492266,-200.04674790325373,-83.31950515295951,-2.5193065488068247
573,-658.5426312404433,-38.63165171980966,-210.4856378569318,-76.44194408600268,-2.0553688652461894
574,-497.25868561113253,-33.592922522168344,-200.23625433187067,-79.87567553557636,-2.4021502480692343
575,-533.2907085149918,-55.68183345583372,-182.77653291930977,-73.53480239422919,-3.697982058296394
576,-607.6966250381205,-41.81869095515518,-184.26441524762973,-73.45209736077811,-2.513976379031057
577,-626.7182511310822,-22.670677258694873,-201.4177471978346,-73.15779319731539,-1.8063626169035292
578,-478.28221551059914,-68.4832664903296,-201.37728958182248,-75.26862245861945,-1.00528658165695
579,-464.36155354512687,-33.791767195927086,-197.1802895238439,-74.34027312330633,-1.6531568011755384
580,-415.33349474010595,-50.63672560975918,-207.64147060001508,-88.42795612237423,-2.5428171229019143
581,-519.2459785974539,-39.36751247652077,-197.80425918993458,-75.25830567832826,-4.072779944541232
582,-580.6461044012549,-51.9229766864406,-191.40286696147132,-70.20368118421459,-2.347309864052072
583,-643.6768343072227,-36.68064269471531,-195.23955503710604,-76.90082713351296,-3.202800126585114
584,-414.84414356153775,-31.2117864791148,-200.3703346904597,-72.71835510827276,-2.3302932383918424
585,-431.03362718348126,-23.71215408972974,-204.2114954298584,-72.70215143726377,-1.1580322592793106
586,-531.0356665205051,-24.766874356201523,-191.14832762007978,-78.36841433000184,-1.8752379252073252
587,-629.4824985203551,-38.28215289729227,-186.99811437557128,-71.82661076828634,-0.7363340463745544
588,-543.8423475829369,-31.0383820301008,-211.75393185242433,-73.46647766993247,-1.6340807230533545
589,-679.325478319447,-44.59178345473811,-205.99898555670168,-77.59394486690977,-2.702803828581153
590,-393.0796222718084,-40.71174201256723,-206.92790929005298,-87.10096249428466,-2.5202984462857976
591,-523.9583554939445,-32.787659581963894,-189.34610033314226,-81.16073839473084,-1.8100004230923337
592,-677.628213882117,-53.75650438491316,-216.5849257740814,-88.58828802439984,-3.1728813430998235
593,-439.7187571976747,-49.798777364118784,-190.83935652258413,-75.5446730214404,-2.1153639551505967
594,-499.6373703334381,-53.276205685821864,-180.74180269472575,-86.20641269894902,-3.157834763745348
595,-411.7497260290782,-52.717786928431956,-205.57044515348355,-71.43125102662057,-3.554136072613178
596,-422.5276911279392,-25.155670061500985,-205.25532861077653,-82.97567995386176,-3.3962703350533756
597,-325.18007875741444,-32.56359324943533,-198.88384482456598,-69.31642986892291,-3.697192991218786
598,-523.4662364654542,-39.792903370491096,-189.5331766094434,-77.19184793554837,-2.5344557044871294
599,-525.8693206430078,-28.849156385971945,-200.93790270933593,-72.54335306036582,-1.55582825397029
600,-618.294814942269,-34.78473469133446,-213.04392048503132,-76.72737518052924,-1.2407409248293133
601,-386.0770370951975,-42.592091069562265,-215.35225681351014,-77.94784299133771,-1.2844427789232036
602,-562.3904911770696,-45.14682356927488,-197.03319389026942,-87.40996689140351,-0.9007149694811533
603,-471.80516854012643,-31.154460989435393,-192.5715836634471,-80.18806297458681,-4.59817726110648
604,-570.9308089413147,-33.090828572303636,-180.62362236594467,-77.06312694969046,-2.034100323768146
605,-456.71588463667814,-26.479374023224956,-203.88494374954684,-81.97926846864445,-1.3009948986487239
606,-393.462250340691,-40.14001686427293,-204.5667698863415,-69.88376229982748,-4.298383681286209
607,-483.49125179809556,-28.327675113349784,-194.31312505798434,-74.1559750012127,-1.3283389219499269
608,-617.4605740229424,-40.22063978296001,-192.05546212661952,-90.78963344856113,-3.060735540966237
609,-603.3090546361135,-42.98850373549356,-209.50373726079573,-74.26329961032522,-1.596819774799442
610,-421.93604061085244,-41.7991931475567,-207.82593670702687,-78.10402011283642,-2.1711152862404646
611,-435.57535843171866,-44.2011541598735,-215.90563939142902,-71.788552618456,-2.5941054860085595
612,-575.7748016970611,-26.718381355511497,-203.8327227291611,-76.13536990459093,-3.391870433479255
613,-614.3830685689363,-35.10368465889561,-197.01073829657335,-74.18780255545273,-2.4340004536594964
614,-505.5055167942551,-39.12032278236677,-201.4779631145094,-76.83505919908919,-0.883360694326404
615,-573.129545474936,-50.8793291433532,-200.65564762627875,-68.8038278159432,-2.8751276292384595
616,-477.9164116969226,-26.15572827844737,-187.03015465578673,-77.7408677686802,-1.3408187732900596
617,-480.2841230433533,-34.52295074305182,-189.43821462290174,-62.82454086167733,-3.597331158701048
618,-581.5943041508309,-26.39505765537484,-198.72039068984097,-72.91062714444608,-1.4385824784965924
619,-640.7742627415653,-33.037344800274,-215.7430043651961,-69.20101840781422,-1.370023345994598
620,-474.11751052370397,-49.31087214111929,-202.10701360433006,-75.43930214196808,-2.011346555455852
621,-331.6767516466248,-41.3431575225992,-205.45883941581454,-71.5516597509737,-1.0195579913728121
622,-525.5991569276642,-48.626377401129396,-217.47361124249352,-78.3675103950881,-2.8312811049193725
623,-569.8539573986959,-33.821207721482644,-183.1376169978121,-75.25620630697074,-2.4349235517639927
624,-560.1590933918262,-40.81664676088723,-204.27446890557025,-75.49266188871738,-2.0022460980203145
625,-520.921226147086,-45.29164727017794,-214.417747921924,-77.69943516584728,-3.0993183078874784
626,-503.51847135563554,-37.881314715101645,-190.7565409609319,-73.11741423431855,-2.042806260335964
627,-425.20517833558876,-45.318192274148814,-186.6853914407816,-75.46751321560755,-0.5902658972480962
628,-644.429026002199,-52.125936079409854,-193.54509959554616,-69.21898451053005,-2.8445368244167937
629,-501.56500190921264,-39.3186812610538,-206.15653965983213,-74.57514682566287,-1.932957424082207
630,-582.6247264330005,-45.26759752690419,-197.0593822956674,-78.11544661596015,-3.9158783299122937
631,-521.0110805830973,-26.717714887899422,-201.52665249699874,-72.30240468731972,-1.1207614277169522
632,-517.6385298717591,-29.627492266696112,-216.96377007152824,-76.05469730805186,-3.4094710752461412
633,-697.6536109054314,-39.50271243707777,-199.85080320828146,-71.1644628113285,-2.278742919906293
634,-443.50353552565787,-52.87915456547484,-196.6810586893084,-74.10059529184184,-1.027222718425046
635,-561.9407182974477,-16.443004042741094,-195.000206861779,-71.00762219685309,-1.533731204866037
636,-551.0785584687143,-27.92633132270499,-191.02444575449522,-75.2345637906283,-3.2621168572429684
637,-417.648829709753,-37.08047751241422,-205.10619157353733,-79.38448202373844,-1.983054238134448
638,-417.250426730218,-34.69058948813665,-206.28769732858194,-78.66301846199302,-1.5444078481744732
639,-438.38430345307603,-42.491795450845935,-201.8033352317045,-75.3927790575035,-1.9662865360196182
640,-417.1703767276888,-47.343362541639394,-181.73162585377375,-74.74991440597955,-2.7112555193978993
641,-649.4691766901201,-32.563710776071495,-224.35724974636793,-81.47110765714837,-3.5834440747209806
642,-362.58819249010526,-29.817098113849397,-202.29937177728632,-83.9046530572438,-2.0170563462762487
643,-508.91444675353074,-24.578990160706276,-202.63962667938037,-77.73633207839829,-1.197026758707381
644,-467.85736118134986,-50.18149740205114,-191.13360277412883,-65.93342843493366,-1.5695260999996423
645,-481.0592625448086,-49.01641885308563,-194.54156581665737,-79.8912405437542,-3.3121511813468625
646,-604.1975085988581,-45.97272876656368,-216.4469920100937,-84.60436958799995,-2.6696274185854163
647,-508.44044701125904,-43.227866815081654,-212.98190404067623,-70.86829183034655,-3.1132603109239225
648,-512.5516213677715,-37.84580238353015,-202.72985374074003,-76.69734092946413,-2.533441409432467
649,-443.9366212214382,-24.05610259512955,-179.848540685944,-75.62094726693223,-2.581193022505536
650,-502.20684066686715,-28.09500667072004,-204.44314083123598,-77.77565367897644,-2.466457764167075
651,-418.77004722093744,-58.80982896048974,-196.31731149372897,-80.33431265966111,-1.7811705138674088
652,-589.4882606091386,-32.818543052370615,-211.02719773260324,-71.98625771111318,-5.0626238812038205
653,-508.37860396967295,-25.687901956216315,-188.21586679201272,-80.24852767745742,-3.3686557809736875
654,-649.6942169747837,-52.52179871981026,-195.10064952646667,-76.46394947647657,-2.6267663279537423
655,-534.4758778985192,-37.985215502083086,-187.0042153805892,-72.309706288896,-1.7815552444699265
656,-523.1468473548996,-28.033659984421753,-195.72810405830324,-78.73032714569523,-3.2044357516413267
657,-482.5779899638261,-50.445624190337,-198.96055196901543,-75.17949472707922,-1.2770195297865223
658,-500.55317920004745,-27.925084468889708,-184.63563525345089,-80.9940033626471,-2.0358723282697997
659,-570.6382127880563,-46.09113063182113,-190.75445589505225,-67.08984814492013,-3.991987395018013
660,-581.4090493427849,-42.011938589610025,-195.3387718578841,-77.74369185397208,-4.088563900934181
661,-501.10282149209075,-50.93331539624611,-180.87807977562255,-78.95694923253332,-2.248027595153292
662,-572.7572704631001,-37.27241542481034,-194.47550364470393,-78.14085854099199,-1.9527779408532753
663,-665.9588954597298,-52.6671799689491,-203.22631799228355,-78.05222483130132,-2.1148166136386677
664,-537.7790385439969,-25.232171207883738,-205.5121749540576,-76.75524089101376,-3.5486719467827497
665,-508.05942906748095,-57.03355232809964,-201.49274987550018,-73.78703428246638,-2.4329316501855507
666,-395.73389779790733,-45.10104529317867,-201.07470555250654,-81.87320473841126,-2.4458049769490886
667,-532.5732857392031,-57.408059782285505,-193.17231872251566,-84.8850459053311,-5.142752596755422
668,-489.74806512704333,-48.68681639835829,-183.8220389831168,-79.11647168705878,-1.193757910849339
669,-513.1170551613532,-34.29187173144352,-204.5185858731453,-79.49355636539804,-2.514160294842639
670,-389.5587477564391,-43.81853834929997,-188.9554778907516,-81.39224438789044,-3.0206807592628806
671,-433.9049518462714,-51.365748988858634,-204.64573081959128,-70.99964096147151,-3.773388830944717
672,-633.5558697146512,-49.136985873953,-187.1823960505368,-86.45364544371124,-3.5632818431286513
673,-668.920424130939,-52.141955413554086,-196.53465955970898,-84.48680953731886,-2.1144462510753925
674,-578.3669829709374,-32.36310179000755,-200.45080617562874,-71.50694578731047,-1.2793145699441097
675,-635.5516681021431,-45.429079323431914,-180.24871900389647,-81.55253087917208,-3.437272205537478
676,-634.3374378437657,-37.9748473962505,-208.6294588829299,-76.84211031988536,-2.2243866746273357
677,-521.5882781957835,-44.75286398736556,-199.92784806444874,-77.66899730611928,-2.1004177651774367
678,-468.5700632526975,-35.78756399473064,-194.77176898527725,-75.75961237444402,-0.4152111279689591
679,-505.9304159271104,-22.228434964494365,-198.41283598409916,-80.60614161321918,-1.7899637260516368
680,-562.3788680705547,-28.224908991067657,-206.48938919626852,-79.95734273527677,-2.6911016467142495
681,-411.1739075706211,-42.237562734767025,-211.32432487488876,-75.60778310227909,-1.8572622644474577
682,-554.0600855458164,-39.86637743141217,-188.10700547602357,-74.28863915751795,-2.6504655814563054
683,-644.5429846110716,-32.85233106877144,-202.81325434252304,-77.36105598460536,-3.3634598902209483
684,-432.46267705352045,-26.333516684816285,-184.57878566890025,-82.04335843660567,-3.4933179383625657
685,-396.6114504630499,-28.274167580330214,-208.88476483383516,-70.29913811532856,-2.2002956189425027
686,-510.0611743339511,-38.09872304929707,-211.45886062114184,-76.24092463205179,-1.9983002937752015
687,-371.721430857676,-40.953776315330785,-218.19022141442957,-71.01548852435386,-1.976330263501282
688,-403.353060307805,-30.494430839764274,-198.0709731445346,-75.72231910700397,-1.559534997005204
689,-508.07448243134587,-49.85704865526579,-194.00816666901926,-79.00359619769075,-2.854714568090975
690,-505.6757061697961,-49.579422701153014,-198.70446977033143,-78.85609121898884,-4.221714395984384
691,-492.46940676572007,-28.76748907920849,-177.36539470010402,-77.2530542766613,-2.1740883833778097
692,-493.9757921663505,-47.64429411350967,-187.83202746328496,-73.80395488074448,-4.54121394255265
693,-471.5652231064617,-40.55291407615904,-197.44471614351707,-77.56523771973166,-2.9806413723039893
694,-452.82613246797746,-51.85128192879203,-203.6527412809199,-75.93743235502271,-1.082269556799361
695,-582.6079136638771,-42.04485233677537,-188.05738121541577,-71.7021524872525,-3.2616616189979912
696,-444.01896841002986,-43.1779565136223,-218.94918812261895,-69.76421008460886,-1.2834238475124857
697,-456.8693194611168,-35.00159531548756,-190.59845369609783,-76.41889220776824,-2.0336756555638287
698,-387.54384474901764,-32.64210061950617,-200.59841509532149,-69.77497186622003,-1.2654407694110505
699,-453.86016738374326,-16.777202686317374,-193.23652940939493,-74.49381329397531,-2.572925431614967
700,-642.0352729747685,-60.97026567424872,-196.57237836365564,-81.00617195009563,-1.7747064983579404
701,-349.1789968703246,-42.757366582236585,-215.44932874427934,-73.5180390518985,-1.5571294708999297
702,-498.3197395618984,-38.326459945973056,-197.77281683315476,-74.54338719472416,-2.9536335875932496
703,-427.9462790831507,-44.956068670561464,-186.742832038123,-80.19017852312761,-2.654951270332446
704,-533.1204258903457,-50.28981152783751,-202.5074982207082,-72.68170970683602,-1.470530038289459
705,-531.7697620302602,-31.46946210289144,-205.27187314539222,-81.18852154177262,-2.6733957053183155
706,-454.36737412538287,-45.59812704914551,-186.33044042800915,-75.2000543942832,-3.4274121411543885
707,-621.0304862012418,-41.19052379417374,-190.16820159593516,-78.00295152861852,-3.5198555002416723
708,-480.06834008954564,-43.63667568015662,-210.56169800277831,-71.92902042781958,-4.70058865412308
709,-386.301782765649,-44.522149426796254,-213.18550208265302,-70.85441523150398,-2.954178179939839
710,-421.58394294224763,-44.64718170746899,-206.79449846055246,-80.37683335482191,-2.216656035853381
711,-595.3097044742561,-32.700371535056576,-220.8463298739509,-81.17128945763972,-1.539309043334372
712,-609.2618503166411,-29.121847790227445,-200.1483269625951,-80.06901469480789,-2.3636771038711015
713,-556.8290256443024,-41.05408512539917,-197.5447482411189,-68.95365893845722,-0.18126607924030125
714,-476.25613497344574,-35.71383334851804,-178.49096011911143,-73.86315025878409,-2.316754916412696
715,-607.7204455744951,-49.00943325394328,-191.1678045229827,-75.89246785537473,-2.8755881403685057
716,-385.8201361094079,-36.55756114068173,-201.2348653377163,-76.02773119945442,-3.430408988410259
717,-608.6378018128293,-46.47656731949344,-201.75913836791295,-66.58431601531812,-2.9911261509324607
718,-540.5900863642528,-40.138191419339556,-204.2429987283836,-69.59486854756213,-3.377068737051565
719,-592.4386934261523,-50.95390605506436,-189.32003300659366,-75.86035527546052,-0.8648698192339201
720,-641.9305623700985,-35.58034264244936,-194.63315529245526,-75.87224193587193,-1.424905507626214
721,-553.4414327119437,-49.5682239272924,-209.01915270332753,-78.1491666488812,-2.126749475491148
722,-454.165139606733,-40.8259761185553,-203.44653032687646,-78.56028719257365,-2.7188518951556246
723,-447.9759374797625,-40.11733961329603,-190.24181839912123,-77.9322831446344,-1.697804730629777
724,-374.6021570008345,-43.93210982091011,-199.65312703203895,-79.37923608360508,-3.0106045682648257
725,-549.9140938489903,-45.09074357958615,-200.24796840752646,-82.71559345273845,-2.430889084754875
726,-544.5429860727453,-37.30506629114969,-198.63629642051245,-72.1609422618005,-1.0465258339530148
727,-565.3603090491988,-46.90827621561955,-196.91535461067727,-73.09194625297303,-2.397450291731798
728,-685.9906036572363,-33.676852322264445,-205.15853346869673,-74.66733128730615,-3.899896145097125
729,-415.65959721823816,-40.13282099985383,-196.2133278508514,-80.96618370095786,-3.933757142400242
730,-534.5346963446841,-37.016287270788354,-210.20814589774156,-68.61977575356572,-3.4191969101170137
731,-654.1032080758944,-62.93879966306157,-207.41972456987173,-75.344136813262,-1.3385252450409701
732,-486.47622312157415,-37.078176070426096,-198.75108911927828,-86.93319259882475,-3.4246803301957836
733,-474.62030296673277,-45.24733087286597,-211.04664289301718,-79.68473383060424,-2.3000574524600017
734,-489.1462960170874,-40.18202501592337,-190.11464755463572,-80.68939236230945,-3.0594262200331697
735,-596.3564430874728,-29.62242223217815,-201.04947467398085,-73.20201167963262,-2.0716861833538394
736,-389.78918275244973,-28.76875847792638,-203.83821991818925,-81.7069496769546,-0.9655074115693772
737,-659.7544265089264,-33.09410386949452,-198.43858472793107,-76.63789553718192,-1.3908267820206388
738,-619.3813805734433,-26.227815205117256,-193.2517530181453,-79.23997337122383,-2.6447632344524767
739,-430.35363811867626,-57.482565399098064,-193.2790913986725,-79.93638489417259,-3.4064371460047993
740,-390.73763863766385,-58.44431125396927,-204.5393787353018,-75.44906106722557,-0.8120547270482306
741,-461.6650537914874,-45.33489944148495,-200.30038577394845,-73.93234649764327,-1.8585910922561364
742,-317.5037638666395,-49.94982195531035,-188.39875619018525,-77.4457276666759,-2.230603293899767
743,-431.46173815913863,-33.383769050224174,-216.62559310248977,-78.83449008336163,-2.3261992090374086
744,-613.8327605978784,-28.63053214341078,-189.31326535610245,-75.83572429227907,-3.239926657860594
745,-495.36678152371775,-48.68654912545204,-193.25469166626107,-82.23791803511696,-3.249769596682469
746,-443.73314113007876,-30.05288351526705,-196.73656158641495,-83.14911727990287,-1.6270843426412462
747,-482.30212628305003,-51.124932421094705,-199.3702591274995,-82.44877146667989,-1.1425970713248295
748,-494.36562488043796,-60.88323874238729,-214.8540500668584,-75.00401490471931,-1.718243250431061
749,-623.8785413091911,-55.59806294516764,-203.4523503050583,-76.24778308210098,-3.3716981110554447
750,-575.476929100272,-24.125695190714616,-216.31409407317435,-75.69029436595432,-1.1744266965465977
751,-529.7318600667464,-35.538961484471656,-197.17271610080542,-72.04503873130787,-2.8888613552832174
752,-521.5282242217631,-36.25073919938541,-182.182934521102,-72.7610552528542,-3.637544316754808
753,-480.1718072492163,-33.38380746566571,-189.56077109300836,-73.17726253862222,-1.1590221709838342
754,-626.82335538907,-43.49029605956497,-197.8316210805938,-81.89040698379976,-2.966431949467147
755,-502.98865584256055,-36.81985083330297,-189.04782259132884,-72.69405974035351,-1.549484494722273
756,-520.076387667439,-39.316101607944326,-191.12567452443335,-84.35867447790794,-2.161504363276391
757,-431.1194869969885,-34.77561481992848,-207.1975124627825,-74.27950159401048,-1.0250954078335734
758,-540.5486334236566,-34.16099032035402,-193.27443454337433,-76.28213975647957,-2.9357574901167847
759,-479.679736861524,-48.69600416752746,-221.40125490473304,-79.58573304107625,0.382570894107002
760,-654.476979153475,-19.94718746536566,-205.0380874198502,-85.03216914548477,-1.2978641134467868
761,-533.8993930972001,-27.54220403606664,-202.95790142126108,-77.76265406762724,-1.8900865564413585
762,-481.34186038926913,-40.579683733468976,-178.50353043108248,-80.95575383570976,0.7149411989588716
763,-445.15722637840713,-45.852930387416365,-206.75836202336447,-78.33004335117938,-2.910022968479325
764,-620.2067483479875,-40.24847842902451,-202.2419313384828,-76.82577101541223,-1.8531030442073269
765,-612.6550502672649,-33.14705001279981,-204.78461553912047,-87.55431717790236,-2.946945700636386
766,-402.52147042280797,-31.642460649413817,-194.02364901469008,-69.45068424679266,-3.3524425117720074
767,-313.23758624310204,-47.14232031119918,-202.95475152868474,-75.89162805397167,-1.042567804528503
768,-440.4615352699164,-28.40620803235278,-205.04455926492415,-76.64129969435325,-2.2555692832375436
769,-365.8777380765531,-66.70396187835416,-217.1346088424701,-79.5730508270016,-1.3685385350565675
770,-544.804145614442,-33.763068790918595,-198.70807984220275,-82.45836321043517,-3.154906009539781
771,-575.5351479989749,-39.88014635191537,-205.75757722799182,-69.4307963622444,-2.179835309305724
772,-535.2349414590019,-27.50987574755813,-197.0156391310957,-82.32957634335014,-3.7901246352463915
773,-551.2608751450293,-38.32651871760766,-201.5351973585693,-75.028088948613,-2.5206626022365115
774,-640.6166881926745,-35.98320657563199,-209.993694775516,-75.39670429723083,-1.4033168034004786
775,-520.9706388445784,-31.14285557351357,-220.10897127087532,-80.61529222796233,-3.0074752653309944
776,-490.9270958708914,-24.5264571360101,-189.81361075174777,-80.63811805211215,-3.3409512186270547
777,-593.9296063203336,-50.664032075081025,-210.2360372822362,-75.55318563912728,-1.764043966619746
778,-709.9818137699525,-43.854063537545606,-214.21297030597643,-78.62073076448209,-2.9969275529179127
779,-660.6173833493409,-35.48894720017801,-201.14378532592391,-74.69007873253358,-0.40983029487089817
780,-489.35517685482336,-18.608545942743397,-188.43892339998723,-70.42910930080241,-2.1023668861595426
781,-591.6373019430475,-29.631886722771434,-200.10544510307466,-70.76990240661868,-1.320340518989974
782,-632.2023116991122,-23.502047553934897,-197.91745855265876,-72.60470700401838,-1.2383383519415536
783,-601.9160752691488,-41.0147028879585,-208.6628264237305,-80.24210200441307,-2.2586548885489885
784,-441.2833933362477,-62.344095977175314,-210.973490617548,-76.04396030437785,-1.488116967672579
785,-556.4459707877714,-45.96072403982021,-189.1568536118166,-72.01577336450981,-3.4603055849028754
786,-498.04273680233484,-45.453176596845104,-184.97807429323493,-73.19233674616244,-2.758085692036766
787,-646.8637060538333,-42.281270504173214,-196.65053741032838,-79.37942713420676,-2.2136763379752193
788,-445.91588321593514,-51.618434987321734,-181.47106470137908,-74.11815965169443,-1.5502062849432272
789,-315.9942419385494,-45.909248775102455,-200.72612404677002,-75.43757166291464,-3.9159490570865083
790,-404.25011578375677,-39.380598470762145,-188.70633994275315,-79.84947731196716,-1.5692595096761972
791,-674.2596819071983,-56.17791883860711,-178.06166001923512,-75.70524111727434,-2.369254770247936
792,-564.6601445201436,-35.15131318197678,-211.08729593195986,-69.6981284198376,-3.5833966271120112
793,-501.79162172736886,-48.647766388471716,-212.09901529015335,-79.24250055750173,-3.393674563358187
794,-597.1278214670449,-57.18886908943367,-205.47622947346366,-76.23081196090624,-2.2479210133868235
795,-437.4471633440746,-43.174851820094496,-193.84508545405473,-76.05955420985987,-3.396849549677324
796,-524.6325986073373,-35.48570504793133,-200.36185212048574,-71.70532845150268,-2.9364526515401033
797,-558.102129049219,-29.60014579800691,-194.2353608300416,-77.13640460652762,-2.4179611547425357
798,-563.5827487698592,-51.07512969948332,-214.25182381265182,-74.52626889279713,-2.343482467719993
799,-615.2605500707032,-41.14459199459779,-183.61743295068624,-81.4361435600534,-3.5399049350310094
800,-488.5805852716363,-26.448643420594024,-181.8959555817404,-73.01086879664314,-0.9116057358645013
801,-569.1322436894358,-48.52416728843348,-192.19883709768007,-77.25452804344341,-2.0450451991782326
802,-476.196224811786,-30.60955933332382,-215.85491668703918,-74.53637457889735,-3.113231733683519
803,-533.4490861525514,-37.399385907301365,-206.02864407929476,-67.95142506025095,-1.7184426882381658
804,-495.9296120966688,-41.37729984756133,-215.017727707207,-75.15255836277306,-2.0455108744415167
805,-472.393540529953,-46.17329882232767,-190.63560687139534,-73.4395356722063,-3.1315900423892726
806,-491.8517642473269,-50.96748374073912,-214.59494202673676,-83.75036364686409,-0.3858568537093415
807,-556.9950629032895,-29.52039753505821,-202.2486297556773,-75.75743823220317,-3.302163947368068
808,-610.4804453348645,-60.80896749088718,-197.58435921505938,-73.90558939189064,-2.4422215597879497
809,-682.3331802816682,-29.37349045775245,-209.14932697793617,-82.80850603745507,-2.475585603794975
810,-482.0142801097754,-30.200025070023507,-187.63839096787942,-80.85192617007357,-1.631411579605699
811,-403.2208063887928,-38.57096456396508,-203.95821564725486,-78.05362481966351,-2.594738465500143
812,-478.19189827204355,-35.6937454131761,-200.0845367837955,-73.15279208915103,-3.6099322701218695
813,-594.4012941961054,-33.49066330109341,-202.57549094959708,-80.96853761504508,-2.057160427142599
814,-480.2808993672327,-11.676222325727272,-207.17311887604754,-80.88891684549532,-1.5827712917480319
815,-481.0136837911827,-32.26456201390364,-200.86612384950433,-81.94760977952464,-2.4390494068276083
816,-523.7345122678446,-42.4310368695898,-196.43495803578512,-71.96690103677274,-2.153748787083811
817,-536.3663882809985,-12.667063416064055,-211.29101805774775,-71.08406339058284,-2.9247542649288394
818,-484.2238217123764,-31.73480634814411,-190.88339872688059,-73.80968490046989,-0.9616858519728729
819,-404.3480401503711,-44.5565221030246,-211.8768178193388,-74.05242055538159,-1.3676127966337648
820,-468.9709419634852,-47.51993910286635,-188.16356898824762,-78.92004555202526,-3.559010987203309
821,-598.653551258128,-30.679662036079094,-187.17579060234067,-74.572181492702,-2.92018441160989
822,-459.96682407182254,-33.9662632980845,-214.4130426466532,-71.22628091005217,-3.3545808212567185
823,-474.9123370267011,-36.09764360662843,-192.31807415551978,-84.5333136073179,-2.9327179231027825
824,-575.0277822375348,-35.54970517666357,-203.2968614260556,-79.35448460388885,-1.8986686052987425
825,-456.70709908997213,-43.16008506809525,-192.80104691648228,-72.79516865772666,-1.0260691939823037
826,-476.6523223046349,-40.46691053984638,-203.21524053200832,-80.27210321513718,-1.6858847586882844
827,-422.8389103778949,-45.8808876270125,-202.3349416470071,-76.27508731357835,-1.0308607930139853
828,-533.0344156525725,-50.71850002140288,-197.76027774222712,-77.90516603679383,-2.504101623469257
829,-425.6961461597432,-31.235242833153386,-201.5381096475956,-75.5673893369914,-2.94400948859324
830,-528.1344771104115,-28.664351740040146,-203.3950394518,-82.04214419203564,-2.4613315620800447
831,-562.0290992324758,-32.969650827855055,-206.14192105734358,-80.15401205447878,-3.9349648543212954
832,-619.4940362612648,-45.50354632710215,-191.4958764530887,-71.81833451973803,-2.6409527293752593
833,-610.0399203355905,-33.15720121863761,-201.39419366587043,-78.38321412316775,-2.3127803563379166
834,-566.926280301245,-55.130589892004814,-204.7386111856791,-68.16925260442038,-3.284197686727554
835,-470.36025917909814,-33.912082446574345,-189.53105379392784,-79.5769120595193,-3.2432238005082454
836,-445.2227676560843,-51.237422354629985,-205.8590958195421,-81.14961210790108,-0.5130043024909856
837,-608.5515556147753,-51.40013221121283,-219.72758840996235,-78.1313185157016,-1.442737830402276
838,-352.3086337607512,-43.19973164571824,-195.93378349157535,-81.85555474430322,-3.271733405530968
839,-524.1760862608404,-46.67173774066259,-213.27057697733326,-79.77968815472396,-2.4418015973961777
840,-578.5370506825489,-42.82185704296896,-211.05325881733214,-79.8508362464592,-2.4468941977581737
841,-560.9157772249615,-27.82659320929928,-219.21089516264158,-83.69813498652282,-4.04689392319022
842,-495.68610924679547,-20.260921574649277,-212.78518828060842,-74.71438005492513,-3.222814351714714
843,-402.535987434234,-36.19590889154365,-213.57695573546087,-75.8350457911801,-3.2486095530384462
844,-503.1363879764736,-43.95085811866151,-194.00756150307723,-81.24744116223921,-3.8742410057123267
845,-441.17100187580695,-29.121568845334995,-206.7351037075148,-78.05234892525566,-3.1130169175680247
846,-461.7097735315679,-52.97877246710087,-205.89118733219925,-72.94357692778286,-2.154309183755315
847,-507.688208512875,-20.19321711673545,-198.0856048917954,-77.47642454132544,-2.0481008638359817
848,-568.9257179699089,-32.57672136427055,-179.23325742860177,-73.93258946430441,-0.5089865804080485
849,-532.2828138604558,-44.806549068643015,-201.549244451558,-69.55960693451577,-4.979035359038016
850,-456.3268341020637,-29.79437199569093,-181.07697232883666,-74.6479046462057,-2.1075220946809448
851,-557.1227727569734,-45.68357591387404,-203.68360376143025,-71.30000121136662,-2.2184476158378894
852,-453.68345443912085,-31.36823959240434,-204.20213119438523,-71.7388382618467,-3.4797686026603234
853,-416.29486442348315,-13.423736489156239,-199.39401979441976,-72.66045591071725,-2.265020420263491
854,-536.9921685491855,-34.82766668221753,-196.95750943487096,-87.35385797999794,-2.350393692110443
855,-385.04229384917596,-56.51433543608648,-197.7960225920815,-77.25722318861277,-1.3052054607126327
856,-541.0008063748871,-42.61662312942354,-200.34037465932428,-73.50140945440579,-2.2401728334892903
857,-407.54377132766615,-30.57506590290805,-197.53419463197307,-71.10799892127854,-2.5195164914210646
858,-557.1981967990507,-39.2705166657941,-201.03508598510464,-83.71864620669834,-2.1544259983827843
859,-453.3507236629801,-34.487574199080974,-208.82941858092417,-81.86286210441403,-1.5648807794247512
860,-583.0867130996234,-28.60911149066188,-202.0865324166997,-68.23982089464154,-1.7404222473201296
861,-404.2211129277062,-43.54688519848949,-203.1176866636333,-76.37728549308223,-2.54815048336681
862,-378.06001669338457,-36.68749266873184,-198.38978219398234,-70.94298344175058,-2.9864494102203527
863,-561.3135393024899,-37.455611603530905,-191.92900137852556,-82.48702435693376,-2.2620122263450733
864,-580.1551186312256,-46.62011745384327,-209.9521126172529,-71.43175969606894,-3.0489994029657823
865,-480.3339441143921,-44.087884108468934,-197.3703174249985,-74.43934259171237,-1.5925257895800027
866,-576.9380428990576,-27.112790817384848,-200.24789966493955,-72.34189072925052,-2.044927939257919
867,-497.9397815791348,-31.946823353562124,-200.70744072092478,-85.58564581105557,-1.9908924071555476
868,-541.322261538667,-33.59569335766017,-203.92653288983593,-73.47133044919009,-1.3324520105171336
869,-393.08564611339415,-20.456726316318704,-192.86011237225273,-72.23448631226151,-1.1642317570696923
870,-548.2066078563216,-22.887814880042058,-178.77552985050588,-76.56390515136364,-2.183181609097306
871,-501.6044172617027,-29.867075079823973,-209.24262566744187,-76.48739152989235,-3.0948940177646445
872,-470.9011769813837,-44.004787575735755,-198.0757683488528,-71.78313625402883,-4.994162642442309
873,-599.332317462169,-25.241569506615107,-209.19182524184637,-79.82483840512431,-2.616377183037142
874,-599.0210757035519,-45.05902687749845,-205.434512507939,-83.03451800804318,-2.8448940149897735
875,-584.2727951104612,-39.35908245184157,-183.0064819567902,-75.77712280277123,-2.255282668049477
876,-615.9989598468189,-28.02494015677708,-198.74965187070336,-75.58507024356847,-2.4235365956389177
877,-428.2038117172321,-44.34779964738244,-211.17487509026472,-79.25021841994683,-2.295947092797064
878,-461.8499576833817,-30.21403589593129,-197.28909495564176,-83.4157465502547,-2.245710810247049
879,-577.3058737215161,-43.14109195701723,-198.13574830808528,-86.84347140833141,-3.109550405844893
880,-475.7315594311989,-19.623061139899654,-180.64679428548038,-86.28700175191692,-2.804815774621618
881,-521.1407912519409,-34.83331821568903,-193.40849396100074,-81.56428780576243,-2.1992290292038206
882,-428.8694824648963,-28.793468422356643,-188.18654810275865,-82.81767302428021,-2.035061453058633
883,-395.005921354059,-23.49501497126333,-191.4293849866787,-75.54330323592575,-2.660105742463805
884,-549.7432380924423,-42.191559152150454,-197.99082682038824,-79.8983159797875,-3.2055594825280465
885,-551.5981482525942,-47.37595168299786,-196.23139846588487,-72.98563717099131,-1.7006194042066503
886,-533.8297786240718,-41.309246425397546,-198.9500378555441,-71.26958582910068,-1.276658123582328
887,-485.5928928957255,-40.89679075072234,-205.5450355676154,-77.35481728376745,-2.000569404423089
888,-593.8116066912221,-18.908323853453602,-207.82888229660188,-75.47472648620398,-1.7501018480272783
889,-691.9425852768538,-38.19158589530008,-206.54054262684681,-76.72586491686013,-3.1871025673901343
890,-527.5146922847504,-56.79036990379503,-204.44930250796793,-83.56560133600242,-3.059223206404958
891,-514.4414231514941,-63.87173730101703,-180.94058083088657,-70.04443273970172,-1.9878944952671147
892,-429.10401455093046,-38.08593500784343,-194.16154781773832,-72.92514143549293,-2.4436475121252226
893,-458.69777852804026,-29.373337244553536,-196.81284593472103,-77.77539533687354,-1.7386609054042532
894,-466.03011942268296,-47.618371128121616,-204.69745309616457,-73.3926490062177,-2.1383863124494282
895,-554.2500641283616,-56.59546023834079,-205.18941989899648,-75.00019189677289,-4.653392777628433
896,-500.11831600628443,-28.535389309597207,-205.977582585935,-77.03445943963435,-0.9058442586031334
897,-480.8927092231181,-53.93136479858344,-199.1349755896052,-79.25558474900512,-1.7174634040865129
898,-680.8689743496453,-35.32102952949787,-196.49041519832866,-80.55526810256549,-3.7624868626424868
899,-540.3086413230038,-33.83856551895605,-185.87297011919952,-76.90533312172143,-2.416899813573032
900,-586.991096176869,-34.06508988902205,-208.89904586372532,-78.32856922596964,-2.640007345874913
901,-566.9774021400041,-26.37724302915779,-200.59656051440368,-77.24680518216108,-2.114189603259628
902,-463.92471734585257,-15.797382607075287,-197.5084277339373,-70.10115780989582,-0.9190833548200802
903,-422.5369694524904,-47.24340810747346,-187.6808020917041,-67.86940269121338,-0.9147065010819857
904,-568.7075611427962,-35.009057678592804,-187.99796557890394,-69.6466204619591,-1.3847264894231772
905,-551.0656200357763,-45.38140682730106,-195.4683034033572,-72.22929750120068,-3.7047802443677273
906,-641.095223635371,-42.094469173562004,-202.773324977182,-77.77449513698969,-3.7433213882587806
907,-483.8212679322906,-30.786553317439964,-200.90338975855937,-76.72812588850547,-2.424657728813268
908,-589.6703840438095,-26.25861187721972,-207.55426199650452,-69.31397493478792,-3.3515840983262533
909,-371.9528067837504,-28.3312407584953,-193.12787011350633,-75.59985054387101,-1.5843864990436867
910,-460.0271750738444,-50.685585278704636,-190.82666986072712,-79.37516835779512,-3.71105481960899
911,-594.1366734884215,-46.47222007491129,-211.23433078558446,-78.906480715626,-3.3883642415900272
912,-496.3032600050388,-53.901421635950534,-201.7694848954722,-74.36020379480838,-3.0754098322999
913,-383.00560530925713,-57.86714566107482,-198.60472875623427,-78.03302317858191,-2.9252210425672427
914,-472.25542329740074,-21.31816945264751,-206.88378095724204,-78.85798928099786,-3.5881347063156177
915,-533.2038550568246,-37.202434181900514,-196.85327554893624,-74.56218615992938,-0.9820016728105695
916,-502.68871068115146,-54.10494830566012,-195.8369960797425,-77.42192448258054,-1.6419278985790238
917,-486.68741870454215,-40.03731298264416,-189.49014827387458,-80.07725228892639,-2.8546776572387427
918,-597.3946030519711,-37.77954836552156,-205.9855967248504,-78.37742864453898,-3.7831651396813344
919,-517.7971887683364,-59.15646171872808,-176.55261129832704,-85.5052732254676,-1.421525090634116
920,-513.8015514484886,-45.53578328462977,-198.33965567064598,-80.24021454286259,-3.2573149094380076
921,-581.1662426180004,-35.287911209935395,-204.57721660558636,-75.52556621679794,-2.4277326533748704
922,-635.7723516760998,-30.612604256737605,-194.45228615030433,-74.7283251599418,-2.2936607462612195
923,-551.0511637847421,-37.121186205357965,-192.3282821762497,-69.33894247246948,-1.2970661711578495
924,-638.2284271915577,-32.88780246112082,-193.57910719186637,-74.27220441199863,-1.8127809315253975
925,-559.3724684820592,-36.25585569561091,-206.93531824269695,-68.92898669610176,-3.5355066776682924
926,-353.0806707042752,-25.309797322200602,-210.6942760844245,-74.44711795743203,-2.1940116093514694
927,-585.0518780737856,-46.04358640342704,-185.52964642372328,-87.57245531837611,-2.87136595895932
928,-508.6191390763041,-43.961870001313876,-208.799971920183,-74.58956183120624,-0.9220275846005136
929,-387.38412705991993,-48.082915012698166,-206.0766273572646,-69.01479348087449,-3.3105818603664847
930,-577.6605518497626,-33.36246218799798,-195.55971013536364,-76.44663271040517,-0.6974644037345299
931,-495.25207401326526,-39.42997405168166,-186.20919282158718,-78.21261647373667,-3.3511376769208723
932,-509.7582620107562,-30.991044384123676,-181.905775195114,-73.8487875884001,-2.916810134097066
933,-476.6657273389751,-31.72018339490821,-195.19706157446555,-75.09937822708982,-3.3085661732528644
934,-290.6728608452495,-44.317139660922365,-199.78971436804875,-79.33817627775723,-3.330765687460569
935,-549.6946407680256,-45.72968691569916,-185.47440973742093,-73.40276911966818,-3.9719473065846036
936,-491.9068565717785,-40.00813409978727,-206.9019099032852,-83.66634605339273,-1.3198611583991806
937,-436.14723271216695,-42.99932977741096,-229.3072944294641,-74.74175535379925,-2.0128202359294134
938,-611.968283281692,-37.143341366386885,-192.31531964743914,-74.30999228192779,-0.9575154679670296
939,-542.2571817729377,-41.61428194105801,-204.63223262254294,-71.92810073663118,-1.755614184111001
940,-542.071747720108,-35.985799924762226,-203.96956790151205,-74.09428906903263,-3.468840808268911
941,-438.48477932665156,-30.293165483359488,-216.8394523833025,-88.93128488214548,-5.096267991079924
942,-473.9576844704297,-40.38967797521738,-195.31988496009075,-81.28105681484323,-2.8463754556662986
943,-624.4827910670775,-18.56144242220807,-188.34068380651107,-77.47409129509636,-1.4823685475986241
944,-603.6732873811037,-30.267089941116215,-201.0540497642838,-83.01693960609958,-2.80194506816291
945,-469.95706545931733,-29.659023059175315,-182.20777348587544,-73.26191205977122,-3.2439553748212338
946,-521.8526444615095,-31.804934519931233,-191.07815801792313,-70.71554893078049,-1.0025376703935973
947,-476.05599336757666,-22.932936391275515,-195.23519156443425,-73.09400438177909,-2.9045986198915155
948,-577.7872056795087,-23.809099654307108,-196.26495300925782,-70.7262989021627,-1.6570080523165014
949,-528.0903670448957,-53.88999090142096,-195.001274873634,-80.29883181513681,-2.8503961089729044
950,-449.6898693510771,-39.651904482556496,-195.99502314497374,-71.56286007616589,-3.1632930619453865
951,-579.293119852692,-35.913703145330395,-195.34508403861702,-74.91146884243368,-2.8801287453612345
952,-587.2090952099077,-49.20827259151651,-214.01664011399913,-76.33805171842589,-3.3058317398651322
953,-421.1096918849522,-46.05214448971664,-187.60182962434288,-78.78030047046151,-0.5617347459507974
954,-412.14247014449955,-32.4163478788173,-203.72186000435386,-82.88992817546726,-2.329027175170608
955,-468.85022427539565,-34.32228057094804,-205.838855565049,-77.32807264945953,-1.549190488225294
956,-669.5039855435548,-32.850604376793285,-192.03784099175715,-73.07308212833024,-2.729990873222982
957,-355.7434738204232,-47.665605798764325,-193.33126331504747,-81.82171787795481,-0.934888529076222
958,-485.9139496617835,-17.168947831140933,-199.07501263618374,-84.93721918483232,-0.797681023168685
959,-646.7435714350263,-28.212724633618766,-211.46274318781394,-76.88791197105006,-2.7734457378971027
960,-610.6612311972539,-45.56896080134733,-204.87034653386647,-77.93678346781341,-3.0107504706173076
961,-506.63739694319287,-32.222989112460944,-181.38305730388393,-72.49864891462286,-2.2676604727555505
962,-500.57620915018765,-43.7970791103353,-181.11418368379145,-73.56951731969706,-2.512269347393155
963,-569.8748603084566,-31.809842603636383,-197.40057266174668,-72.45269805901012,-1.6254918273058911
964,-628.961280120791,-47.99120392201169,-199.76890021240257,-81.35515089501241,-3.5887990599115356
965,-547.3404732227757,-6.584472561611467,-197.56450409696058,-82.76671955067148,0.34821730632845543
966,-481.125123988592,-49.469577396795124,-206.73137892032958,-78.22862649883336,-1.550944334512234
967,-448.4671279874543,-15.055944683026198,-206.80264034346004,-76.59111020552525,-2.491699088132119
968,-594.7053318413599,-27.00174676092481,-195.1662822944523,-79.80716910944291,-1.549816714753287
969,-550.5950709365267,-34.66653134165437,-199.9629050447945,-73.45482222538189,-3.2290103395115373
970,-487.3149215103761,-35.983859644206206,-204.052444926067,-80.4903322783933,-1.9219618520131339
971,-496.8269967336613,-42.742438616046755,-193.58510353387393,-78.26238108681017,-2.945884248941725
972,-387.7427530622715,-42.145239545238155,-201.52468356696676,-79.34795702854541,-3.0593271237495316
973,-599.1904999767395,-34.301264473945686,-224.8121498823345,-69.6907633300477,-3.0056914444186997
974,-526.1027418058565,-48.7803410769985,-203.73537091098535,-77.29127761775298,-3.0786090125140477
975,-270.66794290137756,-23.94548923244166,-205.85087261273682,-76.24405334962768,-2.951431627807257
976,-492.43963742727146,-53.99716665869469,-204.83104587649896,-77.64355223293235,-2.458465872735006
977,-530.4170792996962,-27.434073284780375,-201.0630236727553,-75.29936174410034,-2.70652391220522
978,-626.2358933433703,-51.098221857056764,-195.55182281133023,-71.52120612384886,-2.849330978211856
979,-463.4592578381418,-25.27104515156984,-200.34936405114686,-81.1608368752742,-2.674322689955101
980,-571.3470043074191,-50.91373686516418,-184.21757540235424,-75.8406006592301,-3.4408789731828207
981,-618.5363470669141,-38.05973244763694,-194.3453969421364,-79.44875156495833,-3.0499454693343635
982,-462.9705566017053,-39.70909384570525,-185.4551852956308,-81.81092359518678,-3.2330400922968687
983,-696.4793818965226,-42.938329427591306,-196.02670627455038,-76.88252207193868,-1.307619879369375
984,-410.0259206630753,-37.81437032125201,-197.61774861601103,-74.41627894132317,-4.855249528338113
985,-555.4508962772813,-18.54151916044341,-198.66330751670492,-75.82024541142175,-2.7693640633641095
986,-423.5834910477857,-22.08664495088393,-200.3667080983874,-78.36815418643572,-2.1158040892903585
987,-430.91760803125084,-38.492639940606225,-199.19261499774026,-78.50104612493915,-1.8268336415745325
988,-593.6249662363806,-29.112531465750926,-198.2185809427818,-73.42741579144104,-3.5260241631387768
989,-539.8787498283295,-31.561070752396663,-195.1488895227739,-78.74740738695975,-3.7359459192576154
990,-585.4793534621357,-20.71335228449028,-187.17343131564348,-80.98167056615598,-3.0868072010224967
991,-388.78824802009564,-29.897717774306873,-202.17430758559385,-81.8411353115233,-2.8513303719427197
992,-520.1635263988825,-34.359979098853415,-226.64477284160967,-82.11131202844389,-2.9140257428829046
993,-559.7303621628756,-46.40912133747108,-211.23936894072764,-72.37928754890012,-3.946366448843648
994,-493.2456487882392,-45.044701924022355,-196.26629312753735,-73.1214379114789,-2.7444906740674937
995,-576.1188183539451,-37.6908448266924,-205.25962641909393,-71.85460957249528,-1.6389137325705838
996,-418.9711982421804,-36.36704228589664,-206.9354759361663,-78.39514904895962,-0.4325547660176225
997,-361.92829657786797,-25.013929988616024,-197.46500481184256,-76.0157882006786,-1.3527822614409106
998,-512.7554719308896,-40.21372539232897,-195.36726919113698,-71.59418610731318,-1.7787746430296794
999,-570.2783239646517,-58.299845705023735,-214.0091811330072,-72.32214801919893,-4.033907767605216
1000,-545.5564085875482,-32.02826624476457,-186.1145234479017,-81.02634796587824,-2.2601283624495663
1001,-490.98490071038367,-40.33194766943771,-206.42863758161496,-79.46849584649371,-3.8021274807387533
1002,-493.29010259630803,-39.41357814356816,-214.3514289574723,-74.34054461557699,-2.8823885347004263
1003,-428.05141541204193,-53.32233643036733,-184.631722130253,-75.66756263263936,-3.1996615109407887
1004,-577.1726192177424,-34.22756120866077,-210.40364333889357,-74.83165524623992,-1.8606278866916013
1005,-490.03616727550315,-39.59625631445269,-185.53202989420254,-75.49100049927037,-2.813223557652889
1006,-304.5149801658218,-19.925644178893865,-210.81855202437214,-75.05335418319375,-4.075485954354089
1007,-460.52033166482,-24.606903815859592,-178.876147546874,-77.2410104789004,-1.9347106249013994
1008,-642.1151132122823,-44.763822342941594,-211.3166850161906,-76.02226299301645,-2.1076392912942965
1009,-545.9962752597767,-50.796660308710884,-207.6415750485565,-80.6272866669784,-2.9281027775923354
1010,-421.6673438629655,-18.315178426726256,-186.69618988932837,-75.29533539021241,-2.2466899325841507
1011,-454.96101779025867,-41.791556538895165,-214.1039228912914,-72.7511964070868,-2.0990478296597375
1012,-486.93410044464724,-27.5616469950611,-207.58366816084384,-78.54314043681927,-3.1000592345256526
1013,-544.7066644158599,-22.76316818062922,-226.40268772116073,-80.69876057427614,-3.2472711927415743
1014,-515.5235636781608,-37.20285564724536,-197.80726712899892,-80.50166274125738,-3.7077551558645077
1015,-606.3450593135669,-29.567544336589243,-218.13861479522075,-76.05581568635978,-2.97458326571171
1016,-542.2902521287596,-49.16025397412816,-208.2000699217413,-63.67484233553545,-2.7434987888107147
1017,-654.458885257697,-28.38429610213927,-216.18522114849642,-78.43014242155,-3.591331267139549
1018,-502.043083364971,-45.99788284200878,-196.34467051160559,-75.60525156487526,-3.038044420158787
1019,-443.1919611535714,-46.583335759571106,-193.13861807780532,-72.14532901623876,-2.6944984423219385
1020,-328.53121234202825,-22.433640137772006,-183.88076404412087,-80.18577375879494,-2.422842775880923
1021,-546.4907038224117,-33.28801165000896,-223.3613733621607,-79.04282782630963,-3.019441838592933
1022,-584.6660626961103,-38.96573532800538,-204.93757068436216,-67.74651397741174,-2.9108619681878247
1023,-531.9988733182843,-24.899364829830336,-202.9928687070373,-79.92406070454321,-3.548647454769777
1024,-500.8046705375518,-46.02645413662399,-218.62789453686204,-74.54206877838463,-4.067699458647136
1025,-519.0999095383854,-32.05117725729067,-192.66222430209456,-68.91567924516679,-2.32206494577357
1026,-469.16166096575614,-29.465869177032143,-208.25065931545402,-75.98511831170083,-2.33229463306854
1027,-520.3215005930331,-57.206467879128404,-206.26422528452645,-80.11611269435654,-0.11242011041560519
1028,-445.66387068385353,-49.33284932227886,-197.7075432395637,-67.78734763888227,-0.8227520257810091
1029,-481.36197763712767,-36.31735057984624,-216.57584899855706,-75.70683062988107,-3.135939453918919
1030,-591.3426623380007,-37.073310883177996,-207.68526259595464,-83.088881187503,-1.6602267755597473
1031,-561.6124753142772,-33.96238014027899,-184.92037511631887,-77.85011778716927,-3.4903641487856016
1032,-570.9830310082028,-35.77069436432429,-199.6621066945787,-79.97658069162561,0.37216601869124183
1033,-522.9673590542486,-46.30824692397579,-201.88692922164677,-77.8084803561715,-3.711921224012838
1034,-532.8439649162976,-58.27162024913608,-197.12081729321673,-75.7908551929611,-2.25384645602861
1035,-595.5430684309598,-43.63182368187994,-209.6105940690662,-73.44429689403187,-2.2633649437655787
1036,-434.53640598240725,-41.89497378813652,-181.3221540840582,-75.50244641187504,-2.911782331521197
1037,-500.64294437009085,-37.83965013156319,-206.16473835885202,-76.89629791340133,-4.246802745570973
1038,-403.81343844240683,-34.08512617777364,-217.27019493950573,-76.29069826192735,-2.8846450112207807
1039,-580.9264773808246,-28.097396576836392,-194.37242760685388,-76.82735935080555,-2.9625104702954004
1040,-670.3953341913125,-42.10188132799382,-197.82347430004558,-69.9000023285618,-0.9740100575917893
1041,-502.48755181729746,-40.76121649284667,-195.84178948934164,-69.15675293339086,-1.59932799564414
1042,-457.5135319697724,-24.0916659835939,-194.4206131733759,-65.21424864350219,-3.0272173379699705
1043,-516.091211756158,-33.28045213384481,-195.7616687638242,-81.49885019026536,-2.3957083828390378
1044,-527.655772567629,-36.873968397979944,-192.7448686056934,-72.575769896224,-1.2127098488360992
1045,-423.0348004011097,-31.98103921111883,-206.50150353245795,-69.16032061383129,-2.237792046399078
1046,-614.3405860571664,-41.506381706229256,-189.69865156118357,-81.081355756263,-1.2544631593526026
1047,-462.5169678243021,-56.27294730741423,-212.7659849274899,-72.22243745865174,-2.4405280551291675
1048,-644.6845829414924,-39.37238694043681,-193.759261744872,-70.41106531712026,-3.581318870169434
1049,-441.1531497061618,-46.49028122547533,-205.65805953956888,-82.89893666438468,-3.977070257563588
1050,-523.5428370207192,-39.23548692646775,-192.68767147091725,-77.20910634793316,-2.5020990364358364
1051,-512.7307206312308,-43.8735172352929,-210.56555595466074,-84.92802614327657,-1.59913983625362
1052,-490.96265137224685,-50.08608521259201,-194.36723431772265,-81.13565348343492,-3.6674791064041274
1053,-629.4085527683413,-17.892926532767056,-222.1405517125374,-75.17804167519965,-2.1046138945158934
1054,-559.002592379749,-32.433135952272366,-205.76914156700244,-73.07616604192256,-2.259215119410918
1055,-588.3293081132407,-31.12965834867622,-183.70862359897734,-71.60192015101866,-2.712633356245169
1056,-370.70745724214976,-46.11306918421766,-207.9546325329491,-73.09991854804078,-1.3309119854394802
1057,-329.2212376365599,-24.681422055599455,-202.71324436523273,-68.94965433717378,-0.934512461296688
1058,-615.2973359428582,-1.5178928135154055,-197.71642072399223,-71.54050505220255,-2.4961195454393645
1059,-503.6421657693552,-46.42066794783706,-202.17538047671061,-73.50606935843616,-3.536914613587003
1060,-498.6476357000943,-44.82174602838201,-197.71696002296287,-74.4902858535397,-1.9619294279915225
1061,-336.66255871318106,-56.24025893663528,-189.45056888014196,-71.90195981832584,-2.62685719587175
1062,-493.42804532582386,-42.5813102940435,-196.45180500088324,-69.30219335554601,-1.9755441666549587
1063,-490.4809967444607,-37.92521021136832,-223.61523443778955,-73.95617840123431,-3.3163864615288263
1064,-539.4241343961061,-47.048959445734184,-196.155434287378,-80.13879911271958,-2.474265904063168
1065,-546.078993264724,-32.8105112126805,-196.68887799318549,-76.12440955559201,-2.26695807729434
1066,-532.4628005103657,-31.96865249961626,-189.24478937742342,-77.96909046028541,-3.3191376510350277
1067,-423.2100405885055,-16.52317448599959,-206.88400770435157,-72.6837153491967,-1.46095868784883
1068,-423.8998954790074,-33.373360302419286,-220.2572941384875,-65.66890678603907,-4.1221899392902195
1069,-585.7675733710172,-43.25106500517705,-195.80606875119986,-74.45119242784698,-1.4511597252968893
1070,-558.3767671045309,-52.96065249271052,-209.36167079057694,-80.6411891290068,-4.014143611402217
1071,-497.17304557075454,-37.88155729604181,-196.19779597119174,-66.1074087583666,-0.06648008851381053
1072,-581.3768566129288,-39.303345147362464,-217.71234735579986,-79.60665027268867,-2.904668770914259
1073,-495.56676796579853,-30.094355325258206,-224.92841545257892,-82.7681050509226,-4.002151031989815
1074,-545.2070875122253,-34.27034472192279,-215.98235517202193,-82.74265052397736,-2.4431969123033017
1075,-502.95499263518315,-32.41019451546946,-203.4291090384969,-79.26145944645239,-1.9079690269378624
1076,-577.9898957333053,-33.29556870123128,-180.8701248023108,-83.87595098332835,-3.1112299880385677
1077,-387.00611477751175,-42.38420144872426,-203.1613222555722,-77.01220288279157,-1.5075304095379316
1078,-549.8675997237813,-24.695809363926198,-192.93709009789654,-77.93031046201928,-0.5412922211137708
1079,-487.7129411575586,-24.400719223997022,-195.50623281971323,-84.53213845796601,-3.233773106298479
1080,-467.0371012553399,-39.95974849169865,-198.89771366785297,-77.72087323947243,-2.8029004508342044
1081,-550.9594060278991,-44.43471913107124,-207.00601110471766,-82.87235317466259,-3.004447153346561
1082,-481.5079092960083,-22.95373051927299,-193.5223349437083,-81.25042527074753,-3.4565453153055437
1083,-491.09721003746205,-38.161704582303734,-204.7977026825902,-79.57434393074925,-3.6885498581091634
1084,-553.0244430717728,-40.27560339296874,-203.72649862761813,-73.61705618845596,-2.475073803073287
1085,-632.5034921036613,-35.499289318806795,-194.3415628406236,-72.69813897460696,-3.1699103458721423
1086,-615.3765286769573,-33.729151543557144,-182.61743761332684,-79.58835006263867,-2.838682850864576
1087,-520.6407257889892,-30.279229391355155,-200.04519836604234,-73.57516834658368,-1.225551865266952
1088,-465.1244178544107,-41.022002195979844,-202.38136990861136,-80.2244423672374,-2.06032185516388
1089,-573.1663229019039,-32.69009479344932,-192.0014005632157,-75.8431077218781,-3.102786178908453
1090,-429.6876515903121,-41.296263745333015,-199.25152837518297,-69.65535902669397,-2.081574478552142
1091,-581.7135698410509,-41.672087196355456,-199.61672430530518,-75.71367301518805,-2.9271770567387945
1092,-425.1228782736554,-19.64110258060043,-199.25545550373934,-82.14885666837853,-3.5276870658182546
1093,-446.37828343635647,-31.536694721412374,-203.29064825006301,-82.97339416994707,-3.036651415565086
1094,-488.0643191985431,-24.397810727797435,-209.37458615932056,-83.30785297499743,-0.1840175171123369
1095,-401.0716688683285,-25.329628404956228,-192.2308442578605,-73.29371304215047,-2.2226742900766348
1096,-539.0653356644291,-42.3371221152402,-181.75404744342418,-81.12717240311102,-1.4346227870455557
1097,-616.357835693707,-33.89093290027919,-199.5725464826209,-75.43532409957373,-2.6085918151364504
1098,-546.0758811378789,-30.42885851852488,-189.82023662086584,-74.66517461135771,-2.25457361451578
1099,-443.56653221197064,-29.373407295413095,-219.13421991839976,-82.90945245391968,-1.1471980969502251
1100,-609.4255191454198,-39.14607802961788,-206.69273747279405,-77.14587902696732,-3.436972003843325
1101,-612.8400579998852,-47.02284076922169,-174.80985341632658,-84.17653154094033,-2.322411525490125
1102,-448.8073969246272,-17.32362724599522,-193.43251394366422,-74.61347935840571,-2.368327081675502
1103,-514.7077891778177,-42.706265031747606,-195.88833054359543,-84.01695000492651,-2.4153120526470526
1104,-565.5135812445512,-19.738564120051308,-200.91820312451313,-85.25650942278436,-2.3315661159215195
1105,-507.7994221317433,-37.9181929960242,-223.7524786179177,-73.50228902068348,-2.828850888056072
1106,-541.872413829793,-32.893444788063874,-206.74730735606101,-63.02944168994322,-3.5008683236393483
1107,-590.6796486957096,-44.70032774961389,-187.77755780097706,-75.51675937956837,-2.9657900898228524
1108,-582.6675561711268,-40.749355643401564,-200.39164879973634,-76.55613473152277,-0.9667103358571454
1109,-520.6887238634293,-20.554268141087146,-193.59102717338135,-71.1990671424669,-1.464203729954753
1110,-506.18372825873485,-52.21828682340657,-187.11965596142628,-79.32566627523377,-3.305801493836981
1111,-431.19904463934745,-35.688850033988054,-199.39465350706737,-74.41008201862486,-3.0781173067133274
1112,-615.9971919411757,-45.07193627788743,-200.2998894044854,-73.73687880779099,-1.9542009976828696
1113,-487.509343257329,-46.51978731788724,-193.19864892820544,-76.2205058156916,-3.016427841610592
1114,-585.4377905847925,-41.512062223692986,-212.17390240209588,-72.24840191435038,-2.4586428290930558
1115,-548.3661206596261,-20.110643699517134,-187.6361323847773,-81.5932701125095,-2.591430721974535
1116,-398.3878120824613,-60.93334348802896,-198.62129094163822,-76.76906928690241,-1.6324667288411887
1117,-499.97978297924436,-64.83702074458144,-200.6271433661501,-83.81776785881587,-1.121220028622428
1118,-405.06895967324505,-47.14259994393636,-194.7157314542116,-76.33649559536487,-2.683957129919246
1119,-446.71129613034736,-52.910784472059895,-195.2490720291704,-68.41051898294266,-1.7134432468455765
1120,-512.4690571595277,-44.71723090251815,-191.3306502305997,-72.6410573922631,-3.0897903095941346
1121,-430.40308849155684,-35.61365940440084,-201.7041466355832,-82.05628152987083,-1.9639436644001975
1122,-539.4940744996139,-49.22863084891387,-200.84716439010262,-81.84085858381314,-3.5474102553329
1123,-625.3127478249246,-50.452465691514874,-201.67174394131533,-75.24274655402014,-1.830789029705252
1124,-467.53480202281065,-22.25150556176015,-194.80909222326562,-76.28596263175463,-2.0458537107245967
1125,-517.1978578255882,-40.59375331416096,-176.33682118097545,-70.4671725174552,-1.4652759404153821
1126,-577.4270736705067,-21.0469102129415,-211.1418696303099,-77.50840373853754,-2.811285139978567
1127,-616.6356186181087,-33.794393154364315,-209.16838219897403,-70.58394851421598,-1.5361649912122395
1128,-587.5258070218966,-37.5362240183276,-199.87514676313143,-75.3120118356584,-3.513036695536781
1129,-533.286556607559,-54.73263953336452,-195.6067719859852,-71.84463352050498,-4.625786216370614
1130,-567.0446256521712,-40.437885698278265,-201.9989739044206,-68.77947803985025,-3.6800077724768148
1131,-498.2718827963522,-28.723644408288614,-176.68179681265127,-73.02492110574941,-1.4784577924563098
1132,-491.46192078350447,-45.05494411548121,-180.73162504922337,-78.69246942586967,-2.6553070929222344
1133,-521.388324408038,-34.67112535559055,-196.10558296885603,-79.88813949746846,-1.4339089966052194
1134,-541.4591805262775,-29.82615036873876,-196.2748307872525,-74.41264101351446,-3.809183520771307
1135,-516.8512402699623,-31.91821797350793,-187.6946578750466,-80.39470386394305,-1.666844080418505
1136,-649.7170341767477,-45.24244063239787,-216.79911306208984,-77.48938889651686,-2.6038344142568066
1137,-391.68644425370564,-41.378258145755005,-221.99212065781558,-74.38952798839748,-0.9182945976129008
1138,-629.5294677452348,-41.47542700252822,-202.1160047488909,-67.93542542490013,-2.5921206773902896
1139,-559.6170336791389,-44.49638541337962,-205.93718715311638,-76.34977064754933,-2.5449506041909435
1140,-556.4936319830093,-42.72022773719243,-209.72710968387017,-69.98786697513617,-2.5503078375986004
1141,-530.8820382606186,-41.339485691786,-193.08180852434378,-80.21030799105121,-1.633830090626343
1142,-566.0818238000537,-44.62783759328713,-204.79932199946995,-82.75744322100599,-2.406683098659111
1143,-581.233338110899,-26.852597241583,-195.6846778408555,-67.75826380991592,-2.0031639728660586
1144,-571.3036100917575,-43.94233186305129,-201.7463707651409,-82.92568624748147,-3.02103762053899
1145,-511.39025962838036,-34.453709121765584,-192.56191743245782,-82.0695170862437,-2.4695326330042575
1146,-519.5782633439812,-48.08394866882468,-210.52753969233135,-80.73593217948937,-4.025404482764064
1147,-501.5583718672878,-61.84492131397055,-205.08703265203496,-70.62958601998726,-1.0000821177854087
1148,-512.0386481094488,-36.67677510049129,-201.48655172908036,-70.89709480872031,-2.5316528111396672
1149,-590.2311575074433,-36.734935798594755,-178.75481563371167,-75.58661033639588,-1.455259299531788
1150,-584.0542117541853,-43.86130346526668,-217.88503049783037,-76.31236016800214,-2.8515451358701833
1151,-589.0450178258042,-38.90749899084264,-213.63687511765121,-74.84574197147376,-2.7756552476066196
1152,-696.5182787502937,-24.312899664620996,-208.06011925641542,-78.63209574252966,-4.27817311210975
1153,-580.9941612260682,-35.357718870836656,-193.14358373285842,-73.26963472780484,-3.8214499434481173
1154,-530.6901869392478,-38.61172672394167,-202.12632976035468,-64.61155732153036,-1.7481748913177746
1155,-596.7915474325498,-38.185459399321786,-220.4195078903274,-70.8438032055515,-4.120498487091324
1156,-494.4424272607762,-23.132682180012793,-191.57814193187443,-84.42133646589342,-3.1544105659484933
1157,-531.6653726694359,-27.841905518802694,-207.9623713964845,-80.89353829503105,-3.307268076009633
1158,-574.9536969703361,-54.27272884705815,-197.4046432447342,-79.51649689861142,-1.7363195972683416
1159,-493.4689220988622,-35.36457576690451,-201.861426823026,-78.70840634736747,-3.3317599678125682
1160,-562.3684618316076,-34.531851995189314,-203.47863657700807,-69.33143805885716,-2.497910741533594
1161,-492.39201099244684,-41.20660428505978,-208.4200752879663,-67.57099228448364,-2.037913892536313
1162,-494.1907239179707,-32.62627161633564,-187.24672537192424,-68.08513035751223,0.5143129506564075
1163,-506.5942292669456,-39.80143015515495,-197.25711371053427,-77.71764785583643,-2.4169427048142453
1164,-543.7449610043809,-32.24343293116747,-182.64968988712872,-79.36951724062313,-3.112399143747483
1165,-441.52771441529995,-38.75734644328413,-209.06923176693175,-74.50225858982927,-3.3613586956710972
1166,-562.7266411448725,-35.20298026615823,-200.24037472363182,-79.65987669893376,-0.741430400825334
1167,-546.1027065732728,-38.91359658397481,-198.1906052297706,-75.64283834404627,-1.2130403417279683
1168,-568.5650604702483,-47.515221810074344,-199.00376757124639,-80.29980970504617,-3.68763783466481
1169,-399.6474499556884,-37.723251886603855,-194.66423592778412,-75.37117232957287,-2.529922796381978
1170,-543.5496177545564,-52.58093389906461,-195.780506000121,-75.62258618054503,-2.97102639667853
1171,-567.0626803077781,-23.69905608490658,-206.8095784246186,-72.67699216552951,-2.627512779090617
1172,-517.7451471785321,-39.69679364117029,-204.4966459945468,-84.9751498980228,-1.718837958895649
1173,-391.66825686801315,-43.41222867312759,-189.68669573128463,-76.55007436717759,-3.518293314885848
1174,-538.0321406245677,-39.37295862328229,-209.75422599465153,-76.09278941235364,-2.0270071720005354
1175,-467.34629184334074,-36.6288635807486,-213.6981054914523,-72.01539888317187,-3.965766234593421
1176,-566.6435457597612,-54.06682528343932,-193.96057969878046,-76.25742482024344,-3.3801527704874506
1177,-542.5142241329556,-26.037016478458284,-201.23050860159523,-81.15553806224445,-3.107999417061771
1178,-456.2863981628251,-31.683114268164886,-214.17363164100053,-73.82422858309211,-1.3458619811997172
1179,-623.0787347301058,-40.70067181764543,-193.89863911892917,-71.27006789515647,-3.125797440707326
1180,-468.319220842995,-35.66209127729714,-193.85602992311362,-85.62693571300137,-2.9129571730205845
1181,-394.5211527840139,-29.924806211057977,-211.8621146156228,-75.5702460633895,-2.2799159505893027
1182,-498.20648284544427,-53.69920566500546,-198.57306985113104,-73.00645206894991,-1.5870291206275595
1183,-576.8886950638813,-27.324704426730918,-195.00670126736003,-78.61058735264956,-2.589837066785502
1184,-463.06885882177306,-45.620035887607514,-216.78882730553295,-74.33774498848346,-3.363518188559402
1185,-546.3401018347427,-34.469608878368135,-196.96209905260602,-63.79981831181655,-0.24305242427589932
1186,-590.367655122873,-22.63185975510401,-183.43362882259396,-76.24281945308827,-4.0538700763675255
1187,-378.85358289587276,-35.51524545216219,-223.00419388564032,-77.52764317930135,-2.398487924340018
1188,-500.66072680663075,-26.41073740444648,-205.67851713581751,-77.4282353351867,-2.6488624319591123
1189,-583.2039762879268,-57.15543176743853,-188.7547621046928,-75.58331323597781,0.018840457142848148
1190,-608.0360901913075,-47.228222550072836,-207.3647932323161,-77.99035634349868,-1.55054855653943
1191,-521.8826422918032,-46.31088060591014,-181.47508527925947,-75.74845432637964,-1.8438715121467284
1192,-558.7103350653509,-40.50908311901483,-201.85423098875614,-82.83903650018645,-2.1724064558627787
1193,-499.7781391264666,-33.793938618762176,-196.52042649429444,-81.34298759110608,-3.973543119760238
1194,-560.7571876588472,-31.33068301232782,-202.49185269080385,-79.16945421363,-0.6514323751036695
1195,-549.4404572022175,-42.14754538986485,-212.4214256917984,-78.25227127008472,-2.8830128435763855
1196,-491.0271845972626,-33.03805198551026,-194.8728309453891,-72.7932846253628,-1.767349898636345
1197,-446.24122069562867,-34.31142103721404,-202.85341429485524,-70.63705157817003,-1.1943422735517164
1198,-608.612503775188,-47.94569223685015,-208.5796279898159,-86.17991232837645,-2.0528596707350677
1199,-462.8150659407028,-33.10586058552496,-203.18741217728092,-74.82233260071818,-3.0486261516041138
1200,-482.221363325824,-52.51020844604685,-206.54082927680312,-66.23169502918964,-3.17463814632459
1201,-499.9584339635477,-42.74764890869868,-198.84001488853738,-78.66680139801765,-2.766202380210194
1202,-419.2880040091459,-45.03741374464368,-197.47134716777703,-78.5355523367861,-2.4526217632391782
1203,-404.21189797973415,-29.08203096608849,-197.54019695457575,-75.50840118774472,-1.1197930474522966
1204,-574.0683568374598,-30.629574806471517,-184.44529229960412,-77.45001833790363,-2.268294970469116
1205,-352.2109618409882,-50.703756769675536,-193.65449485631567,-73.55802212178213,-2.136796678962811
1206,-493.8463844493858,-46.904835353032404,-198.3913423613097,-73.70115146578524,-1.9665747035779206
1207,-515.8332545265855,-42.90195102799536,-197.54369217809887,-73.02622987875927,-2.766599546672336
1208,-568.409385420394,-25.7622420525515,-186.2433777956353,-72.8229430499151,-0.6557592648492606
1209,-510.6892568298456,-32.197878260378246,-187.18921753308481,-74.24594058624493,-2.906945738608987
1210,-550.3338495785762,-29.167661171450636,-180.573354149863,-75.76157893467207,-2.449621670755696
1211,-480.1645712672064,-38.18975998252506,-204.44682096470635,-73.97418906472673,-3.1132344476747753
1212,-562.6168412886211,-46.57737190830283,-201.2313496649291,-76.70077351202207,-2.306545063458327
1213,-465.32247559395233,-29.404686398554684,-202.69262131331803,-81.16815152706408,-3.777754840386972
1214,-609.1259956917255,-36.857413427847405,-202.9931775487256,-77.37251428646097,-3.242733900971153
1215,-501.6851016803377,-53.74520093410893,-184.2834033690622,-79.47554491947038,-3.5050254200726774
1216,-383.38035880252215,-50.36353339298189,-194.3210733631254,-79.11341803100507,-3.218311034153677
1217,-601.1304311625688,-27.67724571527953,-202.54895238172904,-76.20764070867156,-4.204675702222776
1218,-409.54971718950355,-36.40379965461105,-200.43199996792546,-86.1615937958532,-2.019954961363432
1219,-463.94902245584217,-36.16845467461938,-206.9550409402909,-77.43495072253539,-2.131369603995181
1220,-538.966882950895,-42.00448032702635,-194.89340997585353,-83.34007057599369,-2.7309992773143734
1221,-643.7261273911109,-42.172074117948306,-202.52866673743463,-66.05877651936355,-1.77254158824066
1222,-541.0666689362014,-43.52850263987358,-202.87436645243264,-81.28385764700377,-1.7678438437349964
1223,-529.8437408210442,-37.7337736854989,-194.695602940077,-72.50603540676008,-2.059002642097805
1224,-639.9719758155196,-38.60078789367746,-193.35908239082931,-76.38965384088915,-1.7435206008396797
1225,-378.7660618476042,-26.253861644830415,-207.09728976468824,-78.56430152433954,-2.314859488937424
1226,-620.3850067350859,-36.663365015609315,-211.4945468750489,-78.0826509164037,-2.8322107463267625
1227,-500.71702761179705,-18.16630203880026,-204.10762597208063,-82.16076171782136,-2.634000027413927
1228,-480.2298353895626,-52.321242167402296,-206.78795403570047,-75.91233856982272,-1.7987427601301949
1229,-697.1834138079302,-43.950610253850925,-185.98433350274732,-81.299625455012,-1.8298693986059302
1230,-569.1819338574666,-44.37995778603733,-204.93179597160187,-78.6598854715572,-2.9119334168550344
1231,-508.13460707232025,-44.14606756112996,-208.66736892220302,-71.39485915961669,-1.5555225765498872
1232,-447.47863075678157,-49.93554074881567,-191.67263202413497,-81.89603952376012,-2.0262348661793124
1233,-613.4478476797561,-36.54797450671423,-192.6095285055732,-75.12703701756755,-1.790839256831801
1234,-419.3065811936849,-39.28368411855077,-195.24218484951012,-81.7133470492655,-2.839391856693012
1235,-577.433512870353,-32.25863324992605,-218.1918032629282,-75.06775218700965,-3.049626812490431
1236,-499.98937260511605,-43.294933307868625,-214.6172778081378,-76.2646575982596,-2.6731545073115512
1237,-579.3149336854917,-50.135932423312326,-197.14081225939162,-69.4259045743733,-1.8907770953783447
1238,-420.9791722308284,-47.652719478455026,-204.43497511347894,-80.22218867120782,-1.5677690923033027
1239,-428.90145690534825,-23.316327256640896,-208.43350472378197,-81.67144453321377,-2.9861881045799743
1240,-647.0644675013303,-42.611596839555574,-202.47803540879116,-81.39873651948297,-2.0043825512941833
1241,-431.6988007841531,-43.48643554814371,-211.05369156842522,-79.56009429225047,-1.7615281919889971
1242,-557.9788484270199,-9.888717408785336,-209.58589699678143,-83.29894014737913,-3.1924148533099865
1243,-582.1775321380417,-44.90447409048646,-185.37889129618674,-83.35924135968749,-3.395265619113077
1244,-460.4602720365353,-41.63316822810041,-200.18862784120594,-76.37604671581828,-3.2428414348947756
1245,-487.5272940852995,-15.249219133257547,-195.44295158349107,-69.34706810467,-1.1530385584836527
1246,-690.0981119154628,-49.84261338074502,-201.3827611212064,-73.36375819108947,-1.886021348333489
1247,-359.30980301412427,-47.37659406360163,-211.14202924681268,-76.29783775929627,-2.57892158303242
1248,-423.7985389061988,-57.288831460436185,-214.90536410404354,-73.08657220394201,-2.488886625956584
1249,-547.6597669410784,-38.20024502572627,-195.07000538867865,-76.91939797515997,-2.999842425912494
1250,-540.3660865827761,-24.16508323833963,-176.46520247184537,-71.53785433084832,-2.228131013799104
1251,-602.8016193749045,-38.17697279981696,-198.01762748223385,-87.6216242989539,-1.529790677166598
1252,-393.05978418156343,-38.06862597340967,-188.03082188277057,-83.24977915961554,-2.36183356996368
1253,-527.3684491709004,-43.153030139983606,-187.68424765473165,-77.50456558426363,-0.7046910741382987
1254,-474.49731232705585,-42.98498358655874,-195.29543052627048,-78.8373434372514,-2.557683006564914
1255,-484.4215788367793,-28.57344356484117,-208.39668209311003,-75.59518392926256,-3.010847324343418
1256,-452.6385817287333,-45.8408152685688,-202.01626242440122,-74.00023877109007,-3.551329366909097
1257,-541.7643050787143,-24.209065527711495,-184.2826266773829,-78.26740898045742,-2.4795583479665964
1258,-561.0996601997654,-51.349506902478794,-192.99680481024618,-74.18322564447494,-3.1772267898634645
1259,-507.9900539306085,-29.436125523088926,-191.88300502440762,-80.53755966389885,-2.0870861574863917
1260,-445.37962839838417,-39.398473484243546,-194.77901914503056,-76.68621063190486,-1.9623022133658719
1261,-329.0815198513884,-59.18191836065246,-205.80526627219515,-77.53314423405315,-2.9373442123530222
1262,-449.6900791177674,-40.363687414989606,-206.96687115617152,-77.50883820695795,-2.1887584248521783
1263,-594.3749031753546,-53.201416387250184,-191.5405918748728,-72.52369107179867,-1.2986695692664847
1264,-590.689394699763,-42.156858770802906,-193.80051157159247,-74.48846605623685,-1.761806450605027
1265,-494.071218459808,-56.3134520537459,-199.88184107545155,-75.42784836618871,-1.5644291336994107
1266,-513.6898822712332,-36.33192925721389,-206.34546039596242,-73.24521663787314,-1.9313649752622584
1267,-424.3764728783694,-39.336561426804764,-200.59936112577333,-70.22686528682553,-2.321749958313203
1268,-685.821537326582,-37.013307299620884,-198.46421665069312,-73.4540911953401,-3.190054535381811
1269,-483.7343138941992,-46.53530958339698,-210.09089665955133,-76.58187799444804,-3.143929067485767
1270,-519.6090592786903,-23.702393517559198,-203.06243389778612,-72.47788011610419,-2.572488698517165
1271,-456.7178244224997,-42.85688270746364,-193.1247074393135,-76.14711228360143,-3.6907183511923507
1272,-613.5566211215312,-19.145117468547234,-191.5422461335142,-69.11868592989921,-2.2040022472717506
1273,-333.6126794113318,-44.22803693567422,-180.61515801305785,-82.59952642550245,-3.038286035391441
1274,-525.3259348343706,-41.00485561836852,-194.33301708374395,-85.60127918128745,-2.0873997344915565
1275,-488.82899109907623,-31.31475277430858,-203.89063996753973,-79.15713676480988,-2.039936301216332
1276,-536.7358432954385,-49.17628767909893,-213.69563002526803,-76.37127277386621,-1.6793589291466773
1277,-417.71383942605246,-21.690954395216945,-189.12216219790713,-76.12995012724608,-4.5890208343599594
1278,-597.2244998700536,-54.44997145855405,-189.73684953953205,-72.12318414620349,-2.6754878989674116
1279,-491.2653905937336,-48.210771774642865,-202.95037197228982,-78.5862899398711,-1.129936511356211
1280,-443.19608219392615,-36.19064862462097,-211.88728863294796,-77.28928233326161,-2.6856600185000037
1281,-518.4136021427774,-29.605140373071755,-190.8135321191362,-81.80294442818385,-1.90354021312483
1282,-489.80527940509097,-33.348318381076496,-204.13390019788744,-84.5728761780201,-1.9876093308227556
1283,-528.8339002438764,-41.71985524883584,-212.44859852479348,-69.49193774174833,-2.066772714764092
1284,-457.715273878592,-54.004488024248325,-227.1777407917086,-77.19531139003176,-3.346412965165978
1285,-463.0541855815164,-39.127864094526544,-195.8827564921846,-84.13991353743455,-1.8569740032258328
1286,-594.6540031523745,-46.18693862221793,-190.17075516364386,-71.02783353295392,-2.4341451263213547
1287,-470.5769753766474,-37.93980239750425,-203.92428331801995,-73.3458363738627,-3.2253916009362045
1288,-704.945444134424,-44.266972437063615,-181.8537197176498,-78.11372915153109,-2.6844752710956397
1289,-546.7807959268486,-33.53261350243492,-204.42746106135425,-71.23469495368029,-3.190551837345714
1290,-585.3486671199074,-28.859488891375513,-204.94712799910974,-80.98527412073979,-4.759056113844744
1291,-464.8097204638472,-24.789055205909488,-210.13123704675877,-65.48014553827886,-3.568463664008281
1292,-346.4248100645182,-37.030520465357846,-188.92221396575817,-81.95113691796139,-3.049014351643777
1293,-510.63146748674836,-38.15351997864488,-206.8869847057366,-77.98027187838701,-0.3638462515837256
1294,-511.99029547458605,-42.446536371793734,-210.87671263199306,-76.21880794924039,-0.3363417613359102
1295,-449.42635262236223,-41.30702184812373,-186.49217156716003,-71.52791109149587,-0.8692657452789394
1296,-475.975034417066,-22.013787630261817,-201.5371169592181,-80.47477422240969,-4.109672873416321
1297,-500.73932250985155,-57.40484053324838,-191.59619681534966,-84.28842635065507,-3.4471431815572795
1298,-597.3470955122029,-46.333797118244995,-206.2297862535482,-77.12825916121264,-1.4363324277133986
1299,-488.7988464331572,-41.995492697246256,-189.89145778070605,-78.11160548243389,-1.7849499849038963
1300,-364.74529301044765,-47.09340860460716,-200.92443800729706,-75.23200544400186,-0.326774319674921
1301,-555.5202611707073,-32.657075363752355,-190.13968729114913,-81.93339132445466,-2.2451354799119434
1302,-602.0634322995662,-34.73335491748364,-193.7231150414633,-75.70884288326084,-1.896732993661827
1303,-595.0477654808442,-29.51802564926836,-188.86368210854306,-80.59491150019237,-2.5504969238516253
1304,-453.65663520539573,-46.75744096350609,-207.36309629464955,-78.26780867995352,-2.048598237578879
1305,-541.8440787772056,-30.467769843694732,-218.12865923658356,-78.86426368138036,-1.290786346032003
1306,-583.7411360455843,-29.50119943931413,-192.65584677420344,-66.17878291125565,-2.761272969155278
1307,-572.9858201411124,-43.59387936199093,-213.15863107326095,-86.72565016827649,-4.7279540576069925
1308,-431.7395360556784,-33.756001198386116,-207.47879206057073,-77.7929792285457,-2.2684693113706667
1309,-481.6786009156261,-33.52237662430672,-186.95242925013255,-68.79180527857585,-2.7703637827853926
1310,-609.8948935356153,-48.267842304413904,-210.15088170848765,-81.60018648720336,-4.693461137762448
1311,-555.9034236438107,-41.66094722617774,-193.95837798995086,-73.85917290681014,-2.1928895238299075
1312,-449.1951853143472,-61.21320091743657,-206.95613639917366,-73.60079938539573,-3.2664274194032608
1313,-612.8596181578131,-46.44263001420058,-195.87044672429514,-69.38531290658533,-2.2709606671354106
1314,-430.3559741846759,-57.55159048010817,-205.04704166895354,-69.58522720517855,-4.411023689942192
1315,-373.06232025130845,-57.92462284845716,-197.05862013684055,-76.06917959060489,-2.3398522618283737
1316,-391.13820889667466,-43.57720044819529,-186.9675963833641,-73.90383559091896,-3.3855855838154927
1317,-543.3959069177196,-30.201261867033523,-194.97457668619455,-81.91672667854014,-2.767012637380498
1318,-525.3530220586152,-31.733850762352144,-185.69575796960015,-78.00647107340127,-3.011048842440176
1319,-479.8649195754806,-16.160553593412985,-200.39998092517874,-75.44316934953913,-2.67069534831685
1320,-505.2248829993555,-50.70765981582636,-215.52656875777063,-77.62201637046192,-1.552899482563774
1321,-652.0515494854031,-19.668710351090517,-201.94572966111303,-82.12118104410311,-2.0395568308334333
1322,-597.9428634510787,-57.1809048046967,-190.12462422286302,-78.59786172480287,-2.6950070446316645
1323,-620.7595674983658,-49.09798534777914,-197.61435294268452,-75.8891282883857,-0.43146049032285977
1324,-528.973333428419,-61.81160220081015,-187.41167487708537,-78.56358790768945,-1.9538961409711553
1325,-440.84331915602064,-29.47420217012867,-197.98206821774625,-82.18578870921259,-1.0252470376661404
1326,-404.6987994206092,-27.870627518108527,-187.3883523668463,-82.38893691790888,-1.2248123273097107
1327,-467.12157768333736,-29.542651973596524,-203.44633094459527,-83.82222235987496,-1.5114544087369501
1328,-461.91438209519856,-51.33083901859722,-200.03882056796766,-78.63849038461117,-1.8384612817075556
1329,-528.2007363127036,-42.25906498595717,-205.79729189545458,-76.50099262679234,-3.513972337997329
1330,-456.12992096801565,-41.73231944816826,-192.25146216550303,-74.86845040993666,-0.7366280168474577
1331,-423.2652978475558,-53.686307977176305,-216.2902445455683,-69.42256539951102,-3.1653479102701017
1332,-637.053435934484,-39.143236492459074,-207.259286983364,-84.17314882875378,-3.507760190071155
1333,-546.6824808325698,-54.02386249577205,-176.82216124383956,-82.4118341213866,-2.893635934068626
1334,-464.232396986793,-38.948366293819376,-196.71322407865483,-71.3031723213628,-1.4733769921689153
1335,-478.30003317559016,-26.26202068126171,-187.20665449395943,-74.21813046633967,-1.8415251443843248
1336,-425.43325359281044,-18.340493006314006,-204.69918262663504,-81.19121137544036,-1.600482273312625
1337,-537.1945714046458,-49.32775922662509,-198.40522672240013,-78.94711509451818,-1.8097407108531611
1338,-504.277045074212,-45.372763932824775,-182.75882786799735,-74.47280509576457,-1.4164339448419592
1339,-560.496180120582,-23.230567801900513,-199.15878118111118,-79.27551575853136,-1.9182104819068337
1340,-590.5694016393659,-44.288938947581684,-185.7132451985196,-76.41791300657657,-3.044263909362621
1341,-522.5529970702057,-32.935616329977556,-210.31280531652365,-73.03400652522245,-2.438951376337941
1342,-553.7494497312205,-36.68090074404635,-193.0686712474942,-79.21392893421391,-3.7798657082226286
1343,-557.383502945772,-55.216245454384236,-202.63713671535925,-74.16314136955164,-3.0432444302808332
1344,-533.5116721469632,-28.78989175369351,-220.228889160167,-81.12099475254209,-2.2477495130060703
1345,-367.2174994456141,-52.16763769035633,-192.14123049768622,-79.58414084399264,-1.3954080430074562
1346,-619.0108286761938,-33.32930165526181,-203.6699375159805,-76.60040024696004,-1.4854327365995539
1347,-459.1112694200656,-35.347424202463735,-193.99519535601408,-78.67361261832392,-1.9835556166832486
1348,-434.79484886539313,-27.56294641712875,-188.63998038182683,-84.08854395641687,-3.070976704141278
1349,-463.5735810241404,-31.414032789437847,-195.7957831490124,-76.86398850862906,-5.99764983180027
1350,-434.9427469300614,-41.41955052871855,-215.36405572321536,-71.28862986295526,-2.232641314578465
1351,-473.68598674851853,-51.117967589325204,-218.11053423590005,-85.0987638122162,-2.501793165446875
1352,-507.9718894237938,-39.59084762389159,-219.82491536040536,-76.0016674472093,-2.02521790764089
1353,-532.2335684725895,-30.39687490389354,-196.83748750342033,-74.80133900224662,-3.117091305216473
1354,-516.9431134793425,-40.91922472581901,-193.06777416427482,-76.48161165888324,-2.0367582561649145
1355,-561.5313863256466,-42.18541280032057,-195.56949920040606,-70.74464226430523,-2.9426350443682425
1356,-542.1710643765254,-55.65204971956531,-203.21154078739744,-84.17218545623216,-1.643139107791074
1357,-509.9016481352477,-31.597321456641037,-192.40584751651204,-86.82103570669702,-4.100539434879139
1358,-513.4449541384737,-32.182999954573944,-199.3077878700732,-80.95581582957035,-2.8343229018394496
1359,-504.8426257347387,-29.9130818695191,-212.0998402892812,-70.36303408758256,-1.7595682313978571
1360,-671.8863223354093,-62.83367971582713,-196.25527866403326,-72.57308097812688,-2.489996863154964
1361,-750.1598651376961,-37.21906865696867,-192.44771607704098,-80.00539960810495,-1.2367183326308588
1362,-616.1475529095093,-46.086231536608324,-200.00634691429764,-77.48802149074123,-0.7675239923840435
1363,-549.4891787835553,-35.835846656261815,-214.12470369070883,-73.0151393863637,-3.2698295399433333
1364,-597.0560797365117,-49.309892499198796,-200.59812893664252,-81.29556490879936,-3.07853582193341
1365,-567.8027515963336,-43.44893903951558,-199.0971303871311,-81.10906201949594,-2.1114742135734903
1366,-455.2524825855402,-39.80976294995186,-181.42926473843858,-80.2779860947461,-1.9227074901204941
1367,-504.11525414731335,-42.226149309310024,-209.6879709392847,-78.51669677556536,-1.0265776896967571
1368,-554.01183752667,-44.27178821136618,-185.98969933988758,-77.10469037658807,-0.42818812338476286
1369,-504.5243132733763,-15.729627554099237,-186.37775228387582,-81.47206505053666,-2.776644964221089
1370,-408.9623222338894,-50.92833325547807,-193.4833712042871,-75.19476606303704,-0.806738607183398
1371,-501.4708260546987,-48.422858990264814,-210.9379955841537,-78.48865485415816,-3.2184762076330546
1372,-576.5356015851305,-39.23501492850145,-184.53239540851828,-71.26941315822131,-1.4462033020479226
1373,-571.5197063390575,-38.13356102775312,-198.02027541144236,-75.91358556323375,-3.328505925178872
1374,-573.2443676857239,-46.514751675802046,-188.1032702211326,-76.04113002853049,-0.1933088656251074
1375,-604.5642167205573,-48.56988477619552,-194.1485858800553,-77.54278087570219,-1.4898014128585924
1376,-517.7235402293908,-32.00268800365773,-206.69463669867773,-71.3497625505669,-2.8492697407297576
1377,-535.7729859935603,-43.282137410110636,-207.9315630905367,-76.0482503801572,-1.1104360544738472
1378,-515.3867483230922,-37.01129312185387,-216.681002051636,-77.8631081499041,-2.0769998192774852
1379,-486.79365586667456,-41.16560888851864,-194.81964075867626,-77.77825371500072,-3.298432008804365
1380,-598.3558788102592,-28.223124078616443,-190.61628260885445,-77.76316802220724,-2.4391805083303275
1381,-515.404390705584,-52.43674181119203,-208.2900259814125,-77.28606476887741,-4.99135461896052
1382,-482.324628788756,-31.095156915630138,-196.86700297351572,-76.79859602963732,-1.7326881097336435
1383,-527.2067356808188,-18.968555077665176,-198.2614895927249,-75.79381417798714,-3.8678312482410964
1384,-592.6577536888195,-22.73499772137603,-200.03257094498264,-78.05978345856171,-1.3269645452650325
1385,-442.3025044043826,-34.70642506890856,-212.4390616217631,-78.0994385752752,-1.9037274278590621
1386,-528.0569213951467,-44.4905823994991,-194.78524307639745,-73.33816408660908,-2.2865401966737244
1387,-541.8214531128176,-44.70940029584312,-200.93301635338528,-77.5188117643474,-1.4957668450755446
1388,-565.6681587505676,-30.675786620336876,-201.83644943348347,-70.39834618515506,-3.2662183819365174
1389,-484.75005592717713,-24.519549451387338,-217.47050123213575,-71.9745720099315,-2.6188269055133526
1390,-435.8232915845706,-25.074573684266603,-201.8046372231649,-72.45639954192043,-2.2527651745783164
1391,-466.2551132967076,-34.07810157298658,-203.74876267158004,-80.42931290297014,-2.1096679198588615
1392,-462.0460169826135,-39.43935935221301,-209.86629618824233,-69.77546334252318,-4.284808053047626
1393,-425.1892730337292,-45.099253041849764,-182.3587770434827,-79.86189453533599,-2.9487928782557864
1394,-474.25925448635894,-41.57288266998,-195.69764412763945,-75.01767801000088,-2.425746120958074
1395,-534.9211828532349,-41.113280097606726,-197.35326162906495,-71.67637497199176,-2.732953274045113
1396,-531.5397843075423,-42.35715087220006,-191.56947420190428,-77.90054576068027,-0.45545892247872694
1397,-541.5190044334108,-38.64081796668106,-191.75662517309516,-76.92843710110022,-1.6921235942615909
1398,-556.302739391919,-51.73796949109643,-194.2684400383989,-83.45587938502702,-1.5652083746371035
1399,-530.604236538531,-22.02998571742735,-195.3154880673076,-74.51565585718954,-2.5927847429587962
1400,-587.5937773648684,-43.91638793541181,-203.30981764006646,-74.36502963384955,-3.0903530988362724
1401,-493.8410439713464,-38.3987626464693,-212.37583618341793,-78.98638767047984,-2.1598920503231516
1402,-519.9844629160303,-45.8284061625902,-188.68253186815963,-75.80560762460557,-1.5672744487528347
1403,-479.0835237340426,-42.8379849484199,-191.15840256235913,-74.37400354005379,-1.5630394945788764
1404,-377.59934732224013,-43.431628261099576,-179.86731937259302,-75.08920397831264,-2.2991137224980953
1405,-570.2886984570873,-30.545285749194417,-191.00050425882839,-77.92444886642033,-4.102099485852907
1406,-387.22792227254087,-49.05484806479113,-213.89551529000894,-84.52610785067638,-1.7164392683395244
1407,-293.39629190315753,-33.90879368635999,-206.87896437893113,-75.05618487716545,-2.6096228822977414
1408,-559.1113795222383,-59.13544720193414,-193.51588835039485,-74.12444272160621,-2.2590742646577127
1409,-535.43043408296,-49.949708440787674,-195.80926391810584,-70.96348051891226,-2.5927523973207753
1410,-519.4513156208599,-48.25024196657049,-195.36940238898632,-73.2452831522596,-1.817475608247531
1411,-458.5038184804966,-41.64720035374607,-184.9157100587073,-82.67878931829796,-3.7415113922781362
1412,-461.08448697041183,-46.11216088378194,-206.39356124460835,-79.9823842934752,-1.4736715082821112
1413,-361.21961136445896,-33.00758418856073,-200.9796561687119,-77.4373535015433,-2.9269901001355345
1414,-580.3422611769106,-51.17914923749775,-196.2289710706148,-78.21254199115879,-0.9261622077168654
1415,-467.4262572184505,-48.769159198197826,-190.28310357522426,-84.1951097926964,-3.0043475136245896
1416,-392.7990341670694,-41.32971889771381,-199.45246759499062,-76.73507308865531,-3.5205180451119373
1417,-407.17776498843455,-29.95557953281501,-192.7863159083232,-79.75600261220855,-2.7261370200463597
1418,-587.2679455349094,-34.11498966486909,-206.5174123960525,-80.55628734950744,-2.7028780604167744
1419,-534.1799608146447,-31.269587400675693,-228.36444043283333,-75.53141708054339,-3.2952542941295726
1420,-492.42888133155344,-45.76394752127639,-208.42430795883718,-77.11637333621418,-4.041313068961339
1421,-482.40390552282287,-41.60017378504879,-188.2462368303704,-71.81723997266019,-0.9677392515437487
1422,-597.9507265817623,-30.12327573287419,-187.17611469090718,-78.93035497429375,-3.6695643249431376
1423,-556.827169293899,-54.53061165561134,-202.17627588624225,-77.26983968516522,-2.192298929317244
1424,-509.0165162208024,-40.07073615472351,-189.3338903456911,-79.3922950698728,-2.721943014111205
1425,-501.57416979082785,-27.40623324286462,-202.3208382272287,-76.32967497832252,-4.597111249184046
1426,-519.4944481947764,-38.36865798378402,-190.1790143129501,-59.19613554932308,-2.7869417934479532
1427,-613.6890622091098,-40.516716591010315,-189.94921223904927,-71.27934478222734,-3.473916262963913
1428,-734.3795067560371,-42.4272151369465,-213.3962071783902,-78.67780363725937,-2.8188575322320246
1429,-463.55444753759366,-37.38711603891448,-194.71837639881846,-75.76573347748376,-3.2338920271158247
1430,-611.8867026794364,-48.090933151368276,-181.4209600470704,-71.60680556609228,-0.9328949172356907
1431,-507.8639356734917,-35.873314985668074,-205.55937611236715,-74.60491199250156,-2.179963028182611
1432,-654.0192477241712,-40.762261466981215,-202.76230794514115,-70.18633714693082,-3.1786717163510216
1433,-427.0172739340961,-25.073470765218158,-209.61852602418278,-75.82000191107007,-2.602783321260546
1434,-615.5274127114754,-37.84055377971087,-189.9864706038674,-71.06976066392869,-2.061006217207355
1435,-519.6534045193753,-12.465160190451133,-196.07968967963626,-76.3327418388854,-2.7009412370173713
1436,-507.2401487924285,-41.83767846395178,-190.74230365570352,-78.63513523660241,-1.0207980627008417
1437,-536.1671650031616,-37.025999679739336,-202.93777456767694,-72.70413596110212,-2.7612313615006894
1438,-525.4732257665092,-34.90063076027665,-208.04026505450133,-73.7355356382285,-0.5051799938272769
1439,-568.0267410940795,-45.56732227418636,-202.51481763158483,-78.91123524313554,-1.9030015589710536
1440,-436.2958672687386,-42.263152978183214,-214.32104936312987,-71.52889800224783,-3.453718839700117
1441,-470.43879882142596,-30.47730150331294,-217.4964265318056,-80.54597269245272,-5.043141970269997
1442,-432.4972007174859,-38.733953741564115,-202.65671219490244,-81.14544069165908,-2.461749743737598
1443,-370.84462755861284,-54.954834726641494,-204.16001882501908,-74.19140712039513,-2.7630721903152065
1444,-614.8517746953839,-54.390184566213314,-208.1120794068775,-74.16921047081252,-2.0950686960570732
1445,-596.1605856177937,-50.52774072841759,-190.33007181558247,-73.70802219220657,-2.6737888510857633
1446,-449.74023811638676,-38.55833904798772,-194.66784503408397,-76.52305445094981,-2.4154403666189554
1447,-583.8774661230005,-26.653031204640403,-186.57793363295772,-78.55079474514777,-1.2142874180509515
1448,-527.218471397624,-36.13644729725406,-173.0082587579107,-68.85422336795317,-2.051671813001538
1449,-505.044672815695,-28.0879701968223,-204.90015286029274,-78.26021860903613,-1.623482151186344
1450,-430.5711189495325,-24.633006124347922,-199.5626523688221,-73.2159133605939,-2.8136405183824413
1451,-621.6392541991798,-41.87476255874514,-204.42424640821952,-79.94115318547198,-3.181813318747757
1452,-458.40670061050633,-38.55596719640459,-204.39294243992697,-80.13548861514619,-2.1343453153651124
1453,-538.6949724656238,-45.695383574335935,-197.72119633672077,-72.406904749249,-1.9335611779677795
1454,-468.524498084384,-6.553063055997956,-201.2369661087868,-84.87519034993657,-1.9035727297433918
1455,-647.4818610674582,-37.79607866395985,-190.1478762215221,-67.01179579835623,-3.0947271420583484
1456,-496.55325022246905,-21.809029416539296,-211.41423330501283,-76.36604589718063,-3.1180626608783837
1457,-488.8382725893407,-49.86106015942766,-210.0590660522315,-78.52511590060789,-2.383266261210221
1458,-410.89668960532634,-46.77690407008746,-212.39477223474933,-78.63499131889256,-2.857562995841349
1459,-523.6151883247992,-38.32272841440767,-202.81618536006116,-74.73648515796532,-2.0023377981872232
1460,-623.288775788461,-27.035801876738145,-212.00517816267183,-69.90223528531084,-2.9469948430065003
1461,-484.81594964874915,-16.807731516444587,-210.27797604367993,-74.23647308254132,-1.4595350318392553
1462,-390.6584135083698,-19.64838429697583,-204.0229499206383,-80.37037023982013,-1.1683512435733914
1463,-555.8458156944837,-15.192358309730112,-195.73036362072241,-75.24732189991974,-2.1491739484712284
1464,-536.3193849049867,-44.1999986383292,-194.27324660065432,-83.76158780403276,-1.3448234298446817
1465,-608.9066169212771,-47.16295261193084,-218.6115483216076,-76.3018911955304,-4.236361922751425
1466,-525.3749097654678,-44.60326539707024,-213.35168609333653,-73.16741129864599,-2.4386384563746923
1467,-532.2435207233614,-29.804228907167687,-210.4368261603175,-76.03447228467388,-1.4908580043897908
1468,-502.8108609391503,-50.89450908729133,-188.4550549145808,-74.8503255123965,-1.6827713218059157
1469,-429.3144480225818,-46.62637519293793,-194.75827667073912,-73.9763285789438,-1.8428593684339722
1470,-582.427898714121,-37.39667152039986,-186.32061195949092,-73.3334299477389,-3.4127957475163293
1471,-575.4634959651202,-52.5419604138647,-200.24953346973368,-78.57503195276459,-3.1834621684148674
1472,-624.4095913069069,-33.38819744098205,-189.5488717883551,-78.1198576249709,-3.0324844782717717
1473,-475.1207184516205,-36.41384844846729,-191.51095570550288,-69.14578381176233,-1.3081223416643484
1474,-694.366722848549,-25.491060702090145,-192.8264985595685,-79.02499556699937,-1.6592970174377144
1475,-325.9853884303239,-32.74366185458648,-198.5696633946186,-82.94814131716163,-3.1849214180394405
1476,-484.79965460462466,-52.853534333378434,-218.2631580066832,-79.7871828859663,-1.6420076175113663
1477,-625.9595232042478,-39.53431659172253,-193.91354354324523,-75.94132090761792,-0.659794495554096
1478,-608.5178209313874,-52.82816046692769,-203.6363596216388,-77.01066209741246,-2.689508879948367
1479,-457.61451249027243,-41.68062726106218,-201.72919155702613,-75.73528419611034,-1.5366426875334558
1480,-477.16630310763776,-34.73071072599604,-203.20419771206772,-73.71612533122703,-1.6565893535010816
1481,-535.4306365014723,-54.7228060490706,-190.21476063797346,-70.18709321485302,-2.3340262420318885
1482,-441.7297097437356,-33.21957685597067,-203.50075164532313,-70.29107205935867,-1.2798499961845389
1483,-456.7577712989174,-34.75366647044569,-203.35147633647654,-75.22561065285502,0.10683277612910318
1484,-546.8506332901977,-37.72507383287793,-216.85329480251605,-71.92112969367761,-2.2551390231184096
1485,-595.8348040326841,-52.27282637636095,-191.16706965768833,-78.53992895384637,-3.7580401950386007
1486,-519.2652804622869,-33.44716957862037,-182.78276968346105,-76.81997485217856,-2.047807768169036
1487,-475.3282976495424,-36.2830786599386,-180.5747394142387,-82.4376171818878,-1.8125347907337048
1488,-551.4412446679452,-30.001578277479762,-211.05177426869034,-87.26911041881938,-2.78052332831959
1489,-369.15630991635123,-41.50155705192672,-193.86708653391014,-71.12255803377407,-2.0497945374721027
1490,-558.5663356176574,-46.50797304320865,-186.6526879320253,-75.4501975126784,-2.2017066119461286
1491,-510.58637931829395,-35.61312194439014,-217.2051408669426,-78.70563541123208,-2.530965334963232
1492,-454.57824821572547,-37.59559822729693,-194.11369166343542,-69.6189840660461,-2.87164928506759
1493,-519.7646746202898,-40.611288283298705,-186.8929513101178,-74.12059874893943,-1.6284148634912732
1494,-617.7465479125699,-27.993868657822247,-202.4106886906462,-72.28836036493529,-1.3542628748966128
1495,-472.8271706959744,-30.752045557335276,-205.38390445351217,-78.45220137777208,-2.39368038522125
1496,-496.3735672540372,-13.561829301853233,-202.47812058424077,-86.48658590436239,-1.9421546070353422
1497,-480.1004351777113,-40.59988799828918,-220.13947971231684,-71.47589081614943,-2.5802447731390274
1498,-579.1633572672425,-30.33251339492184,-191.75957959669216,-76.13137170394647,-3.6904579811471585
1499,-618.4548770930841,-20.844021886556476,-201.11984593511855,-72.59625671703468,-1.2016070945674804
1500,-507.2331561946238,-46.86314871862359,-203.68545303976853,-86.0398364872315,-4.4174261446558525
1501,-406.25183898274537,-40.5927225170298,-203.01476912785412,-79.1400856300864,-2.76125064008491
1502,-536.1843295873333,-56.639556983179425,-205.01697370234274,-68.20450831970403,-1.1825446314830927
1503,-460.19638686327136,-36.74935875263224,-207.67111211944598,-82.15270808329609,-1.688819884699571
1504,-533.7921948386792,-55.83362593905234,-193.28888676719478,-71.20177692152431,-1.8262485670922781
1505,-519.7370665293778,-28.125171627074366,-202.79552340462087,-73.59786452444902,-3.7755367072301587
1506,-489.20499129597414,-32.94679564815825,-200.73717227868684,-74.92793855951237,-0.875144647882071
1507,-301.2656649374648,-36.096894091608476,-201.79839064983634,-78.09611984245213,-1.978887622572969
1508,-468.82224445938385,-49.90429501477401,-201.30222910970704,-76.4810301279666,-3.5370737486950663
1509,-519.1458434525274,-29.947426296430496,-205.44575227112384,-75.89791146906566,-2.924475214287858
1510,-434.9140192313645,-24.30063722133337,-192.0659350446442,-66.30453646024542,-1.6951892209849873
1511,-486.6624351104744,-42.065572835183936,-200.17005757274532,-79.5811070553774,-1.2963314586189276
1512,-338.5554004668543,-43.23159748052387,-190.52403790466957,-80.24031489576791,-2.7596111381226156
1513,-681.6070438464565,-34.87038511185918,-197.09345290564772,-75.91618485781927,-2.146230492758458
1514,-481.61680891520876,-44.26180572400277,-182.81100811726915,-73.55410220482638,-1.806887151468881
1515,-479.82822550008683,-31.559223211301006,-197.1597770615838,-82.81017571789042,-1.657095518169014
1516,-440.57029698514975,-42.99827398363499,-192.0904106403337,-79.08690094372267,-1.303527836022872
1517,-539.8506569217355,-39.22736210926603,-194.44456119768577,-67.25627745132027,-3.642821192947101
1518,-502.2811028837068,-30.701492428603828,-207.78322331937588,-68.04839313484632,-3.661873014470662
1519,-430.481325767399,-33.39822615143159,-211.27027065272992,-80.49851103738436,-2.019915839323547
1520,-482.4058123617533,-39.9051279185565,-200.21656014003688,-71.8458922982417,-1.8840055088897332
1521,-564.034047497524,-57.67888746976203,-195.0792254268592,-67.81375360936701,-3.1002744947543395
1522,-547.7986551293151,-43.695305703284525,-209.9826701919281,-72.6384309560894,-3.7931977898565687
1523,-599.1900452152231,-45.498629663735336,-197.34692340186712,-75.18515095105779,-1.665925455630209
1524,-467.36623287916046,-48.363019254058024,-205.44203627779916,-72.93874558997027,-2.0512327271845137
1525,-489.49283212889776,-51.34656553292271,-198.37193603202886,-67.0912204583893,-0.8601871941466427
1526,-484.9452349163958,-33.26787327173939,-207.53112723043006,-83.62576328653618,-3.4768515407045064
1527,-568.758260351418,-33.24406958749333,-203.87862734463252,-76.08431997316141,-1.8114386191414376
1528,-483.62295192387865,-34.42179811376058,-208.97375606760656,-76.823363544425,-3.01860389249823
1529,-693.0963741539761,-40.72167351158474,-211.50949333045025,-67.78820693939984,-3.00406964268948
1530,-633.710826803711,-38.81980579970158,-216.30266654822654,-74.9094853700982,-2.209428905480297
1531,-484.7635242243688,-38.430815487892865,-194.47253754275823,-74.79250999746856,-1.2605799227772498
1532,-508.5610746840831,-50.940746836817645,-190.93081232997687,-82.93478222178493,-1.5340747148298841
1533,-496.21488165530104,-30.37413080152309,-187.21115653699886,-72.45193549364542,-1.3876208805959405
1534,-562.9344017461434,-41.055410687414,-206.41203763977117,-82.1535681309001,-2.637864128855858
1535,-621.1511775396667,-48.39646930565627,-189.97743736009835,-79.83502536768952,-2.9538815610978935
1536,-564.6219214175594,-44.75989398456298,-206.90076166384736,-81.74184724418156,-2.8419946406853067
1537,-567.6734078259426,-44.714913701187015,-209.89308863482898,-75.8624332494282,-3.0662994207065246
1538,-392.5080495043716,-39.398315721620875,-202.34974539906807,-66.35033245533464,-3.4131425880372634
1539,-513.947820972408,-55.27058237410267,-185.70091568690307,-74.6492945018098,-1.7282137815447476
1540,-568.5335050065767,-60.14169285538907,-217.0095927185751,-84.41995938645253,-2.5667535683501588
1541,-485.68144666096094,-47.856749454703035,-193.80018108837763,-76.43620011158687,-3.237264808593996
1542,-500.58849388642415,-42.96943098785932,-215.47505130899094,-76.70442436811022,-2.251454820257024
1543,-610.3447196006904,-50.330977158647,-207.57689595350544,-81.45148699036847,-3.5864490360646086
1544,-471.40887356674665,-35.071629908881,-200.8623191896062,-70.74475215778003,-3.551919608859159
1545,-344.6002659156538,-52.251732480963156,-184.58505819496023,-81.0767984876448,-1.6310134130488132
1546,-417.9201901520996,-35.74710003839199,-197.49725172130243,-72.28288693361563,-2.651455935927663
1547,-632.553056700569,-45.835271556268175,-180.1392886639484,-80.13737471485685,-1.888994237552776
1548,-457.17641101643403,-32.47666119632122,-196.76340307841875,-79.8701950794255,-2.1946530284924495
1549,-574.7042710285934,-48.76394929604259,-206.66815120293165,-76.18452890130698,-3.0383489823118692
1550,-609.1574721841902,-49.28458418507074,-203.44713662527286,-72.56358585269885,-2.3717749286377607
1551,-608.9885166857013,-42.08037053509951,-208.6318783048913,-75.9643569658016,-2.089548306634162
1552,-470.0597336109129,-37.52886435794673,-190.49523168587135,-67.26388435952911,-0.7603547773016273
1553,-466.71996239310465,-35.5656029121314,-202.6284296724677,-74.90748441523293,-3.7060567096190913
1554,-455.0166227793712,-33.29129782561552,-203.2018126252819,-66.07307772125299,-3.1269856014601713
1555,-626.7343598908456,-42.488752867407186,-198.79677942212172,-81.54661832501108,-2.167817507945296
1556,-404.47714841548196,-4.490527042623892,-206.22914876750855,-76.98220800116293,-1.7323189595431063
1557,-514.2367079435792,-36.51687500404967,-196.5145426179969,-74.21864046929339,-3.024142267249737
1558,-472.10788844977407,-41.830361156632186,-196.52769778264343,-73.59912041796203,-2.6684516192631444
1559,-513.3744753752202,-26.69808505375236,-197.67351063273136,-75.03532586130432,-2.286722797312571
1560,-550.7376764255001,-39.337784265863796,-188.65250508147088,-76.92493842054758,-2.472198140906966
1561,-643.613544810523,-60.9235614437354,-193.9392240719479,-78.29920615542443,-2.251954438077766
1562,-489.6382757643334,-35.47200807342074,-183.07676644911643,-81.32264636985394,-2.4766067980533024
1563,-480.3049979577404,-53.836650834486605,-191.68096023090797,-80.42739378550388,-1.349143162252769
1564,-391.63890805047566,-48.15924677060629,-195.4142084219365,-75.52345457512108,-0.9178587322016765
1565,-525.9169838186797,-32.71048601840839,-193.40729653405498,-69.14041735027489,-1.5491324906754815
1566,-467.10607023262463,-38.050754745946435,-198.2605982363364,-83.16346336786782,-3.38910835465714
1567,-581.5183489139537,-39.799927490314595,-202.71448520086366,-78.74352380171054,-2.3950750221869432
1568,-509.781160448558,-39.614435506186545,-183.84390894216486,-82.87436569790104,-2.0318368676916907
1569,-617.9752051876148,-33.05444196728821,-205.31589615061932,-74.43532456182301,-2.207062324630918
1570,-513.4768478424609,-44.95788946681737,-208.4695201766489,-76.76087257143396,-2.2792563753670936
1571,-427.60283829965437,-40.0603994754521,-214.34865891600637,-75.94378420614191,-4.142132774413581
1572,-613.1555758834442,-47.46072847419618,-196.52124854636358,-63.614215834814466,-1.155590977536541
1573,-780.3819060953692,-49.917795649721576,-192.02563231700233,-78.16032261710367,-1.2645108619861367
1574,-457.0690148864542,-29.692931370331767,-187.3854023554711,-82.35691794986391,-1.908712297217031
1575,-558.5321278816616,-46.74558397079902,-183.30083487918927,-73.00769367565071,-2.8454889716592215
1576,-648.4376501194403,-20.356362811679727,-195.2592272852114,-71.26344377227392,-1.1035636165809946
1577,-575.7226497967549,-39.507571970500585,-206.21365999789,-69.67481494395105,-1.887267442553896
1578,-512.8835535001991,-37.039712570189394,-182.51925577968095,-79.3673696027714,-3.3050217377328983
1579,-452.6362616711788,-47.78153964475125,-208.06790608918357,-71.34008604470506,-2.0684874662791244
1580,-614.0497699148636,-40.02308000008567,-207.2191912121018,-70.92741746558838,-0.925318979613333
1581,-544.2914452210356,-41.99357923577906,-196.15680278975907,-81.81050590414354,-0.9035245132437727
1582,-526.4252767683536,-45.7533427459524,-208.7190496219218,-78.5529404122094,-4.162127972662758
1583,-588.2148173013304,-22.513801431947144,-193.7780059763357,-79.04317998757843,-4.045540503881474
1584,-528.6668652880107,-37.908085845284106,-193.06238835343223,-69.30730455742554,-3.835423786519078
1585,-460.7731732842911,-27.10482315362393,-207.61630340730252,-78.69282623542671,-1.9021238856924731
1586,-487.28862991554297,-24.937776360857555,-199.00546065328257,-79.1812588785246,0.07152593833449873
1587,-495.91260092678493,-35.67366361315525,-201.094906354524,-72.72453344356073,-0.9559038804500061
1588,-457.98983490630366,-49.43352327008309,-203.70992970834934,-73.81716841189998,-2.402745617499374
1589,-460.87954847721414,-65.69847076024972,-203.9275265478542,-80.17968290402452,-2.3202815013245286
1590,-560.7449735920636,-43.46584449451222,-207.85319511661842,-75.91821521644536,-2.004091951703707
1591,-530.0670651419349,-46.63029613344595,-199.20533286983914,-71.90655341043679,-1.6628844238651341
1592,-513.9516752737359,-17.404928899736195,-205.9067859337782,-76.06901212621467,-3.6682718514811055
1593,-553.4260658435061,-22.498723019104467,-208.15424778484035,-69.19093609418363,-3.9746297756977307
1594,-421.32846747878574,-33.2078750391128,-182.10816560780043,-74.18910906430908,-1.0274227934364049
1595,-670.0929951002673,-47.199877683043496,-206.38753047382286,-73.67002335727042,-0.9384853383819709
1596,-540.6023880260747,-52.305423151946144,-212.56740089893952,-75.23808191938663,-2.6495354842727923
1597,-509.0017583086319,-44.64098935238421,-174.39796942708026,-79.50437168179845,-1.1047652893132298
1598,-347.2087270482286,-40.63142412306571,-186.75298633433243,-73.66111685891094,-0.8062826825592964
1599,-533.4045695428902,-26.61230749310585,-176.56688639678333,-70.94049140037677,-3.9715301666704272
1600,-471.43964982614864,-33.91639242750455,-217.96065920772196,-74.95404908874431,-3.3959166274833525
1601,-524.9950604285887,-42.34967781074047,-190.98476450470258,-72.61015730968732,-2.642231092744047
1602,-613.8896933816975,-21.273366570587193,-219.57176666315164,-79.72807061754786,-3.240067768593982
1603,-399.44159456224514,-50.20327203876242,-189.67935979024352,-77.80475465794397,-2.3303287532915404
1604,-501.71769055113424,-31.321784529384576,-200.5059294122517,-69.35669692991792,-1.9991081002500686
1605,-555.2448346063961,-53.96725059772491,-205.26233952787328,-72.09451402990372,-3.8182394358793252
1606,-384.26161143689245,-43.485838540320486,-199.29474651531334,-77.0806136559569,-2.8308306821160207
1607,-595.1499814682879,-38.88385489635778,-225.43481035301997,-74.94017817735781,-3.0235610346046355
1608,-387.5410650318116,-40.74951290835579,-206.68599336995717,-71.42303006211748,-1.6316014995690404
1609,-469.10836537361735,-38.87505922989283,-198.83016874087465,-70.44597400359356,-0.7008056196111965
1610,-413.884783731361,-43.85475172937917,-194.86586652708073,-69.23395743272106,-3.31482726604482
1611,-532.448376813804,-54.058155768012156,-181.62034644993696,-71.97317598846783,-1.8070259399479278
1612,-504.6533881121093,-33.243027379417704,-210.1185790245901,-71.95132490029883,-2.622537598919288
1613,-537.8307081264959,-31.66093772899312,-213.73746366364585,-77.52901694041293,-2.719074621569384
1614,-542.8421669683584,-48.66578202926923,-197.20941360492185,-81.15856136855801,-3.425384752418359
1615,-619.4443805989655,-29.458467801364797,-207.107410157458,-78.22642706061472,-3.2314406067688215
1616,-651.5116191670214,-35.07262565408908,-201.1136349821576,-83.18948503713673,-4.223453518248123
1617,-508.2846156300854,-22.01033312631483,-205.21006868079562,-73.62108850275078,-1.6631321041085505
1618,-550.0361691674793,-41.54387488088042,-186.86543311825284,-81.74284439448522,-2.073477224323
1619,-580.9927211860487,-28.777996856908004,-208.42274343777683,-77.71838946779545,-2.895912852031301
1620,-407.27034434980084,-20.83000608352754,-192.0268902468088,-78.57130551347414,-3.4507756998888524
1621,-491.2619258527758,-44.86040965720882,-205.25411338134515,-74.29245263218053,-3.7036420190324013
1622,-434.94737896001914,-50.764843366625314,-200.87309360681363,-83.53646652140395,-1.9211485115067966
1623,-633.1977505689055,-47.721339227052106,-194.70544730613295,-71.83544751626722,-1.9066737102799083
1624,-520.6195345233502,-29.371075465508884,-211.68899989459263,-76.38999012911032,-1.7647647906876178
1625,-461.83484599922093,-44.912581074487896,-185.82345741041084,-78.74391171364383,-2.8169033219013033
1626,-602.2653271434449,-47.568647234774666,-195.03066979865508,-74.05701934811668,-3.59020752456326
1627,-603.2483587282125,-26.813626975986903,-215.9095941375502,-80.24077856058699,-2.557291840824702
1628,-438.3044520734029,-43.45428297379416,-200.22675000803827,-78.37042022730772,-2.4054945842465836
1629,-456.56626067473724,-57.26654602888406,-190.54672526179908,-74.78794202592451,-3.2713067945312866
1630,-465.25954378830244,-59.47935216895399,-206.68800307259795,-85.45215541250914,-2.47355229305941
1631,-595.9412221095456,-19.717620594616672,-189.0658968417989,-79.80614962756961,-1.1999429277892917
1632,-527.2290352902728,-49.28054521589856,-192.48116436931994,-77.79047854618963,-1.9942788790297084
1633,-545.3022182487564,-27.64325187445228,-202.02661659868127,-73.10185161413169,-1.2242937326479308
1634,-492.8929529340726,-33.95324016868219,-183.96744664488148,-71.1352736348289,-2.0410419066509435
1635,-452.7728086001274,-62.761460709027645,-210.2251478188207,-74.3847098307818,-2.9811305750856656
1636,-546.0953602697191,-37.16456448021632,-198.86787360285737,-70.49704167122168,-2.654450965173217
1637,-535.6273258135701,-40.71589793549063,-196.91337368042812,-76.57967524650697,-2.6204315209286833
1638,-599.1096313901772,-76.86640157550683,-201.72196724588014,-73.88354763627629,-3.108859260035886
1639,-443.3245690629086,-57.547196524302024,-227.99702743799665,-78.0776819194314,-2.0551827983338704
1640,-378.01055058063656,-31.293529722670826,-217.4989584709274,-67.84040905927262,-3.5065976857702306
1641,-519.5460375655875,-48.09968640052379,-194.2334318198609,-73.42852195064756,-2.2971893256521105
1642,-473.81518020203833,-42.80935487018705,-197.4384526416941,-78.98498649905031,-2.60550084507908
1643,-558.0435315843407,-33.98015773151734,-183.77338805275852,-77.73557698284743,-2.563992944105664
1644,-449.8647493756899,-43.43328532986319,-198.29507960082964,-75.65844938034071,-3.7040297155271875
1645,-375.4397548537823,-43.05982201316748,-192.91532354942115,-78.6959237203223,-1.4375015721704951
1646,-426.7654855624498,-36.82839294082419,-209.85978757625713,-72.80046677984159,-3.5402992389614174
1647,-530.1663987733397,-36.202691009848934,-212.59847485570458,-71.68598097318306,-3.221616769267528
1648,-439.03416116575255,-37.05502409309634,-210.28866612532167,-72.47916436861088,-2.859554605154391
1649,-465.2671148007437,-36.591743045197006,-202.37481586654062,-61.39793918734151,-2.452371496550758
1650,-573.5742597947516,-55.9884853540445,-195.80344778974887,-78.94919650576854,-3.101947964114533
1651,-397.06429028402414,-51.063746239793964,-197.56729861331652,-74.45804038496738,-1.4320349303593287
1652,-526.0022275462431,-51.615419719881984,-187.97551648421535,-82.14273955961504,-1.8863820037979253
1653,-428.4153268769698,-36.0580564169126,-208.93538401587466,-65.81027832873366,-2.0685410803974973
1654,-518.1440336031548,-56.401887720045956,-203.65392120720549,-74.94306646998152,-0.8983353181674201
1655,-460.43925479191023,-47.262910457082825,-189.5232396497918,-82.88633553641282,-3.3380596879386872
1656,-418.0230280617049,-33.6083602854581,-190.8589067631863,-68.80683551908503,-2.7658689431233547
1657,-398.8869837697259,-9.819775274043073,-200.30436831733508,-69.59740715793852,-2.043586604975033
1658,-540.4745006272678,-42.883163286042425,-195.97499262725688,-75.24109736268588,-1.894827273623766
1659,-532.3707168314127,-38.715397666272835,-198.36064474916353,-76.1813363759891,-3.297110308807868
1660,-408.20740448422436,-28.495412380648702,-204.44144464067827,-71.89802828787745,-1.0195171879424922
1661,-464.9562970269629,-40.927943695028496,-199.23100701291048,-78.07639724082445,-0.3010653983665014
1662,-535.942747693752,-28.631057629805184,-201.46164596291325,-73.16648395590835,-0.751853786653334
1663,-504.5135124739436,-43.85281064976404,-202.45168366207685,-72.60680699350495,-2.9644601041625602
1664,-549.3733488890646,-60.02642720983112,-203.0938369588512,-75.13986450775253,-3.89585605981625
1665,-451.03753836745767,-35.494341764989656,-186.78758467300693,-77.71394940481642,-2.830122023509604
1666,-293.66626622873747,-48.36332058764249,-185.1403469205859,-76.96946370940319,-4.129011528531203
1667,-477.6726406323388,-35.58058860183423,-206.3419330682432,-77.53618689596696,-1.998586174643275
1668,-495.3729158674326,-40.08688213290354,-213.78056707729257,-79.78283689233191,-2.2420884308245057
1669,-654.1692509886585,-37.034369588127014,-187.4623874379501,-83.35824322400713,-2.670775729968622
1670,-615.3149529003902,-23.007628944643056,-192.141313155968,-74.99633636701853,-2.0932635637175987
1671,-554.7728471255197,-38.59379275345971,-200.14309723257796,-76.00256368095205,-1.2610175770773395
1672,-384.19972211457394,-39.96873362901758,-191.15359017760133,-70.25403391080485,-3.183906458825094
1673,-425.29330063034627,-36.18850565011498,-207.77174342971745,-90.64971274673253,-2.819512012259933
1674,-497.1134807185276,-33.97242093329405,-173.42767355853513,-80.9951923265204,-2.133530760751382
1675,-428.3800362993126,-48.471095647175815,-199.22268010290696,-67.96056931952666,-1.2749973922004727
1676,-456.17973862945763,-42.92107811266409,-203.87855149666493,-85.75608094478652,-3.659575217499795
1677,-582.4549270710639,-28.172494540882976,-195.25832961916177,-80.76109561178784,-1.9838382193242226
1678,-473.8792361307945,-31.944229321174312,-207.87650083267562,-70.71434131608822,-1.9437139498217901
1679,-418.43020940939937,-21.00363567486986,-200.8657335431358,-73.3650466445788,-2.00440635037382
1680,-580.527411787792,-65.73735274922784,-196.29859765489994,-76.20762132237543,-2.058017760572478
1681,-424.58842273529746,-43.41017164769728,-201.7513803548053,-80.30405511183397,-2.104030777385822
1682,-444.81021792841,-28.87110175749714,-206.80332986571082,-70.6740620682109,-2.1304608810172403
1683,-461.57977128794346,-42.99643057499288,-190.72197012494632,-82.47444555538345,-4.090138726764192
1684,-471.48754950444015,-16.86088318330087,-204.11093639544396,-72.51602856860104,-2.973436100827957
1685,-526.9963459437025,-40.01279057790291,-217.97902890059316,-79.61528428062772,-1.796685144889972
1686,-334.52251017805196,-41.5364413396201,-212.21675622838183,-76.93623840723876,-2.3434553307775796
1687,-465.8617759363248,-30.05243921995935,-193.63140652982935,-70.47623036936567,-0.6358277416576313
1688,-498.5917723308564,-31.216503460210266,-191.16627253558835,-80.27863543733312,-3.3755696042530383
1689,-401.1983199389208,-39.56210358311896,-212.28694201264096,-72.3473529208257,-3.0069707927910474
1690,-435.42428155137384,-44.12787488635633,-198.0993287973114,-72.1054411337239,-2.3372821288201835
1691,-546.7746369940724,-26.834951672829547,-196.31024246957182,-77.0947908002501,-2.887748182093115
1692,-527.9524286815138,-27.227756818417635,-196.00762615131907,-82.58999266546458,-3.135191460689102
1693,-548.8693160105473,-50.14356598410849,-213.5235470640903,-71.8626784950631,-1.6787549449519714
1694,-514.2957641607347,-38.278183916815635,-197.943538413696,-75.17067518815801,-4.176526591061371
1695,-553.5323769688365,-24.383346765674016,-201.02693618221693,-72.38380977559584,-1.0075584726967928
1696,-630.6666923725858,-44.286230268729874,-207.85714779167827,-71.75596460161442,-3.6258209741384055
1697,-551.1197591499549,-35.17319700331492,-210.07388329890836,-82.8076568264159,-2.2040612017107533
1698,-542.8873010979687,-33.494219247291674,-206.38482338846612,-74.01823613721109,-1.7290771402565486
1699,-372.9310329424345,-40.01556068875379,-189.00671015146543,-81.32625982301062,-1.6585852304180064
1700,-406.4296278653748,-37.50029439452372,-191.6266981394276,-76.31869347569415,-1.163256069475814
1701,-609.2992715075067,-26.554532249214745,-204.86370890041977,-79.50289172399808,-3.0140811925916857
1702,-388.0247191126315,-43.95901233285995,-162.06364724547166,-84.30899237939892,-3.0195578059665613
1703,-548.6500532141312,-46.291574976395225,-187.0396591569494,-85.13912550649034,-2.871084713961036
1704,-516.6924584697474,-27.245993036457026,-220.8204154255278,-79.97277152817172,-2.192016478939458
1705,-506.47628120363055,-18.879780235226978,-186.61093664603013,-79.33359056387562,0.15279064002367737
1706,-394.57824315797575,-37.70249270553387,-184.19195507480657,-80.4680459457091,-1.6481769829106845
1707,-537.4467992027078,-42.702319546806315,-190.68103294415775,-77.08851084964621,-2.632377887255514
1708,-465.13302264521417,-33.6488679088669,-214.7943443276189,-72.97182100779904,-0.8768149938567399
1709,-514.0231285041718,-54.40464465193306,-188.97972797120207,-77.69226882692108,-3.3773577946370215
1710,-614.1037588557663,-49.919643060951216,-200.76069950196802,-69.92117516956488,-0.08810041664485284
1711,-461.1039614829956,-55.7898979666732,-202.10609987086067,-70.96795864110194,-1.9573763874093697
1712,-449.84781646854515,-22.72160329588601,-188.5223330818186,-77.02399489471507,-3.7076415590418637
1713,-527.1927517762608,-44.99093784163343,-210.27255685769418,-76.05896777272889,-2.0166798588801553
1714,-524.3750448900716,-47.05069642016758,-206.54066565593376,-75.76712792404064,-2.912516234799586
1715,-502.0899224826194,-23.662851028895055,-200.92678329989545,-69.38838928484223,-2.5276609195599025
1716,-503.7922863225661,-49.089830515170746,-194.90762483001546,-85.66011663624575,-3.0561762308812495
1717,-531.262062531746,-36.28555309623077,-198.533863530222,-75.82137246809788,-2.054830510658517
1718,-444.74783177614125,-34.100315046122475,-210.00253748331568,-71.04086225586914,-0.622238940297968
1719,-476.6934188527689,-46.76943265469031,-208.42661690655146,-80.3877315553964,-2.2737445357954775
1720,-578.1634064271677,-41.2526811170591,-209.01185760429343,-72.16143259764073,-2.459055330684547
1721,-700.3736375733922,-4.199684994564094,-205.5890543776904,-75.15914320371185,-2.8655635028850455
1722,-556.9289831937105,-33.71573275088535,-196.2511858874543,-80.17402539503028,-4.145963323779735
1723,-554.0929417209011,-49.515641281947914,-200.94440740508804,-76.11839821296363,-3.0179649166734084
1724,-527.2950983533972,-28.956556650580357,-200.72494902324556,-78.47198750545816,-2.5747073361391095
1725,-514.26855251851,-38.5547054222631,-196.16927106577796,-75.52454402311943,0.027129904420347746
1726,-584.9181644318589,-22.20033411206758,-206.28239349889495,-74.78489978231691,-4.633768364713146
1727,-463.8700763094422,-26.661121397717256,-178.89788813097218,-86.6254996517846,-4.002325274646642
1728,-601.4338271313667,-28.91719760250291,-206.8550608419493,-73.468225081604,-0.5309975948911594
1729,-486.0942195150205,-43.59326291418654,-194.47848598681955,-75.43907931293137,-1.7879196065655765
1730,-609.5432858771268,-29.219866367758993,-217.38083714159802,-88.25834514910545,-2.2180223673284996
1731,-505.3882446446049,-28.8179147536109,-223.67662357085726,-75.18624512914963,-3.003031704561482
1732,-523.111940148587,-52.117525306541125,-183.92506431640192,-81.63291370922212,-2.4414680113715113
1733,-503.06858849434997,-45.04678995165254,-213.08301150236585,-70.89751438845465,-3.5976193041836244
1734,-532.1160716499631,-32.48279923525477,-204.06248271849984,-79.67359835182073,-2.9986696829545223
1735,-523.480693312082,-36.68975441874241,-210.81071225147397,-72.66450220444091,-1.2754063103988331
1736,-643.9809598064081,-38.345552113422926,-183.0750749707086,-75.42513906542332,-2.4204933228654126
1737,-348.3209454631195,-30.611648414704494,-192.82010761476886,-80.27234560968226,-0.1514218800359074
1738,-504.23334189023615,-55.83854193071961,-197.0098331855482,-78.20560790437631,-2.3324849093891897
1739,-423.5801324213266,-31.0666794320425,-196.44248606345283,-89.41783608257533,-2.0876297997781585
1740,-570.341462298425,-50.3264812344552,-211.68341191114106,-69.7558495289475,-3.1058653268372125
1741,-319.82104370788994,-42.24971109819164,-195.0409234449015,-73.43324176104228,-4.238122929545884
1742,-657.6089790208005,-29.601859566272893,-207.44355419731082,-73.97521846279822,-1.8339805875994988
1743,-577.8639982000128,-33.60271272048812,-179.86452201935762,-79.05654121795963,-1.5988457467754873
1744,-675.6188904819436,-38.59867905739669,-198.55916266864224,-75.7580514652289,-2.1991178676331162
1745,-434.8113811482443,-33.69845558414518,-204.17309978176598,-78.47570966024385,-3.9012815037829256
1746,-659.5500041909876,-43.45800473391995,-219.13655122984716,-71.66282455266727,-1.6911230833208897
1747,-382.72173451832555,-50.60476710233422,-211.6271742447639,-85.19148719432661,-1.9135005979155302
1748,-346.23454263593146,-36.745888029904016,-202.35979761420572,-72.74295982405062,-2.7783682801459335
1749,-592.947091398682,-48.524668354146165,-184.16169487579776,-80.7959494661994,-3.4789852844408387
1750,-547.6943539204651,-34.64657508769656,-209.37927834190626,-76.30127723822574,-1.6129043588900493
1751,-487.6383535578011,-28.05107779741301,-193.74227784958796,-66.92142782038388,-1.4364035122744532
1752,-530.4404000477757,-44.71290868872888,-196.37072335428826,-81.97246062817938,-1.129971246220209
1753,-470.84452266638976,-36.060157662703986,-199.77235672338603,-77.19346193520029,-0.8563401117864244
1754,-448.3685385222879,-38.43732663482059,-211.7933422290185,-75.21971420672507,-2.3905524861811176
1755,-523.0690803314147,-29.420328773375676,-186.61695390776225,-83.50671193926314,-3.7204998625166055
1756,-391.6703336511324,-45.82766607772039,-186.046415635402,-74.21085060870085,-3.9655906108927192
1757,-518.1666240210635,-42.72393423836761,-193.60279747905025,-75.833904728099,-2.9916724385370466
1758,-401.1366129790561,-43.02578387278561,-203.12861585294868,-81.04162992129926,-1.8329774099072962
1759,-689.1392109877967,-40.06894093617366,-190.6248723252998,-75.21916360392318,-3.2063622822059
1760,-416.50568314484417,-21.206026918878436,-197.80264937050393,-80.23550460775493,-2.164152394384615
1761,-466.88298343473843,-34.35260995547293,-198.1396764960766,-79.91037444877246,-2.5050906037484255
1762,-462.3139361477922,-17.407095880130797,-206.9134511781693,-75.43121145916932,-2.5637142355983635
1763,-498.9431464650417,-45.75863318087923,-197.4210319749598,-75.56054441386736,-3.907551512326097
1764,-459.48629440758737,-38.0141946848865,-178.50783370189856,-89.53405007276923,-1.7788126333488992
1765,-638.7402791816946,-22.902832955108885,-206.94461585966934,-73.35647618332769,-2.8507887896945383
1766,-475.2126808438967,-26.60989384543609,-198.8047411773976,-69.91369755711057,-0.8788376966889898
1767,-456.35153652989504,-10.688068192853088,-190.06814416405737,-71.10705483736871,-2.6806271992074575
1768,-542.3068365640701,-19.127664304698072,-215.49178495214608,-78.25334688168687,-2.5467375657788227
1769,-382.3348547899214,-44.27909267264676,-210.66737754117202,-68.89164667961718,-2.511126547922113
1770,-501.7117920365752,-10.220305574484664,-195.32031721945526,-81.32967417711751,-3.634749636276077
1771,-513.5358527082955,-34.764493105236426,-183.419268314738,-69.08766111380628,-3.4815516889450775
1772,-517.7012317722925,-33.47819260213884,-197.18104570736088,-73.7987741917529,-2.731593433808988
1773,-411.9791725682505,-19.346682939580298,-190.3414573913489,-77.23627369704435,-1.4490678332779787
1774,-614.7426601952473,-38.06470447714603,-219.22053579411062,-73.34726331280375,-2.551904655537279
1775,-453.64730463307774,-27.873929036708784,-179.34426627520162,-70.36706316361908,-2.517968187249864
1776,-565.7972506930904,-30.910886026889113,-215.71133676657664,-70.48920044838844,-2.74576332942479
1777,-591.5828003396482,-43.71123338098332,-198.72012219104576,-75.89272696236644,-1.9626303846012878
1778,-544.5053558643857,-48.40073748639144,-203.5322808927555,-79.63675256819137,-4.149291938190074
1779,-523.8586848839408,-38.36852722560438,-191.46639285193547,-79.10268954453446,-1.044386273693828
1780,-587.8763258731342,-36.15611886812174,-210.26007106535943,-77.96142811754979,-2.4750166751425606
1781,-441.51901547453593,-53.73752734245495,-207.5490737565836,-68.54498337304167,-1.34451710499378
1782,-509.197702818098,-38.854830027422175,-193.48278561414787,-71.75555686548165,-2.085729143809457
1783,-556.0468423845938,-21.057713607652733,-195.9280176260698,-78.01914771601318,-2.5423899884157417
1784,-596.8870709576719,-33.662754257903536,-216.87161661769994,-68.89767881778111,-1.678397742192993
1785,-572.3937217881974,-34.22820662983814,-184.73673642051804,-77.70077794966893,-1.948687671098028
1786,-451.70701082575783,-39.39377198119931,-192.037206329882,-76.22032880066529,-2.5550913139056743
1787,-445.00066686624893,-63.2398994029244,-193.98471017776674,-70.19478088589639,-4.4239190890041895
1788,-540.2164490074109,-53.13189412063388,-186.89776603526212,-81.27500746171967,-1.058757111017781
1789,-321.0586288739014,-43.75471448947135,-227.09767779520283,-79.7633788370324,-2.2197377983204696
1790,-507.91650912188055,-35.33897547211373,-201.9938123205434,-77.96943219596173,-3.1354568421208784
1791,-483.228230339691,-42.953724403869884,-190.4974057321296,-74.35484564395527,-1.8051107725169426
1792,-447.55047437787834,-38.7142000621896,-194.8390367813432,-70.73015127942594,-1.3834026846527436
1793,-462.74368703219386,-29.3373129266018,-206.47306316613086,-85.53141045044319,-3.5325292629591956
1794,-571.6600736043675,-64.08980326190634,-186.61118970746594,-74.28597002788601,-2.872876941396747
1795,-598.4214329065237,-38.48056963632358,-197.21770362541625,-77.53635272946451,-1.360611238503645
1796,-377.8212778230708,-33.69645798190255,-185.20667736347383,-81.82100032257016,-2.5771273062504663
1797,-404.5324852718752,-34.41067701382826,-173.9254810533781,-72.23062317858002,-1.226315424313357
1798,-412.09132015498915,-23.20063139497794,-216.7430224416772,-80.61847383181629,-3.5033321876135846
1799,-487.29041302845576,-34.63834545259377,-184.25934693637004,-76.41811284665593,-3.580138052795246
1800,-566.5025566638783,-17.155223495267748,-203.270455444941,-74.94159778141973,-4.308686101165849
1801,-459.1836272708741,-34.10238937972847,-192.35615660038093,-77.51638449072232,-3.2927768082334095
1802,-425.5647215127945,-50.64647536331547,-193.4839486767386,-77.27212823239618,-0.9771946344158068
1803,-546.5826447985869,-37.97442323417047,-197.12116087103882,-73.32643279700588,-2.206939150396486
1804,-532.8548402451678,-27.41619916374588,-200.53642886285726,-79.62010497384622,-2.1350420006331
1805,-336.3411506401738,-42.48407862874247,-183.60728171175265,-80.40662628169567,-2.9899350256226565
1806,-639.9537490479794,-34.59518602091729,-196.49101728401217,-72.64067885808754,-2.4101915962768703
1807,-443.71985983585785,-51.47319342976085,-207.45463471330027,-76.13266101372845,-3.360764625839704
1808,-500.5461622198209,-25.377251546327305,-187.3923982673526,-82.44308667035853,-1.6116918213628684
1809,-632.5004722622239,-58.33348106257573,-194.8295647543518,-74.74231644753222,-1.712506850401545
1810,-588.241167800491,-31.756257702410288,-201.5548994407316,-79.53074079716069,-1.7454120443480892
1811,-448.82021324683274,-61.669549586602294,-200.24318921047927,-81.45556895953021,-1.705444500621244
1812,-436.77526196478783,-26.678037720946705,-195.04389679381163,-70.00574482398936,-1.2265821719963443
1813,-553.1938697217314,-45.45712998252663,-189.6675703222729,-80.87489001085098,-2.973444070911121
1814,-524.1634306807374,-42.46606047758368,-201.93535089787986,-79.31704308574284,-2.638494947866035
1815,-554.4767797483486,-31.958697185482407,-197.72061556960873,-84.55217635251127,-1.9912641990896247
1816,-527.9068410827535,-50.578024404436526,-203.95068579050005,-78.35810060118314,-2.0449872714172566
1817,-418.09384525787624,-27.85528080311768,-197.54593931941622,-69.9370999048284,-1.1823044754284748
1818,-588.1072045341231,-47.89861746091366,-203.38277142273384,-78.3046706323242,-2.364763151439097
1819,-486.419065199893,-53.834337218922066,-192.12872844502593,-77.99224314844723,-2.783591961725873
1820,-659.4277993624202,-56.39997245547503,-201.25927687484798,-79.9338257224906,-1.570031987273316
1821,-666.6023753835668,-29.864581680545474,-216.83369182161417,-75.21541404138021,-2.9693710653841072
1822,-412.7457621064931,-56.01225499506577,-210.4763766632054,-79.17133557383079,-2.430307163691453
1823,-476.81798125316925,-49.677966449509015,-199.83936678009292,-78.46845487259546,-3.645876173069788
1824,-515.9044451973193,-35.28669902557053,-207.97315660462993,-74.99630068036925,-3.2430464923484177
1825,-567.5765156895689,-28.772003208325692,-214.71456057413354,-70.80707703526733,-0.13387161525182492
1826,-510.02010533272056,-48.94146044938004,-188.76613999834876,-78.40052569041514,-2.350683544202113
1827,-377.3432566751421,-33.79160129249156,-194.77513624931717,-75.6031207283422,-2.550841292686302
1828,-404.06068769915476,-10.277625601216505,-179.65695869492401,-77.54752643005084,-0.8299682359758705
1829,-553.6618969617474,-40.98774748650086,-199.33495706625953,-79.38440020860735,-2.5652825477698897
1830,-499.4366128242247,-42.69774050863034,-192.016860099063,-76.99576506467679,-1.8708869623789826
1831,-425.369809452032,-34.14332882367043,-194.7338003957899,-83.56754943351103,-2.7983424369699503
1832,-601.2614186993317,-41.00711626469031,-214.04663860781508,-69.26773292885122,-3.156266375841334
1833,-494.4127290289861,-44.09488951298596,-194.76351813208998,-80.26172744410216,-2.3520321680377427
1834,-402.027668685947,-34.52674266046808,-202.4588304692699,-80.2987657634015,-3.9816656931465952
1835,-607.7795858658932,-34.76780851952438,-201.7510012851154,-77.27002939309583,-1.972389999926777
1836,-468.2892601922741,-48.84407146913946,-200.28667605099488,-75.71262588824027,-2.691093057126778
1837,-562.5373928731448,-30.57779789378326,-211.6346655750239,-77.03906865608278,-2.3347406639678856
1838,-524.6260640797452,-45.24484248380076,-206.34705366921096,-78.44754334273472,-4.314490703371981
1839,-617.4895604724859,-27.972275102244563,-197.39780148030616,-78.90717378638158,-1.0557444512561258
1840,-581.3512505732745,-35.01866378634604,-198.0694516236138,-76.82388196825589,-0.7832540037586615
1841,-704.0153151301802,-37.78954493412458,-191.9702630869897,-73.19406420746552,-2.2197653006054523
1842,-546.0066831628613,-34.61769886213269,-210.8926567907849,-83.30027156377031,-4.7337869089575335
1843,-450.12979662674275,-46.7245529005769,-211.1475626225725,-85.15778934397342,-3.921172489396221
1844,-513.315636415129,-36.72007658766136,-199.75636668825805,-78.38643396668301,-2.380910052318764
1845,-542.856724027304,-36.46329421695328,-206.22928599755195,-83.01211333656613,-1.9756670574120914
1846,-483.0147760917239,-34.56605816649247,-181.85909490535929,-78.96559778873701,-1.616972489433244
1847,-616.0818650654234,-36.77838179961936,-202.53977633611018,-69.07045139482518,-1.5705195176258024
1848,-582.1668215769756,-35.4741387822396,-201.03481426988267,-76.63585137970033,-2.8779673937169075
1849,-458.4220942068681,-50.03339865085428,-170.670876515754,-77.2671428807473,-2.5499205020107607
1850,-517.7955594704363,-36.24155890289683,-220.65763758210744,-74.26948580204407,-2.8240338080411984
1851,-497.652072350669,-36.13272644070901,-196.73807963168014,-72.76259055234009,-2.7666186000067237
1852,-648.3519942757961,-33.147714610179605,-201.5288511845306,-78.17763830442289,-2.1088872271900154
1853,-587.6481556994964,-34.3510857023445,-228.65053527371117,-71.41936446130323,-1.9918180004826058
1854,-415.8525975986836,-46.72917468603366,-199.75697498256824,-73.95476612491731,-1.3115331864058948
1855,-488.0044762836855,-47.349342262198476,-200.61431728384582,-72.18474202221805,-2.3652925666713984
1856,-459.93650130045137,-52.05566134861716,-207.22871292701385,-89.98555644111906,-1.1061400705745177
1857,-516.1631902842887,-38.29801464728099,-201.85153167435712,-70.45407107642386,-2.830090372215966
1858,-456.4227562889856,-53.047944998240816,-219.12440457533305,-75.73582984607158,-2.2700958715695188
1859,-434.3245761656275,-55.138058620853904,-180.90014384842146,-81.22877881066422,-2.308736723442278
1860,-556.5990363750403,-34.07057181136305,-215.39223272055645,-83.11554371275695,-3.339217214483798
1861,-381.36385364989275,-34.954695750797775,-194.31262611996806,-75.60242514590871,-2.9339689162231406
1862,-433.0162560283049,-50.26708421079981,-223.28004609126535,-81.70843055847119,-1.804874777996192
1863,-474.21559948395804,-30.730918261475978,-191.2536086743657,-76.5759018231913,-1.0399971892289266
1864,-485.206231616759,-37.25984433647047,-199.4594998355835,-79.9032590152711,-2.694917088833836
1865,-571.3004938130933,-28.022480388281224,-202.11102302248008,-77.09414698058174,-1.7449347972918974
1866,-543.5086805537139,-55.46300158401452,-182.31939140051216,-76.49581533198236,-3.4983925454909435
1867,-536.7672275111358,-27.388966782107843,-199.33889089704027,-74.5604619094175,-2.531872477285152
1868,-524.0227107737478,-36.22831738194298,-204.18986395488926,-70.74875514275301,-2.0562237110615698
1869,-444.3285193424991,-53.221836351631985,-193.17722769823314,-80.98626671298742,-2.550390028176976
1870,-574.5614923540027,-34.02046176956242,-189.37368354964377,-71.57440414278379,-4.562835666750019
1871,-564.0572909080723,-44.0122269162025,-207.83516329300213,-80.3576344206942,-3.144429464406415
1872,-379.9941351109646,-47.611636384570666,-201.49785452994172,-74.66427559079008,-3.11911782385712
1873,-446.6236110140259,-59.37952647915645,-211.78964131008877,-71.7774857179325,-2.4662368398189414
1874,-418.9463548263392,-41.68151356165597,-212.1638845368359,-78.56655208318202,-2.284646334965407
1875,-462.03667390246375,-43.93637985279842,-201.10628742897157,-77.60851190382074,-1.0644922628981308
1876,-391.061546865412,-13.452292513481709,-189.10174084865972,-79.61258371596287,-2.6803725711890927
1877,-450.76549864578953,-35.34058618942047,-192.59159572398357,-70.68147651402766,-3.245407848528768
1878,-479.09782076049714,-15.114680241612975,-208.01309918448322,-79.45849995878022,-4.670606830909019
1879,-631.5556464258896,-38.495486074364294,-193.44457790249714,-77.99709983654789,-2.6855495957937463
1880,-509.32655113153925,-44.97358515864296,-182.4128710877775,-82.08935727226894,-2.573517135193814
1881,-611.419204198224,-36.573540949437906,-196.87768794672326,-81.05777203393724,-3.012634903386226
1882,-496.51002865452494,-54.92565731417605,-188.96237640222117,-70.42590656227094,-4.219528954251728
1883,-441.7772086673383,-39.663872057926135,-191.41479267632047,-68.46376505902556,-2.95843767867967
1884,-608.1000251526126,-34.93637909705677,-191.39108851839782,-77.50877554177758,-2.95750571771546
1885,-516.8334157974501,-43.04513693098795,-196.9287175275947,-71.10368777573146,-1.6944745517736584
1886,-678.036737786072,-53.569494168676336,-202.54938416958305,-77.07298348176084,-3.0424625562787804
1887,-498.26426066522913,-39.93000804498395,-198.29751651110791,-77.45698751558558,-3.042346828311004
1888,-680.9827150718793,-51.95682166117562,-201.80782532275393,-74.26514448917615,-0.9047695895031193
1889,-599.8291185148885,-24.8160353392152,-196.69281475677903,-83.54825837707926,-2.4366016168817746
1890,-591.9519550747942,-20.798849545389352,-191.68710766584772,-74.16142629926658,-0.9721455480149723
1891,-544.8656839130766,-47.2983791730525,-197.8225144520998,-78.71568539629402,-1.149433663766083
1892,-469.4343731230851,-38.006034815306016,-197.6248621536145,-78.50315481107675,-1.969312686507672
1893,-484.4773313835575,-27.640977571920406,-206.49227944991105,-78.53525787153424,-2.125253062228153
1894,-437.67941721899786,-32.62111805892115,-199.7016782641322,-80.29491233518324,-2.8643823383226343
1895,-460.92822497067493,-37.478037939146525,-194.79097827107995,-73.93124568133499,-2.977602799079309
1896,-572.4383895377354,-23.530191666050296,-210.6800404683478,-78.3390984633942,-1.34630941063082
1897,-563.7502241437484,-44.371272144883775,-201.04163403788021,-82.60611373707964,-1.6805306959542679
1898,-474.3362722062862,-40.06813257172624,-188.7485625301017,-72.40344710308848,-3.532719446116382
1899,-535.4920548132081,-31.67270683958188,-206.69831303803846,-77.14888537292582,-1.9285107681536944
1900,-442.49471327852746,-28.48525708907671,-195.17864750402163,-78.2563456654982,-3.676770743681991
1901,-465.5180712593771,-48.86646889368142,-195.82257434375376,-78.95492159288608,-3.40868346327134
1902,-445.80909325119814,-37.444226226296855,-199.38777773821363,-74.46175326187982,-2.5240285146497388
1903,-433.91722814574746,-44.977262408780575,-190.487199482839,-76.29871508630706,-3.9957221015974085
1904,-549.8279353835045,-20.924253763408093,-202.84154462068585,-76.72319539108717,-0.9989104596660799
1905,-571.2519382532305,-22.622852988604308,-207.2429441834785,-67.04453647573575,-2.36868374394795
1906,-572.2556662056203,-22.956272839078945,-204.44655918565118,-78.2036780747697,-3.2119557889719745
1907,-391.77589606791145,-47.50003292759385,-203.71623647455334,-74.82386055591998,-1.904965250138402
1908,-664.644147808133,-52.90694742483517,-196.8593482574791,-79.84751403438449,-2.5514120436409318
1909,-464.5377999472187,-24.831213837000195,-210.00720971907677,-74.06750966338895,-1.919850212580363
1910,-452.3471446556923,-37.94179830679717,-198.06592194988323,-76.22023478376387,-2.5212870813057795
1911,-543.6381310894801,-46.4546577407479,-194.49682207990531,-74.27346614470152,-2.236389580397285
1912,-400.8322028583857,-29.120439156848455,-191.04319550734448,-68.73960022989485,-1.2196123215739112
1913,-568.7496666356745,-19.46184584142783,-199.02724984298118,-78.92652409733358,-2.0513943079158152
1914,-571.8666735232218,-27.828016193994248,-205.95015166099398,-74.74374650384634,-1.8508517438899563
1915,-686.4204691371737,-37.803859197223645,-211.4028619219864,-76.01494558010111,-0.6975781663278569
1916,-506.43535373585803,-35.970388787083586,-192.44472525008487,-76.54833107974213,-4.054894349514121
1917,-430.6895632005511,-26.282250068267135,-190.5274550349847,-79.04471011878503,-4.222982105930619
1918,-472.15652916823797,-47.939989379832824,-195.80592899462147,-84.8929115791608,-3.436905489665292
1919,-410.8658786143293,-63.46293679935069,-175.4401358434658,-74.33110675937085,-3.1729458326151216
1920,-629.7403402503634,-51.4930204023077,-202.27106158888253,-77.77821916162735,-2.769934599503937
1921,-390.8375899908881,-35.41943811380795,-189.99893082736662,-76.78050571073425,-3.140707256862055
1922,-465.8903989167158,-20.52579189565751,-203.84245008958987,-67.00337726333996,-1.6267066550177935
1923,-567.3756483069865,-29.475182668120915,-206.2640353764809,-75.85127411349053,-3.211495116731926
1924,-560.7016424126957,-27.409790555544067,-190.26214146173106,-80.71258874679879,-2.4635548250434
1925,-604.9220028877738,-48.76662400280424,-193.41391955414588,-77.31257585131878,-2.554823410201728
1926,-605.6360655474953,-27.453678328045882,-205.06597320460648,-80.53117247809118,-2.144382483893529
1927,-490.92742424852236,-39.396551875084306,-221.80960570995353,-73.9469724467877,-1.4332023665479754
1928,-543.9305244663077,-53.92821052232909,-201.66801873120335,-73.83055546236702,-2.2987941348601884
1929,-381.666922677677,-42.307508972211856,-234.00823223207297,-66.67498963993341,-1.596872199164041
1930,-446.79072700723304,-36.535257063784655,-205.29762151414914,-71.81896676060964,-1.7591604979196818
1931,-571.6261530632298,-56.9714448533139,-199.1545928157634,-83.6995179648749,-1.5100689472622397
1932,-584.2821313390701,-52.257160223941305,-180.99770271019653,-72.01062719521644,-1.8107992232435812
1933,-562.8484064573629,-63.15389307909146,-212.13066119151142,-73.470525557017,-2.3032106537835038
1934,-588.0937839146684,-40.22687383757741,-201.42860551523108,-74.80237806293371,-3.1519452875666216
1935,-513.7686677958852,-29.87186586378274,-205.98510547667027,-75.1189341673632,-2.65659413343641
1936,-510.6796261411642,-41.642283069397145,-203.99526960229383,-74.37600020588174,-3.487172393199135
1937,-566.3928856769012,-54.848945456491315,-207.62032517700965,-73.51513152389593,-3.731394821469623
1938,-565.0769689131184,-36.67986654629668,-206.7981032391074,-83.98757899651056,-2.56058647239686
1939,-693.3879849688713,-36.934543686438204,-197.3144182352208,-70.40124765292607,-2.532495362604918
1940,-568.5129047054218,-33.55166644999966,-200.34789096895173,-76.68881698539022,-3.0743319176247503
1941,-469.78783126066946,-42.39971883348202,-200.62162597014887,-73.16926484853464,-0.8985088419263636
1942,-587.7469575468981,-26.285762950278652,-198.22141804535963,-80.65108167654853,-3.267477897551985
1943,-506.38719225690846,-28.544243042644798,-209.0387123714683,-76.50890717026795,-3.2564094622178037
1944,-460.7039153161863,-48.474354104743256,-183.329892554303,-72.47856773013287,-2.165850662007132
1945,-433.6257522803393,-45.41115372707273,-200.85352238247023,-75.69185639513529,-1.7136644351617254
1946,-554.3822732572605,-35.544361255911014,-218.37209415071416,-74.37079932080609,-2.134281289774879
1947,-453.012610914807,-28.35294764642553,-183.47376210153703,-78.43715799897204,-2.679546772350327
1948,-564.319266257975,-30.08748746211405,-198.00444763510995,-70.78145882302655,-2.0696086401006872
1949,-624.4878830612764,-39.131549806423294,-190.05618303458647,-78.47705977705559,-1.4220909310903438
1950,-537.142180283387,-42.348754101736844,-192.57474271635832,-80.88624764457244,-1.5690841522059455
1951,-558.0059112287508,-30.179256577727944,-204.6397326196069,-72.752304657213,-0.9652155157249543
1952,-612.5294089481031,-28.28029721546992,-198.6643051767,-73.58275374851372,-2.047405176734216
1953,-428.79224668312537,-42.40866755891712,-184.03611506078954,-78.6317902051512,-2.5798311998929178
1954,-478.2662631976611,-50.6293257398629,-207.03725971619372,-74.47954690508284,-2.2272021971677907
1955,-443.6066520948958,-26.23715621843336,-205.67547393927293,-72.30704866565424,-1.498327521984446
1956,-604.1441587207802,-15.114165756202379,-218.35710268226384,-84.98999042281697,-2.237464123062885
1957,-479.6340747882784,-40.6401632097666,-206.22204107717295,-81.03792042711763,-3.8138280251167744
1958,-518.2680357897582,-22.05628497908685,-193.93868337348457,-81.94634069930393,-2.990713241979558
1959,-367.3152033704679,-42.18197321507177,-214.50657675199005,-83.25853377175697,-3.9197151283401137
1960,-504.801666134147,-50.06043311003108,-204.0132733186422,-67.06848177023566,-2.888163530459008
1961,-678.2892177723929,-48.129209291004,-218.96832964261353,-70.13244329419888,-3.29296907676329
1962,-520.8550835524903,-19.01696511670598,-202.8207205622695,-72.26434926105948,-3.6613677876278197
1963,-487.27608508600423,-51.08270072413454,-203.9149178430866,-71.94267072327345,-0.9269895302317932
1964,-551.4596928295103,-37.31169096956712,-202.90385766988376,-79.74990257574386,-1.15443401608815
1965,-465.173798899816,-34.7596537027709,-185.55823494093306,-77.30138861451665,-1.620787823222559
1966,-484.62259343364406,-53.13168185710103,-194.56146245123787,-76.27192992498833,-2.2468057649804667
1967,-475.095094205612,-47.94442987044394,-202.03895390809618,-77.44838908669249,-3.432373637990623
1968,-506.882601104387,-47.550045875517775,-206.33023767527294,-73.46241036859222,-2.24566009029488
1969,-625.23397010446,-45.026709193173915,-206.3904306028559,-69.65270576336988,-1.3858991333981374
1970,-457.887120707761,-37.746667407863,-179.72851294095508,-79.59588195940735,-2.596015736303571
1971,-448.0816759075575,-55.43929365042478,-202.13641081628944,-75.18096352202078,-2.302055248001155
1972,-579.9219171435226,-45.62576583270535,-206.57129671964782,-75.49493384840915,-3.7691014000564165
1973,-533.9047990926944,-33.99236488572693,-203.53458098174198,-75.04211872690136,-0.9924668713837971
1974,-575.6398485537086,-30.793059014542774,-188.07901950447513,-73.13409865375185,-1.6773872400769818
1975,-443.9921681745243,-26.36537067636238,-198.11434335198348,-81.85730472473507,-2.766985871824269
1976,-451.3375566939224,-31.012789609128824,-197.57841947368672,-78.32862665777236,-2.4305224850823564
1977,-330.4495679045958,-36.05611227012978,-193.43843994876957,-74.83026784673366,-2.9860182104858985
1978,-514.2781351768878,-51.84321725225031,-194.54273220447155,-75.55528971459826,-1.6712798245983989
1979,-463.66608792146076,-34.1193946376351,-186.93757562159473,-77.47281367092377,-1.564528238022274
1980,-415.94619009927885,-21.439843303041677,-200.05444136050215,-75.11158375752504,-3.29089225537562
1981,-571.4496612605852,-50.88073238002322,-208.61688644661461,-77.96643764320036,-0.9817330276348782
1982,-604.8597601762506,-39.81301228281953,-192.85002448716602,-75.54874732763727,-3.700270599219205
1983,-546.3363204721613,-48.1738473147854,-190.0826952217738,-78.20318734685388,-2.6930501211175666
1984,-476.0851166360669,-16.2902296642179,-209.50800466927925,-73.10109179990174,-1.2736957480917084
1985,-448.06523158041983,-29.422753061434353,-193.21925913104747,-76.448018913167,-0.4246593333345831
1986,-488.86754960883263,-36.834691765165836,-192.64347447765005,-67.43243802807237,-1.9132045131879942
1987,-367.1602385536465,-44.12363277693158,-208.74371692817866,-74.95805153341266,-1.6870635262934224
1988,-535.8306241715326,-38.11941975139376,-206.2342231447919,-78.77113445260319,-1.6066768355512124
1989,-423.9967958376797,-38.837551149788034,-209.28187729915118,-82.83685629091109,-3.835409467462513
1990,-495.2282229648074,-35.50070526502436,-192.30872617710418,-77.46756806684947,-1.8581606822330385
1991,-657.2223523417675,-31.140805685366352,-193.47071914892874,-67.89975634405054,-2.164392661319676
1992,-466.72464203667727,-48.92329050072924,-202.9693504170136,-73.12274878131521,-2.6529156530534626
1993,-482.904884629907,-43.15273605409287,-183.24011725559245,-73.82482538530464,-1.4040269005278458
1994,-490.4964294436492,-33.37978647960676,-206.378254021374,-81.89202756920803,-1.2582191070795046
1995,-656.9759691493932,-43.345037908017524,-202.08726914058226,-78.18178782081812,-1.9920151935314103
1996,-548.0700378516046,-52.01808428747744,-190.5769727217789,-79.801733894864,-3.5802794569513066
1997,-502.5424638437241,-70.01942321729803,-197.36709542435756,-83.90366241996524,-1.279831209502289
1998,-575.0516076361675,-36.63487169163975,-195.92591769404663,-77.91315636626128,-2.7884957788539784
1999,-548.9610562193761,-61.55896626440869,-210.6560493724085,-78.35324864000209,-2.9207840312249616
2000,-675.6468933228659,-54.25441691614881,-203.83260126732023,-72.799708001815,-2.2564401475047746
